[2026-09-07 12:49:53.236] [info] [sirius_context.cpp:329] QueryBegin: instance=0xf6d59d9607a0 connection=1 query=70 SQL: select n.n_name, sum(l.l_extendedprice * (1 - l.l_discount)) as revenue from orders o, lineitem l, supplier s, nation n, region r, customer c where c.c_custkey = o.o_custkey and l.l_orderkey = o.o_orderkey and l.l_suppkey = s.s_suppkey and c.c_nationkey = s.s_nationkey and s.s_nationkey = n.n_nationkey and n.n_regionkey = r.r_regionkey and r.r_name = 'EUROPE' and o.o_orderdate >= date '1997-01-01' and o.o_orderdate < date '1998-01-01' group by n.n_name order by revenue desc
[2026-09-07 12:49:53.245] [info] [sirius_plan_comparison_join.cpp:646] [sirius_plan_comparison_join] Wired hash join with 1 dynamic-filter probe target(s) (1 scan-bound, 0 join-edge; evidence=filtered; build est 5 rows).
[2026-09-07 12:49:53.245] [info] [sirius_plan_comparison_join.cpp:646] [sirius_plan_comparison_join] Wired hash join with 1 dynamic-filter probe target(s) (1 scan-bound, 0 join-edge; evidence=filtered; build est 25 rows).
[2026-09-07 12:49:53.245] [info] [sirius_plan_comparison_join.cpp:646] [sirius_plan_comparison_join] Wired hash join with 1 dynamic-filter probe target(s) (1 scan-bound, 0 join-edge; evidence=filtered; build est 15000000 rows).
[2026-09-07 12:49:53.245] [info] [sirius_plan_comparison_join.cpp:646] [sirius_plan_comparison_join] Wired hash join with 1 dynamic-filter probe target(s) (1 scan-bound, 0 join-edge; evidence=filtered; build est 150000000 rows).
[2026-09-07 12:49:53.245] [info] [sirius_plan_comparison_join.cpp:662] [sirius_plan_comparison_join] Not wiring dynamic filter(s): build side carries neither filter nor opaque-build evidence (build est 1000000 rows).
[2026-09-07 12:49:53.245] [info] [sirius_context.cpp:1467] Transparent execution: Sirius physical plan generated successfully
[2026-09-07 12:49:53.245] [info] [sirius_context.cpp:1495] Transparent execution: physical plan replaced with GPU operator
[2026-09-07 12:49:53.245] [info] [physical_sirius_execution.cpp:157] Transparent GPU execution: executing query
[2026-09-07 12:49:53.245] [info] [sirius_context.cpp:521] [window] begin instance=0xf6d59d9607a0 connection=1 window=30 query=70 outcome=-
[2026-09-07 12:49:53.245] [info] [sirius_context.cpp:256] [host_pool] HOST:0 QueryBegin instance=0xf6d59d9607a0 connection=1 window=30 query=70 allocated=17515413504 bytes peak=17582522368 bytes free_blocks=539
[2026-09-07 12:49:53.245] [info] [sirius_context.cpp:271] [gpu_pool] GPU:0 QueryBegin instance=0xf6d59d9607a0 connection=1 window=30 query=70 allocated=6915185408 bytes peak=11213607300 bytes reserved=0 bytes
[2026-09-07 12:49:53.245] [info] [sirius_context.cpp:389] QueryBegin: transparent_execution
[2026-09-07 12:49:53.247] [info] [sirius_plan_comparison_join.cpp:646] [sirius_plan_comparison_join] Wired hash join with 1 dynamic-filter probe target(s) (1 scan-bound, 0 join-edge; evidence=filtered; build est 5 rows).
[2026-09-07 12:49:53.247] [info] [sirius_plan_comparison_join.cpp:646] [sirius_plan_comparison_join] Wired hash join with 1 dynamic-filter probe target(s) (1 scan-bound, 0 join-edge; evidence=filtered; build est 25 rows).
[2026-09-07 12:49:53.247] [info] [sirius_plan_comparison_join.cpp:646] [sirius_plan_comparison_join] Wired hash join with 1 dynamic-filter probe target(s) (1 scan-bound, 0 join-edge; evidence=filtered; build est 15000000 rows).
[2026-09-07 12:49:53.247] [info] [sirius_plan_comparison_join.cpp:646] [sirius_plan_comparison_join] Wired hash join with 1 dynamic-filter probe target(s) (1 scan-bound, 0 join-edge; evidence=filtered; build est 150000000 rows).
[2026-09-07 12:49:53.247] [info] [sirius_plan_comparison_join.cpp:662] [sirius_plan_comparison_join] Not wiring dynamic filter(s): build side carries neither filter nor opaque-build evidence (build est 1000000 rows).
[2026-09-07 12:49:53.248] [info] [sirius_engine.cpp:265] [gpu_alloc] query allocated 1 GPU(s): [0]
[2026-09-07 12:49:53.248] [info] [sirius_engine.cpp:318] Query Plan:
=== Pipeline Overview ===
Pipeline #0: GPU_SCAN (id=0)
  Output: -> PARTITION [port: default, barrier: FULL]
Pipeline #1: PARTITION (id=1)
  Input: <- Pipeline #0 [on: PARTITION (id=1), port: default, barrier: FULL]
  Dependencies: Pipeline #0
  Output: -> CONCAT [port: default, barrier: PARTIAL]
Pipeline #2: CONCAT (id=2)
  Input: <- Pipeline #1 [on: CONCAT (id=2), port: default, barrier: PARTIAL]
  Dependencies: Pipeline #1
  Output: -> HASH_JOIN [port: build, barrier: PARTIAL]
Pipeline #3: GPU_SCAN (id=3)
  Output: -> PARTITION [port: default, barrier: FULL]
Pipeline #4: PARTITION (id=4)
  Input: <- Pipeline #3 [on: PARTITION (id=4), port: default, barrier: FULL]
  Dependencies: Pipeline #3
  Output: -> CONCAT [port: default, barrier: PARTIAL]
Pipeline #5: CONCAT (id=5)
  Input: <- Pipeline #4 [on: CONCAT (id=5), port: default, barrier: PARTIAL]
  Dependencies: Pipeline #4
  Output: -> HASH_JOIN [port: build, barrier: PARTIAL]
Pipeline #6: GPU_SCAN (id=6) -> DYNAMIC_FILTER (id=7)
  Output: -> PARTITION [port: default, barrier: PARTIAL]
Pipeline #7: PARTITION (id=8)
  Input: <- Pipeline #6 [on: PARTITION (id=8), port: default, barrier: PARTIAL]
  Dependencies: Pipeline #6
  Output: -> CONCAT [port: default, barrier: PARTIAL]
Pipeline #8: CONCAT (id=9)
  Input: <- Pipeline #7 [on: CONCAT (id=9), port: default, barrier: PARTIAL]
  Dependencies: Pipeline #7
  Output: -> HASH_JOIN [port: default, barrier: PARTIAL]
Pipeline #9: HASH_JOIN (id=10) -> PROJECTION (id=11)
  Input: <- Pipeline #5 [on: HASH_JOIN (id=10), port: build, barrier: PARTIAL]
  Input: <- Pipeline #8 [on: HASH_JOIN (id=10), port: default, barrier: PARTIAL]
  Dependencies: Pipeline #5, Pipeline #8
  Output: -> PARTITION [port: default, barrier: FULL]
Pipeline #10: PARTITION (id=12)
  Input: <- Pipeline #9 [on: PARTITION (id=12), port: default, barrier: FULL]
  Dependencies: Pipeline #9
  Output: -> CONCAT [port: default, barrier: PARTIAL]
Pipeline #11: CONCAT (id=13)
  Input: <- Pipeline #10 [on: CONCAT (id=13), port: default, barrier: PARTIAL]
  Dependencies: Pipeline #10
  Output: -> HASH_JOIN [port: build, barrier: PARTIAL]
Pipeline #12: GPU_SCAN (id=14) -> DYNAMIC_FILTER (id=15)
  Output: -> PARTITION [port: default, barrier: PARTIAL]
Pipeline #13: PARTITION (id=16)
  Input: <- Pipeline #12 [on: PARTITION (id=16), port: default, barrier: PARTIAL]
  Dependencies: Pipeline #12
  Output: -> CONCAT [port: default, barrier: PARTIAL]
Pipeline #14: CONCAT (id=17)
  Input: <- Pipeline #13 [on: CONCAT (id=17), port: default, barrier: PARTIAL]
  Dependencies: Pipeline #13
  Output: -> HASH_JOIN [port: default, barrier: PARTIAL]
Pipeline #15: HASH_JOIN (id=18)
  Input: <- Pipeline #11 [on: HASH_JOIN (id=18), port: build, barrier: PARTIAL]
  Input: <- Pipeline #14 [on: HASH_JOIN (id=18), port: default, barrier: PARTIAL]
  Dependencies: Pipeline #11, Pipeline #14
  Output: -> PARTITION [port: default, barrier: FULL]
Pipeline #16: PARTITION (id=19)
  Input: <- Pipeline #15 [on: PARTITION (id=19), port: default, barrier: FULL]
  Dependencies: Pipeline #15
  Output: -> CONCAT [port: default, barrier: PARTIAL]
Pipeline #17: CONCAT (id=20)
  Input: <- Pipeline #16 [on: CONCAT (id=20), port: default, barrier: PARTIAL]
  Dependencies: Pipeline #16
  Output: -> HASH_JOIN [port: build, barrier: PARTIAL]
Pipeline #18: GPU_SCAN (id=21) -> DYNAMIC_FILTER (id=22)
  Output: -> PARTITION [port: default, barrier: PARTIAL]
Pipeline #19: PARTITION (id=23)
  Input: <- Pipeline #18 [on: PARTITION (id=23), port: default, barrier: PARTIAL]
  Dependencies: Pipeline #18
  Output: -> CONCAT [port: default, barrier: PARTIAL]
Pipeline #20: CONCAT (id=24)
  Input: <- Pipeline #19 [on: CONCAT (id=24), port: default, barrier: PARTIAL]
  Dependencies: Pipeline #19
  Output: -> HASH_JOIN [port: default, barrier: PARTIAL]
Pipeline #21: HASH_JOIN (id=25) -> PROJECTION (id=26)
  Input: <- Pipeline #17 [on: HASH_JOIN (id=25), port: build, barrier: PARTIAL]
  Input: <- Pipeline #20 [on: HASH_JOIN (id=25), port: default, barrier: PARTIAL]
  Dependencies: Pipeline #17, Pipeline #20
  Output: -> PARTITION [port: default, barrier: FULL]
Pipeline #22: PARTITION (id=27)
  Input: <- Pipeline #21 [on: PARTITION (id=27), port: default, barrier: FULL]
  Dependencies: Pipeline #21
  Output: -> CONCAT [port: default, barrier: PARTIAL]
Pipeline #23: CONCAT (id=28)
  Input: <- Pipeline #22 [on: CONCAT (id=28), port: default, barrier: PARTIAL]
  Dependencies: Pipeline #22
  Output: -> HASH_JOIN [port: build, barrier: PARTIAL]
Pipeline #24: GPU_SCAN (id=29) -> DYNAMIC_FILTER (id=30)
  Output: -> PARTITION [port: default, barrier: PARTIAL]
Pipeline #25: PARTITION (id=31)
  Input: <- Pipeline #24 [on: PARTITION (id=31), port: default, barrier: PARTIAL]
  Dependencies: Pipeline #24
  Output: -> CONCAT [port: default, barrier: PARTIAL]
Pipeline #26: CONCAT (id=32)
  Input: <- Pipeline #25 [on: CONCAT (id=32), port: default, barrier: PARTIAL]
  Dependencies: Pipeline #25
  Output: -> HASH_JOIN [port: default, barrier: PARTIAL]
Pipeline #27: HASH_JOIN (id=33)
  Input: <- Pipeline #23 [on: HASH_JOIN (id=33), port: build, barrier: PARTIAL]
  Input: <- Pipeline #26 [on: HASH_JOIN (id=33), port: default, barrier: PARTIAL]
  Dependencies: Pipeline #23, Pipeline #26
  Output: -> PARTITION [port: default, barrier: PARTIAL]
Pipeline #28: PARTITION (id=34)
  Input: <- Pipeline #27 [on: PARTITION (id=34), port: default, barrier: PARTIAL]
  Dependencies: Pipeline #27
  Output: -> CONCAT [port: default, barrier: PARTIAL]
Pipeline #29: CONCAT (id=35)
  Input: <- Pipeline #28 [on: CONCAT (id=35), port: default, barrier: PARTIAL]
  Dependencies: Pipeline #28
  Output: -> HASH_JOIN [port: default, barrier: PARTIAL]
Pipeline #30: HASH_JOIN (id=36) -> PROJECTION (id=37) -> HASH_GROUP_BY (id=38)
  Input: <- Pipeline #2 [on: HASH_JOIN (id=36), port: build, barrier: PARTIAL]
  Input: <- Pipeline #29 [on: HASH_JOIN (id=36), port: default, barrier: PARTIAL]
  Dependencies: Pipeline #2, Pipeline #29
  Output: -> PARTITION [port: default, barrier: FULL]
Pipeline #31: PARTITION (id=39)
  Input: <- Pipeline #30 [on: PARTITION (id=39), port: default, barrier: FULL]
  Dependencies: Pipeline #30
  Output: -> MERGE_GROUP_BY [port: default, barrier: FULL]
Pipeline #32: MERGE_GROUP_BY (id=40) -> ORDER_BY (id=41)
  Input: <- Pipeline #31 [on: MERGE_GROUP_BY (id=40), port: default, barrier: FULL]
  Dependencies: Pipeline #31
  Output: -> SORT_SAMPLE [port: default, barrier: PIPELINE]
Pipeline #33: SORT_SAMPLE (id=42) -> SORT_PARTITION (id=43)
  Input: <- Pipeline #32 [on: SORT_SAMPLE (id=42), port: default, barrier: PIPELINE]
  Dependencies: Pipeline #32
  Output: -> MERGE_SORT [port: default, barrier: FULL]
Pipeline #34: MERGE_SORT (id=44)
  Input: <- Pipeline #33 [on: MERGE_SORT (id=44), port: default, barrier: FULL]
  Dependencies: Pipeline #33
  Output: -> RESULT_COLLECTOR [port: default, barrier: FULL]
Pipeline #35: RESULT_COLLECTOR (id=45)
  Input: <- Pipeline #34 [on: RESULT_COLLECTOR (id=45), port: default, barrier: FULL]
  Dependencies: Pipeline #34

=== Query Plan DAG ===
┌──────────────────────────┐                                                                                                                                            
│ Pipeline #35             │                                                                                                                                            
│ RESULT_COLLECTOR (id=45) │                                                                                                                                            
│ Input(#34): FULL         │                                                                                                                                            
└────────────┬─────────────┘                                                                                                                                            
             │                                                                                                                                                          
┌──────────────────────────┐                                                                                                                                            
│ Pipeline #34             │                                                                                                                                            
│ MERGE_SORT (id=44)       │                                                                                                                                            
│ Input(#33): FULL         │                                                                                                                                            
└────────────┬─────────────┘                                                                                                                                            
             │                                                                                                                                                          
┌──────────────────────────┐                                                                                                                                            
│ Pipeline #33             │                                                                                                                                            
│ SORT_PARTITION (id=43)   │                                                                                                                                            
│ SORT_SAMPLE (id=42)      │                                                                                                                                            
│ Input(#32): PIPELINE     │                                                                                                                                            
└────────────┬─────────────┘                                                                                                                                            
             │                                                                                                                                                          
┌──────────────────────────┐                                                                                                                                            
│ Pipeline #32             │                                                                                                                                            
│ ORDER_BY (id=41)         │                                                                                                                                            
│ MERGE_GROUP_BY (id=40)   │                                                                                                                                            
│ Input(#31): FULL         │                                                                                                                                            
└────────────┬─────────────┘                                                                                                                                            
             │                                                                                                                                                          
┌──────────────────────────┐                                                                                                                                            
│ Pipeline #31             │                                                                                                                                            
│ PARTITION (id=39)        │                                                                                                                                            
│ Input(#30): FULL         │                                                                                                                                            
└────────────┬─────────────┘                                                                                                                                            
             │                                                                                                                                                          
┌──────────────────────────┐                                                                                                                                            
│ Pipeline #30             │                                                                                                                                            
│ HASH_GROUP_BY (id=38)    │                                                                                                                                            
│ PROJECTION (id=37)       │                                                                                                                                            
│ HASH_JOIN (id=36)        │                                                                                                                                            
│   type: INNER            │                                                                                                                                            
│ Input(#2): PARTIAL       │                                                                                                                                            
│ Input(#29): PARTIAL      │                                                                                                                                            
└────────────┬─────────────┘                                                                                                                                            
             ┌───────────────────────────┐                                                                                                                              
             │                           │                                                                                                                              
┌──────────────────────────┐┌──────────────────────────┐                                                                                                                
│ Pipeline #2              ││ Pipeline #29             │                                                                                                                
│ CONCAT (id=2)            ││ CONCAT (id=35)           │                                                                                                                
│ Input(#1): PARTIAL       ││ Input(#28): PARTIAL      │                                                                                                                
└────────────┬─────────────┘└────────────┬─────────────┘                                                                                                                
             │                           │                                                                                                                              
┌──────────────────────────┐┌──────────────────────────┐                                                                                                                
│ Pipeline #1              ││ Pipeline #28             │                                                                                                                
│ PARTITION (id=1)         ││ PARTITION (id=34)        │                                                                                                                
│ Input(#0): FULL          ││ Input(#27): PARTIAL      │                                                                                                                
└────────────┬─────────────┘└────────────┬─────────────┘                                                                                                                
             │                           │                                                                                                                              
┌──────────────────────────┐┌──────────────────────────┐                                                                                                                
│ Pipeline #0              ││ Pipeline #27             │                                                                                                                
│ GPU_SCAN (id=0)          ││ HASH_JOIN (id=33)        │                                                                                                                
│                          ││   type: INNER            │                                                                                                                
│                          ││ Input(#23): PARTIAL      │                                                                                                                
│                          ││ Input(#26): PARTIAL      │                                                                                                                
└──────────────────────────┘└────────────┬─────────────┘                                                                                                                
                                         ┌───────────────────────────────────────────────────────────────────────────────────────────────────────────────┐              
                                         │                                                                                                               │              
                            ┌──────────────────────────┐                                                                                    ┌──────────────────────────┐
                            │ Pipeline #23             │                                                                                    │ Pipeline #26             │
                            │ CONCAT (id=28)           │                                                                                    │ CONCAT (id=32)           │
                            │ Input(#22): PARTIAL      │                                                                                    │ Input(#25): PARTIAL      │
                            └────────────┬─────────────┘                                                                                    └────────────┬─────────────┘
                                         │                                                                                                               │              
                            ┌──────────────────────────┐                                                                                    ┌──────────────────────────┐
                            │ Pipeline #22             │                                                                                    │ Pipeline #25             │
                            │ PARTITION (id=27)        │                                                                                    │ PARTITION (id=31)        │
                            │ Input(#21): FULL         │                                                                                    │ Input(#24): PARTIAL      │
                            └────────────┬─────────────┘                                                                                    └────────────┬─────────────┘
                                         │                                                                                                               │              
                            ┌──────────────────────────┐                                                                                    ┌──────────────────────────┐
                            │ Pipeline #21             │                                                                                    │ Pipeline #24             │
                            │ PROJECTION (id=26)       │                                                                                    │ DYNAMIC_FILTER (id=30)   │
                            │ HASH_JOIN (id=25)        │                                                                                    │ GPU_SCAN (id=29)         │
                            │   type: INNER            │                                                                                    │                          │
                            │ Input(#17): PARTIAL      │                                                                                    │                          │
                            │ Input(#20): PARTIAL      │                                                                                    │                          │
                            └────────────┬─────────────┘                                                                                    └──────────────────────────┘
                                         ┌───────────────────────────────────────────────────────────────────────────────────┐                                          
                                         │                                                                                   │                                          
                            ┌──────────────────────────┐                                                        ┌──────────────────────────┐                            
                            │ Pipeline #17             │                                                        │ Pipeline #20             │                            
                            │ CONCAT (id=20)           │                                                        │ CONCAT (id=24)           │                            
                            │ Input(#16): PARTIAL      │                                                        │ Input(#19): PARTIAL      │                            
                            └────────────┬─────────────┘                                                        └────────────┬─────────────┘                            
                                         │                                                                                   │                                          
                            ┌──────────────────────────┐                                                        ┌──────────────────────────┐                            
                            │ Pipeline #16             │                                                        │ Pipeline #19             │                            
                            │ PARTITION (id=19)        │                                                        │ PARTITION (id=23)        │                            
                            │ Input(#15): FULL         │                                                        │ Input(#18): PARTIAL      │                            
                            └────────────┬─────────────┘                                                        └────────────┬─────────────┘                            
                                         │                                                                                   │                                          
                            ┌──────────────────────────┐                                                        ┌──────────────────────────┐                            
                            │ Pipeline #15             │                                                        │ Pipeline #18             │                            
                            │ HASH_JOIN (id=18)        │                                                        │ DYNAMIC_FILTER (id=22)   │                            
                            │   type: INNER            │                                                        │ GPU_SCAN (id=21)         │                            
                            │ Input(#11): PARTIAL      │                                                        │                          │                            
                            │ Input(#14): PARTIAL      │                                                        │                          │                            
                            └────────────┬─────────────┘                                                        └──────────────────────────┘                            
                                         ┌───────────────────────────────────────────────────────┐                                                                      
                                         │                                                       │                                                                      
                            ┌──────────────────────────┐                            ┌──────────────────────────┐                                                        
                            │ Pipeline #11             │                            │ Pipeline #14             │                                                        
                            │ CONCAT (id=13)           │                            │ CONCAT (id=17)           │                                                        
                            │ Input(#10): PARTIAL      │                            │ Input(#13): PARTIAL      │                                                        
                            └────────────┬─────────────┘                            └────────────┬─────────────┘                                                        
                                         │                                                       │                                                                      
                            ┌──────────────────────────┐                            ┌──────────────────────────┐                                                        
                            │ Pipeline #10             │                            │ Pipeline #13             │                                                        
                            │ PARTITION (id=12)        │                            │ PARTITION (id=16)        │                                                        
                            │ Input(#9): FULL          │                            │ Input(#12): PARTIAL      │                                                        
                            └────────────┬─────────────┘                            └────────────┬─────────────┘                                                        
                                         │                                                       │                                                                      
                            ┌──────────────────────────┐                            ┌──────────────────────────┐                                                        
                            │ Pipeline #9              │                            │ Pipeline #12             │                                                        
                            │ PROJECTION (id=11)       │                            │ DYNAMIC_FILTER (id=15)   │                                                        
                            │ HASH_JOIN (id=10)        │                            │ GPU_SCAN (id=14)         │                                                        
                            │   type: INNER            │                            │                          │                                                        
                            │ Input(#5): PARTIAL       │                            │                          │                                                        
                            │ Input(#8): PARTIAL       │                            │                          │                                                        
                            └────────────┬─────────────┘                            └──────────────────────────┘                                                        
                                         ┌───────────────────────────┐                                                                                                  
                                         │                           │                                                                                                  
                            ┌──────────────────────────┐┌──────────────────────────┐                                                                                    
                            │ Pipeline #5              ││ Pipeline #8              │                                                                                    
                            │ CONCAT (id=5)            ││ CONCAT (id=9)            │                                                                                    
                            │ Input(#4): PARTIAL       ││ Input(#7): PARTIAL       │                                                                                    
                            └────────────┬─────────────┘└────────────┬─────────────┘                                                                                    
                                         │                           │                                                                                                  
                            ┌──────────────────────────┐┌──────────────────────────┐                                                                                    
                            │ Pipeline #4              ││ Pipeline #7              │                                                                                    
                            │ PARTITION (id=4)         ││ PARTITION (id=8)         │                                                                                    
                            │ Input(#3): FULL          ││ Input(#6): PARTIAL       │                                                                                    
                            └────────────┬─────────────┘└────────────┬─────────────┘                                                                                    
                                         │                           │                                                                                                  
                            ┌──────────────────────────┐┌──────────────────────────┐                                                                                    
                            │ Pipeline #3              ││ Pipeline #6              │                                                                                    
                            │ GPU_SCAN (id=3)          ││ DYNAMIC_FILTER (id=7)    │                                                                                    
                            │                          ││ GPU_SCAN (id=6)          │                                                                                    
                            └──────────────────────────┘└──────────────────────────┘                                                                                    

[2026-09-07 12:49:53.248] [info] [sirius_engine.cpp:186] query 30 telemetry_query=01a07d6b83e07042b3cb2d1199c5c741
[2026-09-07 12:49:53.248] [info] [sirius_scan_manager.cpp:2999] [sirius_scan_manager] assigned pinned entry 'supplier' to operator '0'
[2026-09-07 12:49:53.248] [info] [sirius_scan_manager.cpp:2999] [sirius_scan_manager] assigned pinned entry 'region' to operator '3'
[2026-09-07 12:49:53.248] [info] [sirius_scan_manager.cpp:2999] [sirius_scan_manager] assigned pinned entry 'nation' to operator '6'
[2026-09-07 12:49:53.248] [info] [sirius_scan_manager.cpp:2999] [sirius_scan_manager] assigned pinned entry 'customer' to operator '14'
[2026-09-07 12:49:53.248] [info] [sirius_scan_manager.cpp:2882] [sirius_scan_manager] zone-map pruning for pinned entry 'orders' (GPU tier): 3/5 chunks pruned, serving 2
[2026-09-07 12:49:53.248] [info] [sirius_scan_manager.cpp:2999] [sirius_scan_manager] assigned pinned entry 'orders' to operator '21'
[2026-09-07 12:49:53.248] [info] [sirius_scan_manager.cpp:2999] [sirius_scan_manager] assigned pinned entry 'lineitem' to operator '29'
[2026-09-07 12:49:53.248] [info] [sirius_scan_manager.cpp:897] [late-mat] operator 0: 2 column(s) withheld — a partition hashes them
[2026-09-07 12:49:53.248] [info] [sirius_scan_manager.cpp:897] [late-mat] operator 3: 1 column(s) withheld — a partition hashes them
[2026-09-07 12:49:53.248] [info] [sirius_scan_manager.cpp:884] [late-mat] operator 6: slot0 — installed (16 B/row over 15 boundaries)
[2026-09-07 12:49:53.248] [info] [sirius_scan_manager.cpp:897] [late-mat] operator 6: 2 column(s) withheld — a partition hashes them
[2026-09-07 12:49:53.248] [info] [sirius_scan_manager.cpp:971] [late-mat] operator 6: group-by-rowid ride to ORDER_BY (id=41) through 2 group-by stage(s) — unique key 'n_name', 18 boundaries instead of 15
[2026-09-07 12:49:53.248] [info] [sirius_scan_manager.cpp:1047] [late-mat] operator 6: deferring 1 column(s) to ORDER_BY (id=41) — 16 B/row over 18 boundaries
[2026-09-07 12:49:53.248] [info] [sirius_scan_manager.cpp:897] [late-mat] operator 14: 2 column(s) withheld — a partition hashes them
[2026-09-07 12:49:53.248] [info] [sirius_scan_manager.cpp:823] [late-mat] operator 21: not deferring — the scan restricts rows and its pin is compressed, so the surviving rows are decided inside the decode
[2026-09-07 12:49:53.248] [info] [sirius_scan_manager.cpp:884] [late-mat] operator 29: slot0 — value x crossings below the floor (8 B/row over 6 boundaries)
[2026-09-07 12:49:53.248] [info] [sirius_scan_manager.cpp:897] [late-mat] operator 29: 2 column(s) withheld — a partition hashes them
[2026-09-07 12:49:53.249] [info] [memory_prefetcher.cpp:59] [memory_prefetcher] started: 3 threads, 6 connectors, min_free_fraction=0.40
[2026-09-07 12:49:53.250] [info] [dynamic_filter_publisher.cpp:297] [sirius_physical_hash_join] Pushed 1 dynamic filter(s) across 1 active target(s) of 1 wired target(s) (1 build rows, 1 bound keys of 1 admitted).
[2026-09-07 12:49:53.250] [warning] [gpu_pipeline_task.cpp:93] gpu_pipeline_task: operator 'GPU_SCAN' (id=6) output batch 0 column 1 datatype mismatch: got uint32_t, expected cudf::string_view
[2026-09-07 12:49:53.250] [warning] [gpu_pipeline_task.cpp:93] gpu_pipeline_task: operator 'DYNAMIC_FILTER' (id=7) output batch 0 column 1 datatype mismatch: got uint32_t, expected cudf::string_view
[2026-09-07 12:49:53.250] [warning] [gpu_pipeline_task.cpp:93] gpu_pipeline_task: operator 'PARTITION' (id=8) output batch 0 column 1 datatype mismatch: got uint32_t, expected cudf::string_view
[2026-09-07 12:49:53.250] [warning] [sirius_physical_partition.cpp:375] slot_for_device: device_id 0 not found in active GPU list, falling back to slot 0
[2026-09-07 12:49:53.250] [warning] [gpu_pipeline_task.cpp:93] gpu_pipeline_task: operator 'CONCAT' (id=9) output batch 0 column 1 datatype mismatch: got uint32_t, expected cudf::string_view
[2026-09-07 12:49:53.251] [warning] [gpu_pipeline_task.cpp:93] gpu_pipeline_task: operator 'HASH_JOIN' (id=10) output batch 0 column 1 datatype mismatch: got uint32_t, expected cudf::string_view
[2026-09-07 12:49:53.251] [warning] [gpu_pipeline_task.cpp:93] gpu_pipeline_task: operator 'PROJECTION' (id=11) output batch 0 column 1 datatype mismatch: got uint32_t, expected cudf::string_view
[2026-09-07 12:49:53.251] [warning] [gpu_pipeline_task.cpp:93] gpu_pipeline_task: operator 'PARTITION' (id=12) output batch 0 column 1 datatype mismatch: got uint32_t, expected cudf::string_view
[2026-09-07 12:49:53.251] [warning] [gpu_pipeline_task.cpp:93] gpu_pipeline_task: operator 'CONCAT' (id=13) output batch 0 column 1 datatype mismatch: got uint32_t, expected cudf::string_view
[2026-09-07 12:49:53.251] [info] [dynamic_filter_publisher.cpp:297] [sirius_physical_hash_join] Pushed 1 dynamic filter(s) across 1 active target(s) of 1 wired target(s) (5 build rows, 1 bound keys of 1 admitted).
[2026-09-07 12:49:53.251] [warning] [sirius_physical_partition.cpp:375] slot_for_device: device_id 0 not found in active GPU list, falling back to slot 0
[2026-09-07 12:49:53.252] [warning] [gpu_pipeline_task.cpp:93] gpu_pipeline_task: operator 'HASH_JOIN' (id=18) output batch 0 column 2 datatype mismatch: got uint32_t, expected cudf::string_view
[2026-09-07 12:49:53.252] [warning] [gpu_pipeline_task.cpp:93] gpu_pipeline_task: operator 'PARTITION' (id=19) output batch 0 column 2 datatype mismatch: got uint32_t, expected cudf::string_view
[2026-09-07 12:49:53.252] [warning] [gpu_pipeline_task.cpp:93] gpu_pipeline_task: operator 'CONCAT' (id=20) output batch 0 column 2 datatype mismatch: got uint32_t, expected cudf::string_view
[2026-09-07 12:49:53.252] [info] [dynamic_filter_publisher.cpp:297] [sirius_physical_hash_join] Pushed 1 dynamic filter(s) across 1 active target(s) of 1 wired target(s) (2998599 build rows, 1 bound keys of 1 admitted).
[2026-09-07 12:49:53.261] [warning] [sirius_physical_partition.cpp:375] slot_for_device: device_id 0 not found in active GPU list, falling back to slot 0
[2026-09-07 12:49:53.261] [warning] [sirius_physical_partition.cpp:375] slot_for_device: device_id 0 not found in active GPU list, falling back to slot 0
[2026-09-07 12:49:53.262] [warning] [gpu_pipeline_task.cpp:93] gpu_pipeline_task: operator 'HASH_JOIN' (id=25) output batch 0 column 2 datatype mismatch: got uint32_t, expected cudf::string_view
[2026-09-07 12:49:53.262] [warning] [gpu_pipeline_task.cpp:93] gpu_pipeline_task: operator 'PROJECTION' (id=26) output batch 0 column 2 datatype mismatch: got uint32_t, expected cudf::string_view
[2026-09-07 12:49:53.262] [warning] [gpu_pipeline_task.cpp:93] gpu_pipeline_task: operator 'PARTITION' (id=27) output batch 0 column 2 datatype mismatch: got uint32_t, expected cudf::string_view
[2026-09-07 12:49:53.262] [warning] [gpu_pipeline_task.cpp:93] gpu_pipeline_task: operator 'CONCAT' (id=28) output batch 0 column 2 datatype mismatch: got uint32_t, expected cudf::string_view
[2026-09-07 12:49:53.263] [info] [dynamic_filter_publisher.cpp:297] [sirius_physical_hash_join] Pushed 1 dynamic filter(s) across 1 active target(s) of 1 wired target(s) (4549358 build rows, 1 bound keys of 1 admitted).
[2026-09-07 12:49:53.273] [warning] [sirius_physical_partition.cpp:375] slot_for_device: device_id 0 not found in active GPU list, falling back to slot 0
[2026-09-07 12:49:53.273] [warning] [sirius_physical_partition.cpp:375] slot_for_device: device_id 0 not found in active GPU list, falling back to slot 0
[2026-09-07 12:49:53.273] [warning] [sirius_physical_partition.cpp:375] slot_for_device: device_id 0 not found in active GPU list, falling back to slot 0
[2026-09-07 12:49:53.273] [warning] [sirius_physical_partition.cpp:375] slot_for_device: device_id 0 not found in active GPU list, falling back to slot 0
[2026-09-07 12:49:53.273] [warning] [sirius_physical_partition.cpp:375] slot_for_device: device_id 0 not found in active GPU list, falling back to slot 0
[2026-09-07 12:49:53.273] [warning] [sirius_physical_partition.cpp:375] slot_for_device: device_id 0 not found in active GPU list, falling back to slot 0
[2026-09-07 12:49:53.273] [warning] [sirius_physical_partition.cpp:375] slot_for_device: device_id 0 not found in active GPU list, falling back to slot 0
[2026-09-07 12:49:53.273] [warning] [sirius_physical_partition.cpp:375] slot_for_device: device_id 0 not found in active GPU list, falling back to slot 0
[2026-09-07 12:49:53.273] [warning] [sirius_physical_partition.cpp:375] slot_for_device: device_id 0 not found in active GPU list, falling back to slot 0
[2026-09-07 12:49:53.273] [warning] [sirius_physical_partition.cpp:375] slot_for_device: device_id 0 not found in active GPU list, falling back to slot 0
[2026-09-07 12:49:53.273] [warning] [sirius_physical_partition.cpp:375] slot_for_device: device_id 0 not found in active GPU list, falling back to slot 0
[2026-09-07 12:49:53.273] [warning] [sirius_physical_partition.cpp:375] slot_for_device: device_id 0 not found in active GPU list, falling back to slot 0
[2026-09-07 12:49:53.273] [warning] [sirius_physical_partition.cpp:375] slot_for_device: device_id 0 not found in active GPU list, falling back to slot 0
[2026-09-07 12:49:53.273] [warning] [sirius_physical_partition.cpp:375] slot_for_device: device_id 0 not found in active GPU list, falling back to slot 0
[2026-09-07 12:49:53.273] [warning] [sirius_physical_partition.cpp:375] slot_for_device: device_id 0 not found in active GPU list, falling back to slot 0
[2026-09-07 12:49:53.273] [warning] [sirius_physical_partition.cpp:375] slot_for_device: device_id 0 not found in active GPU list, falling back to slot 0
[2026-09-07 12:49:53.273] [warning] [sirius_physical_partition.cpp:375] slot_for_device: device_id 0 not found in active GPU list, falling back to slot 0
[2026-09-07 12:49:53.274] [warning] [sirius_physical_partition.cpp:375] slot_for_device: device_id 0 not found in active GPU list, falling back to slot 0
[2026-09-07 12:49:53.274] [warning] [sirius_physical_partition.cpp:375] slot_for_device: device_id 0 not found in active GPU list, falling back to slot 0
[2026-09-07 12:49:53.274] [warning] [sirius_physical_partition.cpp:375] slot_for_device: device_id 0 not found in active GPU list, falling back to slot 0
[2026-09-07 12:49:53.274] [warning] [sirius_physical_partition.cpp:375] slot_for_device: device_id 0 not found in active GPU list, falling back to slot 0
[2026-09-07 12:49:53.274] [warning] [sirius_physical_partition.cpp:375] slot_for_device: device_id 0 not found in active GPU list, falling back to slot 0
[2026-09-07 12:49:53.274] [warning] [sirius_physical_partition.cpp:375] slot_for_device: device_id 0 not found in active GPU list, falling back to slot 0
[2026-09-07 12:49:53.274] [warning] [sirius_physical_partition.cpp:375] slot_for_device: device_id 0 not found in active GPU list, falling back to slot 0
[2026-09-07 12:49:53.274] [warning] [sirius_physical_partition.cpp:375] slot_for_device: device_id 0 not found in active GPU list, falling back to slot 0
[2026-09-07 12:49:53.274] [warning] [sirius_physical_partition.cpp:375] slot_for_device: device_id 0 not found in active GPU list, falling back to slot 0
[2026-09-07 12:49:53.274] [warning] [sirius_physical_partition.cpp:375] slot_for_device: device_id 0 not found in active GPU list, falling back to slot 0
[2026-09-07 12:49:53.274] [warning] [sirius_physical_partition.cpp:375] slot_for_device: device_id 0 not found in active GPU list, falling back to slot 0
[2026-09-07 12:49:53.274] [warning] [sirius_physical_partition.cpp:375] slot_for_device: device_id 0 not found in active GPU list, falling back to slot 0
[2026-09-07 12:49:53.274] [warning] [sirius_physical_partition.cpp:375] slot_for_device: device_id 0 not found in active GPU list, falling back to slot 0
[2026-09-07 12:49:53.274] [warning] [sirius_physical_partition.cpp:375] slot_for_device: device_id 0 not found in active GPU list, falling back to slot 0
[2026-09-07 12:49:53.274] [warning] [sirius_physical_partition.cpp:375] slot_for_device: device_id 0 not found in active GPU list, falling back to slot 0
[2026-09-07 12:49:53.274] [warning] [sirius_physical_partition.cpp:375] slot_for_device: device_id 0 not found in active GPU list, falling back to slot 0
[2026-09-07 12:49:53.274] [warning] [sirius_physical_partition.cpp:375] slot_for_device: device_id 0 not found in active GPU list, falling back to slot 0
[2026-09-07 12:49:53.279] [warning] [gpu_pipeline_task.cpp:93] gpu_pipeline_task: operator 'HASH_JOIN' (id=33) output batch 0 column 4 datatype mismatch: got uint32_t, expected cudf::string_view
[2026-09-07 12:49:53.279] [warning] [gpu_pipeline_task.cpp:93] gpu_pipeline_task: operator 'PARTITION' (id=34) output batch 0 column 4 datatype mismatch: got uint32_t, expected cudf::string_view
[2026-09-07 12:49:53.279] [warning] [sirius_physical_partition.cpp:375] slot_for_device: device_id 0 not found in active GPU list, falling back to slot 0
[2026-09-07 12:49:53.279] [warning] [gpu_pipeline_task.cpp:93] gpu_pipeline_task: operator 'CONCAT' (id=35) output batch 0 column 4 datatype mismatch: got uint32_t, expected cudf::string_view
[2026-09-07 12:49:53.282] [warning] [gpu_pipeline_task.cpp:93] gpu_pipeline_task: operator 'HASH_JOIN' (id=36) output batch 0 column 2 datatype mismatch: got uint32_t, expected cudf::string_view
[2026-09-07 12:49:53.282] [warning] [gpu_pipeline_task.cpp:93] gpu_pipeline_task: operator 'PROJECTION' (id=37) output batch 0 column 0 datatype mismatch: got uint32_t, expected cudf::string_view
[2026-09-07 12:49:53.283] [warning] [gpu_pipeline_task.cpp:93] gpu_pipeline_task: operator 'HASH_GROUP_BY' (id=38) output batch 0 column 0 datatype mismatch: got uint32_t, expected cudf::string_view
[2026-09-07 12:49:53.283] [warning] [gpu_pipeline_task.cpp:93] gpu_pipeline_task: operator 'PARTITION' (id=39) output batch 0 column 0 datatype mismatch: got uint32_t, expected cudf::string_view
[2026-09-07 12:49:53.283] [warning] [gpu_pipeline_task.cpp:93] gpu_pipeline_task: operator 'MERGE_GROUP_BY' (id=40) output batch 0 column 0 datatype mismatch: got uint32_t, expected cudf::string_view
[2026-09-07 12:49:53.301] [info] [gpu_pipeline_executor.cpp:129] GPU Pipeline Executor: task queue interrupted, stopping manager loop
[2026-09-07 12:49:53.302] [info] [sirius_context.cpp:405] QueryEnd
[2026-09-07 12:49:53.302] [info] [memory_prefetcher.cpp:72] [memory_prefetcher] stopping: prefetched 0 batches / 0 bytes (stops: headroom=0 reservation=0, skips: lock=0 draining=102, errors=0)
[2026-09-07 12:49:53.302] [info] [sirius_context.cpp:256] [host_pool] HOST:0 QueryEnd instance=0xf6d59d9607a0 connection=1 window=30 query=70 allocated=17515413504 bytes peak=17582522368 bytes free_blocks=539
[2026-09-07 12:49:53.302] [info] [sirius_context.cpp:271] [gpu_pool] GPU:0 QueryEnd instance=0xf6d59d9607a0 connection=1 window=30 query=70 allocated=6915185408 bytes peak=11309046332 bytes reserved=0 bytes
[2026-09-07 12:49:53.302] [info] [sirius_context.cpp:521] [window] end instance=0xf6d59d9607a0 connection=1 window=30 query=70 outcome=ok
[2026-09-07 12:49:53.302] [info] [physical_sirius_execution.cpp:327] Transparent GPU execution: query completed
[2026-09-07 12:49:53.303] [info] [sirius_context.cpp:329] QueryBegin: instance=0xf6d59d9607a0 connection=1 query=71 SQL: CALL sirius_set_query_label('q5_iter1')
[2026-09-07 12:49:53.304] [info] [sirius_context.cpp:329] QueryBegin: instance=0xf6d59d9607a0 connection=1 query=72 SQL: SET gpu_execution = true;
[2026-09-07 12:49:53.304] [info] [sirius_context.cpp:329] QueryBegin: instance=0xf6d59d9607a0 connection=1 query=73 SQL: select n.n_name, sum(l.l_extendedprice * (1 - l.l_discount)) as revenue from orders o, lineitem l, supplier s, nation n, region r, customer c where c.c_custkey = o.o_custkey and l.l_orderkey = o.o_orderkey and l.l_suppkey = s.s_suppkey and c.c_nationkey = s.s_nationkey and s.s_nationkey = n.n_nationkey and n.n_regionkey = r.r_regionkey and r.r_name = 'EUROPE' and o.o_orderdate >= date '1997-01-01' and o.o_orderdate < date '1998-01-01' group by n.n_name order by revenue desc
[2026-09-07 12:49:53.312] [info] [sirius_plan_comparison_join.cpp:646] [sirius_plan_comparison_join] Wired hash join with 1 dynamic-filter probe target(s) (1 scan-bound, 0 join-edge; evidence=filtered; build est 5 rows).
[2026-09-07 12:49:53.312] [info] [sirius_plan_comparison_join.cpp:646] [sirius_plan_comparison_join] Wired hash join with 1 dynamic-filter probe target(s) (1 scan-bound, 0 join-edge; evidence=filtered; build est 25 rows).
[2026-09-07 12:49:53.312] [info] [sirius_plan_comparison_join.cpp:646] [sirius_plan_comparison_join] Wired hash join with 1 dynamic-filter probe target(s) (1 scan-bound, 0 join-edge; evidence=filtered; build est 15000000 rows).
[2026-09-07 12:49:53.312] [info] [sirius_plan_comparison_join.cpp:646] [sirius_plan_comparison_join] Wired hash join with 1 dynamic-filter probe target(s) (1 scan-bound, 0 join-edge; evidence=filtered; build est 150000000 rows).
[2026-09-07 12:49:53.312] [info] [sirius_plan_comparison_join.cpp:662] [sirius_plan_comparison_join] Not wiring dynamic filter(s): build side carries neither filter nor opaque-build evidence (build est 1000000 rows).
[2026-09-07 12:49:53.313] [info] [sirius_context.cpp:1467] Transparent execution: Sirius physical plan generated successfully
[2026-09-07 12:49:53.313] [info] [sirius_context.cpp:1495] Transparent execution: physical plan replaced with GPU operator
[2026-09-07 12:49:53.313] [info] [physical_sirius_execution.cpp:157] Transparent GPU execution: executing query
[2026-09-07 12:49:53.313] [info] [sirius_context.cpp:521] [window] begin instance=0xf6d59d9607a0 connection=1 window=31 query=73 outcome=-
[2026-09-07 12:49:53.313] [info] [sirius_context.cpp:256] [host_pool] HOST:0 QueryBegin instance=0xf6d59d9607a0 connection=1 window=31 query=73 allocated=17515413504 bytes peak=17582522368 bytes free_blocks=539
[2026-09-07 12:49:53.313] [info] [sirius_context.cpp:271] [gpu_pool] GPU:0 QueryBegin instance=0xf6d59d9607a0 connection=1 window=31 query=73 allocated=6915185408 bytes peak=11309046332 bytes reserved=0 bytes
[2026-09-07 12:49:53.313] [info] [sirius_context.cpp:389] QueryBegin: transparent_execution
[2026-09-07 12:49:53.315] [info] [sirius_plan_comparison_join.cpp:646] [sirius_plan_comparison_join] Wired hash join with 1 dynamic-filter probe target(s) (1 scan-bound, 0 join-edge; evidence=filtered; build est 5 rows).
[2026-09-07 12:49:53.315] [info] [sirius_plan_comparison_join.cpp:646] [sirius_plan_comparison_join] Wired hash join with 1 dynamic-filter probe target(s) (1 scan-bound, 0 join-edge; evidence=filtered; build est 25 rows).
[2026-09-07 12:49:53.315] [info] [sirius_plan_comparison_join.cpp:646] [sirius_plan_comparison_join] Wired hash join with 1 dynamic-filter probe target(s) (1 scan-bound, 0 join-edge; evidence=filtered; build est 15000000 rows).
[2026-09-07 12:49:53.315] [info] [sirius_plan_comparison_join.cpp:646] [sirius_plan_comparison_join] Wired hash join with 1 dynamic-filter probe target(s) (1 scan-bound, 0 join-edge; evidence=filtered; build est 150000000 rows).
[2026-09-07 12:49:53.315] [info] [sirius_plan_comparison_join.cpp:662] [sirius_plan_comparison_join] Not wiring dynamic filter(s): build side carries neither filter nor opaque-build evidence (build est 1000000 rows).
[2026-09-07 12:49:53.316] [info] [sirius_engine.cpp:265] [gpu_alloc] query allocated 1 GPU(s): [0]
[2026-09-07 12:49:53.316] [info] [sirius_engine.cpp:318] Query Plan:
=== Pipeline Overview ===
Pipeline #0: GPU_SCAN (id=0)
  Output: -> PARTITION [port: default, barrier: FULL]
Pipeline #1: PARTITION (id=1)
  Input: <- Pipeline #0 [on: PARTITION (id=1), port: default, barrier: FULL]
  Dependencies: Pipeline #0
  Output: -> CONCAT [port: default, barrier: PARTIAL]
Pipeline #2: CONCAT (id=2)
  Input: <- Pipeline #1 [on: CONCAT (id=2), port: default, barrier: PARTIAL]
  Dependencies: Pipeline #1
  Output: -> HASH_JOIN [port: build, barrier: PARTIAL]
Pipeline #3: GPU_SCAN (id=3)
  Output: -> PARTITION [port: default, barrier: FULL]
Pipeline #4: PARTITION (id=4)
  Input: <- Pipeline #3 [on: PARTITION (id=4), port: default, barrier: FULL]
  Dependencies: Pipeline #3
  Output: -> CONCAT [port: default, barrier: PARTIAL]
Pipeline #5: CONCAT (id=5)
  Input: <- Pipeline #4 [on: CONCAT (id=5), port: default, barrier: PARTIAL]
  Dependencies: Pipeline #4
  Output: -> HASH_JOIN [port: build, barrier: PARTIAL]
Pipeline #6: GPU_SCAN (id=6) -> DYNAMIC_FILTER (id=7)
  Output: -> PARTITION [port: default, barrier: PARTIAL]
Pipeline #7: PARTITION (id=8)
  Input: <- Pipeline #6 [on: PARTITION (id=8), port: default, barrier: PARTIAL]
  Dependencies: Pipeline #6
  Output: -> CONCAT [port: default, barrier: PARTIAL]
Pipeline #8: CONCAT (id=9)
  Input: <- Pipeline #7 [on: CONCAT (id=9), port: default, barrier: PARTIAL]
  Dependencies: Pipeline #7
  Output: -> HASH_JOIN [port: default, barrier: PARTIAL]
Pipeline #9: HASH_JOIN (id=10) -> PROJECTION (id=11)
  Input: <- Pipeline #5 [on: HASH_JOIN (id=10), port: build, barrier: PARTIAL]
  Input: <- Pipeline #8 [on: HASH_JOIN (id=10), port: default, barrier: PARTIAL]
  Dependencies: Pipeline #5, Pipeline #8
  Output: -> PARTITION [port: default, barrier: FULL]
Pipeline #10: PARTITION (id=12)
  Input: <- Pipeline #9 [on: PARTITION (id=12), port: default, barrier: FULL]
  Dependencies: Pipeline #9
  Output: -> CONCAT [port: default, barrier: PARTIAL]
Pipeline #11: CONCAT (id=13)
  Input: <- Pipeline #10 [on: CONCAT (id=13), port: default, barrier: PARTIAL]
  Dependencies: Pipeline #10
  Output: -> HASH_JOIN [port: build, barrier: PARTIAL]
Pipeline #12: GPU_SCAN (id=14) -> DYNAMIC_FILTER (id=15)
  Output: -> PARTITION [port: default, barrier: PARTIAL]
Pipeline #13: PARTITION (id=16)
  Input: <- Pipeline #12 [on: PARTITION (id=16), port: default, barrier: PARTIAL]
  Dependencies: Pipeline #12
  Output: -> CONCAT [port: default, barrier: PARTIAL]
Pipeline #14: CONCAT (id=17)
  Input: <- Pipeline #13 [on: CONCAT (id=17), port: default, barrier: PARTIAL]
  Dependencies: Pipeline #13
  Output: -> HASH_JOIN [port: default, barrier: PARTIAL]
Pipeline #15: HASH_JOIN (id=18)
  Input: <- Pipeline #11 [on: HASH_JOIN (id=18), port: build, barrier: PARTIAL]
  Input: <- Pipeline #14 [on: HASH_JOIN (id=18), port: default, barrier: PARTIAL]
  Dependencies: Pipeline #11, Pipeline #14
  Output: -> PARTITION [port: default, barrier: FULL]
Pipeline #16: PARTITION (id=19)
  Input: <- Pipeline #15 [on: PARTITION (id=19), port: default, barrier: FULL]
  Dependencies: Pipeline #15
  Output: -> CONCAT [port: default, barrier: PARTIAL]
Pipeline #17: CONCAT (id=20)
  Input: <- Pipeline #16 [on: CONCAT (id=20), port: default, barrier: PARTIAL]
  Dependencies: Pipeline #16
  Output: -> HASH_JOIN [port: build, barrier: PARTIAL]
Pipeline #18: GPU_SCAN (id=21) -> DYNAMIC_FILTER (id=22)
  Output: -> PARTITION [port: default, barrier: PARTIAL]
Pipeline #19: PARTITION (id=23)
  Input: <- Pipeline #18 [on: PARTITION (id=23), port: default, barrier: PARTIAL]
  Dependencies: Pipeline #18
  Output: -> CONCAT [port: default, barrier: PARTIAL]
Pipeline #20: CONCAT (id=24)
  Input: <- Pipeline #19 [on: CONCAT (id=24), port: default, barrier: PARTIAL]
  Dependencies: Pipeline #19
  Output: -> HASH_JOIN [port: default, barrier: PARTIAL]
Pipeline #21: HASH_JOIN (id=25) -> PROJECTION (id=26)
  Input: <- Pipeline #17 [on: HASH_JOIN (id=25), port: build, barrier: PARTIAL]
  Input: <- Pipeline #20 [on: HASH_JOIN (id=25), port: default, barrier: PARTIAL]
  Dependencies: Pipeline #17, Pipeline #20
  Output: -> PARTITION [port: default, barrier: FULL]
Pipeline #22: PARTITION (id=27)
  Input: <- Pipeline #21 [on: PARTITION (id=27), port: default, barrier: FULL]
  Dependencies: Pipeline #21
  Output: -> CONCAT [port: default, barrier: PARTIAL]
Pipeline #23: CONCAT (id=28)
  Input: <- Pipeline #22 [on: CONCAT (id=28), port: default, barrier: PARTIAL]
  Dependencies: Pipeline #22
  Output: -> HASH_JOIN [port: build, barrier: PARTIAL]
Pipeline #24: GPU_SCAN (id=29) -> DYNAMIC_FILTER (id=30)
  Output: -> PARTITION [port: default, barrier: PARTIAL]
Pipeline #25: PARTITION (id=31)
  Input: <- Pipeline #24 [on: PARTITION (id=31), port: default, barrier: PARTIAL]
  Dependencies: Pipeline #24
  Output: -> CONCAT [port: default, barrier: PARTIAL]
Pipeline #26: CONCAT (id=32)
  Input: <- Pipeline #25 [on: CONCAT (id=32), port: default, barrier: PARTIAL]
  Dependencies: Pipeline #25
  Output: -> HASH_JOIN [port: default, barrier: PARTIAL]
Pipeline #27: HASH_JOIN (id=33)
  Input: <- Pipeline #23 [on: HASH_JOIN (id=33), port: build, barrier: PARTIAL]
  Input: <- Pipeline #26 [on: HASH_JOIN (id=33), port: default, barrier: PARTIAL]
  Dependencies: Pipeline #23, Pipeline #26
  Output: -> PARTITION [port: default, barrier: PARTIAL]
Pipeline #28: PARTITION (id=34)
  Input: <- Pipeline #27 [on: PARTITION (id=34), port: default, barrier: PARTIAL]
  Dependencies: Pipeline #27
  Output: -> CONCAT [port: default, barrier: PARTIAL]
Pipeline #29: CONCAT (id=35)
  Input: <- Pipeline #28 [on: CONCAT (id=35), port: default, barrier: PARTIAL]
  Dependencies: Pipeline #28
  Output: -> HASH_JOIN [port: default, barrier: PARTIAL]
Pipeline #30: HASH_JOIN (id=36) -> PROJECTION (id=37) -> HASH_GROUP_BY (id=38)
  Input: <- Pipeline #2 [on: HASH_JOIN (id=36), port: build, barrier: PARTIAL]
  Input: <- Pipeline #29 [on: HASH_JOIN (id=36), port: default, barrier: PARTIAL]
  Dependencies: Pipeline #2, Pipeline #29
  Output: -> PARTITION [port: default, barrier: FULL]
Pipeline #31: PARTITION (id=39)
  Input: <- Pipeline #30 [on: PARTITION (id=39), port: default, barrier: FULL]
  Dependencies: Pipeline #30
  Output: -> MERGE_GROUP_BY [port: default, barrier: FULL]
Pipeline #32: MERGE_GROUP_BY (id=40) -> ORDER_BY (id=41)
  Input: <- Pipeline #31 [on: MERGE_GROUP_BY (id=40), port: default, barrier: FULL]
  Dependencies: Pipeline #31
  Output: -> SORT_SAMPLE [port: default, barrier: PIPELINE]
Pipeline #33: SORT_SAMPLE (id=42) -> SORT_PARTITION (id=43)
  Input: <- Pipeline #32 [on: SORT_SAMPLE (id=42), port: default, barrier: PIPELINE]
  Dependencies: Pipeline #32
  Output: -> MERGE_SORT [port: default, barrier: FULL]
Pipeline #34: MERGE_SORT (id=44)
  Input: <- Pipeline #33 [on: MERGE_SORT (id=44), port: default, barrier: FULL]
  Dependencies: Pipeline #33
  Output: -> RESULT_COLLECTOR [port: default, barrier: FULL]
Pipeline #35: RESULT_COLLECTOR (id=45)
  Input: <- Pipeline #34 [on: RESULT_COLLECTOR (id=45), port: default, barrier: FULL]
  Dependencies: Pipeline #34

=== Query Plan DAG ===
┌──────────────────────────┐                                                                                                                                            
│ Pipeline #35             │                                                                                                                                            
│ RESULT_COLLECTOR (id=45) │                                                                                                                                            
│ Input(#34): FULL         │                                                                                                                                            
└────────────┬─────────────┘                                                                                                                                            
             │                                                                                                                                                          
┌──────────────────────────┐                                                                                                                                            
│ Pipeline #34             │                                                                                                                                            
│ MERGE_SORT (id=44)       │                                                                                                                                            
│ Input(#33): FULL         │                                                                                                                                            
└────────────┬─────────────┘                                                                                                                                            
             │                                                                                                                                                          
┌──────────────────────────┐                                                                                                                                            
│ Pipeline #33             │                                                                                                                                            
│ SORT_PARTITION (id=43)   │                                                                                                                                            
│ SORT_SAMPLE (id=42)      │                                                                                                                                            
│ Input(#32): PIPELINE     │                                                                                                                                            
└────────────┬─────────────┘                                                                                                                                            
             │                                                                                                                                                          
┌──────────────────────────┐                                                                                                                                            
│ Pipeline #32             │                                                                                                                                            
│ ORDER_BY (id=41)         │                                                                                                                                            
│ MERGE_GROUP_BY (id=40)   │                                                                                                                                            
│ Input(#31): FULL         │                                                                                                                                            
└────────────┬─────────────┘                                                                                                                                            
             │                                                                                                                                                          
┌──────────────────────────┐                                                                                                                                            
│ Pipeline #31             │                                                                                                                                            
│ PARTITION (id=39)        │                                                                                                                                            
│ Input(#30): FULL         │                                                                                                                                            
└────────────┬─────────────┘                                                                                                                                            
             │                                                                                                                                                          
┌──────────────────────────┐                                                                                                                                            
│ Pipeline #30             │                                                                                                                                            
│ HASH_GROUP_BY (id=38)    │                                                                                                                                            
│ PROJECTION (id=37)       │                                                                                                                                            
│ HASH_JOIN (id=36)        │                                                                                                                                            
│   type: INNER            │                                                                                                                                            
│ Input(#2): PARTIAL       │                                                                                                                                            
│ Input(#29): PARTIAL      │                                                                                                                                            
└────────────┬─────────────┘                                                                                                                                            
             ┌───────────────────────────┐                                                                                                                              
             │                           │                                                                                                                              
┌──────────────────────────┐┌──────────────────────────┐                                                                                                                
│ Pipeline #2              ││ Pipeline #29             │                                                                                                                
│ CONCAT (id=2)            ││ CONCAT (id=35)           │                                                                                                                
│ Input(#1): PARTIAL       ││ Input(#28): PARTIAL      │                                                                                                                
└────────────┬─────────────┘└────────────┬─────────────┘                                                                                                                
             │                           │                                                                                                                              
┌──────────────────────────┐┌──────────────────────────┐                                                                                                                
│ Pipeline #1              ││ Pipeline #28             │                                                                                                                
│ PARTITION (id=1)         ││ PARTITION (id=34)        │                                                                                                                
│ Input(#0): FULL          ││ Input(#27): PARTIAL      │                                                                                                                
└────────────┬─────────────┘└────────────┬─────────────┘                                                                                                                
             │                           │                                                                                                                              
┌──────────────────────────┐┌──────────────────────────┐                                                                                                                
│ Pipeline #0              ││ Pipeline #27             │                                                                                                                
│ GPU_SCAN (id=0)          ││ HASH_JOIN (id=33)        │                                                                                                                
│                          ││   type: INNER            │                                                                                                                
│                          ││ Input(#23): PARTIAL      │                                                                                                                
│                          ││ Input(#26): PARTIAL      │                                                                                                                
└──────────────────────────┘└────────────┬─────────────┘                                                                                                                
                                         ┌───────────────────────────────────────────────────────────────────────────────────────────────────────────────┐              
                                         │                                                                                                               │              
                            ┌──────────────────────────┐                                                                                    ┌──────────────────────────┐
                            │ Pipeline #23             │                                                                                    │ Pipeline #26             │
                            │ CONCAT (id=28)           │                                                                                    │ CONCAT (id=32)           │
                            │ Input(#22): PARTIAL      │                                                                                    │ Input(#25): PARTIAL      │
                            └────────────┬─────────────┘                                                                                    └────────────┬─────────────┘
                                         │                                                                                                               │              
                            ┌──────────────────────────┐                                                                                    ┌──────────────────────────┐
                            │ Pipeline #22             │                                                                                    │ Pipeline #25             │
                            │ PARTITION (id=27)        │                                                                                    │ PARTITION (id=31)        │
                            │ Input(#21): FULL         │                                                                                    │ Input(#24): PARTIAL      │
                            └────────────┬─────────────┘                                                                                    └────────────┬─────────────┘
                                         │                                                                                                               │              
                            ┌──────────────────────────┐                                                                                    ┌──────────────────────────┐
                            │ Pipeline #21             │                                                                                    │ Pipeline #24             │
                            │ PROJECTION (id=26)       │                                                                                    │ DYNAMIC_FILTER (id=30)   │
                            │ HASH_JOIN (id=25)        │                                                                                    │ GPU_SCAN (id=29)         │
                            │   type: INNER            │                                                                                    │                          │
                            │ Input(#17): PARTIAL      │                                                                                    │                          │
                            │ Input(#20): PARTIAL      │                                                                                    │                          │
                            └────────────┬─────────────┘                                                                                    └──────────────────────────┘
                                         ┌───────────────────────────────────────────────────────────────────────────────────┐                                          
                                         │                                                                                   │                                          
                            ┌──────────────────────────┐                                                        ┌──────────────────────────┐                            
                            │ Pipeline #17             │                                                        │ Pipeline #20             │                            
                            │ CONCAT (id=20)           │                                                        │ CONCAT (id=24)           │                            
                            │ Input(#16): PARTIAL      │                                                        │ Input(#19): PARTIAL      │                            
                            └────────────┬─────────────┘                                                        └────────────┬─────────────┘                            
                                         │                                                                                   │                                          
                            ┌──────────────────────────┐                                                        ┌──────────────────────────┐                            
                            │ Pipeline #16             │                                                        │ Pipeline #19             │                            
                            │ PARTITION (id=19)        │                                                        │ PARTITION (id=23)        │                            
                            │ Input(#15): FULL         │                                                        │ Input(#18): PARTIAL      │                            
                            └────────────┬─────────────┘                                                        └────────────┬─────────────┘                            
                                         │                                                                                   │                                          
                            ┌──────────────────────────┐                                                        ┌──────────────────────────┐                            
                            │ Pipeline #15             │                                                        │ Pipeline #18             │                            
                            │ HASH_JOIN (id=18)        │                                                        │ DYNAMIC_FILTER (id=22)   │                            
                            │   type: INNER            │                                                        │ GPU_SCAN (id=21)         │                            
                            │ Input(#11): PARTIAL      │                                                        │                          │                            
                            │ Input(#14): PARTIAL      │                                                        │                          │                            
                            └────────────┬─────────────┘                                                        └──────────────────────────┘                            
                                         ┌───────────────────────────────────────────────────────┐                                                                      
                                         │                                                       │                                                                      
                            ┌──────────────────────────┐                            ┌──────────────────────────┐                                                        
                            │ Pipeline #11             │                            │ Pipeline #14             │                                                        
                            │ CONCAT (id=13)           │                            │ CONCAT (id=17)           │                                                        
                            │ Input(#10): PARTIAL      │                            │ Input(#13): PARTIAL      │                                                        
                            └────────────┬─────────────┘                            └────────────┬─────────────┘                                                        
                                         │                                                       │                                                                      
                            ┌──────────────────────────┐                            ┌──────────────────────────┐                                                        
                            │ Pipeline #10             │                            │ Pipeline #13             │                                                        
                            │ PARTITION (id=12)        │                            │ PARTITION (id=16)        │                                                        
                            │ Input(#9): FULL          │                            │ Input(#12): PARTIAL      │                                                        
                            └────────────┬─────────────┘                            └────────────┬─────────────┘                                                        
                                         │                                                       │                                                                      
                            ┌──────────────────────────┐                            ┌──────────────────────────┐                                                        
                            │ Pipeline #9              │                            │ Pipeline #12             │                                                        
                            │ PROJECTION (id=11)       │                            │ DYNAMIC_FILTER (id=15)   │                                                        
                            │ HASH_JOIN (id=10)        │                            │ GPU_SCAN (id=14)         │                                                        
                            │   type: INNER            │                            │                          │                                                        
                            │ Input(#5): PARTIAL       │                            │                          │                                                        
                            │ Input(#8): PARTIAL       │                            │                          │                                                        
                            └────────────┬─────────────┘                            └──────────────────────────┘                                                        
                                         ┌───────────────────────────┐                                                                                                  
                                         │                           │                                                                                                  
                            ┌──────────────────────────┐┌──────────────────────────┐                                                                                    
                            │ Pipeline #5              ││ Pipeline #8              │                                                                                    
                            │ CONCAT (id=5)            ││ CONCAT (id=9)            │                                                                                    
                            │ Input(#4): PARTIAL       ││ Input(#7): PARTIAL       │                                                                                    
                            └────────────┬─────────────┘└────────────┬─────────────┘                                                                                    
                                         │                           │                                                                                                  
                            ┌──────────────────────────┐┌──────────────────────────┐                                                                                    
                            │ Pipeline #4              ││ Pipeline #7              │                                                                                    
                            │ PARTITION (id=4)         ││ PARTITION (id=8)         │                                                                                    
                            │ Input(#3): FULL          ││ Input(#6): PARTIAL       │                                                                                    
                            └────────────┬─────────────┘└────────────┬─────────────┘                                                                                    
                                         │                           │                                                                                                  
                            ┌──────────────────────────┐┌──────────────────────────┐                                                                                    
                            │ Pipeline #3              ││ Pipeline #6              │                                                                                    
                            │ GPU_SCAN (id=3)          ││ DYNAMIC_FILTER (id=7)    │                                                                                    
                            │                          ││ GPU_SCAN (id=6)          │                                                                                    
                            └──────────────────────────┘└──────────────────────────┘                                                                                    

[2026-09-07 12:49:53.316] [info] [sirius_engine.cpp:186] query 31 telemetry_query=01a07d6b842475528d2cb7c67ee06d73
[2026-09-07 12:49:53.316] [info] [sirius_scan_manager.cpp:2999] [sirius_scan_manager] assigned pinned entry 'supplier' to operator '0'
[2026-09-07 12:49:53.316] [info] [sirius_scan_manager.cpp:2999] [sirius_scan_manager] assigned pinned entry 'region' to operator '3'
[2026-09-07 12:49:53.316] [info] [sirius_scan_manager.cpp:2999] [sirius_scan_manager] assigned pinned entry 'nation' to operator '6'
[2026-09-07 12:49:53.316] [info] [sirius_scan_manager.cpp:2999] [sirius_scan_manager] assigned pinned entry 'customer' to operator '14'
[2026-09-07 12:49:53.316] [info] [sirius_scan_manager.cpp:2882] [sirius_scan_manager] zone-map pruning for pinned entry 'orders' (GPU tier): 3/5 chunks pruned, serving 2
[2026-09-07 12:49:53.316] [info] [sirius_scan_manager.cpp:2999] [sirius_scan_manager] assigned pinned entry 'orders' to operator '21'
[2026-09-07 12:49:53.316] [info] [sirius_scan_manager.cpp:2999] [sirius_scan_manager] assigned pinned entry 'lineitem' to operator '29'
[2026-09-07 12:49:53.316] [info] [sirius_scan_manager.cpp:897] [late-mat] operator 0: 2 column(s) withheld — a partition hashes them
[2026-09-07 12:49:53.316] [info] [sirius_scan_manager.cpp:897] [late-mat] operator 3: 1 column(s) withheld — a partition hashes them
[2026-09-07 12:49:53.316] [info] [sirius_scan_manager.cpp:884] [late-mat] operator 6: slot0 — installed (16 B/row over 15 boundaries)
[2026-09-07 12:49:53.316] [info] [sirius_scan_manager.cpp:897] [late-mat] operator 6: 2 column(s) withheld — a partition hashes them
[2026-09-07 12:49:53.316] [info] [sirius_scan_manager.cpp:971] [late-mat] operator 6: group-by-rowid ride to ORDER_BY (id=41) through 2 group-by stage(s) — unique key 'n_name', 18 boundaries instead of 15
[2026-09-07 12:49:53.316] [info] [sirius_scan_manager.cpp:1047] [late-mat] operator 6: deferring 1 column(s) to ORDER_BY (id=41) — 16 B/row over 18 boundaries
[2026-09-07 12:49:53.316] [info] [sirius_scan_manager.cpp:897] [late-mat] operator 14: 2 column(s) withheld — a partition hashes them
[2026-09-07 12:49:53.316] [info] [sirius_scan_manager.cpp:823] [late-mat] operator 21: not deferring — the scan restricts rows and its pin is compressed, so the surviving rows are decided inside the decode
[2026-09-07 12:49:53.316] [info] [sirius_scan_manager.cpp:884] [late-mat] operator 29: slot0 — value x crossings below the floor (8 B/row over 6 boundaries)
[2026-09-07 12:49:53.316] [info] [sirius_scan_manager.cpp:897] [late-mat] operator 29: 2 column(s) withheld — a partition hashes them
[2026-09-07 12:49:53.316] [info] [memory_prefetcher.cpp:59] [memory_prefetcher] started: 3 threads, 6 connectors, min_free_fraction=0.40
[2026-09-07 12:49:53.317] [info] [dynamic_filter_publisher.cpp:297] [sirius_physical_hash_join] Pushed 1 dynamic filter(s) across 1 active target(s) of 1 wired target(s) (1 build rows, 1 bound keys of 1 admitted).
[2026-09-07 12:49:53.318] [warning] [gpu_pipeline_task.cpp:93] gpu_pipeline_task: operator 'GPU_SCAN' (id=6) output batch 0 column 1 datatype mismatch: got uint32_t, expected cudf::string_view
[2026-09-07 12:49:53.318] [warning] [gpu_pipeline_task.cpp:93] gpu_pipeline_task: operator 'DYNAMIC_FILTER' (id=7) output batch 0 column 1 datatype mismatch: got uint32_t, expected cudf::string_view
[2026-09-07 12:49:53.318] [warning] [gpu_pipeline_task.cpp:93] gpu_pipeline_task: operator 'PARTITION' (id=8) output batch 0 column 1 datatype mismatch: got uint32_t, expected cudf::string_view
[2026-09-07 12:49:53.318] [warning] [sirius_physical_partition.cpp:375] slot_for_device: device_id 0 not found in active GPU list, falling back to slot 0
[2026-09-07 12:49:53.318] [warning] [gpu_pipeline_task.cpp:93] gpu_pipeline_task: operator 'CONCAT' (id=9) output batch 0 column 1 datatype mismatch: got uint32_t, expected cudf::string_view
[2026-09-07 12:49:53.318] [warning] [gpu_pipeline_task.cpp:93] gpu_pipeline_task: operator 'HASH_JOIN' (id=10) output batch 0 column 1 datatype mismatch: got uint32_t, expected cudf::string_view
[2026-09-07 12:49:53.318] [warning] [gpu_pipeline_task.cpp:93] gpu_pipeline_task: operator 'PROJECTION' (id=11) output batch 0 column 1 datatype mismatch: got uint32_t, expected cudf::string_view
[2026-09-07 12:49:53.318] [warning] [gpu_pipeline_task.cpp:93] gpu_pipeline_task: operator 'PARTITION' (id=12) output batch 0 column 1 datatype mismatch: got uint32_t, expected cudf::string_view
[2026-09-07 12:49:53.318] [warning] [gpu_pipeline_task.cpp:93] gpu_pipeline_task: operator 'CONCAT' (id=13) output batch 0 column 1 datatype mismatch: got uint32_t, expected cudf::string_view
[2026-09-07 12:49:53.318] [info] [dynamic_filter_publisher.cpp:297] [sirius_physical_hash_join] Pushed 1 dynamic filter(s) across 1 active target(s) of 1 wired target(s) (5 build rows, 1 bound keys of 1 admitted).
[2026-09-07 12:49:53.319] [warning] [sirius_physical_partition.cpp:375] slot_for_device: device_id 0 not found in active GPU list, falling back to slot 0
[2026-09-07 12:49:53.320] [warning] [gpu_pipeline_task.cpp:93] gpu_pipeline_task: operator 'HASH_JOIN' (id=18) output batch 0 column 2 datatype mismatch: got uint32_t, expected cudf::string_view
[2026-09-07 12:49:53.320] [warning] [gpu_pipeline_task.cpp:93] gpu_pipeline_task: operator 'PARTITION' (id=19) output batch 0 column 2 datatype mismatch: got uint32_t, expected cudf::string_view
[2026-09-07 12:49:53.320] [warning] [gpu_pipeline_task.cpp:93] gpu_pipeline_task: operator 'CONCAT' (id=20) output batch 0 column 2 datatype mismatch: got uint32_t, expected cudf::string_view
[2026-09-07 12:49:53.320] [info] [dynamic_filter_publisher.cpp:297] [sirius_physical_hash_join] Pushed 1 dynamic filter(s) across 1 active target(s) of 1 wired target(s) (2998599 build rows, 1 bound keys of 1 admitted).
[2026-09-07 12:49:53.322] [warning] [sirius_physical_partition.cpp:375] slot_for_device: device_id 0 not found in active GPU list, falling back to slot 0
[2026-09-07 12:49:53.322] [warning] [sirius_physical_partition.cpp:375] slot_for_device: device_id 0 not found in active GPU list, falling back to slot 0
[2026-09-07 12:49:53.323] [warning] [gpu_pipeline_task.cpp:93] gpu_pipeline_task: operator 'HASH_JOIN' (id=25) output batch 0 column 2 datatype mismatch: got uint32_t, expected cudf::string_view
[2026-09-07 12:49:53.323] [warning] [gpu_pipeline_task.cpp:93] gpu_pipeline_task: operator 'PROJECTION' (id=26) output batch 0 column 2 datatype mismatch: got uint32_t, expected cudf::string_view
[2026-09-07 12:49:53.323] [warning] [gpu_pipeline_task.cpp:93] gpu_pipeline_task: operator 'PARTITION' (id=27) output batch 0 column 2 datatype mismatch: got uint32_t, expected cudf::string_view
[2026-09-07 12:49:53.323] [warning] [gpu_pipeline_task.cpp:93] gpu_pipeline_task: operator 'CONCAT' (id=28) output batch 0 column 2 datatype mismatch: got uint32_t, expected cudf::string_view
[2026-09-07 12:49:53.323] [info] [dynamic_filter_publisher.cpp:297] [sirius_physical_hash_join] Pushed 1 dynamic filter(s) across 1 active target(s) of 1 wired target(s) (4549358 build rows, 1 bound keys of 1 admitted).
[2026-09-07 12:49:53.334] [warning] [sirius_physical_partition.cpp:375] slot_for_device: device_id 0 not found in active GPU list, falling back to slot 0
[2026-09-07 12:49:53.334] [warning] [sirius_physical_partition.cpp:375] slot_for_device: device_id 0 not found in active GPU list, falling back to slot 0
[2026-09-07 12:49:53.334] [warning] [sirius_physical_partition.cpp:375] slot_for_device: device_id 0 not found in active GPU list, falling back to slot 0
[2026-09-07 12:49:53.334] [warning] [sirius_physical_partition.cpp:375] slot_for_device: device_id 0 not found in active GPU list, falling back to slot 0
[2026-09-07 12:49:53.334] [warning] [sirius_physical_partition.cpp:375] slot_for_device: device_id 0 not found in active GPU list, falling back to slot 0
[2026-09-07 12:49:53.334] [warning] [sirius_physical_partition.cpp:375] slot_for_device: device_id 0 not found in active GPU list, falling back to slot 0
[2026-09-07 12:49:53.334] [warning] [sirius_physical_partition.cpp:375] slot_for_device: device_id 0 not found in active GPU list, falling back to slot 0
[2026-09-07 12:49:53.334] [warning] [sirius_physical_partition.cpp:375] slot_for_device: device_id 0 not found in active GPU list, falling back to slot 0
[2026-09-07 12:49:53.334] [warning] [sirius_physical_partition.cpp:375] slot_for_device: device_id 0 not found in active GPU list, falling back to slot 0
[2026-09-07 12:49:53.334] [warning] [sirius_physical_partition.cpp:375] slot_for_device: device_id 0 not found in active GPU list, falling back to slot 0
[2026-09-07 12:49:53.334] [warning] [sirius_physical_partition.cpp:375] slot_for_device: device_id 0 not found in active GPU list, falling back to slot 0
[2026-09-07 12:49:53.334] [warning] [sirius_physical_partition.cpp:375] slot_for_device: device_id 0 not found in active GPU list, falling back to slot 0
[2026-09-07 12:49:53.334] [warning] [sirius_physical_partition.cpp:375] slot_for_device: device_id 0 not found in active GPU list, falling back to slot 0
[2026-09-07 12:49:53.334] [warning] [sirius_physical_partition.cpp:375] slot_for_device: device_id 0 not found in active GPU list, falling back to slot 0
[2026-09-07 12:49:53.334] [warning] [sirius_physical_partition.cpp:375] slot_for_device: device_id 0 not found in active GPU list, falling back to slot 0
[2026-09-07 12:49:53.334] [warning] [sirius_physical_partition.cpp:375] slot_for_device: device_id 0 not found in active GPU list, falling back to slot 0
[2026-09-07 12:49:53.334] [warning] [sirius_physical_partition.cpp:375] slot_for_device: device_id 0 not found in active GPU list, falling back to slot 0
[2026-09-07 12:49:53.334] [warning] [sirius_physical_partition.cpp:375] slot_for_device: device_id 0 not found in active GPU list, falling back to slot 0
[2026-09-07 12:49:53.334] [warning] [sirius_physical_partition.cpp:375] slot_for_device: device_id 0 not found in active GPU list, falling back to slot 0
[2026-09-07 12:49:53.334] [warning] [sirius_physical_partition.cpp:375] slot_for_device: device_id 0 not found in active GPU list, falling back to slot 0
[2026-09-07 12:49:53.334] [warning] [sirius_physical_partition.cpp:375] slot_for_device: device_id 0 not found in active GPU list, falling back to slot 0
[2026-09-07 12:49:53.334] [warning] [sirius_physical_partition.cpp:375] slot_for_device: device_id 0 not found in active GPU list, falling back to slot 0
[2026-09-07 12:49:53.334] [warning] [sirius_physical_partition.cpp:375] slot_for_device: device_id 0 not found in active GPU list, falling back to slot 0
[2026-09-07 12:49:53.334] [warning] [sirius_physical_partition.cpp:375] slot_for_device: device_id 0 not found in active GPU list, falling back to slot 0
[2026-09-07 12:49:53.334] [warning] [sirius_physical_partition.cpp:375] slot_for_device: device_id 0 not found in active GPU list, falling back to slot 0
[2026-09-07 12:49:53.334] [warning] [sirius_physical_partition.cpp:375] slot_for_device: device_id 0 not found in active GPU list, falling back to slot 0
[2026-09-07 12:49:53.334] [warning] [sirius_physical_partition.cpp:375] slot_for_device: device_id 0 not found in active GPU list, falling back to slot 0
[2026-09-07 12:49:53.334] [warning] [sirius_physical_partition.cpp:375] slot_for_device: device_id 0 not found in active GPU list, falling back to slot 0
[2026-09-07 12:49:53.334] [warning] [sirius_physical_partition.cpp:375] slot_for_device: device_id 0 not found in active GPU list, falling back to slot 0
[2026-09-07 12:49:53.334] [warning] [sirius_physical_partition.cpp:375] slot_for_device: device_id 0 not found in active GPU list, falling back to slot 0
[2026-09-07 12:49:53.334] [warning] [sirius_physical_partition.cpp:375] slot_for_device: device_id 0 not found in active GPU list, falling back to slot 0
[2026-09-07 12:49:53.335] [warning] [sirius_physical_partition.cpp:375] slot_for_device: device_id 0 not found in active GPU list, falling back to slot 0
[2026-09-07 12:49:53.335] [warning] [sirius_physical_partition.cpp:375] slot_for_device: device_id 0 not found in active GPU list, falling back to slot 0
[2026-09-07 12:49:53.335] [warning] [sirius_physical_partition.cpp:375] slot_for_device: device_id 0 not found in active GPU list, falling back to slot 0
[2026-09-07 12:49:53.340] [warning] [gpu_pipeline_task.cpp:93] gpu_pipeline_task: operator 'HASH_JOIN' (id=33) output batch 0 column 4 datatype mismatch: got uint32_t, expected cudf::string_view
[2026-09-07 12:49:53.340] [warning] [gpu_pipeline_task.cpp:93] gpu_pipeline_task: operator 'PARTITION' (id=34) output batch 0 column 4 datatype mismatch: got uint32_t, expected cudf::string_view
[2026-09-07 12:49:53.340] [warning] [sirius_physical_partition.cpp:375] slot_for_device: device_id 0 not found in active GPU list, falling back to slot 0
[2026-09-07 12:49:53.340] [warning] [gpu_pipeline_task.cpp:93] gpu_pipeline_task: operator 'CONCAT' (id=35) output batch 0 column 4 datatype mismatch: got uint32_t, expected cudf::string_view
[2026-09-07 12:49:53.343] [warning] [gpu_pipeline_task.cpp:93] gpu_pipeline_task: operator 'HASH_JOIN' (id=36) output batch 0 column 2 datatype mismatch: got uint32_t, expected cudf::string_view
[2026-09-07 12:49:53.343] [warning] [gpu_pipeline_task.cpp:93] gpu_pipeline_task: operator 'PROJECTION' (id=37) output batch 0 column 0 datatype mismatch: got uint32_t, expected cudf::string_view
[2026-09-07 12:49:53.343] [warning] [gpu_pipeline_task.cpp:93] gpu_pipeline_task: operator 'HASH_GROUP_BY' (id=38) output batch 0 column 0 datatype mismatch: got uint32_t, expected cudf::string_view
[2026-09-07 12:49:53.343] [warning] [gpu_pipeline_task.cpp:93] gpu_pipeline_task: operator 'PARTITION' (id=39) output batch 0 column 0 datatype mismatch: got uint32_t, expected cudf::string_view
[2026-09-07 12:49:53.343] [warning] [gpu_pipeline_task.cpp:93] gpu_pipeline_task: operator 'MERGE_GROUP_BY' (id=40) output batch 0 column 0 datatype mismatch: got uint32_t, expected cudf::string_view
[2026-09-07 12:49:53.344] [info] [gpu_pipeline_executor.cpp:129] GPU Pipeline Executor: task queue interrupted, stopping manager loop
[2026-09-07 12:49:53.345] [info] [sirius_context.cpp:405] QueryEnd
[2026-09-07 12:49:53.345] [info] [memory_prefetcher.cpp:72] [memory_prefetcher] stopping: prefetched 0 batches / 0 bytes (stops: headroom=0 reservation=0, skips: lock=0 draining=60, errors=0)
[2026-09-07 12:49:53.345] [info] [sirius_context.cpp:256] [host_pool] HOST:0 QueryEnd instance=0xf6d59d9607a0 connection=1 window=31 query=73 allocated=17515413504 bytes peak=17582522368 bytes free_blocks=539
[2026-09-07 12:49:53.345] [info] [sirius_context.cpp:271] [gpu_pool] GPU:0 QueryEnd instance=0xf6d59d9607a0 connection=1 window=31 query=73 allocated=6915185408 bytes peak=11309046332 bytes reserved=0 bytes
[2026-09-07 12:49:53.345] [info] [sirius_context.cpp:521] [window] end instance=0xf6d59d9607a0 connection=1 window=31 query=73 outcome=ok
[2026-09-07 12:49:53.345] [info] [physical_sirius_execution.cpp:327] Transparent GPU execution: query completed
[2026-09-07 12:49:53.362] [info] [sirius_context.cpp:329] QueryBegin: instance=0xf6d59d9607a0 connection=1 query=74 SQL: CALL sirius_set_query_label('q5_iter2')
[2026-09-07 12:49:53.362] [info] [sirius_context.cpp:329] QueryBegin: instance=0xf6d59d9607a0 connection=1 query=75 SQL: SET gpu_execution = true;
[2026-09-07 12:49:53.362] [info] [sirius_context.cpp:329] QueryBegin: instance=0xf6d59d9607a0 connection=1 query=76 SQL: select n.n_name, sum(l.l_extendedprice * (1 - l.l_discount)) as revenue from orders o, lineitem l, supplier s, nation n, region r, customer c where c.c_custkey = o.o_custkey and l.l_orderkey = o.o_orderkey and l.l_suppkey = s.s_suppkey and c.c_nationkey = s.s_nationkey and s.s_nationkey = n.n_nationkey and n.n_regionkey = r.r_regionkey and r.r_name = 'EUROPE' and o.o_orderdate >= date '1997-01-01' and o.o_orderdate < date '1998-01-01' group by n.n_name order by revenue desc
[2026-09-07 12:49:53.371] [info] [sirius_plan_comparison_join.cpp:646] [sirius_plan_comparison_join] Wired hash join with 1 dynamic-filter probe target(s) (1 scan-bound, 0 join-edge; evidence=filtered; build est 5 rows).
[2026-09-07 12:49:53.371] [info] [sirius_plan_comparison_join.cpp:646] [sirius_plan_comparison_join] Wired hash join with 1 dynamic-filter probe target(s) (1 scan-bound, 0 join-edge; evidence=filtered; build est 25 rows).
[2026-09-07 12:49:53.371] [info] [sirius_plan_comparison_join.cpp:646] [sirius_plan_comparison_join] Wired hash join with 1 dynamic-filter probe target(s) (1 scan-bound, 0 join-edge; evidence=filtered; build est 15000000 rows).
[2026-09-07 12:49:53.371] [info] [sirius_plan_comparison_join.cpp:646] [sirius_plan_comparison_join] Wired hash join with 1 dynamic-filter probe target(s) (1 scan-bound, 0 join-edge; evidence=filtered; build est 150000000 rows).
[2026-09-07 12:49:53.371] [info] [sirius_plan_comparison_join.cpp:662] [sirius_plan_comparison_join] Not wiring dynamic filter(s): build side carries neither filter nor opaque-build evidence (build est 1000000 rows).
[2026-09-07 12:49:53.371] [info] [sirius_context.cpp:1467] Transparent execution: Sirius physical plan generated successfully
[2026-09-07 12:49:53.371] [info] [sirius_context.cpp:1495] Transparent execution: physical plan replaced with GPU operator
[2026-09-07 12:49:53.371] [info] [physical_sirius_execution.cpp:157] Transparent GPU execution: executing query
[2026-09-07 12:49:53.371] [info] [sirius_context.cpp:521] [window] begin instance=0xf6d59d9607a0 connection=1 window=32 query=76 outcome=-
[2026-09-07 12:49:53.371] [info] [sirius_context.cpp:256] [host_pool] HOST:0 QueryBegin instance=0xf6d59d9607a0 connection=1 window=32 query=76 allocated=17515413504 bytes peak=17582522368 bytes free_blocks=539
[2026-09-07 12:49:53.371] [info] [sirius_context.cpp:271] [gpu_pool] GPU:0 QueryBegin instance=0xf6d59d9607a0 connection=1 window=32 query=76 allocated=6915185408 bytes peak=11309046332 bytes reserved=0 bytes
[2026-09-07 12:49:53.371] [info] [sirius_context.cpp:389] QueryBegin: transparent_execution
[2026-09-07 12:49:53.373] [info] [sirius_plan_comparison_join.cpp:646] [sirius_plan_comparison_join] Wired hash join with 1 dynamic-filter probe target(s) (1 scan-bound, 0 join-edge; evidence=filtered; build est 5 rows).
[2026-09-07 12:49:53.373] [info] [sirius_plan_comparison_join.cpp:646] [sirius_plan_comparison_join] Wired hash join with 1 dynamic-filter probe target(s) (1 scan-bound, 0 join-edge; evidence=filtered; build est 25 rows).
[2026-09-07 12:49:53.373] [info] [sirius_plan_comparison_join.cpp:646] [sirius_plan_comparison_join] Wired hash join with 1 dynamic-filter probe target(s) (1 scan-bound, 0 join-edge; evidence=filtered; build est 15000000 rows).
[2026-09-07 12:49:53.373] [info] [sirius_plan_comparison_join.cpp:646] [sirius_plan_comparison_join] Wired hash join with 1 dynamic-filter probe target(s) (1 scan-bound, 0 join-edge; evidence=filtered; build est 150000000 rows).
[2026-09-07 12:49:53.373] [info] [sirius_plan_comparison_join.cpp:662] [sirius_plan_comparison_join] Not wiring dynamic filter(s): build side carries neither filter nor opaque-build evidence (build est 1000000 rows).
[2026-09-07 12:49:53.374] [info] [sirius_engine.cpp:265] [gpu_alloc] query allocated 1 GPU(s): [0]
[2026-09-07 12:49:53.374] [info] [sirius_engine.cpp:318] Query Plan:
=== Pipeline Overview ===
Pipeline #0: GPU_SCAN (id=0)
  Output: -> PARTITION [port: default, barrier: FULL]
Pipeline #1: PARTITION (id=1)
  Input: <- Pipeline #0 [on: PARTITION (id=1), port: default, barrier: FULL]
  Dependencies: Pipeline #0
  Output: -> CONCAT [port: default, barrier: PARTIAL]
Pipeline #2: CONCAT (id=2)
  Input: <- Pipeline #1 [on: CONCAT (id=2), port: default, barrier: PARTIAL]
  Dependencies: Pipeline #1
  Output: -> HASH_JOIN [port: build, barrier: PARTIAL]
Pipeline #3: GPU_SCAN (id=3)
  Output: -> PARTITION [port: default, barrier: FULL]
Pipeline #4: PARTITION (id=4)
  Input: <- Pipeline #3 [on: PARTITION (id=4), port: default, barrier: FULL]
  Dependencies: Pipeline #3
  Output: -> CONCAT [port: default, barrier: PARTIAL]
Pipeline #5: CONCAT (id=5)
  Input: <- Pipeline #4 [on: CONCAT (id=5), port: default, barrier: PARTIAL]
  Dependencies: Pipeline #4
  Output: -> HASH_JOIN [port: build, barrier: PARTIAL]
Pipeline #6: GPU_SCAN (id=6) -> DYNAMIC_FILTER (id=7)
  Output: -> PARTITION [port: default, barrier: PARTIAL]
Pipeline #7: PARTITION (id=8)
  Input: <- Pipeline #6 [on: PARTITION (id=8), port: default, barrier: PARTIAL]
  Dependencies: Pipeline #6
  Output: -> CONCAT [port: default, barrier: PARTIAL]
Pipeline #8: CONCAT (id=9)
  Input: <- Pipeline #7 [on: CONCAT (id=9), port: default, barrier: PARTIAL]
  Dependencies: Pipeline #7
  Output: -> HASH_JOIN [port: default, barrier: PARTIAL]
Pipeline #9: HASH_JOIN (id=10) -> PROJECTION (id=11)
  Input: <- Pipeline #5 [on: HASH_JOIN (id=10), port: build, barrier: PARTIAL]
  Input: <- Pipeline #8 [on: HASH_JOIN (id=10), port: default, barrier: PARTIAL]
  Dependencies: Pipeline #5, Pipeline #8
  Output: -> PARTITION [port: default, barrier: FULL]
Pipeline #10: PARTITION (id=12)
  Input: <- Pipeline #9 [on: PARTITION (id=12), port: default, barrier: FULL]
  Dependencies: Pipeline #9
  Output: -> CONCAT [port: default, barrier: PARTIAL]
Pipeline #11: CONCAT (id=13)
  Input: <- Pipeline #10 [on: CONCAT (id=13), port: default, barrier: PARTIAL]
  Dependencies: Pipeline #10
  Output: -> HASH_JOIN [port: build, barrier: PARTIAL]
Pipeline #12: GPU_SCAN (id=14) -> DYNAMIC_FILTER (id=15)
  Output: -> PARTITION [port: default, barrier: PARTIAL]
Pipeline #13: PARTITION (id=16)
  Input: <- Pipeline #12 [on: PARTITION (id=16), port: default, barrier: PARTIAL]
  Dependencies: Pipeline #12
  Output: -> CONCAT [port: default, barrier: PARTIAL]
Pipeline #14: CONCAT (id=17)
  Input: <- Pipeline #13 [on: CONCAT (id=17), port: default, barrier: PARTIAL]
  Dependencies: Pipeline #13
  Output: -> HASH_JOIN [port: default, barrier: PARTIAL]
Pipeline #15: HASH_JOIN (id=18)
  Input: <- Pipeline #11 [on: HASH_JOIN (id=18), port: build, barrier: PARTIAL]
  Input: <- Pipeline #14 [on: HASH_JOIN (id=18), port: default, barrier: PARTIAL]
  Dependencies: Pipeline #11, Pipeline #14
  Output: -> PARTITION [port: default, barrier: FULL]
Pipeline #16: PARTITION (id=19)
  Input: <- Pipeline #15 [on: PARTITION (id=19), port: default, barrier: FULL]
  Dependencies: Pipeline #15
  Output: -> CONCAT [port: default, barrier: PARTIAL]
Pipeline #17: CONCAT (id=20)
  Input: <- Pipeline #16 [on: CONCAT (id=20), port: default, barrier: PARTIAL]
  Dependencies: Pipeline #16
  Output: -> HASH_JOIN [port: build, barrier: PARTIAL]
Pipeline #18: GPU_SCAN (id=21) -> DYNAMIC_FILTER (id=22)
  Output: -> PARTITION [port: default, barrier: PARTIAL]
Pipeline #19: PARTITION (id=23)
  Input: <- Pipeline #18 [on: PARTITION (id=23), port: default, barrier: PARTIAL]
  Dependencies: Pipeline #18
  Output: -> CONCAT [port: default, barrier: PARTIAL]
Pipeline #20: CONCAT (id=24)
  Input: <- Pipeline #19 [on: CONCAT (id=24), port: default, barrier: PARTIAL]
  Dependencies: Pipeline #19
  Output: -> HASH_JOIN [port: default, barrier: PARTIAL]
Pipeline #21: HASH_JOIN (id=25) -> PROJECTION (id=26)
  Input: <- Pipeline #17 [on: HASH_JOIN (id=25), port: build, barrier: PARTIAL]
  Input: <- Pipeline #20 [on: HASH_JOIN (id=25), port: default, barrier: PARTIAL]
  Dependencies: Pipeline #17, Pipeline #20
  Output: -> PARTITION [port: default, barrier: FULL]
Pipeline #22: PARTITION (id=27)
  Input: <- Pipeline #21 [on: PARTITION (id=27), port: default, barrier: FULL]
  Dependencies: Pipeline #21
  Output: -> CONCAT [port: default, barrier: PARTIAL]
Pipeline #23: CONCAT (id=28)
  Input: <- Pipeline #22 [on: CONCAT (id=28), port: default, barrier: PARTIAL]
  Dependencies: Pipeline #22
  Output: -> HASH_JOIN [port: build, barrier: PARTIAL]
Pipeline #24: GPU_SCAN (id=29) -> DYNAMIC_FILTER (id=30)
  Output: -> PARTITION [port: default, barrier: PARTIAL]
Pipeline #25: PARTITION (id=31)
  Input: <- Pipeline #24 [on: PARTITION (id=31), port: default, barrier: PARTIAL]
  Dependencies: Pipeline #24
  Output: -> CONCAT [port: default, barrier: PARTIAL]
Pipeline #26: CONCAT (id=32)
  Input: <- Pipeline #25 [on: CONCAT (id=32), port: default, barrier: PARTIAL]
  Dependencies: Pipeline #25
  Output: -> HASH_JOIN [port: default, barrier: PARTIAL]
Pipeline #27: HASH_JOIN (id=33)
  Input: <- Pipeline #23 [on: HASH_JOIN (id=33), port: build, barrier: PARTIAL]
  Input: <- Pipeline #26 [on: HASH_JOIN (id=33), port: default, barrier: PARTIAL]
  Dependencies: Pipeline #23, Pipeline #26
  Output: -> PARTITION [port: default, barrier: PARTIAL]
Pipeline #28: PARTITION (id=34)
  Input: <- Pipeline #27 [on: PARTITION (id=34), port: default, barrier: PARTIAL]
  Dependencies: Pipeline #27
  Output: -> CONCAT [port: default, barrier: PARTIAL]
Pipeline #29: CONCAT (id=35)
  Input: <- Pipeline #28 [on: CONCAT (id=35), port: default, barrier: PARTIAL]
  Dependencies: Pipeline #28
  Output: -> HASH_JOIN [port: default, barrier: PARTIAL]
Pipeline #30: HASH_JOIN (id=36) -> PROJECTION (id=37) -> HASH_GROUP_BY (id=38)
  Input: <- Pipeline #2 [on: HASH_JOIN (id=36), port: build, barrier: PARTIAL]
  Input: <- Pipeline #29 [on: HASH_JOIN (id=36), port: default, barrier: PARTIAL]
  Dependencies: Pipeline #2, Pipeline #29
  Output: -> PARTITION [port: default, barrier: FULL]
Pipeline #31: PARTITION (id=39)
  Input: <- Pipeline #30 [on: PARTITION (id=39), port: default, barrier: FULL]
  Dependencies: Pipeline #30
  Output: -> MERGE_GROUP_BY [port: default, barrier: FULL]
Pipeline #32: MERGE_GROUP_BY (id=40) -> ORDER_BY (id=41)
  Input: <- Pipeline #31 [on: MERGE_GROUP_BY (id=40), port: default, barrier: FULL]
  Dependencies: Pipeline #31
  Output: -> SORT_SAMPLE [port: default, barrier: PIPELINE]
Pipeline #33: SORT_SAMPLE (id=42) -> SORT_PARTITION (id=43)
  Input: <- Pipeline #32 [on: SORT_SAMPLE (id=42), port: default, barrier: PIPELINE]
  Dependencies: Pipeline #32
  Output: -> MERGE_SORT [port: default, barrier: FULL]
Pipeline #34: MERGE_SORT (id=44)
  Input: <- Pipeline #33 [on: MERGE_SORT (id=44), port: default, barrier: FULL]
  Dependencies: Pipeline #33
  Output: -> RESULT_COLLECTOR [port: default, barrier: FULL]
Pipeline #35: RESULT_COLLECTOR (id=45)
  Input: <- Pipeline #34 [on: RESULT_COLLECTOR (id=45), port: default, barrier: FULL]
  Dependencies: Pipeline #34

=== Query Plan DAG ===
┌──────────────────────────┐                                                                                                                                            
│ Pipeline #35             │                                                                                                                                            
│ RESULT_COLLECTOR (id=45) │                                                                                                                                            
│ Input(#34): FULL         │                                                                                                                                            
└────────────┬─────────────┘                                                                                                                                            
             │                                                                                                                                                          
┌──────────────────────────┐                                                                                                                                            
│ Pipeline #34             │                                                                                                                                            
│ MERGE_SORT (id=44)       │                                                                                                                                            
│ Input(#33): FULL         │                                                                                                                                            
└────────────┬─────────────┘                                                                                                                                            
             │                                                                                                                                                          
┌──────────────────────────┐                                                                                                                                            
│ Pipeline #33             │                                                                                                                                            
│ SORT_PARTITION (id=43)   │                                                                                                                                            
│ SORT_SAMPLE (id=42)      │                                                                                                                                            
│ Input(#32): PIPELINE     │                                                                                                                                            
└────────────┬─────────────┘                                                                                                                                            
             │                                                                                                                                                          
┌──────────────────────────┐                                                                                                                                            
│ Pipeline #32             │                                                                                                                                            
│ ORDER_BY (id=41)         │                                                                                                                                            
│ MERGE_GROUP_BY (id=40)   │                                                                                                                                            
│ Input(#31): FULL         │                                                                                                                                            
└────────────┬─────────────┘                                                                                                                                            
             │                                                                                                                                                          
┌──────────────────────────┐                                                                                                                                            
│ Pipeline #31             │                                                                                                                                            
│ PARTITION (id=39)        │                                                                                                                                            
│ Input(#30): FULL         │                                                                                                                                            
└────────────┬─────────────┘                                                                                                                                            
             │                                                                                                                                                          
┌──────────────────────────┐                                                                                                                                            
│ Pipeline #30             │                                                                                                                                            
│ HASH_GROUP_BY (id=38)    │                                                                                                                                            
│ PROJECTION (id=37)       │                                                                                                                                            
│ HASH_JOIN (id=36)        │                                                                                                                                            
│   type: INNER            │                                                                                                                                            
│ Input(#2): PARTIAL       │                                                                                                                                            
│ Input(#29): PARTIAL      │                                                                                                                                            
└────────────┬─────────────┘                                                                                                                                            
             ┌───────────────────────────┐                                                                                                                              
             │                           │                                                                                                                              
┌──────────────────────────┐┌──────────────────────────┐                                                                                                                
│ Pipeline #2              ││ Pipeline #29             │                                                                                                                
│ CONCAT (id=2)            ││ CONCAT (id=35)           │                                                                                                                
│ Input(#1): PARTIAL       ││ Input(#28): PARTIAL      │                                                                                                                
└────────────┬─────────────┘└────────────┬─────────────┘                                                                                                                
             │                           │                                                                                                                              
┌──────────────────────────┐┌──────────────────────────┐                                                                                                                
│ Pipeline #1              ││ Pipeline #28             │                                                                                                                
│ PARTITION (id=1)         ││ PARTITION (id=34)        │                                                                                                                
│ Input(#0): FULL          ││ Input(#27): PARTIAL      │                                                                                                                
└────────────┬─────────────┘└────────────┬─────────────┘                                                                                                                
             │                           │                                                                                                                              
┌──────────────────────────┐┌──────────────────────────┐                                                                                                                
│ Pipeline #0              ││ Pipeline #27             │                                                                                                                
│ GPU_SCAN (id=0)          ││ HASH_JOIN (id=33)        │                                                                                                                
│                          ││   type: INNER            │                                                                                                                
│                          ││ Input(#23): PARTIAL      │                                                                                                                
│                          ││ Input(#26): PARTIAL      │                                                                                                                
└──────────────────────────┘└────────────┬─────────────┘                                                                                                                
                                         ┌───────────────────────────────────────────────────────────────────────────────────────────────────────────────┐              
                                         │                                                                                                               │              
                            ┌──────────────────────────┐                                                                                    ┌──────────────────────────┐
                            │ Pipeline #23             │                                                                                    │ Pipeline #26             │
                            │ CONCAT (id=28)           │                                                                                    │ CONCAT (id=32)           │
                            │ Input(#22): PARTIAL      │                                                                                    │ Input(#25): PARTIAL      │
                            └────────────┬─────────────┘                                                                                    └────────────┬─────────────┘
                                         │                                                                                                               │              
                            ┌──────────────────────────┐                                                                                    ┌──────────────────────────┐
                            │ Pipeline #22             │                                                                                    │ Pipeline #25             │
                            │ PARTITION (id=27)        │                                                                                    │ PARTITION (id=31)        │
                            │ Input(#21): FULL         │                                                                                    │ Input(#24): PARTIAL      │
                            └────────────┬─────────────┘                                                                                    └────────────┬─────────────┘
                                         │                                                                                                               │              
                            ┌──────────────────────────┐                                                                                    ┌──────────────────────────┐
                            │ Pipeline #21             │                                                                                    │ Pipeline #24             │
                            │ PROJECTION (id=26)       │                                                                                    │ DYNAMIC_FILTER (id=30)   │
                            │ HASH_JOIN (id=25)        │                                                                                    │ GPU_SCAN (id=29)         │
                            │   type: INNER            │                                                                                    │                          │
                            │ Input(#17): PARTIAL      │                                                                                    │                          │
                            │ Input(#20): PARTIAL      │                                                                                    │                          │
                            └────────────┬─────────────┘                                                                                    └──────────────────────────┘
                                         ┌───────────────────────────────────────────────────────────────────────────────────┐                                          
                                         │                                                                                   │                                          
                            ┌──────────────────────────┐                                                        ┌──────────────────────────┐                            
                            │ Pipeline #17             │                                                        │ Pipeline #20             │                            
                            │ CONCAT (id=20)           │                                                        │ CONCAT (id=24)           │                            
                            │ Input(#16): PARTIAL      │                                                        │ Input(#19): PARTIAL      │                            
                            └────────────┬─────────────┘                                                        └────────────┬─────────────┘                            
                                         │                                                                                   │                                          
                            ┌──────────────────────────┐                                                        ┌──────────────────────────┐                            
                            │ Pipeline #16             │                                                        │ Pipeline #19             │                            
                            │ PARTITION (id=19)        │                                                        │ PARTITION (id=23)        │                            
                            │ Input(#15): FULL         │                                                        │ Input(#18): PARTIAL      │                            
                            └────────────┬─────────────┘                                                        └────────────┬─────────────┘                            
                                         │                                                                                   │                                          
                            ┌──────────────────────────┐                                                        ┌──────────────────────────┐                            
                            │ Pipeline #15             │                                                        │ Pipeline #18             │                            
                            │ HASH_JOIN (id=18)        │                                                        │ DYNAMIC_FILTER (id=22)   │                            
                            │   type: INNER            │                                                        │ GPU_SCAN (id=21)         │                            
                            │ Input(#11): PARTIAL      │                                                        │                          │                            
                            │ Input(#14): PARTIAL      │                                                        │                          │                            
                            └────────────┬─────────────┘                                                        └──────────────────────────┘                            
                                         ┌───────────────────────────────────────────────────────┐                                                                      
                                         │                                                       │                                                                      
                            ┌──────────────────────────┐                            ┌──────────────────────────┐                                                        
                            │ Pipeline #11             │                            │ Pipeline #14             │                                                        
                            │ CONCAT (id=13)           │                            │ CONCAT (id=17)           │                                                        
                            │ Input(#10): PARTIAL      │                            │ Input(#13): PARTIAL      │                                                        
                            └────────────┬─────────────┘                            └────────────┬─────────────┘                                                        
                                         │                                                       │                                                                      
                            ┌──────────────────────────┐                            ┌──────────────────────────┐                                                        
                            │ Pipeline #10             │                            │ Pipeline #13             │                                                        
                            │ PARTITION (id=12)        │                            │ PARTITION (id=16)        │                                                        
                            │ Input(#9): FULL          │                            │ Input(#12): PARTIAL      │                                                        
                            └────────────┬─────────────┘                            └────────────┬─────────────┘                                                        
                                         │                                                       │                                                                      
                            ┌──────────────────────────┐                            ┌──────────────────────────┐                                                        
                            │ Pipeline #9              │                            │ Pipeline #12             │                                                        
                            │ PROJECTION (id=11)       │                            │ DYNAMIC_FILTER (id=15)   │                                                        
                            │ HASH_JOIN (id=10)        │                            │ GPU_SCAN (id=14)         │                                                        
                            │   type: INNER            │                            │                          │                                                        
                            │ Input(#5): PARTIAL       │                            │                          │                                                        
                            │ Input(#8): PARTIAL       │                            │                          │                                                        
                            └────────────┬─────────────┘                            └──────────────────────────┘                                                        
                                         ┌───────────────────────────┐                                                                                                  
                                         │                           │                                                                                                  
                            ┌──────────────────────────┐┌──────────────────────────┐                                                                                    
                            │ Pipeline #5              ││ Pipeline #8              │                                                                                    
                            │ CONCAT (id=5)            ││ CONCAT (id=9)            │                                                                                    
                            │ Input(#4): PARTIAL       ││ Input(#7): PARTIAL       │                                                                                    
                            └────────────┬─────────────┘└────────────┬─────────────┘                                                                                    
                                         │                           │                                                                                                  
                            ┌──────────────────────────┐┌──────────────────────────┐                                                                                    
                            │ Pipeline #4              ││ Pipeline #7              │                                                                                    
                            │ PARTITION (id=4)         ││ PARTITION (id=8)         │                                                                                    
                            │ Input(#3): FULL          ││ Input(#6): PARTIAL       │                                                                                    
                            └────────────┬─────────────┘└────────────┬─────────────┘                                                                                    
                                         │                           │                                                                                                  
                            ┌──────────────────────────┐┌──────────────────────────┐                                                                                    
                            │ Pipeline #3              ││ Pipeline #6              │                                                                                    
                            │ GPU_SCAN (id=3)          ││ DYNAMIC_FILTER (id=7)    │                                                                                    
                            │                          ││ GPU_SCAN (id=6)          │                                                                                    
                            └──────────────────────────┘└──────────────────────────┘                                                                                    

[2026-09-07 12:49:53.374] [info] [sirius_engine.cpp:186] query 32 telemetry_query=01a07d6b845e79e0ac4b98ad7cfbb50f
[2026-09-07 12:49:53.374] [info] [sirius_scan_manager.cpp:2999] [sirius_scan_manager] assigned pinned entry 'supplier' to operator '0'
[2026-09-07 12:49:53.374] [info] [sirius_scan_manager.cpp:2999] [sirius_scan_manager] assigned pinned entry 'region' to operator '3'
[2026-09-07 12:49:53.374] [info] [sirius_scan_manager.cpp:2999] [sirius_scan_manager] assigned pinned entry 'nation' to operator '6'
[2026-09-07 12:49:53.374] [info] [sirius_scan_manager.cpp:2999] [sirius_scan_manager] assigned pinned entry 'customer' to operator '14'
[2026-09-07 12:49:53.374] [info] [sirius_scan_manager.cpp:2882] [sirius_scan_manager] zone-map pruning for pinned entry 'orders' (GPU tier): 3/5 chunks pruned, serving 2
[2026-09-07 12:49:53.374] [info] [sirius_scan_manager.cpp:2999] [sirius_scan_manager] assigned pinned entry 'orders' to operator '21'
[2026-09-07 12:49:53.374] [info] [sirius_scan_manager.cpp:2999] [sirius_scan_manager] assigned pinned entry 'lineitem' to operator '29'
[2026-09-07 12:49:53.374] [info] [sirius_scan_manager.cpp:897] [late-mat] operator 0: 2 column(s) withheld — a partition hashes them
[2026-09-07 12:49:53.374] [info] [sirius_scan_manager.cpp:897] [late-mat] operator 3: 1 column(s) withheld — a partition hashes them
[2026-09-07 12:49:53.374] [info] [sirius_scan_manager.cpp:884] [late-mat] operator 6: slot0 — installed (16 B/row over 15 boundaries)
[2026-09-07 12:49:53.374] [info] [sirius_scan_manager.cpp:897] [late-mat] operator 6: 2 column(s) withheld — a partition hashes them
[2026-09-07 12:49:53.374] [info] [sirius_scan_manager.cpp:971] [late-mat] operator 6: group-by-rowid ride to ORDER_BY (id=41) through 2 group-by stage(s) — unique key 'n_name', 18 boundaries instead of 15
[2026-09-07 12:49:53.374] [info] [sirius_scan_manager.cpp:1047] [late-mat] operator 6: deferring 1 column(s) to ORDER_BY (id=41) — 16 B/row over 18 boundaries
[2026-09-07 12:49:53.374] [info] [sirius_scan_manager.cpp:897] [late-mat] operator 14: 2 column(s) withheld — a partition hashes them
[2026-09-07 12:49:53.374] [info] [sirius_scan_manager.cpp:823] [late-mat] operator 21: not deferring — the scan restricts rows and its pin is compressed, so the surviving rows are decided inside the decode
[2026-09-07 12:49:53.374] [info] [sirius_scan_manager.cpp:884] [late-mat] operator 29: slot0 — value x crossings below the floor (8 B/row over 6 boundaries)
[2026-09-07 12:49:53.374] [info] [sirius_scan_manager.cpp:897] [late-mat] operator 29: 2 column(s) withheld — a partition hashes them
[2026-09-07 12:49:53.374] [info] [memory_prefetcher.cpp:59] [memory_prefetcher] started: 3 threads, 6 connectors, min_free_fraction=0.40
[2026-09-07 12:49:53.375] [info] [dynamic_filter_publisher.cpp:297] [sirius_physical_hash_join] Pushed 1 dynamic filter(s) across 1 active target(s) of 1 wired target(s) (1 build rows, 1 bound keys of 1 admitted).
[2026-09-07 12:49:53.376] [warning] [gpu_pipeline_task.cpp:93] gpu_pipeline_task: operator 'GPU_SCAN' (id=6) output batch 0 column 1 datatype mismatch: got uint32_t, expected cudf::string_view
[2026-09-07 12:49:53.376] [warning] [gpu_pipeline_task.cpp:93] gpu_pipeline_task: operator 'DYNAMIC_FILTER' (id=7) output batch 0 column 1 datatype mismatch: got uint32_t, expected cudf::string_view
[2026-09-07 12:49:53.376] [warning] [gpu_pipeline_task.cpp:93] gpu_pipeline_task: operator 'PARTITION' (id=8) output batch 0 column 1 datatype mismatch: got uint32_t, expected cudf::string_view
[2026-09-07 12:49:53.376] [warning] [sirius_physical_partition.cpp:375] slot_for_device: device_id 0 not found in active GPU list, falling back to slot 0
[2026-09-07 12:49:53.376] [warning] [gpu_pipeline_task.cpp:93] gpu_pipeline_task: operator 'CONCAT' (id=9) output batch 0 column 1 datatype mismatch: got uint32_t, expected cudf::string_view
[2026-09-07 12:49:53.376] [warning] [gpu_pipeline_task.cpp:93] gpu_pipeline_task: operator 'HASH_JOIN' (id=10) output batch 0 column 1 datatype mismatch: got uint32_t, expected cudf::string_view
[2026-09-07 12:49:53.376] [warning] [gpu_pipeline_task.cpp:93] gpu_pipeline_task: operator 'PROJECTION' (id=11) output batch 0 column 1 datatype mismatch: got uint32_t, expected cudf::string_view
[2026-09-07 12:49:53.376] [warning] [gpu_pipeline_task.cpp:93] gpu_pipeline_task: operator 'PARTITION' (id=12) output batch 0 column 1 datatype mismatch: got uint32_t, expected cudf::string_view
[2026-09-07 12:49:53.376] [warning] [gpu_pipeline_task.cpp:93] gpu_pipeline_task: operator 'CONCAT' (id=13) output batch 0 column 1 datatype mismatch: got uint32_t, expected cudf::string_view
[2026-09-07 12:49:53.376] [info] [dynamic_filter_publisher.cpp:297] [sirius_physical_hash_join] Pushed 1 dynamic filter(s) across 1 active target(s) of 1 wired target(s) (5 build rows, 1 bound keys of 1 admitted).
[2026-09-07 12:49:53.377] [warning] [sirius_physical_partition.cpp:375] slot_for_device: device_id 0 not found in active GPU list, falling back to slot 0
[2026-09-07 12:49:53.377] [warning] [gpu_pipeline_task.cpp:93] gpu_pipeline_task: operator 'HASH_JOIN' (id=18) output batch 0 column 2 datatype mismatch: got uint32_t, expected cudf::string_view
[2026-09-07 12:49:53.377] [warning] [gpu_pipeline_task.cpp:93] gpu_pipeline_task: operator 'PARTITION' (id=19) output batch 0 column 2 datatype mismatch: got uint32_t, expected cudf::string_view
[2026-09-07 12:49:53.378] [warning] [gpu_pipeline_task.cpp:93] gpu_pipeline_task: operator 'CONCAT' (id=20) output batch 0 column 2 datatype mismatch: got uint32_t, expected cudf::string_view
[2026-09-07 12:49:53.378] [info] [dynamic_filter_publisher.cpp:297] [sirius_physical_hash_join] Pushed 1 dynamic filter(s) across 1 active target(s) of 1 wired target(s) (2998599 build rows, 1 bound keys of 1 admitted).
[2026-09-07 12:49:53.380] [warning] [sirius_physical_partition.cpp:375] slot_for_device: device_id 0 not found in active GPU list, falling back to slot 0
[2026-09-07 12:49:53.380] [warning] [sirius_physical_partition.cpp:375] slot_for_device: device_id 0 not found in active GPU list, falling back to slot 0
[2026-09-07 12:49:53.381] [warning] [gpu_pipeline_task.cpp:93] gpu_pipeline_task: operator 'HASH_JOIN' (id=25) output batch 0 column 2 datatype mismatch: got uint32_t, expected cudf::string_view
[2026-09-07 12:49:53.381] [warning] [gpu_pipeline_task.cpp:93] gpu_pipeline_task: operator 'PROJECTION' (id=26) output batch 0 column 2 datatype mismatch: got uint32_t, expected cudf::string_view
[2026-09-07 12:49:53.381] [warning] [gpu_pipeline_task.cpp:93] gpu_pipeline_task: operator 'PARTITION' (id=27) output batch 0 column 2 datatype mismatch: got uint32_t, expected cudf::string_view
[2026-09-07 12:49:53.381] [warning] [gpu_pipeline_task.cpp:93] gpu_pipeline_task: operator 'CONCAT' (id=28) output batch 0 column 2 datatype mismatch: got uint32_t, expected cudf::string_view
[2026-09-07 12:49:53.381] [info] [dynamic_filter_publisher.cpp:297] [sirius_physical_hash_join] Pushed 1 dynamic filter(s) across 1 active target(s) of 1 wired target(s) (4549358 build rows, 1 bound keys of 1 admitted).
[2026-09-07 12:49:53.392] [warning] [sirius_physical_partition.cpp:375] slot_for_device: device_id 0 not found in active GPU list, falling back to slot 0
[2026-09-07 12:49:53.392] [warning] [sirius_physical_partition.cpp:375] slot_for_device: device_id 0 not found in active GPU list, falling back to slot 0
[2026-09-07 12:49:53.392] [warning] [sirius_physical_partition.cpp:375] slot_for_device: device_id 0 not found in active GPU list, falling back to slot 0
[2026-09-07 12:49:53.392] [warning] [sirius_physical_partition.cpp:375] slot_for_device: device_id 0 not found in active GPU list, falling back to slot 0
[2026-09-07 12:49:53.392] [warning] [sirius_physical_partition.cpp:375] slot_for_device: device_id 0 not found in active GPU list, falling back to slot 0
[2026-09-07 12:49:53.392] [warning] [sirius_physical_partition.cpp:375] slot_for_device: device_id 0 not found in active GPU list, falling back to slot 0
[2026-09-07 12:49:53.392] [warning] [sirius_physical_partition.cpp:375] slot_for_device: device_id 0 not found in active GPU list, falling back to slot 0
[2026-09-07 12:49:53.392] [warning] [sirius_physical_partition.cpp:375] slot_for_device: device_id 0 not found in active GPU list, falling back to slot 0
[2026-09-07 12:49:53.392] [warning] [sirius_physical_partition.cpp:375] slot_for_device: device_id 0 not found in active GPU list, falling back to slot 0
[2026-09-07 12:49:53.392] [warning] [sirius_physical_partition.cpp:375] slot_for_device: device_id 0 not found in active GPU list, falling back to slot 0
[2026-09-07 12:49:53.392] [warning] [sirius_physical_partition.cpp:375] slot_for_device: device_id 0 not found in active GPU list, falling back to slot 0
[2026-09-07 12:49:53.392] [warning] [sirius_physical_partition.cpp:375] slot_for_device: device_id 0 not found in active GPU list, falling back to slot 0
[2026-09-07 12:49:53.392] [warning] [sirius_physical_partition.cpp:375] slot_for_device: device_id 0 not found in active GPU list, falling back to slot 0
[2026-09-07 12:49:53.392] [warning] [sirius_physical_partition.cpp:375] slot_for_device: device_id 0 not found in active GPU list, falling back to slot 0
[2026-09-07 12:49:53.392] [warning] [sirius_physical_partition.cpp:375] slot_for_device: device_id 0 not found in active GPU list, falling back to slot 0
[2026-09-07 12:49:53.392] [warning] [sirius_physical_partition.cpp:375] slot_for_device: device_id 0 not found in active GPU list, falling back to slot 0
[2026-09-07 12:49:53.392] [warning] [sirius_physical_partition.cpp:375] slot_for_device: device_id 0 not found in active GPU list, falling back to slot 0
[2026-09-07 12:49:53.392] [warning] [sirius_physical_partition.cpp:375] slot_for_device: device_id 0 not found in active GPU list, falling back to slot 0
[2026-09-07 12:49:53.392] [warning] [sirius_physical_partition.cpp:375] slot_for_device: device_id 0 not found in active GPU list, falling back to slot 0
[2026-09-07 12:49:53.392] [warning] [sirius_physical_partition.cpp:375] slot_for_device: device_id 0 not found in active GPU list, falling back to slot 0
[2026-09-07 12:49:53.392] [warning] [sirius_physical_partition.cpp:375] slot_for_device: device_id 0 not found in active GPU list, falling back to slot 0
[2026-09-07 12:49:53.392] [warning] [sirius_physical_partition.cpp:375] slot_for_device: device_id 0 not found in active GPU list, falling back to slot 0
[2026-09-07 12:49:53.392] [warning] [sirius_physical_partition.cpp:375] slot_for_device: device_id 0 not found in active GPU list, falling back to slot 0
[2026-09-07 12:49:53.393] [warning] [sirius_physical_partition.cpp:375] slot_for_device: device_id 0 not found in active GPU list, falling back to slot 0
[2026-09-07 12:49:53.393] [warning] [sirius_physical_partition.cpp:375] slot_for_device: device_id 0 not found in active GPU list, falling back to slot 0
[2026-09-07 12:49:53.393] [warning] [sirius_physical_partition.cpp:375] slot_for_device: device_id 0 not found in active GPU list, falling back to slot 0
[2026-09-07 12:49:53.393] [warning] [sirius_physical_partition.cpp:375] slot_for_device: device_id 0 not found in active GPU list, falling back to slot 0
[2026-09-07 12:49:53.393] [warning] [sirius_physical_partition.cpp:375] slot_for_device: device_id 0 not found in active GPU list, falling back to slot 0
[2026-09-07 12:49:53.393] [warning] [sirius_physical_partition.cpp:375] slot_for_device: device_id 0 not found in active GPU list, falling back to slot 0
[2026-09-07 12:49:53.393] [warning] [sirius_physical_partition.cpp:375] slot_for_device: device_id 0 not found in active GPU list, falling back to slot 0
[2026-09-07 12:49:53.393] [warning] [sirius_physical_partition.cpp:375] slot_for_device: device_id 0 not found in active GPU list, falling back to slot 0
[2026-09-07 12:49:53.393] [warning] [sirius_physical_partition.cpp:375] slot_for_device: device_id 0 not found in active GPU list, falling back to slot 0
[2026-09-07 12:49:53.393] [warning] [sirius_physical_partition.cpp:375] slot_for_device: device_id 0 not found in active GPU list, falling back to slot 0
[2026-09-07 12:49:53.393] [warning] [sirius_physical_partition.cpp:375] slot_for_device: device_id 0 not found in active GPU list, falling back to slot 0
[2026-09-07 12:49:53.398] [warning] [gpu_pipeline_task.cpp:93] gpu_pipeline_task: operator 'HASH_JOIN' (id=33) output batch 0 column 4 datatype mismatch: got uint32_t, expected cudf::string_view
[2026-09-07 12:49:53.398] [warning] [gpu_pipeline_task.cpp:93] gpu_pipeline_task: operator 'PARTITION' (id=34) output batch 0 column 4 datatype mismatch: got uint32_t, expected cudf::string_view
[2026-09-07 12:49:53.398] [warning] [sirius_physical_partition.cpp:375] slot_for_device: device_id 0 not found in active GPU list, falling back to slot 0
[2026-09-07 12:49:53.398] [warning] [gpu_pipeline_task.cpp:93] gpu_pipeline_task: operator 'CONCAT' (id=35) output batch 0 column 4 datatype mismatch: got uint32_t, expected cudf::string_view
[2026-09-07 12:49:53.401] [warning] [gpu_pipeline_task.cpp:93] gpu_pipeline_task: operator 'HASH_JOIN' (id=36) output batch 0 column 2 datatype mismatch: got uint32_t, expected cudf::string_view
[2026-09-07 12:49:53.401] [warning] [gpu_pipeline_task.cpp:93] gpu_pipeline_task: operator 'PROJECTION' (id=37) output batch 0 column 0 datatype mismatch: got uint32_t, expected cudf::string_view
[2026-09-07 12:49:53.402] [warning] [gpu_pipeline_task.cpp:93] gpu_pipeline_task: operator 'HASH_GROUP_BY' (id=38) output batch 0 column 0 datatype mismatch: got uint32_t, expected cudf::string_view
[2026-09-07 12:49:53.402] [warning] [gpu_pipeline_task.cpp:93] gpu_pipeline_task: operator 'PARTITION' (id=39) output batch 0 column 0 datatype mismatch: got uint32_t, expected cudf::string_view
[2026-09-07 12:49:53.402] [warning] [gpu_pipeline_task.cpp:93] gpu_pipeline_task: operator 'MERGE_GROUP_BY' (id=40) output batch 0 column 0 datatype mismatch: got uint32_t, expected cudf::string_view
[2026-09-07 12:49:53.403] [info] [gpu_pipeline_executor.cpp:129] GPU Pipeline Executor: task queue interrupted, stopping manager loop
[2026-09-07 12:49:53.403] [info] [sirius_context.cpp:405] QueryEnd
[2026-09-07 12:49:53.403] [info] [memory_prefetcher.cpp:72] [memory_prefetcher] stopping: prefetched 0 batches / 0 bytes (stops: headroom=0 reservation=0, skips: lock=0 draining=60, errors=0)
[2026-09-07 12:49:53.403] [info] [sirius_context.cpp:256] [host_pool] HOST:0 QueryEnd instance=0xf6d59d9607a0 connection=1 window=32 query=76 allocated=17515413504 bytes peak=17582522368 bytes free_blocks=539
[2026-09-07 12:49:53.403] [info] [sirius_context.cpp:271] [gpu_pool] GPU:0 QueryEnd instance=0xf6d59d9607a0 connection=1 window=32 query=76 allocated=6915185408 bytes peak=11309046332 bytes reserved=0 bytes
[2026-09-07 12:49:53.403] [info] [sirius_context.cpp:521] [window] end instance=0xf6d59d9607a0 connection=1 window=32 query=76 outcome=ok
[2026-09-07 12:49:53.403] [info] [physical_sirius_execution.cpp:327] Transparent GPU execution: query completed
[2026-09-07 12:49:53.408] [info] [sirius_context.cpp:329] QueryBegin: instance=0xf6d59d9607a0 connection=1 query=77 SQL: CALL unpin_table('orders')
[2026-09-07 12:49:53.409] [info] [sirius_context.cpp:329] QueryBegin: instance=0xf6d59d9607a0 connection=1 query=78 SQL: CALL unpin_table('lineitem')
[2026-09-07 12:49:53.410] [info] [sirius_context.cpp:329] QueryBegin: instance=0xf6d59d9607a0 connection=1 query=79 SQL: CALL unpin_table('supplier')
[2026-09-07 12:49:53.410] [info] [sirius_context.cpp:329] QueryBegin: instance=0xf6d59d9607a0 connection=1 query=80 SQL: CALL unpin_table('nation')
[2026-09-07 12:49:53.411] [info] [sirius_context.cpp:329] QueryBegin: instance=0xf6d59d9607a0 connection=1 query=81 SQL: CALL unpin_table('region')
[2026-09-07 12:49:53.411] [info] [sirius_context.cpp:329] QueryBegin: instance=0xf6d59d9607a0 connection=1 query=82 SQL: CALL unpin_table('customer')
[2026-09-07 12:49:53.411] [info] [sirius_context.cpp:329] QueryBegin: instance=0xf6d59d9607a0 connection=1 query=83 SQL: CALL pin_table('/datasets/tpch_sf100_sorted/lineitem/*.parquet', tier='gpu', name='lineitem', cols=['l_extendedprice','l_discount','l_shipdate','l_quantity'])
[2026-09-07 12:49:53.412] [info] [sirius_context.cpp:521] [window] begin instance=0xf6d59d9607a0 connection=1 window=33 query=83 outcome=-
[2026-09-07 12:49:53.412] [info] [sirius_context.cpp:256] [host_pool] HOST:0 QueryBegin instance=0xf6d59d9607a0 connection=1 window=33 query=83 allocated=17515413504 bytes peak=17582522368 bytes free_blocks=539
[2026-09-07 12:49:53.412] [info] [sirius_context.cpp:271] [gpu_pool] GPU:0 QueryBegin instance=0xf6d59d9607a0 connection=1 window=33 query=83 allocated=0 bytes peak=11309046332 bytes reserved=0 bytes
[2026-09-07 12:49:53.412] [info] [sirius_context.cpp:389] QueryBegin: pin_table
[2026-09-07 12:49:53.412] [info] [sirius_extension.cpp:1420] [pin_table] 'lineitem' tier=gpu: compressing with plan for 4 column(s)
[2026-09-07 12:49:56.419] [info] [sirius_context.cpp:405] QueryEnd
[2026-09-07 12:49:56.420] [info] [sirius_context.cpp:256] [host_pool] HOST:0 QueryEnd instance=0xf6d59d9607a0 connection=1 window=33 query=83 allocated=17515413504 bytes peak=17582522368 bytes free_blocks=539
[2026-09-07 12:49:56.420] [info] [sirius_context.cpp:271] [gpu_pool] GPU:0 QueryEnd instance=0xf6d59d9607a0 connection=1 window=33 query=83 allocated=3095491072 bytes peak=11309046332 bytes reserved=0 bytes
[2026-09-07 12:49:56.420] [info] [sirius_context.cpp:521] [window] end instance=0xf6d59d9607a0 connection=1 window=33 query=83 outcome=ok
[2026-09-07 12:49:56.420] [info] [sirius_context.cpp:329] QueryBegin: instance=0xf6d59d9607a0 connection=1 query=84 SQL: CALL sirius_set_query_label('q6_iter0')
[2026-09-07 12:49:56.421] [info] [sirius_context.cpp:329] QueryBegin: instance=0xf6d59d9607a0 connection=1 query=85 SQL: SET gpu_execution = true;
