[2026-09-08 04:18:01.858] [info] [sirius_context.cpp:329] QueryBegin: instance=0xe37f85960830 connection=1 query=101 SQL: select supp_nation, cust_nation, l_year, sum(volume) as revenue from ( select n1.n_name as supp_nation, n2.n_name as cust_nation, extract(year from l.l_shipdate) as l_year, l.l_extendedprice * (1 - l.l_discount) as volume from supplier s, lineitem l, orders o, customer c, nation n1, nation n2 where s.s_suppkey = l.l_suppkey and o.o_orderkey = l.l_orderkey and c.c_custkey = o.o_custkey and s.s_nationkey = n1.n_nationkey and c.c_nationkey = n2.n_nationkey and ( (n1.n_name = 'EGYPT' and n2.n_name = 'UNITED STATES') or (n1.n_name = 'UNITED STATES' and n2.n_name = 'EGYPT') ) and l.l_shipdate between date '1995-01-01' and date '1996-12-31' ) as shipping group by supp_nation, cust_nation, l_year order by supp_nation, cust_nation, l_year
[2026-09-08 04:18:01.876] [info] [sirius_plan_comparison_join.cpp:646] [sirius_plan_comparison_join] Wired hash join with 1 dynamic-filter probe target(s) (1 scan-bound, 0 join-edge; evidence=filtered; build est 25 rows).
[2026-09-08 04:18:01.876] [info] [sirius_plan_comparison_join.cpp:646] [sirius_plan_comparison_join] Wired hash join with 1 dynamic-filter probe target(s) (1 scan-bound, 0 join-edge; evidence=filtered; build est 10000000 rows).
[2026-09-08 04:18:01.876] [info] [sirius_plan_comparison_join.cpp:646] [sirius_plan_comparison_join] Wired hash join with 1 dynamic-filter probe target(s) (1 scan-bound, 0 join-edge; evidence=filtered; build est 6039797760 rows).
[2026-09-08 04:18:01.876] [info] [sirius_plan_comparison_join.cpp:646] [sirius_plan_comparison_join] Wired hash join with 1 dynamic-filter probe target(s) (1 scan-bound, 0 join-edge; evidence=filtered; build est 25 rows).
[2026-09-08 04:18:01.876] [info] [sirius_plan_comparison_join.cpp:646] [sirius_plan_comparison_join] Wired hash join with 1 dynamic-filter probe target(s) (1 scan-bound, 0 join-edge; evidence=filtered; build est 149999850 rows).
[2026-09-08 04:18:01.877] [info] [sirius_context.cpp:1467] Transparent execution: Sirius physical plan generated successfully
[2026-09-08 04:18:01.877] [info] [sirius_context.cpp:1495] Transparent execution: physical plan replaced with GPU operator
[2026-09-08 04:18:01.877] [info] [physical_sirius_execution.cpp:157] Transparent GPU execution: executing query
[2026-09-08 04:18:01.877] [info] [sirius_context.cpp:521] [window] begin instance=0xe37f85960830 connection=1 window=42 query=101 outcome=-
[2026-09-08 04:18:01.877] [info] [sirius_context.cpp:256] [host_pool] HOST:0 QueryBegin instance=0xe37f85960830 connection=1 window=42 query=101 allocated=17515413504 bytes peak=17582522368 bytes free_blocks=2875
[2026-09-08 04:18:01.877] [info] [sirius_context.cpp:271] [gpu_pool] GPU:0 QueryBegin instance=0xe37f85960830 connection=1 window=42 query=101 allocated=75104593408 bytes peak=185705848894 bytes reserved=0 bytes
[2026-09-08 04:18:01.877] [info] [sirius_context.cpp:389] QueryBegin: transparent_execution
[2026-09-08 04:18:01.882] [info] [sirius_plan_comparison_join.cpp:646] [sirius_plan_comparison_join] Wired hash join with 1 dynamic-filter probe target(s) (1 scan-bound, 0 join-edge; evidence=filtered; build est 25 rows).
[2026-09-08 04:18:01.882] [info] [sirius_plan_comparison_join.cpp:646] [sirius_plan_comparison_join] Wired hash join with 1 dynamic-filter probe target(s) (1 scan-bound, 0 join-edge; evidence=filtered; build est 10000000 rows).
[2026-09-08 04:18:01.882] [info] [sirius_plan_comparison_join.cpp:646] [sirius_plan_comparison_join] Wired hash join with 1 dynamic-filter probe target(s) (1 scan-bound, 0 join-edge; evidence=filtered; build est 6039797760 rows).
[2026-09-08 04:18:01.882] [info] [sirius_plan_comparison_join.cpp:646] [sirius_plan_comparison_join] Wired hash join with 1 dynamic-filter probe target(s) (1 scan-bound, 0 join-edge; evidence=filtered; build est 25 rows).
[2026-09-08 04:18:01.882] [info] [sirius_plan_comparison_join.cpp:646] [sirius_plan_comparison_join] Wired hash join with 1 dynamic-filter probe target(s) (1 scan-bound, 0 join-edge; evidence=filtered; build est 149999850 rows).
[2026-09-08 04:18:01.883] [info] [sirius_engine.cpp:265] [gpu_alloc] query allocated 1 GPU(s): [0]
[2026-09-08 04:18:01.883] [info] [sirius_engine.cpp:318] Query Plan:
=== Pipeline Overview ===
Pipeline #0: GPU_SCAN (id=0) -> FILTER (id=1)
  Output: -> PARTITION [port: default, barrier: FULL]
Pipeline #1: PARTITION (id=2)
  Input: <- Pipeline #0 [on: PARTITION (id=2), port: default, barrier: FULL]
  Dependencies: Pipeline #0
  Output: -> CONCAT [port: default, barrier: PARTIAL]
Pipeline #2: CONCAT (id=3)
  Input: <- Pipeline #1 [on: CONCAT (id=3), port: default, barrier: PARTIAL]
  Dependencies: Pipeline #1
  Output: -> HASH_JOIN [port: build, barrier: PARTIAL]
Pipeline #3: GPU_SCAN (id=4) -> DYNAMIC_FILTER (id=5)
  Output: -> PARTITION [port: default, barrier: PARTIAL]
Pipeline #4: PARTITION (id=6)
  Input: <- Pipeline #3 [on: PARTITION (id=6), port: default, barrier: PARTIAL]
  Dependencies: Pipeline #3
  Output: -> CONCAT [port: default, barrier: PARTIAL]
Pipeline #5: CONCAT (id=7)
  Input: <- Pipeline #4 [on: CONCAT (id=7), port: default, barrier: PARTIAL]
  Dependencies: Pipeline #4
  Output: -> HASH_JOIN [port: default, barrier: PARTIAL]
Pipeline #6: HASH_JOIN (id=8)
  Input: <- Pipeline #2 [on: HASH_JOIN (id=8), port: build, barrier: PARTIAL]
  Input: <- Pipeline #5 [on: HASH_JOIN (id=8), port: default, barrier: PARTIAL]
  Dependencies: Pipeline #2, Pipeline #5
  Output: -> PARTITION [port: default, barrier: FULL]
Pipeline #7: PARTITION (id=9)
  Input: <- Pipeline #6 [on: PARTITION (id=9), port: default, barrier: FULL]
  Dependencies: Pipeline #6
  Output: -> CONCAT [port: default, barrier: PARTIAL]
Pipeline #8: CONCAT (id=10)
  Input: <- Pipeline #7 [on: CONCAT (id=10), port: default, barrier: PARTIAL]
  Dependencies: Pipeline #7
  Output: -> HASH_JOIN [port: build, barrier: PARTIAL]
Pipeline #9: GPU_SCAN (id=11) -> FILTER (id=12)
  Output: -> PARTITION [port: default, barrier: FULL]
Pipeline #10: PARTITION (id=13)
  Input: <- Pipeline #9 [on: PARTITION (id=13), port: default, barrier: FULL]
  Dependencies: Pipeline #9
  Output: -> CONCAT [port: default, barrier: PARTIAL]
Pipeline #11: CONCAT (id=14)
  Input: <- Pipeline #10 [on: CONCAT (id=14), port: default, barrier: PARTIAL]
  Dependencies: Pipeline #10
  Output: -> HASH_JOIN [port: build, barrier: PARTIAL]
Pipeline #12: GPU_SCAN (id=15) -> DYNAMIC_FILTER (id=16)
  Output: -> PARTITION [port: default, barrier: PARTIAL]
Pipeline #13: PARTITION (id=17)
  Input: <- Pipeline #12 [on: PARTITION (id=17), port: default, barrier: PARTIAL]
  Dependencies: Pipeline #12
  Output: -> CONCAT [port: default, barrier: PARTIAL]
Pipeline #14: CONCAT (id=18)
  Input: <- Pipeline #13 [on: CONCAT (id=18), port: default, barrier: PARTIAL]
  Dependencies: Pipeline #13
  Output: -> HASH_JOIN [port: default, barrier: PARTIAL]
Pipeline #15: HASH_JOIN (id=19)
  Input: <- Pipeline #11 [on: HASH_JOIN (id=19), port: build, barrier: PARTIAL]
  Input: <- Pipeline #14 [on: HASH_JOIN (id=19), port: default, barrier: PARTIAL]
  Dependencies: Pipeline #11, Pipeline #14
  Output: -> PARTITION [port: default, barrier: FULL]
Pipeline #16: PARTITION (id=20)
  Input: <- Pipeline #15 [on: PARTITION (id=20), port: default, barrier: FULL]
  Dependencies: Pipeline #15
  Output: -> CONCAT [port: default, barrier: PARTIAL]
Pipeline #17: CONCAT (id=21)
  Input: <- Pipeline #16 [on: CONCAT (id=21), port: default, barrier: PARTIAL]
  Dependencies: Pipeline #16
  Output: -> HASH_JOIN [port: build, barrier: PARTIAL]
Pipeline #18: GPU_SCAN (id=22) -> DYNAMIC_FILTER (id=23)
  Output: -> PARTITION [port: default, barrier: PARTIAL]
Pipeline #19: PARTITION (id=24)
  Input: <- Pipeline #18 [on: PARTITION (id=24), port: default, barrier: PARTIAL]
  Dependencies: Pipeline #18
  Output: -> CONCAT [port: default, barrier: PARTIAL]
Pipeline #20: CONCAT (id=25)
  Input: <- Pipeline #19 [on: CONCAT (id=25), port: default, barrier: PARTIAL]
  Dependencies: Pipeline #19
  Output: -> HASH_JOIN [port: default, barrier: PARTIAL]
Pipeline #21: HASH_JOIN (id=26)
  Input: <- Pipeline #17 [on: HASH_JOIN (id=26), port: build, barrier: PARTIAL]
  Input: <- Pipeline #20 [on: HASH_JOIN (id=26), port: default, barrier: PARTIAL]
  Dependencies: Pipeline #17, Pipeline #20
  Output: -> PARTITION [port: default, barrier: FULL]
Pipeline #22: PARTITION (id=27)
  Input: <- Pipeline #21 [on: PARTITION (id=27), port: default, barrier: FULL]
  Dependencies: Pipeline #21
  Output: -> CONCAT [port: default, barrier: PARTIAL]
Pipeline #23: CONCAT (id=28)
  Input: <- Pipeline #22 [on: CONCAT (id=28), port: default, barrier: PARTIAL]
  Dependencies: Pipeline #22
  Output: -> HASH_JOIN [port: build, barrier: PARTIAL]
Pipeline #24: GPU_SCAN (id=29) -> DYNAMIC_FILTER (id=30)
  Output: -> PARTITION [port: default, barrier: PARTIAL]
Pipeline #25: PARTITION (id=31)
  Input: <- Pipeline #24 [on: PARTITION (id=31), port: default, barrier: PARTIAL]
  Dependencies: Pipeline #24
  Output: -> CONCAT [port: default, barrier: PARTIAL]
Pipeline #26: CONCAT (id=32)
  Input: <- Pipeline #25 [on: CONCAT (id=32), port: default, barrier: PARTIAL]
  Dependencies: Pipeline #25
  Output: -> HASH_JOIN [port: default, barrier: PARTIAL]
Pipeline #27: HASH_JOIN (id=33)
  Input: <- Pipeline #23 [on: HASH_JOIN (id=33), port: build, barrier: PARTIAL]
  Input: <- Pipeline #26 [on: HASH_JOIN (id=33), port: default, barrier: PARTIAL]
  Dependencies: Pipeline #23, Pipeline #26
  Output: -> PARTITION [port: default, barrier: PARTIAL]
Pipeline #28: PARTITION (id=34)
  Input: <- Pipeline #27 [on: PARTITION (id=34), port: default, barrier: PARTIAL]
  Dependencies: Pipeline #27
  Output: -> CONCAT [port: default, barrier: PARTIAL]
Pipeline #29: CONCAT (id=35)
  Input: <- Pipeline #28 [on: CONCAT (id=35), port: default, barrier: PARTIAL]
  Dependencies: Pipeline #28
  Output: -> HASH_JOIN [port: default, barrier: PARTIAL]
Pipeline #30: HASH_JOIN (id=36) -> FILTER (id=37) -> PROJECTION (id=38) -> HASH_GROUP_BY (id=39)
  Input: <- Pipeline #8 [on: HASH_JOIN (id=36), port: build, barrier: PARTIAL]
  Input: <- Pipeline #29 [on: HASH_JOIN (id=36), port: default, barrier: PARTIAL]
  Dependencies: Pipeline #8, Pipeline #29
  Output: -> PARTITION [port: default, barrier: FULL]
Pipeline #31: PARTITION (id=40)
  Input: <- Pipeline #30 [on: PARTITION (id=40), port: default, barrier: FULL]
  Dependencies: Pipeline #30
  Output: -> MERGE_GROUP_BY [port: default, barrier: FULL]
Pipeline #32: MERGE_GROUP_BY (id=41) -> ORDER_BY (id=42)
  Input: <- Pipeline #31 [on: MERGE_GROUP_BY (id=41), port: default, barrier: FULL]
  Dependencies: Pipeline #31
  Output: -> SORT_SAMPLE [port: default, barrier: PIPELINE]
Pipeline #33: SORT_SAMPLE (id=43) -> SORT_PARTITION (id=44)
  Input: <- Pipeline #32 [on: SORT_SAMPLE (id=43), port: default, barrier: PIPELINE]
  Dependencies: Pipeline #32
  Output: -> MERGE_SORT [port: default, barrier: FULL]
Pipeline #34: MERGE_SORT (id=45)
  Input: <- Pipeline #33 [on: MERGE_SORT (id=45), port: default, barrier: FULL]
  Dependencies: Pipeline #33
  Output: -> RESULT_COLLECTOR [port: default, barrier: FULL]
Pipeline #35: RESULT_COLLECTOR (id=46)
  Input: <- Pipeline #34 [on: RESULT_COLLECTOR (id=46), port: default, barrier: FULL]
  Dependencies: Pipeline #34

=== Query Plan DAG ===
┌──────────────────────────┐                                                                                                                                            
│ Pipeline #35             │                                                                                                                                            
│ RESULT_COLLECTOR (id=46) │                                                                                                                                            
│ Input(#34): FULL         │                                                                                                                                            
└────────────┬─────────────┘                                                                                                                                            
             │                                                                                                                                                          
┌──────────────────────────┐                                                                                                                                            
│ Pipeline #34             │                                                                                                                                            
│ MERGE_SORT (id=45)       │                                                                                                                                            
│ Input(#33): FULL         │                                                                                                                                            
└────────────┬─────────────┘                                                                                                                                            
             │                                                                                                                                                          
┌──────────────────────────┐                                                                                                                                            
│ Pipeline #33             │                                                                                                                                            
│ SORT_PARTITION (id=44)   │                                                                                                                                            
│ SORT_SAMPLE (id=43)      │                                                                                                                                            
│ Input(#32): PIPELINE     │                                                                                                                                            
└────────────┬─────────────┘                                                                                                                                            
             │                                                                                                                                                          
┌──────────────────────────┐                                                                                                                                            
│ Pipeline #32             │                                                                                                                                            
│ ORDER_BY (id=42)         │                                                                                                                                            
│ MERGE_GROUP_BY (id=41)   │                                                                                                                                            
│ Input(#31): FULL         │                                                                                                                                            
└────────────┬─────────────┘                                                                                                                                            
             │                                                                                                                                                          
┌──────────────────────────┐                                                                                                                                            
│ Pipeline #31             │                                                                                                                                            
│ PARTITION (id=40)        │                                                                                                                                            
│ Input(#30): FULL         │                                                                                                                                            
└────────────┬─────────────┘                                                                                                                                            
             │                                                                                                                                                          
┌──────────────────────────┐                                                                                                                                            
│ Pipeline #30             │                                                                                                                                            
│ HASH_GROUP_BY (id=39)    │                                                                                                                                            
│ PROJECTION (id=38)       │                                                                                                                                            
│ FILTER (id=37)           │                                                                                                                                            
│ HASH_JOIN (id=36)        │                                                                                                                                            
│   type: INNER            │                                                                                                                                            
│ Input(#8): PARTIAL       │                                                                                                                                            
│ Input(#29): PARTIAL      │                                                                                                                                            
└────────────┬─────────────┘                                                                                                                                            
             ┌───────────────────────────────────────────────────────┐                                                                                                  
             │                                                       │                                                                                                  
┌──────────────────────────┐                            ┌──────────────────────────┐                                                                                    
│ Pipeline #8              │                            │ Pipeline #29             │                                                                                    
│ CONCAT (id=10)           │                            │ CONCAT (id=35)           │                                                                                    
│ Input(#7): PARTIAL       │                            │ Input(#28): PARTIAL      │                                                                                    
└────────────┬─────────────┘                            └────────────┬─────────────┘                                                                                    
             │                                                       │                                                                                                  
┌──────────────────────────┐                            ┌──────────────────────────┐                                                                                    
│ Pipeline #7              │                            │ Pipeline #28             │                                                                                    
│ PARTITION (id=9)         │                            │ PARTITION (id=34)        │                                                                                    
│ Input(#6): FULL          │                            │ Input(#27): PARTIAL      │                                                                                    
└────────────┬─────────────┘                            └────────────┬─────────────┘                                                                                    
             │                                                       │                                                                                                  
┌──────────────────────────┐                            ┌──────────────────────────┐                                                                                    
│ Pipeline #6              │                            │ Pipeline #27             │                                                                                    
│ HASH_JOIN (id=8)         │                            │ HASH_JOIN (id=33)        │                                                                                    
│   type: INNER            │                            │   type: INNER            │                                                                                    
│ Input(#2): PARTIAL       │                            │ Input(#23): PARTIAL      │                                                                                    
│ Input(#5): PARTIAL       │                            │ Input(#26): PARTIAL      │                                                                                    
└────────────┬─────────────┘                            └────────────┬─────────────┘                                                                                    
             ┌───────────────────────────┐                           ┌───────────────────────────────────────────────────────────────────────────────────┐              
             │                           │                           │                                                                                   │              
┌──────────────────────────┐┌──────────────────────────┐┌──────────────────────────┐                                                        ┌──────────────────────────┐
│ Pipeline #2              ││ Pipeline #5              ││ Pipeline #23             │                                                        │ Pipeline #26             │
│ CONCAT (id=3)            ││ CONCAT (id=7)            ││ CONCAT (id=28)           │                                                        │ CONCAT (id=32)           │
│ Input(#1): PARTIAL       ││ Input(#4): PARTIAL       ││ Input(#22): PARTIAL      │                                                        │ Input(#25): PARTIAL      │
└────────────┬─────────────┘└────────────┬─────────────┘└────────────┬─────────────┘                                                        └────────────┬─────────────┘
             │                           │                           │                                                                                   │              
┌──────────────────────────┐┌──────────────────────────┐┌──────────────────────────┐                                                        ┌──────────────────────────┐
│ Pipeline #1              ││ Pipeline #4              ││ Pipeline #22             │                                                        │ Pipeline #25             │
│ PARTITION (id=2)         ││ PARTITION (id=6)         ││ PARTITION (id=27)        │                                                        │ PARTITION (id=31)        │
│ Input(#0): FULL          ││ Input(#3): PARTIAL       ││ Input(#21): FULL         │                                                        │ Input(#24): PARTIAL      │
└────────────┬─────────────┘└────────────┬─────────────┘└────────────┬─────────────┘                                                        └────────────┬─────────────┘
             │                           │                           │                                                                                   │              
┌──────────────────────────┐┌──────────────────────────┐┌──────────────────────────┐                                                        ┌──────────────────────────┐
│ Pipeline #0              ││ Pipeline #3              ││ Pipeline #21             │                                                        │ Pipeline #24             │
│ FILTER (id=1)            ││ DYNAMIC_FILTER (id=5)    ││ HASH_JOIN (id=26)        │                                                        │ DYNAMIC_FILTER (id=30)   │
│ GPU_SCAN (id=0)          ││ GPU_SCAN (id=4)          ││   type: INNER            │                                                        │ GPU_SCAN (id=29)         │
│                          ││                          ││ Input(#17): PARTIAL      │                                                        │                          │
│                          ││                          ││ Input(#20): PARTIAL      │                                                        │                          │
└──────────────────────────┘└──────────────────────────┘└────────────┬─────────────┘                                                        └──────────────────────────┘
                                                                     ┌───────────────────────────────────────────────────────┐                                          
                                                                     │                                                       │                                          
                                                        ┌──────────────────────────┐                            ┌──────────────────────────┐                            
                                                        │ Pipeline #17             │                            │ Pipeline #20             │                            
                                                        │ CONCAT (id=21)           │                            │ CONCAT (id=25)           │                            
                                                        │ Input(#16): PARTIAL      │                            │ Input(#19): PARTIAL      │                            
                                                        └────────────┬─────────────┘                            └────────────┬─────────────┘                            
                                                                     │                                                       │                                          
                                                        ┌──────────────────────────┐                            ┌──────────────────────────┐                            
                                                        │ Pipeline #16             │                            │ Pipeline #19             │                            
                                                        │ PARTITION (id=20)        │                            │ PARTITION (id=24)        │                            
                                                        │ Input(#15): FULL         │                            │ Input(#18): PARTIAL      │                            
                                                        └────────────┬─────────────┘                            └────────────┬─────────────┘                            
                                                                     │                                                       │                                          
                                                        ┌──────────────────────────┐                            ┌──────────────────────────┐                            
                                                        │ Pipeline #15             │                            │ Pipeline #18             │                            
                                                        │ HASH_JOIN (id=19)        │                            │ DYNAMIC_FILTER (id=23)   │                            
                                                        │   type: INNER            │                            │ GPU_SCAN (id=22)         │                            
                                                        │ Input(#11): PARTIAL      │                            │                          │                            
                                                        │ Input(#14): PARTIAL      │                            │                          │                            
                                                        └────────────┬─────────────┘                            └──────────────────────────┘                            
                                                                     ┌───────────────────────────┐                                                                      
                                                                     │                           │                                                                      
                                                        ┌──────────────────────────┐┌──────────────────────────┐                                                        
                                                        │ Pipeline #11             ││ Pipeline #14             │                                                        
                                                        │ CONCAT (id=14)           ││ CONCAT (id=18)           │                                                        
                                                        │ Input(#10): PARTIAL      ││ Input(#13): PARTIAL      │                                                        
                                                        └────────────┬─────────────┘└────────────┬─────────────┘                                                        
                                                                     │                           │                                                                      
                                                        ┌──────────────────────────┐┌──────────────────────────┐                                                        
                                                        │ Pipeline #10             ││ Pipeline #13             │                                                        
                                                        │ PARTITION (id=13)        ││ PARTITION (id=17)        │                                                        
                                                        │ Input(#9): FULL          ││ Input(#12): PARTIAL      │                                                        
                                                        └────────────┬─────────────┘└────────────┬─────────────┘                                                        
                                                                     │                           │                                                                      
                                                        ┌──────────────────────────┐┌──────────────────────────┐                                                        
                                                        │ Pipeline #9              ││ Pipeline #12             │                                                        
                                                        │ FILTER (id=12)           ││ DYNAMIC_FILTER (id=16)   │                                                        
                                                        │ GPU_SCAN (id=11)         ││ GPU_SCAN (id=15)         │                                                        
                                                        └──────────────────────────┘└──────────────────────────┘                                                        

[2026-09-08 04:18:01.883] [info] [sirius_engine.cpp:186] query 42 telemetry_query=01a080bd419b73b09ca7e8aacb159d30
[2026-09-08 04:18:01.883] [info] [sirius_scan_manager.cpp:2999] [sirius_scan_manager] assigned pinned entry 'nation' to operator '0'
[2026-09-08 04:18:01.883] [info] [sirius_scan_manager.cpp:2999] [sirius_scan_manager] assigned pinned entry 'customer' to operator '4'
[2026-09-08 04:18:01.883] [info] [sirius_scan_manager.cpp:2999] [sirius_scan_manager] assigned pinned entry 'nation' to operator '11'
[2026-09-08 04:18:01.883] [info] [sirius_scan_manager.cpp:2999] [sirius_scan_manager] assigned pinned entry 'supplier' to operator '15'
[2026-09-08 04:18:01.884] [info] [sirius_scan_manager.cpp:2999] [sirius_scan_manager] assigned pinned entry 'lineitem' to operator '22'
[2026-09-08 04:18:01.884] [info] [sirius_scan_manager.cpp:2999] [sirius_scan_manager] assigned pinned entry 'orders' to operator '29'
[2026-09-08 04:18:01.884] [info] [sirius_scan_manager.cpp:884] [late-mat] operator 0: slot0 — too few port crossings (16 B/row over 0 boundaries)
[2026-09-08 04:18:01.884] [info] [sirius_scan_manager.cpp:897] [late-mat] operator 0: 1 column(s) withheld — a partition hashes them
[2026-09-08 04:18:01.884] [info] [sirius_scan_manager.cpp:897] [late-mat] operator 4: 2 column(s) withheld — a partition hashes them
[2026-09-08 04:18:01.884] [info] [sirius_scan_manager.cpp:884] [late-mat] operator 11: slot0 — too few port crossings (16 B/row over 0 boundaries)
[2026-09-08 04:18:01.884] [info] [sirius_scan_manager.cpp:897] [late-mat] operator 11: 1 column(s) withheld — a partition hashes them
[2026-09-08 04:18:01.884] [info] [sirius_scan_manager.cpp:897] [late-mat] operator 15: 2 column(s) withheld — a partition hashes them
[2026-09-08 04:18:01.884] [info] [sirius_scan_manager.cpp:823] [late-mat] operator 22: not deferring — the scan restricts rows and its pin is compressed, so the surviving rows are decided inside the decode
[2026-09-08 04:18:01.884] [info] [sirius_scan_manager.cpp:897] [late-mat] operator 29: 2 column(s) withheld — a partition hashes them
[2026-09-08 04:18:01.884] [info] [memory_prefetcher.cpp:59] [memory_prefetcher] started: 3 threads, 6 connectors, min_free_fraction=0.40
[2026-09-08 04:18:01.895] [info] [dynamic_filter_publisher.cpp:297] [sirius_physical_hash_join] Pushed 1 dynamic filter(s) across 1 active target(s) of 1 wired target(s) (2 build rows, 1 bound keys of 1 admitted).
[2026-09-08 04:18:01.897] [warning] [sirius_physical_partition.cpp:375] slot_for_device: device_id 0 not found in active GPU list, falling back to slot 0
[2026-09-08 04:18:01.899] [info] [dynamic_filter_publisher.cpp:297] [sirius_physical_hash_join] Pushed 1 dynamic filter(s) across 1 active target(s) of 1 wired target(s) (12000338 build rows, 1 bound keys of 1 admitted).
[2026-09-08 04:18:01.901] [info] [dynamic_filter_publisher.cpp:297] [sirius_physical_hash_join] Pushed 1 dynamic filter(s) across 1 active target(s) of 1 wired target(s) (2 build rows, 1 bound keys of 1 admitted).
[2026-09-08 04:18:01.902] [warning] [sirius_physical_partition.cpp:375] slot_for_device: device_id 0 not found in active GPU list, falling back to slot 0
[2026-09-08 04:18:01.903] [info] [dynamic_filter_publisher.cpp:297] [sirius_physical_hash_join] Pushed 1 dynamic filter(s) across 1 active target(s) of 1 wired target(s) (800280 build rows, 1 bound keys of 1 admitted).
[2026-09-08 04:18:01.994] [warning] [sirius_physical_partition.cpp:375] slot_for_device: device_id 0 not found in active GPU list, falling back to slot 0
[2026-09-08 04:18:01.994] [warning] [sirius_physical_partition.cpp:375] slot_for_device: device_id 0 not found in active GPU list, falling back to slot 0
[2026-09-08 04:18:01.994] [warning] [sirius_physical_partition.cpp:375] slot_for_device: device_id 0 not found in active GPU list, falling back to slot 0
[2026-09-08 04:18:01.994] [warning] [sirius_physical_partition.cpp:375] slot_for_device: device_id 0 not found in active GPU list, falling back to slot 0
[2026-09-08 04:18:01.994] [warning] [sirius_physical_partition.cpp:375] slot_for_device: device_id 0 not found in active GPU list, falling back to slot 0
[2026-09-08 04:18:01.994] [warning] [sirius_physical_partition.cpp:375] slot_for_device: device_id 0 not found in active GPU list, falling back to slot 0
[2026-09-08 04:18:01.994] [warning] [sirius_physical_partition.cpp:375] slot_for_device: device_id 0 not found in active GPU list, falling back to slot 0
[2026-09-08 04:18:01.994] [warning] [sirius_physical_partition.cpp:375] slot_for_device: device_id 0 not found in active GPU list, falling back to slot 0
[2026-09-08 04:18:01.994] [warning] [sirius_physical_partition.cpp:375] slot_for_device: device_id 0 not found in active GPU list, falling back to slot 0
[2026-09-08 04:18:01.994] [warning] [sirius_physical_partition.cpp:375] slot_for_device: device_id 0 not found in active GPU list, falling back to slot 0
[2026-09-08 04:18:01.994] [warning] [sirius_physical_partition.cpp:375] slot_for_device: device_id 0 not found in active GPU list, falling back to slot 0
[2026-09-08 04:18:01.994] [warning] [sirius_physical_partition.cpp:375] slot_for_device: device_id 0 not found in active GPU list, falling back to slot 0
[2026-09-08 04:18:01.994] [warning] [sirius_physical_partition.cpp:375] slot_for_device: device_id 0 not found in active GPU list, falling back to slot 0
[2026-09-08 04:18:01.994] [warning] [sirius_physical_partition.cpp:375] slot_for_device: device_id 0 not found in active GPU list, falling back to slot 0
[2026-09-08 04:18:01.994] [warning] [sirius_physical_partition.cpp:375] slot_for_device: device_id 0 not found in active GPU list, falling back to slot 0
[2026-09-08 04:18:01.994] [warning] [sirius_physical_partition.cpp:375] slot_for_device: device_id 0 not found in active GPU list, falling back to slot 0
[2026-09-08 04:18:01.994] [warning] [sirius_physical_partition.cpp:375] slot_for_device: device_id 0 not found in active GPU list, falling back to slot 0
[2026-09-08 04:18:01.994] [warning] [sirius_physical_partition.cpp:375] slot_for_device: device_id 0 not found in active GPU list, falling back to slot 0
[2026-09-08 04:18:02.001] [warning] [sirius_physical_partition.cpp:375] slot_for_device: device_id 0 not found in active GPU list, falling back to slot 0
[2026-09-08 04:18:02.001] [warning] [sirius_physical_partition.cpp:375] slot_for_device: device_id 0 not found in active GPU list, falling back to slot 0
[2026-09-08 04:18:02.001] [warning] [sirius_physical_partition.cpp:375] slot_for_device: device_id 0 not found in active GPU list, falling back to slot 0
[2026-09-08 04:18:02.001] [warning] [sirius_physical_partition.cpp:375] slot_for_device: device_id 0 not found in active GPU list, falling back to slot 0
[2026-09-08 04:18:02.001] [warning] [sirius_physical_partition.cpp:375] slot_for_device: device_id 0 not found in active GPU list, falling back to slot 0
[2026-09-08 04:18:02.002] [warning] [sirius_physical_partition.cpp:375] slot_for_device: device_id 0 not found in active GPU list, falling back to slot 0
[2026-09-08 04:18:02.002] [warning] [sirius_physical_partition.cpp:375] slot_for_device: device_id 0 not found in active GPU list, falling back to slot 0
[2026-09-08 04:18:02.045] [info] [dynamic_filter_publisher.cpp:297] [sirius_physical_hash_join] Pushed 1 dynamic filter(s) across 1 active target(s) of 1 wired target(s) (145884740 build rows, 1 bound keys of 1 admitted).
[2026-09-08 04:18:02.102] [warning] [sirius_physical_partition.cpp:375] slot_for_device: device_id 0 not found in active GPU list, falling back to slot 0
[2026-09-08 04:18:02.122] [info] [gpu_pipeline_executor.cpp:129] GPU Pipeline Executor: task queue interrupted, stopping manager loop
[2026-09-08 04:18:02.122] [info] [sirius_context.cpp:405] QueryEnd
[2026-09-08 04:18:02.123] [info] [memory_prefetcher.cpp:72] [memory_prefetcher] stopping: prefetched 0 batches / 0 bytes (stops: headroom=0 reservation=0, skips: lock=0 draining=730, errors=0)
[2026-09-08 04:18:02.123] [info] [sirius_context.cpp:256] [host_pool] HOST:0 QueryEnd instance=0xe37f85960830 connection=1 window=42 query=101 allocated=17515413504 bytes peak=17582522368 bytes free_blocks=2875
[2026-09-08 04:18:02.123] [info] [sirius_context.cpp:271] [gpu_pool] GPU:0 QueryEnd instance=0xe37f85960830 connection=1 window=42 query=101 allocated=75104593408 bytes peak=208031439706 bytes reserved=0 bytes
[2026-09-08 04:18:02.123] [info] [sirius_context.cpp:521] [window] end instance=0xe37f85960830 connection=1 window=42 query=101 outcome=ok
[2026-09-08 04:18:02.123] [info] [physical_sirius_execution.cpp:327] Transparent GPU execution: query completed
[2026-09-08 04:18:02.124] [info] [sirius_context.cpp:329] QueryBegin: instance=0xe37f85960830 connection=1 query=102 SQL: CALL sirius_set_query_label('q7_iter1')
[2026-09-08 04:18:02.125] [info] [sirius_context.cpp:329] QueryBegin: instance=0xe37f85960830 connection=1 query=103 SQL: SET gpu_execution = true;
[2026-09-08 04:18:02.125] [info] [sirius_context.cpp:329] QueryBegin: instance=0xe37f85960830 connection=1 query=104 SQL: select supp_nation, cust_nation, l_year, sum(volume) as revenue from ( select n1.n_name as supp_nation, n2.n_name as cust_nation, extract(year from l.l_shipdate) as l_year, l.l_extendedprice * (1 - l.l_discount) as volume from supplier s, lineitem l, orders o, customer c, nation n1, nation n2 where s.s_suppkey = l.l_suppkey and o.o_orderkey = l.l_orderkey and c.c_custkey = o.o_custkey and s.s_nationkey = n1.n_nationkey and c.c_nationkey = n2.n_nationkey and ( (n1.n_name = 'EGYPT' and n2.n_name = 'UNITED STATES') or (n1.n_name = 'UNITED STATES' and n2.n_name = 'EGYPT') ) and l.l_shipdate between date '1995-01-01' and date '1996-12-31' ) as shipping group by supp_nation, cust_nation, l_year order by supp_nation, cust_nation, l_year
[2026-09-08 04:18:02.142] [info] [sirius_plan_comparison_join.cpp:646] [sirius_plan_comparison_join] Wired hash join with 1 dynamic-filter probe target(s) (1 scan-bound, 0 join-edge; evidence=filtered; build est 25 rows).
[2026-09-08 04:18:02.142] [info] [sirius_plan_comparison_join.cpp:646] [sirius_plan_comparison_join] Wired hash join with 1 dynamic-filter probe target(s) (1 scan-bound, 0 join-edge; evidence=filtered; build est 10000000 rows).
[2026-09-08 04:18:02.142] [info] [sirius_plan_comparison_join.cpp:646] [sirius_plan_comparison_join] Wired hash join with 1 dynamic-filter probe target(s) (1 scan-bound, 0 join-edge; evidence=filtered; build est 6039797760 rows).
[2026-09-08 04:18:02.142] [info] [sirius_plan_comparison_join.cpp:646] [sirius_plan_comparison_join] Wired hash join with 1 dynamic-filter probe target(s) (1 scan-bound, 0 join-edge; evidence=filtered; build est 25 rows).
[2026-09-08 04:18:02.142] [info] [sirius_plan_comparison_join.cpp:646] [sirius_plan_comparison_join] Wired hash join with 1 dynamic-filter probe target(s) (1 scan-bound, 0 join-edge; evidence=filtered; build est 149999850 rows).
[2026-09-08 04:18:02.143] [info] [sirius_context.cpp:1467] Transparent execution: Sirius physical plan generated successfully
[2026-09-08 04:18:02.143] [info] [sirius_context.cpp:1495] Transparent execution: physical plan replaced with GPU operator
[2026-09-08 04:18:02.143] [info] [physical_sirius_execution.cpp:157] Transparent GPU execution: executing query
[2026-09-08 04:18:02.143] [info] [sirius_context.cpp:521] [window] begin instance=0xe37f85960830 connection=1 window=43 query=104 outcome=-
[2026-09-08 04:18:02.143] [info] [sirius_context.cpp:256] [host_pool] HOST:0 QueryBegin instance=0xe37f85960830 connection=1 window=43 query=104 allocated=17515413504 bytes peak=17582522368 bytes free_blocks=2875
[2026-09-08 04:18:02.143] [info] [sirius_context.cpp:271] [gpu_pool] GPU:0 QueryBegin instance=0xe37f85960830 connection=1 window=43 query=104 allocated=75104593408 bytes peak=208031439706 bytes reserved=0 bytes
[2026-09-08 04:18:02.143] [info] [sirius_context.cpp:389] QueryBegin: transparent_execution
[2026-09-08 04:18:02.148] [info] [sirius_plan_comparison_join.cpp:646] [sirius_plan_comparison_join] Wired hash join with 1 dynamic-filter probe target(s) (1 scan-bound, 0 join-edge; evidence=filtered; build est 25 rows).
[2026-09-08 04:18:02.148] [info] [sirius_plan_comparison_join.cpp:646] [sirius_plan_comparison_join] Wired hash join with 1 dynamic-filter probe target(s) (1 scan-bound, 0 join-edge; evidence=filtered; build est 10000000 rows).
[2026-09-08 04:18:02.148] [info] [sirius_plan_comparison_join.cpp:646] [sirius_plan_comparison_join] Wired hash join with 1 dynamic-filter probe target(s) (1 scan-bound, 0 join-edge; evidence=filtered; build est 6039797760 rows).
[2026-09-08 04:18:02.148] [info] [sirius_plan_comparison_join.cpp:646] [sirius_plan_comparison_join] Wired hash join with 1 dynamic-filter probe target(s) (1 scan-bound, 0 join-edge; evidence=filtered; build est 25 rows).
[2026-09-08 04:18:02.148] [info] [sirius_plan_comparison_join.cpp:646] [sirius_plan_comparison_join] Wired hash join with 1 dynamic-filter probe target(s) (1 scan-bound, 0 join-edge; evidence=filtered; build est 149999850 rows).
[2026-09-08 04:18:02.149] [info] [sirius_engine.cpp:265] [gpu_alloc] query allocated 1 GPU(s): [0]
[2026-09-08 04:18:02.149] [info] [sirius_engine.cpp:318] Query Plan:
=== Pipeline Overview ===
Pipeline #0: GPU_SCAN (id=0) -> FILTER (id=1)
  Output: -> PARTITION [port: default, barrier: FULL]
Pipeline #1: PARTITION (id=2)
  Input: <- Pipeline #0 [on: PARTITION (id=2), port: default, barrier: FULL]
  Dependencies: Pipeline #0
  Output: -> CONCAT [port: default, barrier: PARTIAL]
Pipeline #2: CONCAT (id=3)
  Input: <- Pipeline #1 [on: CONCAT (id=3), port: default, barrier: PARTIAL]
  Dependencies: Pipeline #1
  Output: -> HASH_JOIN [port: build, barrier: PARTIAL]
Pipeline #3: GPU_SCAN (id=4) -> DYNAMIC_FILTER (id=5)
  Output: -> PARTITION [port: default, barrier: PARTIAL]
Pipeline #4: PARTITION (id=6)
  Input: <- Pipeline #3 [on: PARTITION (id=6), port: default, barrier: PARTIAL]
  Dependencies: Pipeline #3
  Output: -> CONCAT [port: default, barrier: PARTIAL]
Pipeline #5: CONCAT (id=7)
  Input: <- Pipeline #4 [on: CONCAT (id=7), port: default, barrier: PARTIAL]
  Dependencies: Pipeline #4
  Output: -> HASH_JOIN [port: default, barrier: PARTIAL]
Pipeline #6: HASH_JOIN (id=8)
  Input: <- Pipeline #2 [on: HASH_JOIN (id=8), port: build, barrier: PARTIAL]
  Input: <- Pipeline #5 [on: HASH_JOIN (id=8), port: default, barrier: PARTIAL]
  Dependencies: Pipeline #2, Pipeline #5
  Output: -> PARTITION [port: default, barrier: FULL]
Pipeline #7: PARTITION (id=9)
  Input: <- Pipeline #6 [on: PARTITION (id=9), port: default, barrier: FULL]
  Dependencies: Pipeline #6
  Output: -> CONCAT [port: default, barrier: PARTIAL]
Pipeline #8: CONCAT (id=10)
  Input: <- Pipeline #7 [on: CONCAT (id=10), port: default, barrier: PARTIAL]
  Dependencies: Pipeline #7
  Output: -> HASH_JOIN [port: build, barrier: PARTIAL]
Pipeline #9: GPU_SCAN (id=11) -> FILTER (id=12)
  Output: -> PARTITION [port: default, barrier: FULL]
Pipeline #10: PARTITION (id=13)
  Input: <- Pipeline #9 [on: PARTITION (id=13), port: default, barrier: FULL]
  Dependencies: Pipeline #9
  Output: -> CONCAT [port: default, barrier: PARTIAL]
Pipeline #11: CONCAT (id=14)
  Input: <- Pipeline #10 [on: CONCAT (id=14), port: default, barrier: PARTIAL]
  Dependencies: Pipeline #10
  Output: -> HASH_JOIN [port: build, barrier: PARTIAL]
Pipeline #12: GPU_SCAN (id=15) -> DYNAMIC_FILTER (id=16)
  Output: -> PARTITION [port: default, barrier: PARTIAL]
Pipeline #13: PARTITION (id=17)
  Input: <- Pipeline #12 [on: PARTITION (id=17), port: default, barrier: PARTIAL]
  Dependencies: Pipeline #12
  Output: -> CONCAT [port: default, barrier: PARTIAL]
Pipeline #14: CONCAT (id=18)
  Input: <- Pipeline #13 [on: CONCAT (id=18), port: default, barrier: PARTIAL]
  Dependencies: Pipeline #13
  Output: -> HASH_JOIN [port: default, barrier: PARTIAL]
Pipeline #15: HASH_JOIN (id=19)
  Input: <- Pipeline #11 [on: HASH_JOIN (id=19), port: build, barrier: PARTIAL]
  Input: <- Pipeline #14 [on: HASH_JOIN (id=19), port: default, barrier: PARTIAL]
  Dependencies: Pipeline #11, Pipeline #14
  Output: -> PARTITION [port: default, barrier: FULL]
Pipeline #16: PARTITION (id=20)
  Input: <- Pipeline #15 [on: PARTITION (id=20), port: default, barrier: FULL]
  Dependencies: Pipeline #15
  Output: -> CONCAT [port: default, barrier: PARTIAL]
Pipeline #17: CONCAT (id=21)
  Input: <- Pipeline #16 [on: CONCAT (id=21), port: default, barrier: PARTIAL]
  Dependencies: Pipeline #16
  Output: -> HASH_JOIN [port: build, barrier: PARTIAL]
Pipeline #18: GPU_SCAN (id=22) -> DYNAMIC_FILTER (id=23)
  Output: -> PARTITION [port: default, barrier: PARTIAL]
Pipeline #19: PARTITION (id=24)
  Input: <- Pipeline #18 [on: PARTITION (id=24), port: default, barrier: PARTIAL]
  Dependencies: Pipeline #18
  Output: -> CONCAT [port: default, barrier: PARTIAL]
Pipeline #20: CONCAT (id=25)
  Input: <- Pipeline #19 [on: CONCAT (id=25), port: default, barrier: PARTIAL]
  Dependencies: Pipeline #19
  Output: -> HASH_JOIN [port: default, barrier: PARTIAL]
Pipeline #21: HASH_JOIN (id=26)
  Input: <- Pipeline #17 [on: HASH_JOIN (id=26), port: build, barrier: PARTIAL]
  Input: <- Pipeline #20 [on: HASH_JOIN (id=26), port: default, barrier: PARTIAL]
  Dependencies: Pipeline #17, Pipeline #20
  Output: -> PARTITION [port: default, barrier: FULL]
Pipeline #22: PARTITION (id=27)
  Input: <- Pipeline #21 [on: PARTITION (id=27), port: default, barrier: FULL]
  Dependencies: Pipeline #21
  Output: -> CONCAT [port: default, barrier: PARTIAL]
Pipeline #23: CONCAT (id=28)
  Input: <- Pipeline #22 [on: CONCAT (id=28), port: default, barrier: PARTIAL]
  Dependencies: Pipeline #22
  Output: -> HASH_JOIN [port: build, barrier: PARTIAL]
Pipeline #24: GPU_SCAN (id=29) -> DYNAMIC_FILTER (id=30)
  Output: -> PARTITION [port: default, barrier: PARTIAL]
Pipeline #25: PARTITION (id=31)
  Input: <- Pipeline #24 [on: PARTITION (id=31), port: default, barrier: PARTIAL]
  Dependencies: Pipeline #24
  Output: -> CONCAT [port: default, barrier: PARTIAL]
Pipeline #26: CONCAT (id=32)
  Input: <- Pipeline #25 [on: CONCAT (id=32), port: default, barrier: PARTIAL]
  Dependencies: Pipeline #25
  Output: -> HASH_JOIN [port: default, barrier: PARTIAL]
Pipeline #27: HASH_JOIN (id=33)
  Input: <- Pipeline #23 [on: HASH_JOIN (id=33), port: build, barrier: PARTIAL]
  Input: <- Pipeline #26 [on: HASH_JOIN (id=33), port: default, barrier: PARTIAL]
  Dependencies: Pipeline #23, Pipeline #26
  Output: -> PARTITION [port: default, barrier: PARTIAL]
Pipeline #28: PARTITION (id=34)
  Input: <- Pipeline #27 [on: PARTITION (id=34), port: default, barrier: PARTIAL]
  Dependencies: Pipeline #27
  Output: -> CONCAT [port: default, barrier: PARTIAL]
Pipeline #29: CONCAT (id=35)
  Input: <- Pipeline #28 [on: CONCAT (id=35), port: default, barrier: PARTIAL]
  Dependencies: Pipeline #28
  Output: -> HASH_JOIN [port: default, barrier: PARTIAL]
Pipeline #30: HASH_JOIN (id=36) -> FILTER (id=37) -> PROJECTION (id=38) -> HASH_GROUP_BY (id=39)
  Input: <- Pipeline #8 [on: HASH_JOIN (id=36), port: build, barrier: PARTIAL]
  Input: <- Pipeline #29 [on: HASH_JOIN (id=36), port: default, barrier: PARTIAL]
  Dependencies: Pipeline #8, Pipeline #29
  Output: -> PARTITION [port: default, barrier: FULL]
Pipeline #31: PARTITION (id=40)
  Input: <- Pipeline #30 [on: PARTITION (id=40), port: default, barrier: FULL]
  Dependencies: Pipeline #30
  Output: -> MERGE_GROUP_BY [port: default, barrier: FULL]
Pipeline #32: MERGE_GROUP_BY (id=41) -> ORDER_BY (id=42)
  Input: <- Pipeline #31 [on: MERGE_GROUP_BY (id=41), port: default, barrier: FULL]
  Dependencies: Pipeline #31
  Output: -> SORT_SAMPLE [port: default, barrier: PIPELINE]
Pipeline #33: SORT_SAMPLE (id=43) -> SORT_PARTITION (id=44)
  Input: <- Pipeline #32 [on: SORT_SAMPLE (id=43), port: default, barrier: PIPELINE]
  Dependencies: Pipeline #32
  Output: -> MERGE_SORT [port: default, barrier: FULL]
Pipeline #34: MERGE_SORT (id=45)
  Input: <- Pipeline #33 [on: MERGE_SORT (id=45), port: default, barrier: FULL]
  Dependencies: Pipeline #33
  Output: -> RESULT_COLLECTOR [port: default, barrier: FULL]
Pipeline #35: RESULT_COLLECTOR (id=46)
  Input: <- Pipeline #34 [on: RESULT_COLLECTOR (id=46), port: default, barrier: FULL]
  Dependencies: Pipeline #34

=== Query Plan DAG ===
┌──────────────────────────┐                                                                                                                                            
│ Pipeline #35             │                                                                                                                                            
│ RESULT_COLLECTOR (id=46) │                                                                                                                                            
│ Input(#34): FULL         │                                                                                                                                            
└────────────┬─────────────┘                                                                                                                                            
             │                                                                                                                                                          
┌──────────────────────────┐                                                                                                                                            
│ Pipeline #34             │                                                                                                                                            
│ MERGE_SORT (id=45)       │                                                                                                                                            
│ Input(#33): FULL         │                                                                                                                                            
└────────────┬─────────────┘                                                                                                                                            
             │                                                                                                                                                          
┌──────────────────────────┐                                                                                                                                            
│ Pipeline #33             │                                                                                                                                            
│ SORT_PARTITION (id=44)   │                                                                                                                                            
│ SORT_SAMPLE (id=43)      │                                                                                                                                            
│ Input(#32): PIPELINE     │                                                                                                                                            
└────────────┬─────────────┘                                                                                                                                            
             │                                                                                                                                                          
┌──────────────────────────┐                                                                                                                                            
│ Pipeline #32             │                                                                                                                                            
│ ORDER_BY (id=42)         │                                                                                                                                            
│ MERGE_GROUP_BY (id=41)   │                                                                                                                                            
│ Input(#31): FULL         │                                                                                                                                            
└────────────┬─────────────┘                                                                                                                                            
             │                                                                                                                                                          
┌──────────────────────────┐                                                                                                                                            
│ Pipeline #31             │                                                                                                                                            
│ PARTITION (id=40)        │                                                                                                                                            
│ Input(#30): FULL         │                                                                                                                                            
└────────────┬─────────────┘                                                                                                                                            
             │                                                                                                                                                          
┌──────────────────────────┐                                                                                                                                            
│ Pipeline #30             │                                                                                                                                            
│ HASH_GROUP_BY (id=39)    │                                                                                                                                            
│ PROJECTION (id=38)       │                                                                                                                                            
│ FILTER (id=37)           │                                                                                                                                            
│ HASH_JOIN (id=36)        │                                                                                                                                            
│   type: INNER            │                                                                                                                                            
│ Input(#8): PARTIAL       │                                                                                                                                            
│ Input(#29): PARTIAL      │                                                                                                                                            
└────────────┬─────────────┘                                                                                                                                            
             ┌───────────────────────────────────────────────────────┐                                                                                                  
             │                                                       │                                                                                                  
┌──────────────────────────┐                            ┌──────────────────────────┐                                                                                    
│ Pipeline #8              │                            │ Pipeline #29             │                                                                                    
│ CONCAT (id=10)           │                            │ CONCAT (id=35)           │                                                                                    
│ Input(#7): PARTIAL       │                            │ Input(#28): PARTIAL      │                                                                                    
└────────────┬─────────────┘                            └────────────┬─────────────┘                                                                                    
             │                                                       │                                                                                                  
┌──────────────────────────┐                            ┌──────────────────────────┐                                                                                    
│ Pipeline #7              │                            │ Pipeline #28             │                                                                                    
│ PARTITION (id=9)         │                            │ PARTITION (id=34)        │                                                                                    
│ Input(#6): FULL          │                            │ Input(#27): PARTIAL      │                                                                                    
└────────────┬─────────────┘                            └────────────┬─────────────┘                                                                                    
             │                                                       │                                                                                                  
┌──────────────────────────┐                            ┌──────────────────────────┐                                                                                    
│ Pipeline #6              │                            │ Pipeline #27             │                                                                                    
│ HASH_JOIN (id=8)         │                            │ HASH_JOIN (id=33)        │                                                                                    
│   type: INNER            │                            │   type: INNER            │                                                                                    
│ Input(#2): PARTIAL       │                            │ Input(#23): PARTIAL      │                                                                                    
│ Input(#5): PARTIAL       │                            │ Input(#26): PARTIAL      │                                                                                    
└────────────┬─────────────┘                            └────────────┬─────────────┘                                                                                    
             ┌───────────────────────────┐                           ┌───────────────────────────────────────────────────────────────────────────────────┐              
             │                           │                           │                                                                                   │              
┌──────────────────────────┐┌──────────────────────────┐┌──────────────────────────┐                                                        ┌──────────────────────────┐
│ Pipeline #2              ││ Pipeline #5              ││ Pipeline #23             │                                                        │ Pipeline #26             │
│ CONCAT (id=3)            ││ CONCAT (id=7)            ││ CONCAT (id=28)           │                                                        │ CONCAT (id=32)           │
│ Input(#1): PARTIAL       ││ Input(#4): PARTIAL       ││ Input(#22): PARTIAL      │                                                        │ Input(#25): PARTIAL      │
└────────────┬─────────────┘└────────────┬─────────────┘└────────────┬─────────────┘                                                        └────────────┬─────────────┘
             │                           │                           │                                                                                   │              
┌──────────────────────────┐┌──────────────────────────┐┌──────────────────────────┐                                                        ┌──────────────────────────┐
│ Pipeline #1              ││ Pipeline #4              ││ Pipeline #22             │                                                        │ Pipeline #25             │
│ PARTITION (id=2)         ││ PARTITION (id=6)         ││ PARTITION (id=27)        │                                                        │ PARTITION (id=31)        │
│ Input(#0): FULL          ││ Input(#3): PARTIAL       ││ Input(#21): FULL         │                                                        │ Input(#24): PARTIAL      │
└────────────┬─────────────┘└────────────┬─────────────┘└────────────┬─────────────┘                                                        └────────────┬─────────────┘
             │                           │                           │                                                                                   │              
┌──────────────────────────┐┌──────────────────────────┐┌──────────────────────────┐                                                        ┌──────────────────────────┐
│ Pipeline #0              ││ Pipeline #3              ││ Pipeline #21             │                                                        │ Pipeline #24             │
│ FILTER (id=1)            ││ DYNAMIC_FILTER (id=5)    ││ HASH_JOIN (id=26)        │                                                        │ DYNAMIC_FILTER (id=30)   │
│ GPU_SCAN (id=0)          ││ GPU_SCAN (id=4)          ││   type: INNER            │                                                        │ GPU_SCAN (id=29)         │
│                          ││                          ││ Input(#17): PARTIAL      │                                                        │                          │
│                          ││                          ││ Input(#20): PARTIAL      │                                                        │                          │
└──────────────────────────┘└──────────────────────────┘└────────────┬─────────────┘                                                        └──────────────────────────┘
                                                                     ┌───────────────────────────────────────────────────────┐                                          
                                                                     │                                                       │                                          
                                                        ┌──────────────────────────┐                            ┌──────────────────────────┐                            
                                                        │ Pipeline #17             │                            │ Pipeline #20             │                            
                                                        │ CONCAT (id=21)           │                            │ CONCAT (id=25)           │                            
                                                        │ Input(#16): PARTIAL      │                            │ Input(#19): PARTIAL      │                            
                                                        └────────────┬─────────────┘                            └────────────┬─────────────┘                            
                                                                     │                                                       │                                          
                                                        ┌──────────────────────────┐                            ┌──────────────────────────┐                            
                                                        │ Pipeline #16             │                            │ Pipeline #19             │                            
                                                        │ PARTITION (id=20)        │                            │ PARTITION (id=24)        │                            
                                                        │ Input(#15): FULL         │                            │ Input(#18): PARTIAL      │                            
                                                        └────────────┬─────────────┘                            └────────────┬─────────────┘                            
                                                                     │                                                       │                                          
                                                        ┌──────────────────────────┐                            ┌──────────────────────────┐                            
                                                        │ Pipeline #15             │                            │ Pipeline #18             │                            
                                                        │ HASH_JOIN (id=19)        │                            │ DYNAMIC_FILTER (id=23)   │                            
                                                        │   type: INNER            │                            │ GPU_SCAN (id=22)         │                            
                                                        │ Input(#11): PARTIAL      │                            │                          │                            
                                                        │ Input(#14): PARTIAL      │                            │                          │                            
                                                        └────────────┬─────────────┘                            └──────────────────────────┘                            
                                                                     ┌───────────────────────────┐                                                                      
                                                                     │                           │                                                                      
                                                        ┌──────────────────────────┐┌──────────────────────────┐                                                        
                                                        │ Pipeline #11             ││ Pipeline #14             │                                                        
                                                        │ CONCAT (id=14)           ││ CONCAT (id=18)           │                                                        
                                                        │ Input(#10): PARTIAL      ││ Input(#13): PARTIAL      │                                                        
                                                        └────────────┬─────────────┘└────────────┬─────────────┘                                                        
                                                                     │                           │                                                                      
                                                        ┌──────────────────────────┐┌──────────────────────────┐                                                        
                                                        │ Pipeline #10             ││ Pipeline #13             │                                                        
                                                        │ PARTITION (id=13)        ││ PARTITION (id=17)        │                                                        
                                                        │ Input(#9): FULL          ││ Input(#12): PARTIAL      │                                                        
                                                        └────────────┬─────────────┘└────────────┬─────────────┘                                                        
                                                                     │                           │                                                                      
                                                        ┌──────────────────────────┐┌──────────────────────────┐                                                        
                                                        │ Pipeline #9              ││ Pipeline #12             │                                                        
                                                        │ FILTER (id=12)           ││ DYNAMIC_FILTER (id=16)   │                                                        
                                                        │ GPU_SCAN (id=11)         ││ GPU_SCAN (id=15)         │                                                        
                                                        └──────────────────────────┘└──────────────────────────┘                                                        

[2026-09-08 04:18:02.149] [info] [sirius_engine.cpp:186] query 43 telemetry_query=01a080bd42a572a3a8d4ce4f92e122a8
[2026-09-08 04:18:02.149] [info] [sirius_scan_manager.cpp:2999] [sirius_scan_manager] assigned pinned entry 'nation' to operator '0'
[2026-09-08 04:18:02.149] [info] [sirius_scan_manager.cpp:2999] [sirius_scan_manager] assigned pinned entry 'customer' to operator '4'
[2026-09-08 04:18:02.149] [info] [sirius_scan_manager.cpp:2999] [sirius_scan_manager] assigned pinned entry 'nation' to operator '11'
[2026-09-08 04:18:02.149] [info] [sirius_scan_manager.cpp:2999] [sirius_scan_manager] assigned pinned entry 'supplier' to operator '15'
[2026-09-08 04:18:02.149] [info] [sirius_scan_manager.cpp:2999] [sirius_scan_manager] assigned pinned entry 'lineitem' to operator '22'
[2026-09-08 04:18:02.150] [info] [sirius_scan_manager.cpp:2999] [sirius_scan_manager] assigned pinned entry 'orders' to operator '29'
[2026-09-08 04:18:02.150] [info] [sirius_scan_manager.cpp:884] [late-mat] operator 0: slot0 — too few port crossings (16 B/row over 0 boundaries)
[2026-09-08 04:18:02.150] [info] [sirius_scan_manager.cpp:897] [late-mat] operator 0: 1 column(s) withheld — a partition hashes them
[2026-09-08 04:18:02.150] [info] [sirius_scan_manager.cpp:897] [late-mat] operator 4: 2 column(s) withheld — a partition hashes them
[2026-09-08 04:18:02.150] [info] [sirius_scan_manager.cpp:884] [late-mat] operator 11: slot0 — too few port crossings (16 B/row over 0 boundaries)
[2026-09-08 04:18:02.150] [info] [sirius_scan_manager.cpp:897] [late-mat] operator 11: 1 column(s) withheld — a partition hashes them
[2026-09-08 04:18:02.150] [info] [sirius_scan_manager.cpp:897] [late-mat] operator 15: 2 column(s) withheld — a partition hashes them
[2026-09-08 04:18:02.150] [info] [sirius_scan_manager.cpp:823] [late-mat] operator 22: not deferring — the scan restricts rows and its pin is compressed, so the surviving rows are decided inside the decode
[2026-09-08 04:18:02.150] [info] [sirius_scan_manager.cpp:897] [late-mat] operator 29: 2 column(s) withheld — a partition hashes them
[2026-09-08 04:18:02.150] [info] [memory_prefetcher.cpp:59] [memory_prefetcher] started: 3 threads, 6 connectors, min_free_fraction=0.40
[2026-09-08 04:18:02.152] [info] [dynamic_filter_publisher.cpp:297] [sirius_physical_hash_join] Pushed 1 dynamic filter(s) across 1 active target(s) of 1 wired target(s) (2 build rows, 1 bound keys of 1 admitted).
[2026-09-08 04:18:02.153] [warning] [sirius_physical_partition.cpp:375] slot_for_device: device_id 0 not found in active GPU list, falling back to slot 0
[2026-09-08 04:18:02.156] [info] [dynamic_filter_publisher.cpp:297] [sirius_physical_hash_join] Pushed 1 dynamic filter(s) across 1 active target(s) of 1 wired target(s) (12000338 build rows, 1 bound keys of 1 admitted).
[2026-09-08 04:18:02.158] [info] [dynamic_filter_publisher.cpp:297] [sirius_physical_hash_join] Pushed 1 dynamic filter(s) across 1 active target(s) of 1 wired target(s) (2 build rows, 1 bound keys of 1 admitted).
[2026-09-08 04:18:02.158] [warning] [sirius_physical_partition.cpp:375] slot_for_device: device_id 0 not found in active GPU list, falling back to slot 0
[2026-09-08 04:18:02.159] [info] [dynamic_filter_publisher.cpp:297] [sirius_physical_hash_join] Pushed 1 dynamic filter(s) across 1 active target(s) of 1 wired target(s) (800280 build rows, 1 bound keys of 1 admitted).
[2026-09-08 04:18:02.247] [warning] [sirius_physical_partition.cpp:375] slot_for_device: device_id 0 not found in active GPU list, falling back to slot 0
[2026-09-08 04:18:02.247] [warning] [sirius_physical_partition.cpp:375] slot_for_device: device_id 0 not found in active GPU list, falling back to slot 0
[2026-09-08 04:18:02.247] [warning] [sirius_physical_partition.cpp:375] slot_for_device: device_id 0 not found in active GPU list, falling back to slot 0
[2026-09-08 04:18:02.248] [warning] [sirius_physical_partition.cpp:375] slot_for_device: device_id 0 not found in active GPU list, falling back to slot 0
[2026-09-08 04:18:02.248] [warning] [sirius_physical_partition.cpp:375] slot_for_device: device_id 0 not found in active GPU list, falling back to slot 0
[2026-09-08 04:18:02.248] [warning] [sirius_physical_partition.cpp:375] slot_for_device: device_id 0 not found in active GPU list, falling back to slot 0
[2026-09-08 04:18:02.248] [warning] [sirius_physical_partition.cpp:375] slot_for_device: device_id 0 not found in active GPU list, falling back to slot 0
[2026-09-08 04:18:02.248] [warning] [sirius_physical_partition.cpp:375] slot_for_device: device_id 0 not found in active GPU list, falling back to slot 0
[2026-09-08 04:18:02.248] [warning] [sirius_physical_partition.cpp:375] slot_for_device: device_id 0 not found in active GPU list, falling back to slot 0
[2026-09-08 04:18:02.248] [warning] [sirius_physical_partition.cpp:375] slot_for_device: device_id 0 not found in active GPU list, falling back to slot 0
[2026-09-08 04:18:02.248] [warning] [sirius_physical_partition.cpp:375] slot_for_device: device_id 0 not found in active GPU list, falling back to slot 0
[2026-09-08 04:18:02.248] [warning] [sirius_physical_partition.cpp:375] slot_for_device: device_id 0 not found in active GPU list, falling back to slot 0
[2026-09-08 04:18:02.248] [warning] [sirius_physical_partition.cpp:375] slot_for_device: device_id 0 not found in active GPU list, falling back to slot 0
[2026-09-08 04:18:02.248] [warning] [sirius_physical_partition.cpp:375] slot_for_device: device_id 0 not found in active GPU list, falling back to slot 0
[2026-09-08 04:18:02.248] [warning] [sirius_physical_partition.cpp:375] slot_for_device: device_id 0 not found in active GPU list, falling back to slot 0
[2026-09-08 04:18:02.248] [warning] [sirius_physical_partition.cpp:375] slot_for_device: device_id 0 not found in active GPU list, falling back to slot 0
[2026-09-08 04:18:02.248] [warning] [sirius_physical_partition.cpp:375] slot_for_device: device_id 0 not found in active GPU list, falling back to slot 0
[2026-09-08 04:18:02.248] [warning] [sirius_physical_partition.cpp:375] slot_for_device: device_id 0 not found in active GPU list, falling back to slot 0
[2026-09-08 04:18:02.248] [warning] [sirius_physical_partition.cpp:375] slot_for_device: device_id 0 not found in active GPU list, falling back to slot 0
[2026-09-08 04:18:02.248] [warning] [sirius_physical_partition.cpp:375] slot_for_device: device_id 0 not found in active GPU list, falling back to slot 0
[2026-09-08 04:18:02.253] [warning] [sirius_physical_partition.cpp:375] slot_for_device: device_id 0 not found in active GPU list, falling back to slot 0
[2026-09-08 04:18:02.253] [warning] [sirius_physical_partition.cpp:375] slot_for_device: device_id 0 not found in active GPU list, falling back to slot 0
[2026-09-08 04:18:02.254] [warning] [sirius_physical_partition.cpp:375] slot_for_device: device_id 0 not found in active GPU list, falling back to slot 0
[2026-09-08 04:18:02.254] [warning] [sirius_physical_partition.cpp:375] slot_for_device: device_id 0 not found in active GPU list, falling back to slot 0
[2026-09-08 04:18:02.254] [warning] [sirius_physical_partition.cpp:375] slot_for_device: device_id 0 not found in active GPU list, falling back to slot 0
[2026-09-08 04:18:02.297] [info] [dynamic_filter_publisher.cpp:297] [sirius_physical_hash_join] Pushed 1 dynamic filter(s) across 1 active target(s) of 1 wired target(s) (145884740 build rows, 1 bound keys of 1 admitted).
[2026-09-08 04:18:02.354] [warning] [sirius_physical_partition.cpp:375] slot_for_device: device_id 0 not found in active GPU list, falling back to slot 0
[2026-09-08 04:18:02.365] [info] [gpu_pipeline_executor.cpp:129] GPU Pipeline Executor: task queue interrupted, stopping manager loop
[2026-09-08 04:18:02.366] [info] [sirius_context.cpp:405] QueryEnd
[2026-09-08 04:18:02.366] [info] [memory_prefetcher.cpp:72] [memory_prefetcher] stopping: prefetched 0 batches / 0 bytes (stops: headroom=0 reservation=0, skips: lock=0 draining=700, errors=0)
[2026-09-08 04:18:02.366] [info] [sirius_context.cpp:256] [host_pool] HOST:0 QueryEnd instance=0xe37f85960830 connection=1 window=43 query=104 allocated=17515413504 bytes peak=17582522368 bytes free_blocks=2875
[2026-09-08 04:18:02.366] [info] [sirius_context.cpp:271] [gpu_pool] GPU:0 QueryEnd instance=0xe37f85960830 connection=1 window=43 query=104 allocated=75104593408 bytes peak=208031439706 bytes reserved=0 bytes
[2026-09-08 04:18:02.366] [info] [sirius_context.cpp:521] [window] end instance=0xe37f85960830 connection=1 window=43 query=104 outcome=ok
[2026-09-08 04:18:02.366] [info] [physical_sirius_execution.cpp:327] Transparent GPU execution: query completed
[2026-09-08 04:18:02.381] [info] [sirius_context.cpp:329] QueryBegin: instance=0xe37f85960830 connection=1 query=105 SQL: CALL sirius_set_query_label('q7_iter2')
[2026-09-08 04:18:02.382] [info] [sirius_context.cpp:329] QueryBegin: instance=0xe37f85960830 connection=1 query=106 SQL: SET gpu_execution = true;
[2026-09-08 04:18:02.382] [info] [sirius_context.cpp:329] QueryBegin: instance=0xe37f85960830 connection=1 query=107 SQL: select supp_nation, cust_nation, l_year, sum(volume) as revenue from ( select n1.n_name as supp_nation, n2.n_name as cust_nation, extract(year from l.l_shipdate) as l_year, l.l_extendedprice * (1 - l.l_discount) as volume from supplier s, lineitem l, orders o, customer c, nation n1, nation n2 where s.s_suppkey = l.l_suppkey and o.o_orderkey = l.l_orderkey and c.c_custkey = o.o_custkey and s.s_nationkey = n1.n_nationkey and c.c_nationkey = n2.n_nationkey and ( (n1.n_name = 'EGYPT' and n2.n_name = 'UNITED STATES') or (n1.n_name = 'UNITED STATES' and n2.n_name = 'EGYPT') ) and l.l_shipdate between date '1995-01-01' and date '1996-12-31' ) as shipping group by supp_nation, cust_nation, l_year order by supp_nation, cust_nation, l_year
[2026-09-08 04:18:02.398] [info] [sirius_plan_comparison_join.cpp:646] [sirius_plan_comparison_join] Wired hash join with 1 dynamic-filter probe target(s) (1 scan-bound, 0 join-edge; evidence=filtered; build est 25 rows).
[2026-09-08 04:18:02.398] [info] [sirius_plan_comparison_join.cpp:646] [sirius_plan_comparison_join] Wired hash join with 1 dynamic-filter probe target(s) (1 scan-bound, 0 join-edge; evidence=filtered; build est 10000000 rows).
[2026-09-08 04:18:02.398] [info] [sirius_plan_comparison_join.cpp:646] [sirius_plan_comparison_join] Wired hash join with 1 dynamic-filter probe target(s) (1 scan-bound, 0 join-edge; evidence=filtered; build est 6039797760 rows).
[2026-09-08 04:18:02.398] [info] [sirius_plan_comparison_join.cpp:646] [sirius_plan_comparison_join] Wired hash join with 1 dynamic-filter probe target(s) (1 scan-bound, 0 join-edge; evidence=filtered; build est 25 rows).
[2026-09-08 04:18:02.398] [info] [sirius_plan_comparison_join.cpp:646] [sirius_plan_comparison_join] Wired hash join with 1 dynamic-filter probe target(s) (1 scan-bound, 0 join-edge; evidence=filtered; build est 149999850 rows).
[2026-09-08 04:18:02.399] [info] [sirius_context.cpp:1467] Transparent execution: Sirius physical plan generated successfully
[2026-09-08 04:18:02.399] [info] [sirius_context.cpp:1495] Transparent execution: physical plan replaced with GPU operator
[2026-09-08 04:18:02.399] [info] [physical_sirius_execution.cpp:157] Transparent GPU execution: executing query
[2026-09-08 04:18:02.399] [info] [sirius_context.cpp:521] [window] begin instance=0xe37f85960830 connection=1 window=44 query=107 outcome=-
[2026-09-08 04:18:02.399] [info] [sirius_context.cpp:256] [host_pool] HOST:0 QueryBegin instance=0xe37f85960830 connection=1 window=44 query=107 allocated=17515413504 bytes peak=17582522368 bytes free_blocks=2875
[2026-09-08 04:18:02.399] [info] [sirius_context.cpp:271] [gpu_pool] GPU:0 QueryBegin instance=0xe37f85960830 connection=1 window=44 query=107 allocated=75104593408 bytes peak=208031439706 bytes reserved=0 bytes
[2026-09-08 04:18:02.399] [info] [sirius_context.cpp:389] QueryBegin: transparent_execution
[2026-09-08 04:18:02.404] [info] [sirius_plan_comparison_join.cpp:646] [sirius_plan_comparison_join] Wired hash join with 1 dynamic-filter probe target(s) (1 scan-bound, 0 join-edge; evidence=filtered; build est 25 rows).
[2026-09-08 04:18:02.404] [info] [sirius_plan_comparison_join.cpp:646] [sirius_plan_comparison_join] Wired hash join with 1 dynamic-filter probe target(s) (1 scan-bound, 0 join-edge; evidence=filtered; build est 10000000 rows).
[2026-09-08 04:18:02.404] [info] [sirius_plan_comparison_join.cpp:646] [sirius_plan_comparison_join] Wired hash join with 1 dynamic-filter probe target(s) (1 scan-bound, 0 join-edge; evidence=filtered; build est 6039797760 rows).
[2026-09-08 04:18:02.404] [info] [sirius_plan_comparison_join.cpp:646] [sirius_plan_comparison_join] Wired hash join with 1 dynamic-filter probe target(s) (1 scan-bound, 0 join-edge; evidence=filtered; build est 25 rows).
[2026-09-08 04:18:02.404] [info] [sirius_plan_comparison_join.cpp:646] [sirius_plan_comparison_join] Wired hash join with 1 dynamic-filter probe target(s) (1 scan-bound, 0 join-edge; evidence=filtered; build est 149999850 rows).
[2026-09-08 04:18:02.405] [info] [sirius_engine.cpp:265] [gpu_alloc] query allocated 1 GPU(s): [0]
[2026-09-08 04:18:02.405] [info] [sirius_engine.cpp:318] Query Plan:
=== Pipeline Overview ===
Pipeline #0: GPU_SCAN (id=0) -> FILTER (id=1)
  Output: -> PARTITION [port: default, barrier: FULL]
Pipeline #1: PARTITION (id=2)
  Input: <- Pipeline #0 [on: PARTITION (id=2), port: default, barrier: FULL]
  Dependencies: Pipeline #0
  Output: -> CONCAT [port: default, barrier: PARTIAL]
Pipeline #2: CONCAT (id=3)
  Input: <- Pipeline #1 [on: CONCAT (id=3), port: default, barrier: PARTIAL]
  Dependencies: Pipeline #1
  Output: -> HASH_JOIN [port: build, barrier: PARTIAL]
Pipeline #3: GPU_SCAN (id=4) -> DYNAMIC_FILTER (id=5)
  Output: -> PARTITION [port: default, barrier: PARTIAL]
Pipeline #4: PARTITION (id=6)
  Input: <- Pipeline #3 [on: PARTITION (id=6), port: default, barrier: PARTIAL]
  Dependencies: Pipeline #3
  Output: -> CONCAT [port: default, barrier: PARTIAL]
Pipeline #5: CONCAT (id=7)
  Input: <- Pipeline #4 [on: CONCAT (id=7), port: default, barrier: PARTIAL]
  Dependencies: Pipeline #4
  Output: -> HASH_JOIN [port: default, barrier: PARTIAL]
Pipeline #6: HASH_JOIN (id=8)
  Input: <- Pipeline #2 [on: HASH_JOIN (id=8), port: build, barrier: PARTIAL]
  Input: <- Pipeline #5 [on: HASH_JOIN (id=8), port: default, barrier: PARTIAL]
  Dependencies: Pipeline #2, Pipeline #5
  Output: -> PARTITION [port: default, barrier: FULL]
Pipeline #7: PARTITION (id=9)
  Input: <- Pipeline #6 [on: PARTITION (id=9), port: default, barrier: FULL]
  Dependencies: Pipeline #6
  Output: -> CONCAT [port: default, barrier: PARTIAL]
Pipeline #8: CONCAT (id=10)
  Input: <- Pipeline #7 [on: CONCAT (id=10), port: default, barrier: PARTIAL]
  Dependencies: Pipeline #7
  Output: -> HASH_JOIN [port: build, barrier: PARTIAL]
Pipeline #9: GPU_SCAN (id=11) -> FILTER (id=12)
  Output: -> PARTITION [port: default, barrier: FULL]
Pipeline #10: PARTITION (id=13)
  Input: <- Pipeline #9 [on: PARTITION (id=13), port: default, barrier: FULL]
  Dependencies: Pipeline #9
  Output: -> CONCAT [port: default, barrier: PARTIAL]
Pipeline #11: CONCAT (id=14)
  Input: <- Pipeline #10 [on: CONCAT (id=14), port: default, barrier: PARTIAL]
  Dependencies: Pipeline #10
  Output: -> HASH_JOIN [port: build, barrier: PARTIAL]
Pipeline #12: GPU_SCAN (id=15) -> DYNAMIC_FILTER (id=16)
  Output: -> PARTITION [port: default, barrier: PARTIAL]
Pipeline #13: PARTITION (id=17)
  Input: <- Pipeline #12 [on: PARTITION (id=17), port: default, barrier: PARTIAL]
  Dependencies: Pipeline #12
  Output: -> CONCAT [port: default, barrier: PARTIAL]
Pipeline #14: CONCAT (id=18)
  Input: <- Pipeline #13 [on: CONCAT (id=18), port: default, barrier: PARTIAL]
  Dependencies: Pipeline #13
  Output: -> HASH_JOIN [port: default, barrier: PARTIAL]
Pipeline #15: HASH_JOIN (id=19)
  Input: <- Pipeline #11 [on: HASH_JOIN (id=19), port: build, barrier: PARTIAL]
  Input: <- Pipeline #14 [on: HASH_JOIN (id=19), port: default, barrier: PARTIAL]
  Dependencies: Pipeline #11, Pipeline #14
  Output: -> PARTITION [port: default, barrier: FULL]
Pipeline #16: PARTITION (id=20)
  Input: <- Pipeline #15 [on: PARTITION (id=20), port: default, barrier: FULL]
  Dependencies: Pipeline #15
  Output: -> CONCAT [port: default, barrier: PARTIAL]
Pipeline #17: CONCAT (id=21)
  Input: <- Pipeline #16 [on: CONCAT (id=21), port: default, barrier: PARTIAL]
  Dependencies: Pipeline #16
  Output: -> HASH_JOIN [port: build, barrier: PARTIAL]
Pipeline #18: GPU_SCAN (id=22) -> DYNAMIC_FILTER (id=23)
  Output: -> PARTITION [port: default, barrier: PARTIAL]
Pipeline #19: PARTITION (id=24)
  Input: <- Pipeline #18 [on: PARTITION (id=24), port: default, barrier: PARTIAL]
  Dependencies: Pipeline #18
  Output: -> CONCAT [port: default, barrier: PARTIAL]
Pipeline #20: CONCAT (id=25)
  Input: <- Pipeline #19 [on: CONCAT (id=25), port: default, barrier: PARTIAL]
  Dependencies: Pipeline #19
  Output: -> HASH_JOIN [port: default, barrier: PARTIAL]
Pipeline #21: HASH_JOIN (id=26)
  Input: <- Pipeline #17 [on: HASH_JOIN (id=26), port: build, barrier: PARTIAL]
  Input: <- Pipeline #20 [on: HASH_JOIN (id=26), port: default, barrier: PARTIAL]
  Dependencies: Pipeline #17, Pipeline #20
  Output: -> PARTITION [port: default, barrier: FULL]
Pipeline #22: PARTITION (id=27)
  Input: <- Pipeline #21 [on: PARTITION (id=27), port: default, barrier: FULL]
  Dependencies: Pipeline #21
  Output: -> CONCAT [port: default, barrier: PARTIAL]
Pipeline #23: CONCAT (id=28)
  Input: <- Pipeline #22 [on: CONCAT (id=28), port: default, barrier: PARTIAL]
  Dependencies: Pipeline #22
  Output: -> HASH_JOIN [port: build, barrier: PARTIAL]
Pipeline #24: GPU_SCAN (id=29) -> DYNAMIC_FILTER (id=30)
  Output: -> PARTITION [port: default, barrier: PARTIAL]
Pipeline #25: PARTITION (id=31)
  Input: <- Pipeline #24 [on: PARTITION (id=31), port: default, barrier: PARTIAL]
  Dependencies: Pipeline #24
  Output: -> CONCAT [port: default, barrier: PARTIAL]
Pipeline #26: CONCAT (id=32)
  Input: <- Pipeline #25 [on: CONCAT (id=32), port: default, barrier: PARTIAL]
  Dependencies: Pipeline #25
  Output: -> HASH_JOIN [port: default, barrier: PARTIAL]
Pipeline #27: HASH_JOIN (id=33)
  Input: <- Pipeline #23 [on: HASH_JOIN (id=33), port: build, barrier: PARTIAL]
  Input: <- Pipeline #26 [on: HASH_JOIN (id=33), port: default, barrier: PARTIAL]
  Dependencies: Pipeline #23, Pipeline #26
  Output: -> PARTITION [port: default, barrier: PARTIAL]
Pipeline #28: PARTITION (id=34)
  Input: <- Pipeline #27 [on: PARTITION (id=34), port: default, barrier: PARTIAL]
  Dependencies: Pipeline #27
  Output: -> CONCAT [port: default, barrier: PARTIAL]
Pipeline #29: CONCAT (id=35)
  Input: <- Pipeline #28 [on: CONCAT (id=35), port: default, barrier: PARTIAL]
  Dependencies: Pipeline #28
  Output: -> HASH_JOIN [port: default, barrier: PARTIAL]
Pipeline #30: HASH_JOIN (id=36) -> FILTER (id=37) -> PROJECTION (id=38) -> HASH_GROUP_BY (id=39)
  Input: <- Pipeline #8 [on: HASH_JOIN (id=36), port: build, barrier: PARTIAL]
  Input: <- Pipeline #29 [on: HASH_JOIN (id=36), port: default, barrier: PARTIAL]
  Dependencies: Pipeline #8, Pipeline #29
  Output: -> PARTITION [port: default, barrier: FULL]
Pipeline #31: PARTITION (id=40)
  Input: <- Pipeline #30 [on: PARTITION (id=40), port: default, barrier: FULL]
  Dependencies: Pipeline #30
  Output: -> MERGE_GROUP_BY [port: default, barrier: FULL]
Pipeline #32: MERGE_GROUP_BY (id=41) -> ORDER_BY (id=42)
  Input: <- Pipeline #31 [on: MERGE_GROUP_BY (id=41), port: default, barrier: FULL]
  Dependencies: Pipeline #31
  Output: -> SORT_SAMPLE [port: default, barrier: PIPELINE]
Pipeline #33: SORT_SAMPLE (id=43) -> SORT_PARTITION (id=44)
  Input: <- Pipeline #32 [on: SORT_SAMPLE (id=43), port: default, barrier: PIPELINE]
  Dependencies: Pipeline #32
  Output: -> MERGE_SORT [port: default, barrier: FULL]
Pipeline #34: MERGE_SORT (id=45)
  Input: <- Pipeline #33 [on: MERGE_SORT (id=45), port: default, barrier: FULL]
  Dependencies: Pipeline #33
  Output: -> RESULT_COLLECTOR [port: default, barrier: FULL]
Pipeline #35: RESULT_COLLECTOR (id=46)
  Input: <- Pipeline #34 [on: RESULT_COLLECTOR (id=46), port: default, barrier: FULL]
  Dependencies: Pipeline #34

=== Query Plan DAG ===
┌──────────────────────────┐                                                                                                                                            
│ Pipeline #35             │                                                                                                                                            
│ RESULT_COLLECTOR (id=46) │                                                                                                                                            
│ Input(#34): FULL         │                                                                                                                                            
└────────────┬─────────────┘                                                                                                                                            
             │                                                                                                                                                          
┌──────────────────────────┐                                                                                                                                            
│ Pipeline #34             │                                                                                                                                            
│ MERGE_SORT (id=45)       │                                                                                                                                            
│ Input(#33): FULL         │                                                                                                                                            
└────────────┬─────────────┘                                                                                                                                            
             │                                                                                                                                                          
┌──────────────────────────┐                                                                                                                                            
│ Pipeline #33             │                                                                                                                                            
│ SORT_PARTITION (id=44)   │                                                                                                                                            
│ SORT_SAMPLE (id=43)      │                                                                                                                                            
│ Input(#32): PIPELINE     │                                                                                                                                            
└────────────┬─────────────┘                                                                                                                                            
             │                                                                                                                                                          
┌──────────────────────────┐                                                                                                                                            
│ Pipeline #32             │                                                                                                                                            
│ ORDER_BY (id=42)         │                                                                                                                                            
│ MERGE_GROUP_BY (id=41)   │                                                                                                                                            
│ Input(#31): FULL         │                                                                                                                                            
└────────────┬─────────────┘                                                                                                                                            
             │                                                                                                                                                          
┌──────────────────────────┐                                                                                                                                            
│ Pipeline #31             │                                                                                                                                            
│ PARTITION (id=40)        │                                                                                                                                            
│ Input(#30): FULL         │                                                                                                                                            
└────────────┬─────────────┘                                                                                                                                            
             │                                                                                                                                                          
┌──────────────────────────┐                                                                                                                                            
│ Pipeline #30             │                                                                                                                                            
│ HASH_GROUP_BY (id=39)    │                                                                                                                                            
│ PROJECTION (id=38)       │                                                                                                                                            
│ FILTER (id=37)           │                                                                                                                                            
│ HASH_JOIN (id=36)        │                                                                                                                                            
│   type: INNER            │                                                                                                                                            
│ Input(#8): PARTIAL       │                                                                                                                                            
│ Input(#29): PARTIAL      │                                                                                                                                            
└────────────┬─────────────┘                                                                                                                                            
             ┌───────────────────────────────────────────────────────┐                                                                                                  
             │                                                       │                                                                                                  
┌──────────────────────────┐                            ┌──────────────────────────┐                                                                                    
│ Pipeline #8              │                            │ Pipeline #29             │                                                                                    
│ CONCAT (id=10)           │                            │ CONCAT (id=35)           │                                                                                    
│ Input(#7): PARTIAL       │                            │ Input(#28): PARTIAL      │                                                                                    
└────────────┬─────────────┘                            └────────────┬─────────────┘                                                                                    
             │                                                       │                                                                                                  
┌──────────────────────────┐                            ┌──────────────────────────┐                                                                                    
│ Pipeline #7              │                            │ Pipeline #28             │                                                                                    
│ PARTITION (id=9)         │                            │ PARTITION (id=34)        │                                                                                    
│ Input(#6): FULL          │                            │ Input(#27): PARTIAL      │                                                                                    
└────────────┬─────────────┘                            └────────────┬─────────────┘                                                                                    
             │                                                       │                                                                                                  
┌──────────────────────────┐                            ┌──────────────────────────┐                                                                                    
│ Pipeline #6              │                            │ Pipeline #27             │                                                                                    
│ HASH_JOIN (id=8)         │                            │ HASH_JOIN (id=33)        │                                                                                    
│   type: INNER            │                            │   type: INNER            │                                                                                    
│ Input(#2): PARTIAL       │                            │ Input(#23): PARTIAL      │                                                                                    
│ Input(#5): PARTIAL       │                            │ Input(#26): PARTIAL      │                                                                                    
└────────────┬─────────────┘                            └────────────┬─────────────┘                                                                                    
             ┌───────────────────────────┐                           ┌───────────────────────────────────────────────────────────────────────────────────┐              
             │                           │                           │                                                                                   │              
┌──────────────────────────┐┌──────────────────────────┐┌──────────────────────────┐                                                        ┌──────────────────────────┐
│ Pipeline #2              ││ Pipeline #5              ││ Pipeline #23             │                                                        │ Pipeline #26             │
│ CONCAT (id=3)            ││ CONCAT (id=7)            ││ CONCAT (id=28)           │                                                        │ CONCAT (id=32)           │
│ Input(#1): PARTIAL       ││ Input(#4): PARTIAL       ││ Input(#22): PARTIAL      │                                                        │ Input(#25): PARTIAL      │
└────────────┬─────────────┘└────────────┬─────────────┘└────────────┬─────────────┘                                                        └────────────┬─────────────┘
             │                           │                           │                                                                                   │              
┌──────────────────────────┐┌──────────────────────────┐┌──────────────────────────┐                                                        ┌──────────────────────────┐
│ Pipeline #1              ││ Pipeline #4              ││ Pipeline #22             │                                                        │ Pipeline #25             │
│ PARTITION (id=2)         ││ PARTITION (id=6)         ││ PARTITION (id=27)        │                                                        │ PARTITION (id=31)        │
│ Input(#0): FULL          ││ Input(#3): PARTIAL       ││ Input(#21): FULL         │                                                        │ Input(#24): PARTIAL      │
└────────────┬─────────────┘└────────────┬─────────────┘└────────────┬─────────────┘                                                        └────────────┬─────────────┘
             │                           │                           │                                                                                   │              
┌──────────────────────────┐┌──────────────────────────┐┌──────────────────────────┐                                                        ┌──────────────────────────┐
│ Pipeline #0              ││ Pipeline #3              ││ Pipeline #21             │                                                        │ Pipeline #24             │
│ FILTER (id=1)            ││ DYNAMIC_FILTER (id=5)    ││ HASH_JOIN (id=26)        │                                                        │ DYNAMIC_FILTER (id=30)   │
│ GPU_SCAN (id=0)          ││ GPU_SCAN (id=4)          ││   type: INNER            │                                                        │ GPU_SCAN (id=29)         │
│                          ││                          ││ Input(#17): PARTIAL      │                                                        │                          │
│                          ││                          ││ Input(#20): PARTIAL      │                                                        │                          │
└──────────────────────────┘└──────────────────────────┘└────────────┬─────────────┘                                                        └──────────────────────────┘
                                                                     ┌───────────────────────────────────────────────────────┐                                          
                                                                     │                                                       │                                          
                                                        ┌──────────────────────────┐                            ┌──────────────────────────┐                            
                                                        │ Pipeline #17             │                            │ Pipeline #20             │                            
                                                        │ CONCAT (id=21)           │                            │ CONCAT (id=25)           │                            
                                                        │ Input(#16): PARTIAL      │                            │ Input(#19): PARTIAL      │                            
                                                        └────────────┬─────────────┘                            └────────────┬─────────────┘                            
                                                                     │                                                       │                                          
                                                        ┌──────────────────────────┐                            ┌──────────────────────────┐                            
                                                        │ Pipeline #16             │                            │ Pipeline #19             │                            
                                                        │ PARTITION (id=20)        │                            │ PARTITION (id=24)        │                            
                                                        │ Input(#15): FULL         │                            │ Input(#18): PARTIAL      │                            
                                                        └────────────┬─────────────┘                            └────────────┬─────────────┘                            
                                                                     │                                                       │                                          
                                                        ┌──────────────────────────┐                            ┌──────────────────────────┐                            
                                                        │ Pipeline #15             │                            │ Pipeline #18             │                            
                                                        │ HASH_JOIN (id=19)        │                            │ DYNAMIC_FILTER (id=23)   │                            
                                                        │   type: INNER            │                            │ GPU_SCAN (id=22)         │                            
                                                        │ Input(#11): PARTIAL      │                            │                          │                            
                                                        │ Input(#14): PARTIAL      │                            │                          │                            
                                                        └────────────┬─────────────┘                            └──────────────────────────┘                            
                                                                     ┌───────────────────────────┐                                                                      
                                                                     │                           │                                                                      
                                                        ┌──────────────────────────┐┌──────────────────────────┐                                                        
                                                        │ Pipeline #11             ││ Pipeline #14             │                                                        
                                                        │ CONCAT (id=14)           ││ CONCAT (id=18)           │                                                        
                                                        │ Input(#10): PARTIAL      ││ Input(#13): PARTIAL      │                                                        
                                                        └────────────┬─────────────┘└────────────┬─────────────┘                                                        
                                                                     │                           │                                                                      
                                                        ┌──────────────────────────┐┌──────────────────────────┐                                                        
                                                        │ Pipeline #10             ││ Pipeline #13             │                                                        
                                                        │ PARTITION (id=13)        ││ PARTITION (id=17)        │                                                        
                                                        │ Input(#9): FULL          ││ Input(#12): PARTIAL      │                                                        
                                                        └────────────┬─────────────┘└────────────┬─────────────┘                                                        
                                                                     │                           │                                                                      
                                                        ┌──────────────────────────┐┌──────────────────────────┐                                                        
                                                        │ Pipeline #9              ││ Pipeline #12             │                                                        
                                                        │ FILTER (id=12)           ││ DYNAMIC_FILTER (id=16)   │                                                        
                                                        │ GPU_SCAN (id=11)         ││ GPU_SCAN (id=15)         │                                                        
                                                        └──────────────────────────┘└──────────────────────────┘                                                        

[2026-09-08 04:18:02.405] [info] [sirius_engine.cpp:186] query 44 telemetry_query=01a080bd43a575729a1967d63c2113e2
[2026-09-08 04:18:02.405] [info] [sirius_scan_manager.cpp:2999] [sirius_scan_manager] assigned pinned entry 'nation' to operator '0'
[2026-09-08 04:18:02.405] [info] [sirius_scan_manager.cpp:2999] [sirius_scan_manager] assigned pinned entry 'customer' to operator '4'
[2026-09-08 04:18:02.405] [info] [sirius_scan_manager.cpp:2999] [sirius_scan_manager] assigned pinned entry 'nation' to operator '11'
[2026-09-08 04:18:02.405] [info] [sirius_scan_manager.cpp:2999] [sirius_scan_manager] assigned pinned entry 'supplier' to operator '15'
[2026-09-08 04:18:02.406] [info] [sirius_scan_manager.cpp:2999] [sirius_scan_manager] assigned pinned entry 'lineitem' to operator '22'
[2026-09-08 04:18:02.406] [info] [sirius_scan_manager.cpp:2999] [sirius_scan_manager] assigned pinned entry 'orders' to operator '29'
[2026-09-08 04:18:02.406] [info] [sirius_scan_manager.cpp:884] [late-mat] operator 0: slot0 — too few port crossings (16 B/row over 0 boundaries)
[2026-09-08 04:18:02.406] [info] [sirius_scan_manager.cpp:897] [late-mat] operator 0: 1 column(s) withheld — a partition hashes them
[2026-09-08 04:18:02.406] [info] [sirius_scan_manager.cpp:897] [late-mat] operator 4: 2 column(s) withheld — a partition hashes them
[2026-09-08 04:18:02.406] [info] [sirius_scan_manager.cpp:884] [late-mat] operator 11: slot0 — too few port crossings (16 B/row over 0 boundaries)
[2026-09-08 04:18:02.406] [info] [sirius_scan_manager.cpp:897] [late-mat] operator 11: 1 column(s) withheld — a partition hashes them
[2026-09-08 04:18:02.406] [info] [sirius_scan_manager.cpp:897] [late-mat] operator 15: 2 column(s) withheld — a partition hashes them
[2026-09-08 04:18:02.406] [info] [sirius_scan_manager.cpp:823] [late-mat] operator 22: not deferring — the scan restricts rows and its pin is compressed, so the surviving rows are decided inside the decode
[2026-09-08 04:18:02.406] [info] [sirius_scan_manager.cpp:897] [late-mat] operator 29: 2 column(s) withheld — a partition hashes them
[2026-09-08 04:18:02.406] [info] [memory_prefetcher.cpp:59] [memory_prefetcher] started: 3 threads, 6 connectors, min_free_fraction=0.40
[2026-09-08 04:18:02.408] [info] [dynamic_filter_publisher.cpp:297] [sirius_physical_hash_join] Pushed 1 dynamic filter(s) across 1 active target(s) of 1 wired target(s) (2 build rows, 1 bound keys of 1 admitted).
[2026-09-08 04:18:02.409] [warning] [sirius_physical_partition.cpp:375] slot_for_device: device_id 0 not found in active GPU list, falling back to slot 0
[2026-09-08 04:18:02.412] [info] [dynamic_filter_publisher.cpp:297] [sirius_physical_hash_join] Pushed 1 dynamic filter(s) across 1 active target(s) of 1 wired target(s) (12000338 build rows, 1 bound keys of 1 admitted).
[2026-09-08 04:18:02.414] [info] [dynamic_filter_publisher.cpp:297] [sirius_physical_hash_join] Pushed 1 dynamic filter(s) across 1 active target(s) of 1 wired target(s) (2 build rows, 1 bound keys of 1 admitted).
[2026-09-08 04:18:02.414] [warning] [sirius_physical_partition.cpp:375] slot_for_device: device_id 0 not found in active GPU list, falling back to slot 0
[2026-09-08 04:18:02.415] [info] [dynamic_filter_publisher.cpp:297] [sirius_physical_hash_join] Pushed 1 dynamic filter(s) across 1 active target(s) of 1 wired target(s) (800280 build rows, 1 bound keys of 1 admitted).
[2026-09-08 04:18:02.505] [warning] [sirius_physical_partition.cpp:375] slot_for_device: device_id 0 not found in active GPU list, falling back to slot 0
[2026-09-08 04:18:02.505] [warning] [sirius_physical_partition.cpp:375] slot_for_device: device_id 0 not found in active GPU list, falling back to slot 0
[2026-09-08 04:18:02.505] [warning] [sirius_physical_partition.cpp:375] slot_for_device: device_id 0 not found in active GPU list, falling back to slot 0
[2026-09-08 04:18:02.505] [warning] [sirius_physical_partition.cpp:375] slot_for_device: device_id 0 not found in active GPU list, falling back to slot 0
[2026-09-08 04:18:02.505] [warning] [sirius_physical_partition.cpp:375] slot_for_device: device_id 0 not found in active GPU list, falling back to slot 0
[2026-09-08 04:18:02.505] [warning] [sirius_physical_partition.cpp:375] slot_for_device: device_id 0 not found in active GPU list, falling back to slot 0
[2026-09-08 04:18:02.505] [warning] [sirius_physical_partition.cpp:375] slot_for_device: device_id 0 not found in active GPU list, falling back to slot 0
[2026-09-08 04:18:02.505] [warning] [sirius_physical_partition.cpp:375] slot_for_device: device_id 0 not found in active GPU list, falling back to slot 0
[2026-09-08 04:18:02.505] [warning] [sirius_physical_partition.cpp:375] slot_for_device: device_id 0 not found in active GPU list, falling back to slot 0
[2026-09-08 04:18:02.506] [warning] [sirius_physical_partition.cpp:375] slot_for_device: device_id 0 not found in active GPU list, falling back to slot 0
[2026-09-08 04:18:02.506] [warning] [sirius_physical_partition.cpp:375] slot_for_device: device_id 0 not found in active GPU list, falling back to slot 0
[2026-09-08 04:18:02.506] [warning] [sirius_physical_partition.cpp:375] slot_for_device: device_id 0 not found in active GPU list, falling back to slot 0
[2026-09-08 04:18:02.506] [warning] [sirius_physical_partition.cpp:375] slot_for_device: device_id 0 not found in active GPU list, falling back to slot 0
[2026-09-08 04:18:02.506] [warning] [sirius_physical_partition.cpp:375] slot_for_device: device_id 0 not found in active GPU list, falling back to slot 0
[2026-09-08 04:18:02.506] [warning] [sirius_physical_partition.cpp:375] slot_for_device: device_id 0 not found in active GPU list, falling back to slot 0
[2026-09-08 04:18:02.506] [warning] [sirius_physical_partition.cpp:375] slot_for_device: device_id 0 not found in active GPU list, falling back to slot 0
[2026-09-08 04:18:02.506] [warning] [sirius_physical_partition.cpp:375] slot_for_device: device_id 0 not found in active GPU list, falling back to slot 0
[2026-09-08 04:18:02.506] [warning] [sirius_physical_partition.cpp:375] slot_for_device: device_id 0 not found in active GPU list, falling back to slot 0
[2026-09-08 04:18:02.508] [warning] [sirius_physical_partition.cpp:375] slot_for_device: device_id 0 not found in active GPU list, falling back to slot 0
[2026-09-08 04:18:02.508] [warning] [sirius_physical_partition.cpp:375] slot_for_device: device_id 0 not found in active GPU list, falling back to slot 0
[2026-09-08 04:18:02.508] [warning] [sirius_physical_partition.cpp:375] slot_for_device: device_id 0 not found in active GPU list, falling back to slot 0
[2026-09-08 04:18:02.508] [warning] [sirius_physical_partition.cpp:375] slot_for_device: device_id 0 not found in active GPU list, falling back to slot 0
[2026-09-08 04:18:02.509] [warning] [sirius_physical_partition.cpp:375] slot_for_device: device_id 0 not found in active GPU list, falling back to slot 0
[2026-09-08 04:18:02.509] [warning] [sirius_physical_partition.cpp:375] slot_for_device: device_id 0 not found in active GPU list, falling back to slot 0
[2026-09-08 04:18:02.509] [warning] [sirius_physical_partition.cpp:375] slot_for_device: device_id 0 not found in active GPU list, falling back to slot 0
[2026-09-08 04:18:02.552] [info] [dynamic_filter_publisher.cpp:297] [sirius_physical_hash_join] Pushed 1 dynamic filter(s) across 1 active target(s) of 1 wired target(s) (145884740 build rows, 1 bound keys of 1 admitted).
[2026-09-08 04:18:02.607] [warning] [sirius_physical_partition.cpp:375] slot_for_device: device_id 0 not found in active GPU list, falling back to slot 0
[2026-09-08 04:18:02.619] [info] [gpu_pipeline_executor.cpp:129] GPU Pipeline Executor: task queue interrupted, stopping manager loop
[2026-09-08 04:18:02.619] [info] [sirius_context.cpp:405] QueryEnd
[2026-09-08 04:18:02.619] [info] [memory_prefetcher.cpp:72] [memory_prefetcher] stopping: prefetched 0 batches / 0 bytes (stops: headroom=0 reservation=0, skips: lock=0 draining=733, errors=0)
[2026-09-08 04:18:02.619] [info] [sirius_context.cpp:256] [host_pool] HOST:0 QueryEnd instance=0xe37f85960830 connection=1 window=44 query=107 allocated=17515413504 bytes peak=17582522368 bytes free_blocks=2875
[2026-09-08 04:18:02.619] [info] [sirius_context.cpp:271] [gpu_pool] GPU:0 QueryEnd instance=0xe37f85960830 connection=1 window=44 query=107 allocated=75104593408 bytes peak=208031439706 bytes reserved=0 bytes
[2026-09-08 04:18:02.619] [info] [sirius_context.cpp:521] [window] end instance=0xe37f85960830 connection=1 window=44 query=107 outcome=ok
[2026-09-08 04:18:02.619] [info] [physical_sirius_execution.cpp:327] Transparent GPU execution: query completed
[2026-09-08 04:18:02.621] [info] [sirius_context.cpp:329] QueryBegin: instance=0xe37f85960830 connection=1 query=108 SQL: CALL unpin_table('supplier')
[2026-09-08 04:18:02.621] [info] [sirius_context.cpp:329] QueryBegin: instance=0xe37f85960830 connection=1 query=109 SQL: CALL unpin_table('lineitem')
[2026-09-08 04:18:02.622] [info] [sirius_context.cpp:329] QueryBegin: instance=0xe37f85960830 connection=1 query=110 SQL: CALL unpin_table('orders')
[2026-09-08 04:18:02.622] [info] [sirius_context.cpp:329] QueryBegin: instance=0xe37f85960830 connection=1 query=111 SQL: CALL unpin_table('customer')
[2026-09-08 04:18:02.623] [info] [sirius_context.cpp:329] QueryBegin: instance=0xe37f85960830 connection=1 query=112 SQL: CALL unpin_table('nation')
[2026-09-08 04:18:02.623] [info] [sirius_context.cpp:329] QueryBegin: instance=0xe37f85960830 connection=1 query=113 SQL: CALL pin_table('/datasets/tpch_sf1000_sorted/lineitem/*.parquet', tier='gpu', name='lineitem', cols=['l_partkey','l_suppkey','l_orderkey','l_extendedprice','l_discount'])
[2026-09-08 04:18:02.624] [info] [sirius_context.cpp:521] [window] begin instance=0xe37f85960830 connection=1 window=45 query=113 outcome=-
[2026-09-08 04:18:02.624] [info] [sirius_context.cpp:256] [host_pool] HOST:0 QueryBegin instance=0xe37f85960830 connection=1 window=45 query=113 allocated=17515413504 bytes peak=17582522368 bytes free_blocks=2875
[2026-09-08 04:18:02.624] [info] [sirius_context.cpp:271] [gpu_pool] GPU:0 QueryBegin instance=0xe37f85960830 connection=1 window=45 query=113 allocated=0 bytes peak=208031439706 bytes reserved=0 bytes
[2026-09-08 04:18:02.624] [info] [sirius_context.cpp:389] QueryBegin: pin_table
[2026-09-08 04:18:02.624] [info] [sirius_extension.cpp:1420] [pin_table] 'lineitem' tier=gpu: compressing with plan for 5 column(s)
[2026-09-08 04:18:09.876] [info] [sirius_context.cpp:405] QueryEnd
[2026-09-08 04:18:09.876] [info] [sirius_context.cpp:256] [host_pool] HOST:0 QueryEnd instance=0xe37f85960830 connection=1 window=45 query=113 allocated=17515413504 bytes peak=17582522368 bytes free_blocks=2875
[2026-09-08 04:18:09.876] [info] [sirius_context.cpp:271] [gpu_pool] GPU:0 QueryEnd instance=0xe37f85960830 connection=1 window=45 query=113 allocated=83872627200 bytes peak=208031439706 bytes reserved=0 bytes
[2026-09-08 04:18:09.876] [info] [sirius_context.cpp:521] [window] end instance=0xe37f85960830 connection=1 window=45 query=113 outcome=ok
[2026-09-08 04:18:09.876] [info] [sirius_context.cpp:329] QueryBegin: instance=0xe37f85960830 connection=1 query=114 SQL: CALL pin_table('/datasets/tpch_sf1000_sorted/part/*.parquet', tier='gpu', name='part', cols=['p_partkey','p_type'])
[2026-09-08 04:18:09.877] [info] [sirius_context.cpp:521] [window] begin instance=0xe37f85960830 connection=1 window=46 query=114 outcome=-
[2026-09-08 04:18:09.877] [info] [sirius_context.cpp:256] [host_pool] HOST:0 QueryBegin instance=0xe37f85960830 connection=1 window=46 query=114 allocated=17515413504 bytes peak=17582522368 bytes free_blocks=2875
[2026-09-08 04:18:09.877] [info] [sirius_context.cpp:271] [gpu_pool] GPU:0 QueryBegin instance=0xe37f85960830 connection=1 window=46 query=114 allocated=83872627200 bytes peak=208031439706 bytes reserved=0 bytes
[2026-09-08 04:18:09.877] [info] [sirius_context.cpp:389] QueryBegin: pin_table
[2026-09-08 04:18:09.877] [warning] [sirius_extension.cpp:1430] [pin_table] 'part': pin_table_compression is enabled but no plan file was found in '/home/nvidia/joost/sirius-zonemap/bench/sf1000-repro/plans'; pinning uncompressed
[2026-09-08 04:18:09.910] [info] [sirius_context.cpp:405] QueryEnd
[2026-09-08 04:18:09.910] [info] [sirius_context.cpp:256] [host_pool] HOST:0 QueryEnd instance=0xe37f85960830 connection=1 window=46 query=114 allocated=17515413504 bytes peak=17582522368 bytes free_blocks=2875
[2026-09-08 04:18:09.910] [info] [sirius_context.cpp:271] [gpu_pool] GPU:0 QueryEnd instance=0xe37f85960830 connection=1 window=46 query=114 allocated=90442606592 bytes peak=208031439706 bytes reserved=0 bytes
[2026-09-08 04:18:09.910] [info] [sirius_context.cpp:521] [window] end instance=0xe37f85960830 connection=1 window=46 query=114 outcome=ok
[2026-09-08 04:18:09.911] [info] [sirius_context.cpp:329] QueryBegin: instance=0xe37f85960830 connection=1 query=115 SQL: CALL pin_table('/datasets/tpch_sf1000_sorted/supplier/*.parquet', tier='gpu', name='supplier', cols=['s_suppkey','s_nationkey'])
[2026-09-08 04:18:09.911] [info] [sirius_context.cpp:521] [window] begin instance=0xe37f85960830 connection=1 window=47 query=115 outcome=-
[2026-09-08 04:18:09.911] [info] [sirius_context.cpp:256] [host_pool] HOST:0 QueryBegin instance=0xe37f85960830 connection=1 window=47 query=115 allocated=17515413504 bytes peak=17582522368 bytes free_blocks=2875
[2026-09-08 04:18:09.911] [info] [sirius_context.cpp:271] [gpu_pool] GPU:0 QueryBegin instance=0xe37f85960830 connection=1 window=47 query=115 allocated=90442606592 bytes peak=208031439706 bytes reserved=0 bytes
[2026-09-08 04:18:09.911] [info] [sirius_context.cpp:389] QueryBegin: pin_table
[2026-09-08 04:18:09.911] [warning] [sirius_extension.cpp:1430] [pin_table] 'supplier': pin_table_compression is enabled but no plan file was found in '/home/nvidia/joost/sirius-zonemap/bench/sf1000-repro/plans'; pinning uncompressed
[2026-09-08 04:18:09.915] [info] [sirius_context.cpp:405] QueryEnd
[2026-09-08 04:18:09.915] [info] [sirius_context.cpp:256] [host_pool] HOST:0 QueryEnd instance=0xe37f85960830 connection=1 window=47 query=115 allocated=17515413504 bytes peak=17582522368 bytes free_blocks=2875
[2026-09-08 04:18:09.915] [info] [sirius_context.cpp:271] [gpu_pool] GPU:0 QueryEnd instance=0xe37f85960830 connection=1 window=47 query=115 allocated=90495106816 bytes peak=208031439706 bytes reserved=0 bytes
[2026-09-08 04:18:09.915] [info] [sirius_context.cpp:521] [window] end instance=0xe37f85960830 connection=1 window=47 query=115 outcome=ok
[2026-09-08 04:18:09.915] [info] [sirius_context.cpp:329] QueryBegin: instance=0xe37f85960830 connection=1 query=116 SQL: CALL pin_table('/datasets/tpch_sf1000_sorted/orders/*.parquet', tier='gpu', name='orders', cols=['o_orderkey','o_custkey','o_orderdate'])
[2026-09-08 04:18:09.915] [info] [sirius_context.cpp:521] [window] begin instance=0xe37f85960830 connection=1 window=48 query=116 outcome=-
[2026-09-08 04:18:09.915] [info] [sirius_context.cpp:256] [host_pool] HOST:0 QueryBegin instance=0xe37f85960830 connection=1 window=48 query=116 allocated=17515413504 bytes peak=17582522368 bytes free_blocks=2875
[2026-09-08 04:18:09.915] [info] [sirius_context.cpp:271] [gpu_pool] GPU:0 QueryBegin instance=0xe37f85960830 connection=1 window=48 query=116 allocated=90495106816 bytes peak=208031439706 bytes reserved=0 bytes
[2026-09-08 04:18:09.915] [info] [sirius_context.cpp:389] QueryBegin: pin_table
[2026-09-08 04:18:09.916] [info] [sirius_extension.cpp:1420] [pin_table] 'orders' tier=gpu: compressing with plan for 3 column(s)
[2026-09-08 04:18:10.776] [info] [sirius_context.cpp:405] QueryEnd
[2026-09-08 04:18:10.776] [info] [sirius_context.cpp:256] [host_pool] HOST:0 QueryEnd instance=0xe37f85960830 connection=1 window=48 query=116 allocated=17515413504 bytes peak=17582522368 bytes free_blocks=2875
[2026-09-08 04:18:10.776] [info] [sirius_context.cpp:271] [gpu_pool] GPU:0 QueryEnd instance=0xe37f85960830 connection=1 window=48 query=116 allocated=101908996352 bytes peak=208031439706 bytes reserved=0 bytes
[2026-09-08 04:18:10.776] [info] [sirius_context.cpp:521] [window] end instance=0xe37f85960830 connection=1 window=48 query=116 outcome=ok
[2026-09-08 04:18:10.777] [info] [sirius_context.cpp:329] QueryBegin: instance=0xe37f85960830 connection=1 query=117 SQL: CALL pin_table('/datasets/tpch_sf1000_sorted/customer/*.parquet', tier='gpu', name='customer', cols=['c_custkey','c_nationkey'])
[2026-09-08 04:18:10.777] [info] [sirius_context.cpp:521] [window] begin instance=0xe37f85960830 connection=1 window=49 query=117 outcome=-
[2026-09-08 04:18:10.777] [info] [sirius_context.cpp:256] [host_pool] HOST:0 QueryBegin instance=0xe37f85960830 connection=1 window=49 query=117 allocated=17515413504 bytes peak=17582522368 bytes free_blocks=2875
[2026-09-08 04:18:10.777] [info] [sirius_context.cpp:271] [gpu_pool] GPU:0 QueryBegin instance=0xe37f85960830 connection=1 window=49 query=117 allocated=101908996352 bytes peak=208031439706 bytes reserved=0 bytes
[2026-09-08 04:18:10.777] [info] [sirius_context.cpp:389] QueryBegin: pin_table
[2026-09-08 04:18:10.777] [warning] [sirius_extension.cpp:1430] [pin_table] 'customer': pin_table_compression is enabled but no plan file was found in '/home/nvidia/joost/sirius-zonemap/bench/sf1000-repro/plans'; pinning uncompressed
[2026-09-08 04:18:10.800] [info] [sirius_extension.cpp:1478] [late-mat] pin 'customer': column 'c_custkey' proven distinct table-wide (per-chunk)
[2026-09-08 04:18:10.800] [info] [sirius_context.cpp:405] QueryEnd
[2026-09-08 04:18:10.800] [info] [sirius_context.cpp:256] [host_pool] HOST:0 QueryEnd instance=0xe37f85960830 connection=1 window=49 query=117 allocated=17515413504 bytes peak=17582522368 bytes free_blocks=2875
[2026-09-08 04:18:10.801] [info] [sirius_context.cpp:271] [gpu_pool] GPU:0 QueryEnd instance=0xe37f85960830 connection=1 window=49 query=117 allocated=102696496896 bytes peak=208031439706 bytes reserved=0 bytes
[2026-09-08 04:18:10.801] [info] [sirius_context.cpp:521] [window] end instance=0xe37f85960830 connection=1 window=49 query=117 outcome=ok
[2026-09-08 04:18:10.801] [info] [sirius_context.cpp:329] QueryBegin: instance=0xe37f85960830 connection=1 query=118 SQL: CALL pin_table('/datasets/tpch_sf1000_sorted/nation/*.parquet', tier='gpu', name='nation', cols=['n_nationkey','n_regionkey','n_name'])
[2026-09-08 04:18:10.801] [info] [sirius_context.cpp:521] [window] begin instance=0xe37f85960830 connection=1 window=50 query=118 outcome=-
[2026-09-08 04:18:10.801] [info] [sirius_context.cpp:256] [host_pool] HOST:0 QueryBegin instance=0xe37f85960830 connection=1 window=50 query=118 allocated=17515413504 bytes peak=17582522368 bytes free_blocks=2875
[2026-09-08 04:18:10.801] [info] [sirius_context.cpp:271] [gpu_pool] GPU:0 QueryBegin instance=0xe37f85960830 connection=1 window=50 query=118 allocated=102696496896 bytes peak=208031439706 bytes reserved=0 bytes
[2026-09-08 04:18:10.801] [info] [sirius_context.cpp:389] QueryBegin: pin_table
[2026-09-08 04:18:10.801] [warning] [sirius_extension.cpp:1430] [pin_table] 'nation': pin_table_compression is enabled but no plan file was found in '/home/nvidia/joost/sirius-zonemap/bench/sf1000-repro/plans'; pinning uncompressed
[2026-09-08 04:18:10.804] [info] [sirius_extension.cpp:1478] [late-mat] pin 'nation': column 'n_nationkey' proven distinct table-wide (per-chunk)
[2026-09-08 04:18:10.804] [info] [sirius_extension.cpp:1478] [late-mat] pin 'nation': column 'n_name' proven distinct table-wide (per-chunk)
[2026-09-08 04:18:10.804] [info] [sirius_context.cpp:405] QueryEnd
[2026-09-08 04:18:10.804] [info] [sirius_context.cpp:256] [host_pool] HOST:0 QueryEnd instance=0xe37f85960830 connection=1 window=50 query=118 allocated=17515413504 bytes peak=17582522368 bytes free_blocks=2875
[2026-09-08 04:18:10.804] [info] [sirius_context.cpp:271] [gpu_pool] GPU:0 QueryEnd instance=0xe37f85960830 connection=1 window=50 query=118 allocated=102696498688 bytes peak=208031439706 bytes reserved=0 bytes
[2026-09-08 04:18:10.804] [info] [sirius_context.cpp:521] [window] end instance=0xe37f85960830 connection=1 window=50 query=118 outcome=ok
[2026-09-08 04:18:10.804] [info] [sirius_context.cpp:329] QueryBegin: instance=0xe37f85960830 connection=1 query=119 SQL: CALL pin_table('/datasets/tpch_sf1000_sorted/region/*.parquet', tier='gpu', name='region', cols=['r_regionkey','r_name'])
[2026-09-08 04:18:10.804] [info] [sirius_context.cpp:521] [window] begin instance=0xe37f85960830 connection=1 window=51 query=119 outcome=-
[2026-09-08 04:18:10.804] [info] [sirius_context.cpp:256] [host_pool] HOST:0 QueryBegin instance=0xe37f85960830 connection=1 window=51 query=119 allocated=17515413504 bytes peak=17582522368 bytes free_blocks=2875
[2026-09-08 04:18:10.804] [info] [sirius_context.cpp:271] [gpu_pool] GPU:0 QueryBegin instance=0xe37f85960830 connection=1 window=51 query=119 allocated=102696498688 bytes peak=208031439706 bytes reserved=0 bytes
[2026-09-08 04:18:10.804] [info] [sirius_context.cpp:389] QueryBegin: pin_table
[2026-09-08 04:18:10.804] [warning] [sirius_extension.cpp:1430] [pin_table] 'region': pin_table_compression is enabled but no plan file was found in '/home/nvidia/joost/sirius-zonemap/bench/sf1000-repro/plans'; pinning uncompressed
[2026-09-08 04:18:10.806] [info] [sirius_context.cpp:405] QueryEnd
[2026-09-08 04:18:10.806] [info] [sirius_context.cpp:256] [host_pool] HOST:0 QueryEnd instance=0xe37f85960830 connection=1 window=51 query=119 allocated=17515413504 bytes peak=17582522368 bytes free_blocks=2875
[2026-09-08 04:18:10.806] [info] [sirius_context.cpp:271] [gpu_pool] GPU:0 QueryEnd instance=0xe37f85960830 connection=1 window=51 query=119 allocated=102696499968 bytes peak=208031439706 bytes reserved=0 bytes
[2026-09-08 04:18:10.806] [info] [sirius_context.cpp:521] [window] end instance=0xe37f85960830 connection=1 window=51 query=119 outcome=ok
[2026-09-08 04:18:10.806] [info] [sirius_context.cpp:329] QueryBegin: instance=0xe37f85960830 connection=1 query=120 SQL: CALL sirius_set_query_label('q8_iter0')
[2026-09-08 04:18:10.806] [info] [sirius_context.cpp:329] QueryBegin: instance=0xe37f85960830 connection=1 query=121 SQL: SET gpu_execution = true;
