[2026-09-08 04:16:07.332] [info] [sirius_context.cpp:329] QueryBegin: instance=0xe1f9f1960370 connection=1 query=144 SQL: select nation, o_year, sum(amount) as sum_profit from ( select n.n_name as nation, extract(year from o.o_orderdate) as o_year, l.l_extendedprice * (1 - l.l_discount) - ps.ps_supplycost * l.l_quantity as amount from part p, supplier s, lineitem l, partsupp ps, orders o, nation n where s.s_suppkey = l.l_suppkey and ps.ps_suppkey = l.l_suppkey and ps.ps_partkey = l.l_partkey and p.p_partkey = l.l_partkey and o.o_orderkey = l.l_orderkey and s.s_nationkey = n.n_nationkey and p.p_name like '%yellow%' ) as profit group by nation, o_year order by nation, o_year desc
[2026-09-08 04:16:07.352] [info] [sirius_plan_comparison_join.cpp:646] [sirius_plan_comparison_join] Wired hash join with 1 dynamic-filter probe target(s) (1 scan-bound, 0 join-edge; evidence=filtered; build est 199999968 rows).
[2026-09-08 04:16:07.352] [info] [sirius_plan_comparison_join.cpp:662] [sirius_plan_comparison_join] Not wiring dynamic filter(s): build side carries neither filter nor opaque-build evidence (build est 1513881600 rows).
[2026-09-08 04:16:07.352] [info] [sirius_plan_comparison_join.cpp:662] [sirius_plan_comparison_join] Not wiring dynamic filter(s): build side carries neither filter nor opaque-build evidence (build est 25 rows).
[2026-09-08 04:16:07.352] [info] [sirius_plan_comparison_join.cpp:662] [sirius_plan_comparison_join] Not wiring dynamic filter(s): build side carries neither filter nor opaque-build evidence (build est 10000000 rows).
[2026-09-08 04:16:07.352] [info] [sirius_plan_comparison_join.cpp:662] [sirius_plan_comparison_join] Not wiring dynamic filter(s): build side carries neither filter nor opaque-build evidence (build est 799997952 rows).
[2026-09-08 04:16:07.353] [info] [sirius_context.cpp:1467] Transparent execution: Sirius physical plan generated successfully
[2026-09-08 04:16:07.353] [info] [sirius_context.cpp:1495] Transparent execution: physical plan replaced with GPU operator
[2026-09-08 04:16:07.353] [info] [physical_sirius_execution.cpp:157] Transparent GPU execution: executing query
[2026-09-08 04:16:07.353] [info] [sirius_context.cpp:521] [window] begin instance=0xe1f9f1960370 connection=1 window=61 query=144 outcome=-
[2026-09-08 04:16:07.353] [info] [sirius_context.cpp:256] [host_pool] HOST:0 QueryBegin instance=0xe1f9f1960370 connection=1 window=61 query=144 allocated=17515413504 bytes peak=17582522368 bytes free_blocks=2875
[2026-09-08 04:16:07.353] [info] [sirius_context.cpp:271] [gpu_pool] GPU:0 QueryBegin instance=0xe1f9f1960370 connection=1 window=61 query=144 allocated=118758872832 bytes peak=213456035678 bytes reserved=0 bytes
[2026-09-08 04:16:07.353] [info] [sirius_context.cpp:389] QueryBegin: transparent_execution
[2026-09-08 04:16:07.359] [info] [sirius_plan_comparison_join.cpp:646] [sirius_plan_comparison_join] Wired hash join with 1 dynamic-filter probe target(s) (1 scan-bound, 0 join-edge; evidence=filtered; build est 199999968 rows).
[2026-09-08 04:16:07.359] [info] [sirius_plan_comparison_join.cpp:662] [sirius_plan_comparison_join] Not wiring dynamic filter(s): build side carries neither filter nor opaque-build evidence (build est 1513881600 rows).
[2026-09-08 04:16:07.359] [info] [sirius_plan_comparison_join.cpp:662] [sirius_plan_comparison_join] Not wiring dynamic filter(s): build side carries neither filter nor opaque-build evidence (build est 25 rows).
[2026-09-08 04:16:07.359] [info] [sirius_plan_comparison_join.cpp:662] [sirius_plan_comparison_join] Not wiring dynamic filter(s): build side carries neither filter nor opaque-build evidence (build est 10000000 rows).
[2026-09-08 04:16:07.359] [info] [sirius_plan_comparison_join.cpp:662] [sirius_plan_comparison_join] Not wiring dynamic filter(s): build side carries neither filter nor opaque-build evidence (build est 799997952 rows).
[2026-09-08 04:16:07.360] [info] [sirius_engine.cpp:265] [gpu_alloc] query allocated 1 GPU(s): [0]
[2026-09-08 04:16:07.360] [info] [sirius_engine.cpp:318] Query Plan:
=== Pipeline Overview ===
Pipeline #0: GPU_SCAN (id=0)
  Output: -> PARTITION [port: default, barrier: FULL]
Pipeline #1: PARTITION (id=1)
  Input: <- Pipeline #0 [on: PARTITION (id=1), port: default, barrier: FULL]
  Dependencies: Pipeline #0
  Output: -> CONCAT [port: default, barrier: PARTIAL]
Pipeline #2: CONCAT (id=2)
  Input: <- Pipeline #1 [on: CONCAT (id=2), port: default, barrier: PARTIAL]
  Dependencies: Pipeline #1
  Output: -> HASH_JOIN [port: build, barrier: PARTIAL]
Pipeline #3: GPU_SCAN (id=3)
  Output: -> PARTITION [port: default, barrier: PARTIAL]
Pipeline #4: PARTITION (id=4)
  Input: <- Pipeline #3 [on: PARTITION (id=4), port: default, barrier: PARTIAL]
  Dependencies: Pipeline #3
  Output: -> CONCAT [port: default, barrier: PARTIAL]
Pipeline #5: CONCAT (id=5)
  Input: <- Pipeline #4 [on: CONCAT (id=5), port: default, barrier: PARTIAL]
  Dependencies: Pipeline #4
  Output: -> HASH_JOIN [port: default, barrier: PARTIAL]
Pipeline #6: HASH_JOIN (id=6)
  Input: <- Pipeline #2 [on: HASH_JOIN (id=6), port: build, barrier: PARTIAL]
  Input: <- Pipeline #5 [on: HASH_JOIN (id=6), port: default, barrier: PARTIAL]
  Dependencies: Pipeline #2, Pipeline #5
  Output: -> PARTITION [port: default, barrier: FULL]
Pipeline #7: PARTITION (id=7)
  Input: <- Pipeline #6 [on: PARTITION (id=7), port: default, barrier: FULL]
  Dependencies: Pipeline #6
  Output: -> CONCAT [port: default, barrier: PARTIAL]
Pipeline #8: CONCAT (id=8)
  Input: <- Pipeline #7 [on: CONCAT (id=8), port: default, barrier: PARTIAL]
  Dependencies: Pipeline #7
  Output: -> HASH_JOIN [port: build, barrier: PARTIAL]
Pipeline #9: GPU_SCAN (id=9)
  Output: -> PARTITION [port: default, barrier: PARTIAL]
Pipeline #10: PARTITION (id=10)
  Input: <- Pipeline #9 [on: PARTITION (id=10), port: default, barrier: PARTIAL]
  Dependencies: Pipeline #9
  Output: -> CONCAT [port: default, barrier: PARTIAL]
Pipeline #11: CONCAT (id=11)
  Input: <- Pipeline #10 [on: CONCAT (id=11), port: default, barrier: PARTIAL]
  Dependencies: Pipeline #10
  Output: -> HASH_JOIN [port: default, barrier: PARTIAL]
Pipeline #12: HASH_JOIN (id=12)
  Input: <- Pipeline #8 [on: HASH_JOIN (id=12), port: build, barrier: PARTIAL]
  Input: <- Pipeline #11 [on: HASH_JOIN (id=12), port: default, barrier: PARTIAL]
  Dependencies: Pipeline #8, Pipeline #11
  Output: -> PARTITION [port: default, barrier: FULL]
Pipeline #13: PARTITION (id=13)
  Input: <- Pipeline #12 [on: PARTITION (id=13), port: default, barrier: FULL]
  Dependencies: Pipeline #12
  Output: -> CONCAT [port: default, barrier: PARTIAL]
Pipeline #14: CONCAT (id=14)
  Input: <- Pipeline #13 [on: CONCAT (id=14), port: default, barrier: PARTIAL]
  Dependencies: Pipeline #13
  Output: -> HASH_JOIN [port: build, barrier: PARTIAL]
Pipeline #15: GPU_SCAN (id=15)
  Output: -> PARTITION [port: default, barrier: FULL]
Pipeline #16: PARTITION (id=16)
  Input: <- Pipeline #15 [on: PARTITION (id=16), port: default, barrier: FULL]
  Dependencies: Pipeline #15
  Output: -> CONCAT [port: default, barrier: PARTIAL]
Pipeline #17: CONCAT (id=17)
  Input: <- Pipeline #16 [on: CONCAT (id=17), port: default, barrier: PARTIAL]
  Dependencies: Pipeline #16
  Output: -> HASH_JOIN [port: build, barrier: PARTIAL]
Pipeline #18: GPU_SCAN (id=18)
  Output: -> PARTITION [port: default, barrier: FULL]
Pipeline #19: PARTITION (id=19)
  Input: <- Pipeline #18 [on: PARTITION (id=19), port: default, barrier: FULL]
  Dependencies: Pipeline #18
  Output: -> CONCAT [port: default, barrier: PARTIAL]
Pipeline #20: CONCAT (id=20)
  Input: <- Pipeline #19 [on: CONCAT (id=20), port: default, barrier: PARTIAL]
  Dependencies: Pipeline #19
  Output: -> HASH_JOIN [port: build, barrier: PARTIAL]
Pipeline #21: GPU_SCAN (id=21) -> DYNAMIC_FILTER (id=22)
  Output: -> PARTITION [port: default, barrier: PARTIAL]
Pipeline #22: PARTITION (id=23)
  Input: <- Pipeline #21 [on: PARTITION (id=23), port: default, barrier: PARTIAL]
  Dependencies: Pipeline #21
  Output: -> CONCAT [port: default, barrier: PARTIAL]
Pipeline #23: CONCAT (id=24)
  Input: <- Pipeline #22 [on: CONCAT (id=24), port: default, barrier: PARTIAL]
  Dependencies: Pipeline #22
  Output: -> HASH_JOIN [port: default, barrier: PARTIAL]
Pipeline #24: HASH_JOIN (id=25)
  Input: <- Pipeline #20 [on: HASH_JOIN (id=25), port: build, barrier: PARTIAL]
  Input: <- Pipeline #23 [on: HASH_JOIN (id=25), port: default, barrier: PARTIAL]
  Dependencies: Pipeline #20, Pipeline #23
  Output: -> PARTITION [port: default, barrier: PARTIAL]
Pipeline #25: PARTITION (id=26)
  Input: <- Pipeline #24 [on: PARTITION (id=26), port: default, barrier: PARTIAL]
  Dependencies: Pipeline #24
  Output: -> CONCAT [port: default, barrier: PARTIAL]
Pipeline #26: CONCAT (id=27)
  Input: <- Pipeline #25 [on: CONCAT (id=27), port: default, barrier: PARTIAL]
  Dependencies: Pipeline #25
  Output: -> HASH_JOIN [port: default, barrier: PARTIAL]
Pipeline #27: HASH_JOIN (id=28)
  Input: <- Pipeline #17 [on: HASH_JOIN (id=28), port: build, barrier: PARTIAL]
  Input: <- Pipeline #26 [on: HASH_JOIN (id=28), port: default, barrier: PARTIAL]
  Dependencies: Pipeline #17, Pipeline #26
  Output: -> PARTITION [port: default, barrier: PARTIAL]
Pipeline #28: PARTITION (id=29)
  Input: <- Pipeline #27 [on: PARTITION (id=29), port: default, barrier: PARTIAL]
  Dependencies: Pipeline #27
  Output: -> CONCAT [port: default, barrier: PARTIAL]
Pipeline #29: CONCAT (id=30)
  Input: <- Pipeline #28 [on: CONCAT (id=30), port: default, barrier: PARTIAL]
  Dependencies: Pipeline #28
  Output: -> HASH_JOIN [port: default, barrier: PARTIAL]
Pipeline #30: HASH_JOIN (id=31) -> PROJECTION (id=32) -> HASH_GROUP_BY (id=33)
  Input: <- Pipeline #14 [on: HASH_JOIN (id=31), port: build, barrier: PARTIAL]
  Input: <- Pipeline #29 [on: HASH_JOIN (id=31), port: default, barrier: PARTIAL]
  Dependencies: Pipeline #14, Pipeline #29
  Output: -> PARTITION [port: default, barrier: FULL]
Pipeline #31: PARTITION (id=34)
  Input: <- Pipeline #30 [on: PARTITION (id=34), port: default, barrier: FULL]
  Dependencies: Pipeline #30
  Output: -> MERGE_GROUP_BY [port: default, barrier: FULL]
Pipeline #32: MERGE_GROUP_BY (id=35) -> ORDER_BY (id=36)
  Input: <- Pipeline #31 [on: MERGE_GROUP_BY (id=35), port: default, barrier: FULL]
  Dependencies: Pipeline #31
  Output: -> SORT_SAMPLE [port: default, barrier: PIPELINE]
Pipeline #33: SORT_SAMPLE (id=37) -> SORT_PARTITION (id=38)
  Input: <- Pipeline #32 [on: SORT_SAMPLE (id=37), port: default, barrier: PIPELINE]
  Dependencies: Pipeline #32
  Output: -> MERGE_SORT [port: default, barrier: FULL]
Pipeline #34: MERGE_SORT (id=39)
  Input: <- Pipeline #33 [on: MERGE_SORT (id=39), port: default, barrier: FULL]
  Dependencies: Pipeline #33
  Output: -> RESULT_COLLECTOR [port: default, barrier: FULL]
Pipeline #35: RESULT_COLLECTOR (id=40)
  Input: <- Pipeline #34 [on: RESULT_COLLECTOR (id=40), port: default, barrier: FULL]
  Dependencies: Pipeline #34

=== Query Plan DAG ===
┌──────────────────────────┐                                                                                                                                            
│ Pipeline #35             │                                                                                                                                            
│ RESULT_COLLECTOR (id=40) │                                                                                                                                            
│ Input(#34): FULL         │                                                                                                                                            
└────────────┬─────────────┘                                                                                                                                            
             │                                                                                                                                                          
┌──────────────────────────┐                                                                                                                                            
│ Pipeline #34             │                                                                                                                                            
│ MERGE_SORT (id=39)       │                                                                                                                                            
│ Input(#33): FULL         │                                                                                                                                            
└────────────┬─────────────┘                                                                                                                                            
             │                                                                                                                                                          
┌──────────────────────────┐                                                                                                                                            
│ Pipeline #33             │                                                                                                                                            
│ SORT_PARTITION (id=38)   │                                                                                                                                            
│ SORT_SAMPLE (id=37)      │                                                                                                                                            
│ Input(#32): PIPELINE     │                                                                                                                                            
└────────────┬─────────────┘                                                                                                                                            
             │                                                                                                                                                          
┌──────────────────────────┐                                                                                                                                            
│ Pipeline #32             │                                                                                                                                            
│ ORDER_BY (id=36)         │                                                                                                                                            
│ MERGE_GROUP_BY (id=35)   │                                                                                                                                            
│ Input(#31): FULL         │                                                                                                                                            
└────────────┬─────────────┘                                                                                                                                            
             │                                                                                                                                                          
┌──────────────────────────┐                                                                                                                                            
│ Pipeline #31             │                                                                                                                                            
│ PARTITION (id=34)        │                                                                                                                                            
│ Input(#30): FULL         │                                                                                                                                            
└────────────┬─────────────┘                                                                                                                                            
             │                                                                                                                                                          
┌──────────────────────────┐                                                                                                                                            
│ Pipeline #30             │                                                                                                                                            
│ HASH_GROUP_BY (id=33)    │                                                                                                                                            
│ PROJECTION (id=32)       │                                                                                                                                            
│ HASH_JOIN (id=31)        │                                                                                                                                            
│   type: INNER            │                                                                                                                                            
│ Input(#14): PARTIAL      │                                                                                                                                            
│ Input(#29): PARTIAL      │                                                                                                                                            
└────────────┬─────────────┘                                                                                                                                            
             ┌───────────────────────────────────────────────────────────────────────────────────┐                                                                      
             │                                                                                   │                                                                      
┌──────────────────────────┐                                                        ┌──────────────────────────┐                                                        
│ Pipeline #14             │                                                        │ Pipeline #29             │                                                        
│ CONCAT (id=14)           │                                                        │ CONCAT (id=30)           │                                                        
│ Input(#13): PARTIAL      │                                                        │ Input(#28): PARTIAL      │                                                        
└────────────┬─────────────┘                                                        └────────────┬─────────────┘                                                        
             │                                                                                   │                                                                      
┌──────────────────────────┐                                                        ┌──────────────────────────┐                                                        
│ Pipeline #13             │                                                        │ Pipeline #28             │                                                        
│ PARTITION (id=13)        │                                                        │ PARTITION (id=29)        │                                                        
│ Input(#12): FULL         │                                                        │ Input(#27): PARTIAL      │                                                        
└────────────┬─────────────┘                                                        └────────────┬─────────────┘                                                        
             │                                                                                   │                                                                      
┌──────────────────────────┐                                                        ┌──────────────────────────┐                                                        
│ Pipeline #12             │                                                        │ Pipeline #27             │                                                        
│ HASH_JOIN (id=12)        │                                                        │ HASH_JOIN (id=28)        │                                                        
│   type: INNER            │                                                        │   type: INNER            │                                                        
│ Input(#8): PARTIAL       │                                                        │ Input(#17): PARTIAL      │                                                        
│ Input(#11): PARTIAL      │                                                        │ Input(#26): PARTIAL      │                                                        
└────────────┬─────────────┘                                                        └────────────┬─────────────┘                                                        
             ┌───────────────────────────────────────────────────────┐                           ┌───────────────────────────┐                                          
             │                                                       │                           │                           │                                          
┌──────────────────────────┐                            ┌──────────────────────────┐┌──────────────────────────┐┌──────────────────────────┐                            
│ Pipeline #8              │                            │ Pipeline #11             ││ Pipeline #17             ││ Pipeline #26             │                            
│ CONCAT (id=8)            │                            │ CONCAT (id=11)           ││ CONCAT (id=17)           ││ CONCAT (id=27)           │                            
│ Input(#7): PARTIAL       │                            │ Input(#10): PARTIAL      ││ Input(#16): PARTIAL      ││ Input(#25): PARTIAL      │                            
└────────────┬─────────────┘                            └────────────┬─────────────┘└────────────┬─────────────┘└────────────┬─────────────┘                            
             │                                                       │                           │                           │                                          
┌──────────────────────────┐                            ┌──────────────────────────┐┌──────────────────────────┐┌──────────────────────────┐                            
│ Pipeline #7              │                            │ Pipeline #10             ││ Pipeline #16             ││ Pipeline #25             │                            
│ PARTITION (id=7)         │                            │ PARTITION (id=10)        ││ PARTITION (id=16)        ││ PARTITION (id=26)        │                            
│ Input(#6): FULL          │                            │ Input(#9): PARTIAL       ││ Input(#15): FULL         ││ Input(#24): PARTIAL      │                            
└────────────┬─────────────┘                            └────────────┬─────────────┘└────────────┬─────────────┘└────────────┬─────────────┘                            
             │                                                       │                           │                           │                                          
┌──────────────────────────┐                            ┌──────────────────────────┐┌──────────────────────────┐┌──────────────────────────┐                            
│ Pipeline #6              │                            │ Pipeline #9              ││ Pipeline #15             ││ Pipeline #24             │                            
│ HASH_JOIN (id=6)         │                            │ GPU_SCAN (id=9)          ││ GPU_SCAN (id=15)         ││ HASH_JOIN (id=25)        │                            
│   type: INNER            │                            │                          ││                          ││   type: INNER            │                            
│ Input(#2): PARTIAL       │                            │                          ││                          ││ Input(#20): PARTIAL      │                            
│ Input(#5): PARTIAL       │                            │                          ││                          ││ Input(#23): PARTIAL      │                            
└────────────┬─────────────┘                            └──────────────────────────┘└──────────────────────────┘└────────────┬─────────────┘                            
             ┌───────────────────────────┐                                                                                   ┌───────────────────────────┐              
             │                           │                                                                                   │                           │              
┌──────────────────────────┐┌──────────────────────────┐                                                        ┌──────────────────────────┐┌──────────────────────────┐
│ Pipeline #2              ││ Pipeline #5              │                                                        │ Pipeline #20             ││ Pipeline #23             │
│ CONCAT (id=2)            ││ CONCAT (id=5)            │                                                        │ CONCAT (id=20)           ││ CONCAT (id=24)           │
│ Input(#1): PARTIAL       ││ Input(#4): PARTIAL       │                                                        │ Input(#19): PARTIAL      ││ Input(#22): PARTIAL      │
└────────────┬─────────────┘└────────────┬─────────────┘                                                        └────────────┬─────────────┘└────────────┬─────────────┘
             │                           │                                                                                   │                           │              
┌──────────────────────────┐┌──────────────────────────┐                                                        ┌──────────────────────────┐┌──────────────────────────┐
│ Pipeline #1              ││ Pipeline #4              │                                                        │ Pipeline #19             ││ Pipeline #22             │
│ PARTITION (id=1)         ││ PARTITION (id=4)         │                                                        │ PARTITION (id=19)        ││ PARTITION (id=23)        │
│ Input(#0): FULL          ││ Input(#3): PARTIAL       │                                                        │ Input(#18): FULL         ││ Input(#21): PARTIAL      │
└────────────┬─────────────┘└────────────┬─────────────┘                                                        └────────────┬─────────────┘└────────────┬─────────────┘
             │                           │                                                                                   │                           │              
┌──────────────────────────┐┌──────────────────────────┐                                                        ┌──────────────────────────┐┌──────────────────────────┐
│ Pipeline #0              ││ Pipeline #3              │                                                        │ Pipeline #18             ││ Pipeline #21             │
│ GPU_SCAN (id=0)          ││ GPU_SCAN (id=3)          │                                                        │ GPU_SCAN (id=18)         ││ DYNAMIC_FILTER (id=22)   │
│                          ││                          │                                                        │                          ││ GPU_SCAN (id=21)         │
└──────────────────────────┘└──────────────────────────┘                                                        └──────────────────────────┘└──────────────────────────┘

[2026-09-08 04:16:07.360] [info] [sirius_engine.cpp:186] query 61 telemetry_query=01a080bb82407b11a33bced65f27da83
[2026-09-08 04:16:07.361] [info] [sirius_scan_manager.cpp:2999] [sirius_scan_manager] assigned pinned entry 'nation' to operator '0'
[2026-09-08 04:16:07.361] [info] [sirius_scan_manager.cpp:2999] [sirius_scan_manager] assigned pinned entry 'supplier' to operator '3'
[2026-09-08 04:16:07.361] [info] [sirius_scan_manager.cpp:2999] [sirius_scan_manager] assigned pinned entry 'partsupp' to operator '9'
[2026-09-08 04:16:07.361] [info] [sirius_scan_manager.cpp:2999] [sirius_scan_manager] assigned pinned entry 'orders' to operator '15'
[2026-09-08 04:16:07.361] [info] [sirius_scan_manager.cpp:2999] [sirius_scan_manager] assigned pinned entry 'part' to operator '18'
[2026-09-08 04:16:07.361] [info] [sirius_scan_manager.cpp:2999] [sirius_scan_manager] assigned pinned entry 'lineitem' to operator '21'
[2026-09-08 04:16:07.361] [info] [sirius_scan_manager.cpp:884] [late-mat] operator 0: slot0 — installed (16 B/row over 9 boundaries)
[2026-09-08 04:16:07.361] [info] [sirius_scan_manager.cpp:897] [late-mat] operator 0: 1 column(s) withheld — a partition hashes them
[2026-09-08 04:16:07.361] [info] [sirius_scan_manager.cpp:971] [late-mat] operator 0: group-by-rowid ride to ORDER_BY (id=36) through 2 group-by stage(s) — unique key 'n_name', 12 boundaries instead of 9
[2026-09-08 04:16:07.361] [info] [sirius_scan_manager.cpp:1047] [late-mat] operator 0: deferring 1 column(s) to ORDER_BY (id=36) — 16 B/row over 12 boundaries
[2026-09-08 04:16:07.361] [info] [sirius_scan_manager.cpp:897] [late-mat] operator 3: 2 column(s) withheld — a partition hashes them
[2026-09-08 04:16:07.361] [info] [sirius_scan_manager.cpp:884] [late-mat] operator 9: slot0 — deferred value below the floor (0 B/row over 6 boundaries)
[2026-09-08 04:16:07.361] [info] [sirius_scan_manager.cpp:897] [late-mat] operator 9: 2 column(s) withheld — a partition hashes them
[2026-09-08 04:16:07.361] [info] [sirius_scan_manager.cpp:884] [late-mat] operator 15: slot0 — deferred value below the floor (-4 B/row over 6 boundaries)
[2026-09-08 04:16:07.361] [info] [sirius_scan_manager.cpp:897] [late-mat] operator 15: 1 column(s) withheld — a partition hashes them
[2026-09-08 04:16:07.361] [info] [sirius_scan_manager.cpp:897] [late-mat] operator 18: 1 column(s) withheld — a partition hashes them
[2026-09-08 04:16:07.361] [info] [sirius_scan_manager.cpp:884] [late-mat] operator 21: slot0 — installed (16 B/row over 9 boundaries)
[2026-09-08 04:16:07.361] [info] [sirius_scan_manager.cpp:897] [late-mat] operator 21: 3 column(s) withheld — a partition hashes them
[2026-09-08 04:16:07.361] [info] [sirius_scan_manager.cpp:823] [late-mat] operator 21: not deferring — a join on the ride multiplied the rows and nothing collapsed them again, so materializing at the port would gather the fan-out rather than the scan's rows
[2026-09-08 04:16:07.361] [info] [memory_prefetcher.cpp:59] [memory_prefetcher] started: 3 threads, 6 connectors, min_free_fraction=0.40
[2026-09-08 04:16:07.362] [warning] [gpu_pipeline_task.cpp:93] gpu_pipeline_task: operator 'GPU_SCAN' (id=0) output batch 0 column 1 datatype mismatch: got uint32_t, expected cudf::string_view
[2026-09-08 04:16:07.362] [warning] [gpu_pipeline_task.cpp:93] gpu_pipeline_task: operator 'PARTITION' (id=1) output batch 0 column 1 datatype mismatch: got uint32_t, expected cudf::string_view
[2026-09-08 04:16:07.362] [warning] [gpu_pipeline_task.cpp:93] gpu_pipeline_task: operator 'CONCAT' (id=2) output batch 0 column 1 datatype mismatch: got uint32_t, expected cudf::string_view
[2026-09-08 04:16:07.362] [warning] [sirius_physical_partition.cpp:375] slot_for_device: device_id 0 not found in active GPU list, falling back to slot 0
[2026-09-08 04:16:07.364] [warning] [gpu_pipeline_task.cpp:93] gpu_pipeline_task: operator 'HASH_JOIN' (id=6) output batch 0 column 1 datatype mismatch: got uint32_t, expected cudf::string_view
[2026-09-08 04:16:07.364] [warning] [gpu_pipeline_task.cpp:93] gpu_pipeline_task: operator 'PARTITION' (id=7) output batch 0 column 1 datatype mismatch: got uint32_t, expected cudf::string_view
[2026-09-08 04:16:07.364] [warning] [gpu_pipeline_task.cpp:93] gpu_pipeline_task: operator 'CONCAT' (id=8) output batch 0 column 1 datatype mismatch: got uint32_t, expected cudf::string_view
[2026-09-08 04:16:07.367] [warning] [sirius_physical_partition.cpp:375] slot_for_device: device_id 0 not found in active GPU list, falling back to slot 0
[2026-09-08 04:16:07.367] [warning] [sirius_physical_partition.cpp:375] slot_for_device: device_id 0 not found in active GPU list, falling back to slot 0
[2026-09-08 04:16:07.367] [warning] [sirius_physical_hash_join.cpp:1185] In sirius_physical_hash_join:get_next_task_input_data_for_build_probe: no schedulable partition (build/probe already drained) in operator 12
[2026-09-08 04:16:07.520] [warning] [gpu_pipeline_task.cpp:93] gpu_pipeline_task: operator 'HASH_JOIN' (id=12) output batch 0 column 3 datatype mismatch: got uint32_t, expected cudf::string_view
[2026-09-08 04:16:07.520] [warning] [gpu_pipeline_task.cpp:93] gpu_pipeline_task: operator 'HASH_JOIN' (id=12) output batch 0 column 3 datatype mismatch: got uint32_t, expected cudf::string_view
[2026-09-08 04:16:07.520] [warning] [gpu_pipeline_task.cpp:93] gpu_pipeline_task: operator 'PARTITION' (id=13) output batch 0 column 3 datatype mismatch: got uint32_t, expected cudf::string_view
[2026-09-08 04:16:07.520] [warning] [gpu_pipeline_task.cpp:93] gpu_pipeline_task: operator 'PARTITION' (id=13) output batch 0 column 3 datatype mismatch: got uint32_t, expected cudf::string_view
[2026-09-08 04:16:07.547] [warning] [gpu_pipeline_task.cpp:93] gpu_pipeline_task: operator 'CONCAT' (id=14) output batch 0 column 3 datatype mismatch: got uint32_t, expected cudf::string_view
[2026-09-08 04:16:07.596] [info] [dynamic_filter_publisher.cpp:297] [sirius_physical_hash_join] Pushed 1 dynamic filter(s) across 1 active target(s) of 1 wired target(s) (10870459 build rows, 1 bound keys of 1 admitted).
[2026-09-08 04:16:07.740] [warning] [sirius_physical_partition.cpp:375] slot_for_device: device_id 0 not found in active GPU list, falling back to slot 0
[2026-09-08 04:16:07.740] [warning] [sirius_physical_partition.cpp:375] slot_for_device: device_id 0 not found in active GPU list, falling back to slot 0
[2026-09-08 04:16:07.740] [warning] [sirius_physical_partition.cpp:375] slot_for_device: device_id 0 not found in active GPU list, falling back to slot 0
[2026-09-08 04:16:07.740] [warning] [sirius_physical_partition.cpp:375] slot_for_device: device_id 0 not found in active GPU list, falling back to slot 0
[2026-09-08 04:16:07.740] [warning] [sirius_physical_partition.cpp:375] slot_for_device: device_id 0 not found in active GPU list, falling back to slot 0
[2026-09-08 04:16:07.740] [warning] [sirius_physical_partition.cpp:375] slot_for_device: device_id 0 not found in active GPU list, falling back to slot 0
[2026-09-08 04:16:07.740] [warning] [sirius_physical_partition.cpp:375] slot_for_device: device_id 0 not found in active GPU list, falling back to slot 0
[2026-09-08 04:16:07.740] [warning] [sirius_physical_partition.cpp:375] slot_for_device: device_id 0 not found in active GPU list, falling back to slot 0
[2026-09-08 04:16:07.740] [warning] [sirius_physical_partition.cpp:375] slot_for_device: device_id 0 not found in active GPU list, falling back to slot 0
[2026-09-08 04:16:07.740] [warning] [sirius_physical_partition.cpp:375] slot_for_device: device_id 0 not found in active GPU list, falling back to slot 0
[2026-09-08 04:16:07.740] [warning] [sirius_physical_partition.cpp:375] slot_for_device: device_id 0 not found in active GPU list, falling back to slot 0
[2026-09-08 04:16:07.740] [warning] [sirius_physical_partition.cpp:375] slot_for_device: device_id 0 not found in active GPU list, falling back to slot 0
[2026-09-08 04:16:07.741] [warning] [sirius_physical_partition.cpp:375] slot_for_device: device_id 0 not found in active GPU list, falling back to slot 0
[2026-09-08 04:16:07.741] [warning] [sirius_physical_partition.cpp:375] slot_for_device: device_id 0 not found in active GPU list, falling back to slot 0
[2026-09-08 04:16:07.741] [warning] [sirius_physical_partition.cpp:375] slot_for_device: device_id 0 not found in active GPU list, falling back to slot 0
[2026-09-08 04:16:07.741] [warning] [sirius_physical_partition.cpp:375] slot_for_device: device_id 0 not found in active GPU list, falling back to slot 0
[2026-09-08 04:16:07.741] [warning] [sirius_physical_partition.cpp:375] slot_for_device: device_id 0 not found in active GPU list, falling back to slot 0
[2026-09-08 04:16:07.741] [warning] [sirius_physical_partition.cpp:375] slot_for_device: device_id 0 not found in active GPU list, falling back to slot 0
[2026-09-08 04:16:07.741] [warning] [sirius_physical_partition.cpp:375] slot_for_device: device_id 0 not found in active GPU list, falling back to slot 0
[2026-09-08 04:16:07.741] [warning] [sirius_physical_partition.cpp:375] slot_for_device: device_id 0 not found in active GPU list, falling back to slot 0
[2026-09-08 04:16:07.741] [warning] [sirius_physical_partition.cpp:375] slot_for_device: device_id 0 not found in active GPU list, falling back to slot 0
[2026-09-08 04:16:07.741] [warning] [sirius_physical_partition.cpp:375] slot_for_device: device_id 0 not found in active GPU list, falling back to slot 0
[2026-09-08 04:16:07.741] [warning] [sirius_physical_partition.cpp:375] slot_for_device: device_id 0 not found in active GPU list, falling back to slot 0
[2026-09-08 04:16:07.741] [warning] [sirius_physical_partition.cpp:375] slot_for_device: device_id 0 not found in active GPU list, falling back to slot 0
[2026-09-08 04:16:07.748] [warning] [sirius_physical_partition.cpp:375] slot_for_device: device_id 0 not found in active GPU list, falling back to slot 0
[2026-09-08 04:16:07.769] [warning] [sirius_physical_partition.cpp:375] slot_for_device: device_id 0 not found in active GPU list, falling back to slot 0
[2026-09-08 04:16:07.769] [warning] [sirius_physical_partition.cpp:375] slot_for_device: device_id 0 not found in active GPU list, falling back to slot 0
[2026-09-08 04:16:07.788] [warning] [sirius_physical_partition.cpp:375] slot_for_device: device_id 0 not found in active GPU list, falling back to slot 0
[2026-09-08 04:16:07.788] [warning] [sirius_physical_partition.cpp:375] slot_for_device: device_id 0 not found in active GPU list, falling back to slot 0
[2026-09-08 04:16:07.788] [warning] [sirius_physical_partition.cpp:375] slot_for_device: device_id 0 not found in active GPU list, falling back to slot 0
[2026-09-08 04:16:07.789] [warning] [sirius_physical_partition.cpp:375] slot_for_device: device_id 0 not found in active GPU list, falling back to slot 0
[2026-09-08 04:16:07.830] [warning] [sirius_physical_hash_join.cpp:1185] In sirius_physical_hash_join:get_next_task_input_data_for_build_probe: no schedulable partition (build/probe already drained) in operator 28
[2026-09-08 04:16:08.034] [warning] [sirius_physical_hash_join.cpp:1185] In sirius_physical_hash_join:get_next_task_input_data_for_build_probe: no schedulable partition (build/probe already drained) in operator 31
[2026-09-08 04:16:08.212] [warning] [gpu_pipeline_task.cpp:93] gpu_pipeline_task: operator 'HASH_JOIN' (id=31) output batch 0 column 5 datatype mismatch: got uint32_t, expected cudf::string_view
[2026-09-08 04:16:08.216] [warning] [gpu_pipeline_task.cpp:93] gpu_pipeline_task: operator 'HASH_JOIN' (id=31) output batch 0 column 5 datatype mismatch: got uint32_t, expected cudf::string_view
[2026-09-08 04:16:08.226] [warning] [gpu_pipeline_task.cpp:93] gpu_pipeline_task: operator 'PROJECTION' (id=32) output batch 0 column 0 datatype mismatch: got uint32_t, expected cudf::string_view
[2026-09-08 04:16:08.228] [warning] [gpu_pipeline_task.cpp:93] gpu_pipeline_task: operator 'PROJECTION' (id=32) output batch 0 column 0 datatype mismatch: got uint32_t, expected cudf::string_view
[2026-09-08 04:16:08.281] [warning] [gpu_pipeline_task.cpp:93] gpu_pipeline_task: operator 'HASH_GROUP_BY' (id=33) output batch 0 column 0 datatype mismatch: got uint32_t, expected cudf::string_view
[2026-09-08 04:16:08.282] [warning] [gpu_pipeline_task.cpp:93] gpu_pipeline_task: operator 'HASH_GROUP_BY' (id=33) output batch 0 column 0 datatype mismatch: got uint32_t, expected cudf::string_view
[2026-09-08 04:16:08.282] [warning] [gpu_pipeline_task.cpp:93] gpu_pipeline_task: operator 'PARTITION' (id=34) output batch 0 column 0 datatype mismatch: got uint32_t, expected cudf::string_view
[2026-09-08 04:16:08.282] [warning] [gpu_pipeline_task.cpp:93] gpu_pipeline_task: operator 'PARTITION' (id=34) output batch 0 column 0 datatype mismatch: got uint32_t, expected cudf::string_view
[2026-09-08 04:16:08.282] [warning] [gpu_pipeline_task.cpp:93] gpu_pipeline_task: operator 'MERGE_GROUP_BY' (id=35) output batch 0 column 0 datatype mismatch: got uint32_t, expected cudf::string_view
[2026-09-08 04:16:08.284] [info] [gpu_pipeline_executor.cpp:129] GPU Pipeline Executor: task queue interrupted, stopping manager loop
[2026-09-08 04:16:08.284] [info] [sirius_context.cpp:405] QueryEnd
[2026-09-08 04:16:08.284] [info] [memory_prefetcher.cpp:72] [memory_prefetcher] stopping: prefetched 0 batches / 0 bytes (stops: headroom=0 reservation=0, skips: lock=0 draining=519, errors=0)
[2026-09-08 04:16:08.284] [info] [sirius_context.cpp:256] [host_pool] HOST:0 QueryEnd instance=0xe1f9f1960370 connection=1 window=61 query=144 allocated=17515413504 bytes peak=45432700928 bytes free_blocks=2875
[2026-09-08 04:16:08.284] [info] [sirius_context.cpp:271] [gpu_pool] GPU:0 QueryEnd instance=0xe1f9f1960370 connection=1 window=61 query=144 allocated=118758872832 bytes peak=248099864371 bytes reserved=0 bytes
[2026-09-08 04:16:08.284] [info] [sirius_context.cpp:521] [window] end instance=0xe1f9f1960370 connection=1 window=61 query=144 outcome=ok
[2026-09-08 04:16:08.284] [info] [physical_sirius_execution.cpp:327] Transparent GPU execution: query completed
[2026-09-08 04:16:08.287] [info] [sirius_context.cpp:329] QueryBegin: instance=0xe1f9f1960370 connection=1 query=145 SQL: CALL sirius_set_query_label('q9_iter1')
[2026-09-08 04:16:08.287] [info] [sirius_context.cpp:329] QueryBegin: instance=0xe1f9f1960370 connection=1 query=146 SQL: SET gpu_execution = true;
[2026-09-08 04:16:08.288] [info] [sirius_context.cpp:329] QueryBegin: instance=0xe1f9f1960370 connection=1 query=147 SQL: select nation, o_year, sum(amount) as sum_profit from ( select n.n_name as nation, extract(year from o.o_orderdate) as o_year, l.l_extendedprice * (1 - l.l_discount) - ps.ps_supplycost * l.l_quantity as amount from part p, supplier s, lineitem l, partsupp ps, orders o, nation n where s.s_suppkey = l.l_suppkey and ps.ps_suppkey = l.l_suppkey and ps.ps_partkey = l.l_partkey and p.p_partkey = l.l_partkey and o.o_orderkey = l.l_orderkey and s.s_nationkey = n.n_nationkey and p.p_name like '%yellow%' ) as profit group by nation, o_year order by nation, o_year desc
[2026-09-08 04:16:08.307] [info] [sirius_plan_comparison_join.cpp:646] [sirius_plan_comparison_join] Wired hash join with 1 dynamic-filter probe target(s) (1 scan-bound, 0 join-edge; evidence=filtered; build est 199999968 rows).
[2026-09-08 04:16:08.307] [info] [sirius_plan_comparison_join.cpp:662] [sirius_plan_comparison_join] Not wiring dynamic filter(s): build side carries neither filter nor opaque-build evidence (build est 1513881600 rows).
[2026-09-08 04:16:08.307] [info] [sirius_plan_comparison_join.cpp:662] [sirius_plan_comparison_join] Not wiring dynamic filter(s): build side carries neither filter nor opaque-build evidence (build est 25 rows).
[2026-09-08 04:16:08.307] [info] [sirius_plan_comparison_join.cpp:662] [sirius_plan_comparison_join] Not wiring dynamic filter(s): build side carries neither filter nor opaque-build evidence (build est 10000000 rows).
[2026-09-08 04:16:08.307] [info] [sirius_plan_comparison_join.cpp:662] [sirius_plan_comparison_join] Not wiring dynamic filter(s): build side carries neither filter nor opaque-build evidence (build est 799997952 rows).
[2026-09-08 04:16:08.308] [info] [sirius_context.cpp:1467] Transparent execution: Sirius physical plan generated successfully
[2026-09-08 04:16:08.308] [info] [sirius_context.cpp:1495] Transparent execution: physical plan replaced with GPU operator
[2026-09-08 04:16:08.308] [info] [physical_sirius_execution.cpp:157] Transparent GPU execution: executing query
[2026-09-08 04:16:08.308] [info] [sirius_context.cpp:521] [window] begin instance=0xe1f9f1960370 connection=1 window=62 query=147 outcome=-
[2026-09-08 04:16:08.308] [info] [sirius_context.cpp:256] [host_pool] HOST:0 QueryBegin instance=0xe1f9f1960370 connection=1 window=62 query=147 allocated=17515413504 bytes peak=45432700928 bytes free_blocks=2875
[2026-09-08 04:16:08.308] [info] [sirius_context.cpp:271] [gpu_pool] GPU:0 QueryBegin instance=0xe1f9f1960370 connection=1 window=62 query=147 allocated=118758872832 bytes peak=248099864371 bytes reserved=0 bytes
[2026-09-08 04:16:08.308] [info] [sirius_context.cpp:389] QueryBegin: transparent_execution
[2026-09-08 04:16:08.314] [info] [sirius_plan_comparison_join.cpp:646] [sirius_plan_comparison_join] Wired hash join with 1 dynamic-filter probe target(s) (1 scan-bound, 0 join-edge; evidence=filtered; build est 199999968 rows).
[2026-09-08 04:16:08.314] [info] [sirius_plan_comparison_join.cpp:662] [sirius_plan_comparison_join] Not wiring dynamic filter(s): build side carries neither filter nor opaque-build evidence (build est 1513881600 rows).
[2026-09-08 04:16:08.314] [info] [sirius_plan_comparison_join.cpp:662] [sirius_plan_comparison_join] Not wiring dynamic filter(s): build side carries neither filter nor opaque-build evidence (build est 25 rows).
[2026-09-08 04:16:08.314] [info] [sirius_plan_comparison_join.cpp:662] [sirius_plan_comparison_join] Not wiring dynamic filter(s): build side carries neither filter nor opaque-build evidence (build est 10000000 rows).
[2026-09-08 04:16:08.314] [info] [sirius_plan_comparison_join.cpp:662] [sirius_plan_comparison_join] Not wiring dynamic filter(s): build side carries neither filter nor opaque-build evidence (build est 799997952 rows).
[2026-09-08 04:16:08.315] [info] [sirius_engine.cpp:265] [gpu_alloc] query allocated 1 GPU(s): [0]
[2026-09-08 04:16:08.315] [info] [sirius_engine.cpp:318] Query Plan:
=== Pipeline Overview ===
Pipeline #0: GPU_SCAN (id=0)
  Output: -> PARTITION [port: default, barrier: FULL]
Pipeline #1: PARTITION (id=1)
  Input: <- Pipeline #0 [on: PARTITION (id=1), port: default, barrier: FULL]
  Dependencies: Pipeline #0
  Output: -> CONCAT [port: default, barrier: PARTIAL]
Pipeline #2: CONCAT (id=2)
  Input: <- Pipeline #1 [on: CONCAT (id=2), port: default, barrier: PARTIAL]
  Dependencies: Pipeline #1
  Output: -> HASH_JOIN [port: build, barrier: PARTIAL]
Pipeline #3: GPU_SCAN (id=3)
  Output: -> PARTITION [port: default, barrier: PARTIAL]
Pipeline #4: PARTITION (id=4)
  Input: <- Pipeline #3 [on: PARTITION (id=4), port: default, barrier: PARTIAL]
  Dependencies: Pipeline #3
  Output: -> CONCAT [port: default, barrier: PARTIAL]
Pipeline #5: CONCAT (id=5)
  Input: <- Pipeline #4 [on: CONCAT (id=5), port: default, barrier: PARTIAL]
  Dependencies: Pipeline #4
  Output: -> HASH_JOIN [port: default, barrier: PARTIAL]
Pipeline #6: HASH_JOIN (id=6)
  Input: <- Pipeline #2 [on: HASH_JOIN (id=6), port: build, barrier: PARTIAL]
  Input: <- Pipeline #5 [on: HASH_JOIN (id=6), port: default, barrier: PARTIAL]
  Dependencies: Pipeline #2, Pipeline #5
  Output: -> PARTITION [port: default, barrier: FULL]
Pipeline #7: PARTITION (id=7)
  Input: <- Pipeline #6 [on: PARTITION (id=7), port: default, barrier: FULL]
  Dependencies: Pipeline #6
  Output: -> CONCAT [port: default, barrier: PARTIAL]
Pipeline #8: CONCAT (id=8)
  Input: <- Pipeline #7 [on: CONCAT (id=8), port: default, barrier: PARTIAL]
  Dependencies: Pipeline #7
  Output: -> HASH_JOIN [port: build, barrier: PARTIAL]
Pipeline #9: GPU_SCAN (id=9)
  Output: -> PARTITION [port: default, barrier: PARTIAL]
Pipeline #10: PARTITION (id=10)
  Input: <- Pipeline #9 [on: PARTITION (id=10), port: default, barrier: PARTIAL]
  Dependencies: Pipeline #9
  Output: -> CONCAT [port: default, barrier: PARTIAL]
Pipeline #11: CONCAT (id=11)
  Input: <- Pipeline #10 [on: CONCAT (id=11), port: default, barrier: PARTIAL]
  Dependencies: Pipeline #10
  Output: -> HASH_JOIN [port: default, barrier: PARTIAL]
Pipeline #12: HASH_JOIN (id=12)
  Input: <- Pipeline #8 [on: HASH_JOIN (id=12), port: build, barrier: PARTIAL]
  Input: <- Pipeline #11 [on: HASH_JOIN (id=12), port: default, barrier: PARTIAL]
  Dependencies: Pipeline #8, Pipeline #11
  Output: -> PARTITION [port: default, barrier: FULL]
Pipeline #13: PARTITION (id=13)
  Input: <- Pipeline #12 [on: PARTITION (id=13), port: default, barrier: FULL]
  Dependencies: Pipeline #12
  Output: -> CONCAT [port: default, barrier: PARTIAL]
Pipeline #14: CONCAT (id=14)
  Input: <- Pipeline #13 [on: CONCAT (id=14), port: default, barrier: PARTIAL]
  Dependencies: Pipeline #13
  Output: -> HASH_JOIN [port: build, barrier: PARTIAL]
Pipeline #15: GPU_SCAN (id=15)
  Output: -> PARTITION [port: default, barrier: FULL]
Pipeline #16: PARTITION (id=16)
  Input: <- Pipeline #15 [on: PARTITION (id=16), port: default, barrier: FULL]
  Dependencies: Pipeline #15
  Output: -> CONCAT [port: default, barrier: PARTIAL]
Pipeline #17: CONCAT (id=17)
  Input: <- Pipeline #16 [on: CONCAT (id=17), port: default, barrier: PARTIAL]
  Dependencies: Pipeline #16
  Output: -> HASH_JOIN [port: build, barrier: PARTIAL]
Pipeline #18: GPU_SCAN (id=18)
  Output: -> PARTITION [port: default, barrier: FULL]
Pipeline #19: PARTITION (id=19)
  Input: <- Pipeline #18 [on: PARTITION (id=19), port: default, barrier: FULL]
  Dependencies: Pipeline #18
  Output: -> CONCAT [port: default, barrier: PARTIAL]
Pipeline #20: CONCAT (id=20)
  Input: <- Pipeline #19 [on: CONCAT (id=20), port: default, barrier: PARTIAL]
  Dependencies: Pipeline #19
  Output: -> HASH_JOIN [port: build, barrier: PARTIAL]
Pipeline #21: GPU_SCAN (id=21) -> DYNAMIC_FILTER (id=22)
  Output: -> PARTITION [port: default, barrier: PARTIAL]
Pipeline #22: PARTITION (id=23)
  Input: <- Pipeline #21 [on: PARTITION (id=23), port: default, barrier: PARTIAL]
  Dependencies: Pipeline #21
  Output: -> CONCAT [port: default, barrier: PARTIAL]
Pipeline #23: CONCAT (id=24)
  Input: <- Pipeline #22 [on: CONCAT (id=24), port: default, barrier: PARTIAL]
  Dependencies: Pipeline #22
  Output: -> HASH_JOIN [port: default, barrier: PARTIAL]
Pipeline #24: HASH_JOIN (id=25)
  Input: <- Pipeline #20 [on: HASH_JOIN (id=25), port: build, barrier: PARTIAL]
  Input: <- Pipeline #23 [on: HASH_JOIN (id=25), port: default, barrier: PARTIAL]
  Dependencies: Pipeline #20, Pipeline #23
  Output: -> PARTITION [port: default, barrier: PARTIAL]
Pipeline #25: PARTITION (id=26)
  Input: <- Pipeline #24 [on: PARTITION (id=26), port: default, barrier: PARTIAL]
  Dependencies: Pipeline #24
  Output: -> CONCAT [port: default, barrier: PARTIAL]
Pipeline #26: CONCAT (id=27)
  Input: <- Pipeline #25 [on: CONCAT (id=27), port: default, barrier: PARTIAL]
  Dependencies: Pipeline #25
  Output: -> HASH_JOIN [port: default, barrier: PARTIAL]
Pipeline #27: HASH_JOIN (id=28)
  Input: <- Pipeline #17 [on: HASH_JOIN (id=28), port: build, barrier: PARTIAL]
  Input: <- Pipeline #26 [on: HASH_JOIN (id=28), port: default, barrier: PARTIAL]
  Dependencies: Pipeline #17, Pipeline #26
  Output: -> PARTITION [port: default, barrier: PARTIAL]
Pipeline #28: PARTITION (id=29)
  Input: <- Pipeline #27 [on: PARTITION (id=29), port: default, barrier: PARTIAL]
  Dependencies: Pipeline #27
  Output: -> CONCAT [port: default, barrier: PARTIAL]
Pipeline #29: CONCAT (id=30)
  Input: <- Pipeline #28 [on: CONCAT (id=30), port: default, barrier: PARTIAL]
  Dependencies: Pipeline #28
  Output: -> HASH_JOIN [port: default, barrier: PARTIAL]
Pipeline #30: HASH_JOIN (id=31) -> PROJECTION (id=32) -> HASH_GROUP_BY (id=33)
  Input: <- Pipeline #14 [on: HASH_JOIN (id=31), port: build, barrier: PARTIAL]
  Input: <- Pipeline #29 [on: HASH_JOIN (id=31), port: default, barrier: PARTIAL]
  Dependencies: Pipeline #14, Pipeline #29
  Output: -> PARTITION [port: default, barrier: FULL]
Pipeline #31: PARTITION (id=34)
  Input: <- Pipeline #30 [on: PARTITION (id=34), port: default, barrier: FULL]
  Dependencies: Pipeline #30
  Output: -> MERGE_GROUP_BY [port: default, barrier: FULL]
Pipeline #32: MERGE_GROUP_BY (id=35) -> ORDER_BY (id=36)
  Input: <- Pipeline #31 [on: MERGE_GROUP_BY (id=35), port: default, barrier: FULL]
  Dependencies: Pipeline #31
  Output: -> SORT_SAMPLE [port: default, barrier: PIPELINE]
Pipeline #33: SORT_SAMPLE (id=37) -> SORT_PARTITION (id=38)
  Input: <- Pipeline #32 [on: SORT_SAMPLE (id=37), port: default, barrier: PIPELINE]
  Dependencies: Pipeline #32
  Output: -> MERGE_SORT [port: default, barrier: FULL]
Pipeline #34: MERGE_SORT (id=39)
  Input: <- Pipeline #33 [on: MERGE_SORT (id=39), port: default, barrier: FULL]
  Dependencies: Pipeline #33
  Output: -> RESULT_COLLECTOR [port: default, barrier: FULL]
Pipeline #35: RESULT_COLLECTOR (id=40)
  Input: <- Pipeline #34 [on: RESULT_COLLECTOR (id=40), port: default, barrier: FULL]
  Dependencies: Pipeline #34

=== Query Plan DAG ===
┌──────────────────────────┐                                                                                                                                            
│ Pipeline #35             │                                                                                                                                            
│ RESULT_COLLECTOR (id=40) │                                                                                                                                            
│ Input(#34): FULL         │                                                                                                                                            
└────────────┬─────────────┘                                                                                                                                            
             │                                                                                                                                                          
┌──────────────────────────┐                                                                                                                                            
│ Pipeline #34             │                                                                                                                                            
│ MERGE_SORT (id=39)       │                                                                                                                                            
│ Input(#33): FULL         │                                                                                                                                            
└────────────┬─────────────┘                                                                                                                                            
             │                                                                                                                                                          
┌──────────────────────────┐                                                                                                                                            
│ Pipeline #33             │                                                                                                                                            
│ SORT_PARTITION (id=38)   │                                                                                                                                            
│ SORT_SAMPLE (id=37)      │                                                                                                                                            
│ Input(#32): PIPELINE     │                                                                                                                                            
└────────────┬─────────────┘                                                                                                                                            
             │                                                                                                                                                          
┌──────────────────────────┐                                                                                                                                            
│ Pipeline #32             │                                                                                                                                            
│ ORDER_BY (id=36)         │                                                                                                                                            
│ MERGE_GROUP_BY (id=35)   │                                                                                                                                            
│ Input(#31): FULL         │                                                                                                                                            
└────────────┬─────────────┘                                                                                                                                            
             │                                                                                                                                                          
┌──────────────────────────┐                                                                                                                                            
│ Pipeline #31             │                                                                                                                                            
│ PARTITION (id=34)        │                                                                                                                                            
│ Input(#30): FULL         │                                                                                                                                            
└────────────┬─────────────┘                                                                                                                                            
             │                                                                                                                                                          
┌──────────────────────────┐                                                                                                                                            
│ Pipeline #30             │                                                                                                                                            
│ HASH_GROUP_BY (id=33)    │                                                                                                                                            
│ PROJECTION (id=32)       │                                                                                                                                            
│ HASH_JOIN (id=31)        │                                                                                                                                            
│   type: INNER            │                                                                                                                                            
│ Input(#14): PARTIAL      │                                                                                                                                            
│ Input(#29): PARTIAL      │                                                                                                                                            
└────────────┬─────────────┘                                                                                                                                            
             ┌───────────────────────────────────────────────────────────────────────────────────┐                                                                      
             │                                                                                   │                                                                      
┌──────────────────────────┐                                                        ┌──────────────────────────┐                                                        
│ Pipeline #14             │                                                        │ Pipeline #29             │                                                        
│ CONCAT (id=14)           │                                                        │ CONCAT (id=30)           │                                                        
│ Input(#13): PARTIAL      │                                                        │ Input(#28): PARTIAL      │                                                        
└────────────┬─────────────┘                                                        └────────────┬─────────────┘                                                        
             │                                                                                   │                                                                      
┌──────────────────────────┐                                                        ┌──────────────────────────┐                                                        
│ Pipeline #13             │                                                        │ Pipeline #28             │                                                        
│ PARTITION (id=13)        │                                                        │ PARTITION (id=29)        │                                                        
│ Input(#12): FULL         │                                                        │ Input(#27): PARTIAL      │                                                        
└────────────┬─────────────┘                                                        └────────────┬─────────────┘                                                        
             │                                                                                   │                                                                      
┌──────────────────────────┐                                                        ┌──────────────────────────┐                                                        
│ Pipeline #12             │                                                        │ Pipeline #27             │                                                        
│ HASH_JOIN (id=12)        │                                                        │ HASH_JOIN (id=28)        │                                                        
│   type: INNER            │                                                        │   type: INNER            │                                                        
│ Input(#8): PARTIAL       │                                                        │ Input(#17): PARTIAL      │                                                        
│ Input(#11): PARTIAL      │                                                        │ Input(#26): PARTIAL      │                                                        
└────────────┬─────────────┘                                                        └────────────┬─────────────┘                                                        
             ┌───────────────────────────────────────────────────────┐                           ┌───────────────────────────┐                                          
             │                                                       │                           │                           │                                          
┌──────────────────────────┐                            ┌──────────────────────────┐┌──────────────────────────┐┌──────────────────────────┐                            
│ Pipeline #8              │                            │ Pipeline #11             ││ Pipeline #17             ││ Pipeline #26             │                            
│ CONCAT (id=8)            │                            │ CONCAT (id=11)           ││ CONCAT (id=17)           ││ CONCAT (id=27)           │                            
│ Input(#7): PARTIAL       │                            │ Input(#10): PARTIAL      ││ Input(#16): PARTIAL      ││ Input(#25): PARTIAL      │                            
└────────────┬─────────────┘                            └────────────┬─────────────┘└────────────┬─────────────┘└────────────┬─────────────┘                            
             │                                                       │                           │                           │                                          
┌──────────────────────────┐                            ┌──────────────────────────┐┌──────────────────────────┐┌──────────────────────────┐                            
│ Pipeline #7              │                            │ Pipeline #10             ││ Pipeline #16             ││ Pipeline #25             │                            
│ PARTITION (id=7)         │                            │ PARTITION (id=10)        ││ PARTITION (id=16)        ││ PARTITION (id=26)        │                            
│ Input(#6): FULL          │                            │ Input(#9): PARTIAL       ││ Input(#15): FULL         ││ Input(#24): PARTIAL      │                            
└────────────┬─────────────┘                            └────────────┬─────────────┘└────────────┬─────────────┘└────────────┬─────────────┘                            
             │                                                       │                           │                           │                                          
┌──────────────────────────┐                            ┌──────────────────────────┐┌──────────────────────────┐┌──────────────────────────┐                            
│ Pipeline #6              │                            │ Pipeline #9              ││ Pipeline #15             ││ Pipeline #24             │                            
│ HASH_JOIN (id=6)         │                            │ GPU_SCAN (id=9)          ││ GPU_SCAN (id=15)         ││ HASH_JOIN (id=25)        │                            
│   type: INNER            │                            │                          ││                          ││   type: INNER            │                            
│ Input(#2): PARTIAL       │                            │                          ││                          ││ Input(#20): PARTIAL      │                            
│ Input(#5): PARTIAL       │                            │                          ││                          ││ Input(#23): PARTIAL      │                            
└────────────┬─────────────┘                            └──────────────────────────┘└──────────────────────────┘└────────────┬─────────────┘                            
             ┌───────────────────────────┐                                                                                   ┌───────────────────────────┐              
             │                           │                                                                                   │                           │              
┌──────────────────────────┐┌──────────────────────────┐                                                        ┌──────────────────────────┐┌──────────────────────────┐
│ Pipeline #2              ││ Pipeline #5              │                                                        │ Pipeline #20             ││ Pipeline #23             │
│ CONCAT (id=2)            ││ CONCAT (id=5)            │                                                        │ CONCAT (id=20)           ││ CONCAT (id=24)           │
│ Input(#1): PARTIAL       ││ Input(#4): PARTIAL       │                                                        │ Input(#19): PARTIAL      ││ Input(#22): PARTIAL      │
└────────────┬─────────────┘└────────────┬─────────────┘                                                        └────────────┬─────────────┘└────────────┬─────────────┘
             │                           │                                                                                   │                           │              
┌──────────────────────────┐┌──────────────────────────┐                                                        ┌──────────────────────────┐┌──────────────────────────┐
│ Pipeline #1              ││ Pipeline #4              │                                                        │ Pipeline #19             ││ Pipeline #22             │
│ PARTITION (id=1)         ││ PARTITION (id=4)         │                                                        │ PARTITION (id=19)        ││ PARTITION (id=23)        │
│ Input(#0): FULL          ││ Input(#3): PARTIAL       │                                                        │ Input(#18): FULL         ││ Input(#21): PARTIAL      │
└────────────┬─────────────┘└────────────┬─────────────┘                                                        └────────────┬─────────────┘└────────────┬─────────────┘
             │                           │                                                                                   │                           │              
┌──────────────────────────┐┌──────────────────────────┐                                                        ┌──────────────────────────┐┌──────────────────────────┐
│ Pipeline #0              ││ Pipeline #3              │                                                        │ Pipeline #18             ││ Pipeline #21             │
│ GPU_SCAN (id=0)          ││ GPU_SCAN (id=3)          │                                                        │ GPU_SCAN (id=18)         ││ DYNAMIC_FILTER (id=22)   │
│                          ││                          │                                                        │                          ││ GPU_SCAN (id=21)         │
└──────────────────────────┘└──────────────────────────┘                                                        └──────────────────────────┘└──────────────────────────┘

[2026-09-08 04:16:08.315] [info] [sirius_engine.cpp:186] query 62 telemetry_query=01a080bb85fa7b11882b8f56c47f466b
[2026-09-08 04:16:08.315] [info] [sirius_scan_manager.cpp:2999] [sirius_scan_manager] assigned pinned entry 'nation' to operator '0'
[2026-09-08 04:16:08.315] [info] [sirius_scan_manager.cpp:2999] [sirius_scan_manager] assigned pinned entry 'supplier' to operator '3'
[2026-09-08 04:16:08.315] [info] [sirius_scan_manager.cpp:2999] [sirius_scan_manager] assigned pinned entry 'partsupp' to operator '9'
[2026-09-08 04:16:08.315] [info] [sirius_scan_manager.cpp:2999] [sirius_scan_manager] assigned pinned entry 'orders' to operator '15'
[2026-09-08 04:16:08.315] [info] [sirius_scan_manager.cpp:2999] [sirius_scan_manager] assigned pinned entry 'part' to operator '18'
[2026-09-08 04:16:08.316] [info] [sirius_scan_manager.cpp:2999] [sirius_scan_manager] assigned pinned entry 'lineitem' to operator '21'
[2026-09-08 04:16:08.316] [info] [sirius_scan_manager.cpp:884] [late-mat] operator 0: slot0 — installed (16 B/row over 9 boundaries)
[2026-09-08 04:16:08.316] [info] [sirius_scan_manager.cpp:897] [late-mat] operator 0: 1 column(s) withheld — a partition hashes them
[2026-09-08 04:16:08.316] [info] [sirius_scan_manager.cpp:971] [late-mat] operator 0: group-by-rowid ride to ORDER_BY (id=36) through 2 group-by stage(s) — unique key 'n_name', 12 boundaries instead of 9
[2026-09-08 04:16:08.316] [info] [sirius_scan_manager.cpp:1047] [late-mat] operator 0: deferring 1 column(s) to ORDER_BY (id=36) — 16 B/row over 12 boundaries
[2026-09-08 04:16:08.316] [info] [sirius_scan_manager.cpp:897] [late-mat] operator 3: 2 column(s) withheld — a partition hashes them
[2026-09-08 04:16:08.316] [info] [sirius_scan_manager.cpp:884] [late-mat] operator 9: slot0 — deferred value below the floor (0 B/row over 6 boundaries)
[2026-09-08 04:16:08.316] [info] [sirius_scan_manager.cpp:897] [late-mat] operator 9: 2 column(s) withheld — a partition hashes them
[2026-09-08 04:16:08.316] [info] [sirius_scan_manager.cpp:884] [late-mat] operator 15: slot0 — deferred value below the floor (-4 B/row over 6 boundaries)
[2026-09-08 04:16:08.316] [info] [sirius_scan_manager.cpp:897] [late-mat] operator 15: 1 column(s) withheld — a partition hashes them
[2026-09-08 04:16:08.316] [info] [sirius_scan_manager.cpp:897] [late-mat] operator 18: 1 column(s) withheld — a partition hashes them
[2026-09-08 04:16:08.316] [info] [sirius_scan_manager.cpp:884] [late-mat] operator 21: slot0 — installed (16 B/row over 9 boundaries)
[2026-09-08 04:16:08.316] [info] [sirius_scan_manager.cpp:897] [late-mat] operator 21: 3 column(s) withheld — a partition hashes them
[2026-09-08 04:16:08.316] [info] [sirius_scan_manager.cpp:823] [late-mat] operator 21: not deferring — a join on the ride multiplied the rows and nothing collapsed them again, so materializing at the port would gather the fan-out rather than the scan's rows
[2026-09-08 04:16:08.316] [info] [memory_prefetcher.cpp:59] [memory_prefetcher] started: 3 threads, 6 connectors, min_free_fraction=0.40
[2026-09-08 04:16:08.316] [warning] [gpu_pipeline_task.cpp:93] gpu_pipeline_task: operator 'GPU_SCAN' (id=0) output batch 0 column 1 datatype mismatch: got uint32_t, expected cudf::string_view
[2026-09-08 04:16:08.316] [warning] [gpu_pipeline_task.cpp:93] gpu_pipeline_task: operator 'PARTITION' (id=1) output batch 0 column 1 datatype mismatch: got uint32_t, expected cudf::string_view
[2026-09-08 04:16:08.316] [warning] [gpu_pipeline_task.cpp:93] gpu_pipeline_task: operator 'CONCAT' (id=2) output batch 0 column 1 datatype mismatch: got uint32_t, expected cudf::string_view
[2026-09-08 04:16:08.316] [warning] [sirius_physical_partition.cpp:375] slot_for_device: device_id 0 not found in active GPU list, falling back to slot 0
[2026-09-08 04:16:08.318] [warning] [gpu_pipeline_task.cpp:93] gpu_pipeline_task: operator 'HASH_JOIN' (id=6) output batch 0 column 1 datatype mismatch: got uint32_t, expected cudf::string_view
[2026-09-08 04:16:08.318] [warning] [gpu_pipeline_task.cpp:93] gpu_pipeline_task: operator 'PARTITION' (id=7) output batch 0 column 1 datatype mismatch: got uint32_t, expected cudf::string_view
[2026-09-08 04:16:08.318] [warning] [gpu_pipeline_task.cpp:93] gpu_pipeline_task: operator 'CONCAT' (id=8) output batch 0 column 1 datatype mismatch: got uint32_t, expected cudf::string_view
[2026-09-08 04:16:08.322] [warning] [sirius_physical_partition.cpp:375] slot_for_device: device_id 0 not found in active GPU list, falling back to slot 0
[2026-09-08 04:16:08.322] [warning] [sirius_physical_partition.cpp:375] slot_for_device: device_id 0 not found in active GPU list, falling back to slot 0
[2026-09-08 04:16:08.322] [warning] [sirius_physical_hash_join.cpp:1185] In sirius_physical_hash_join:get_next_task_input_data_for_build_probe: no schedulable partition (build/probe already drained) in operator 12
[2026-09-08 04:16:08.474] [warning] [gpu_pipeline_task.cpp:93] gpu_pipeline_task: operator 'HASH_JOIN' (id=12) output batch 0 column 3 datatype mismatch: got uint32_t, expected cudf::string_view
[2026-09-08 04:16:08.474] [warning] [gpu_pipeline_task.cpp:93] gpu_pipeline_task: operator 'HASH_JOIN' (id=12) output batch 0 column 3 datatype mismatch: got uint32_t, expected cudf::string_view
[2026-09-08 04:16:08.474] [warning] [gpu_pipeline_task.cpp:93] gpu_pipeline_task: operator 'PARTITION' (id=13) output batch 0 column 3 datatype mismatch: got uint32_t, expected cudf::string_view
[2026-09-08 04:16:08.474] [warning] [gpu_pipeline_task.cpp:93] gpu_pipeline_task: operator 'PARTITION' (id=13) output batch 0 column 3 datatype mismatch: got uint32_t, expected cudf::string_view
[2026-09-08 04:16:08.501] [warning] [gpu_pipeline_task.cpp:93] gpu_pipeline_task: operator 'CONCAT' (id=14) output batch 0 column 3 datatype mismatch: got uint32_t, expected cudf::string_view
[2026-09-08 04:16:08.548] [info] [dynamic_filter_publisher.cpp:297] [sirius_physical_hash_join] Pushed 1 dynamic filter(s) across 1 active target(s) of 1 wired target(s) (10870459 build rows, 1 bound keys of 1 admitted).
[2026-09-08 04:16:08.679] [warning] [sirius_physical_partition.cpp:375] slot_for_device: device_id 0 not found in active GPU list, falling back to slot 0
[2026-09-08 04:16:08.679] [warning] [sirius_physical_partition.cpp:375] slot_for_device: device_id 0 not found in active GPU list, falling back to slot 0
[2026-09-08 04:16:08.679] [warning] [sirius_physical_partition.cpp:375] slot_for_device: device_id 0 not found in active GPU list, falling back to slot 0
[2026-09-08 04:16:08.680] [warning] [sirius_physical_partition.cpp:375] slot_for_device: device_id 0 not found in active GPU list, falling back to slot 0
[2026-09-08 04:16:08.680] [warning] [sirius_physical_partition.cpp:375] slot_for_device: device_id 0 not found in active GPU list, falling back to slot 0
[2026-09-08 04:16:08.680] [warning] [sirius_physical_partition.cpp:375] slot_for_device: device_id 0 not found in active GPU list, falling back to slot 0
[2026-09-08 04:16:08.680] [warning] [sirius_physical_partition.cpp:375] slot_for_device: device_id 0 not found in active GPU list, falling back to slot 0
[2026-09-08 04:16:08.680] [warning] [sirius_physical_partition.cpp:375] slot_for_device: device_id 0 not found in active GPU list, falling back to slot 0
[2026-09-08 04:16:08.680] [warning] [sirius_physical_partition.cpp:375] slot_for_device: device_id 0 not found in active GPU list, falling back to slot 0
[2026-09-08 04:16:08.680] [warning] [sirius_physical_partition.cpp:375] slot_for_device: device_id 0 not found in active GPU list, falling back to slot 0
[2026-09-08 04:16:08.680] [warning] [sirius_physical_partition.cpp:375] slot_for_device: device_id 0 not found in active GPU list, falling back to slot 0
[2026-09-08 04:16:08.680] [warning] [sirius_physical_partition.cpp:375] slot_for_device: device_id 0 not found in active GPU list, falling back to slot 0
[2026-09-08 04:16:08.680] [warning] [sirius_physical_partition.cpp:375] slot_for_device: device_id 0 not found in active GPU list, falling back to slot 0
[2026-09-08 04:16:08.680] [warning] [sirius_physical_partition.cpp:375] slot_for_device: device_id 0 not found in active GPU list, falling back to slot 0
[2026-09-08 04:16:08.680] [warning] [sirius_physical_partition.cpp:375] slot_for_device: device_id 0 not found in active GPU list, falling back to slot 0
[2026-09-08 04:16:08.680] [warning] [sirius_physical_partition.cpp:375] slot_for_device: device_id 0 not found in active GPU list, falling back to slot 0
[2026-09-08 04:16:08.680] [warning] [sirius_physical_partition.cpp:375] slot_for_device: device_id 0 not found in active GPU list, falling back to slot 0
[2026-09-08 04:16:08.680] [warning] [sirius_physical_partition.cpp:375] slot_for_device: device_id 0 not found in active GPU list, falling back to slot 0
[2026-09-08 04:16:08.680] [warning] [sirius_physical_partition.cpp:375] slot_for_device: device_id 0 not found in active GPU list, falling back to slot 0
[2026-09-08 04:16:08.680] [warning] [sirius_physical_partition.cpp:375] slot_for_device: device_id 0 not found in active GPU list, falling back to slot 0
[2026-09-08 04:16:08.680] [warning] [sirius_physical_partition.cpp:375] slot_for_device: device_id 0 not found in active GPU list, falling back to slot 0
[2026-09-08 04:16:08.680] [warning] [sirius_physical_partition.cpp:375] slot_for_device: device_id 0 not found in active GPU list, falling back to slot 0
[2026-09-08 04:16:08.680] [warning] [sirius_physical_partition.cpp:375] slot_for_device: device_id 0 not found in active GPU list, falling back to slot 0
[2026-09-08 04:16:08.680] [warning] [sirius_physical_partition.cpp:375] slot_for_device: device_id 0 not found in active GPU list, falling back to slot 0
[2026-09-08 04:16:08.728] [warning] [sirius_physical_partition.cpp:375] slot_for_device: device_id 0 not found in active GPU list, falling back to slot 0
[2026-09-08 04:16:08.730] [warning] [sirius_physical_partition.cpp:375] slot_for_device: device_id 0 not found in active GPU list, falling back to slot 0
[2026-09-08 04:16:08.730] [warning] [sirius_physical_partition.cpp:375] slot_for_device: device_id 0 not found in active GPU list, falling back to slot 0
[2026-09-08 04:16:08.731] [warning] [sirius_physical_partition.cpp:375] slot_for_device: device_id 0 not found in active GPU list, falling back to slot 0
[2026-09-08 04:16:08.731] [warning] [sirius_physical_partition.cpp:375] slot_for_device: device_id 0 not found in active GPU list, falling back to slot 0
[2026-09-08 04:16:08.734] [warning] [sirius_physical_partition.cpp:375] slot_for_device: device_id 0 not found in active GPU list, falling back to slot 0
[2026-09-08 04:16:08.734] [warning] [sirius_physical_partition.cpp:375] slot_for_device: device_id 0 not found in active GPU list, falling back to slot 0
[2026-09-08 04:16:08.773] [warning] [sirius_physical_hash_join.cpp:1185] In sirius_physical_hash_join:get_next_task_input_data_for_build_probe: no schedulable partition (build/probe already drained) in operator 28
[2026-09-08 04:16:08.977] [warning] [sirius_physical_hash_join.cpp:1185] In sirius_physical_hash_join:get_next_task_input_data_for_build_probe: no schedulable partition (build/probe already drained) in operator 31
[2026-09-08 04:16:09.155] [warning] [gpu_pipeline_task.cpp:93] gpu_pipeline_task: operator 'HASH_JOIN' (id=31) output batch 0 column 5 datatype mismatch: got uint32_t, expected cudf::string_view
[2026-09-08 04:16:09.159] [warning] [gpu_pipeline_task.cpp:93] gpu_pipeline_task: operator 'HASH_JOIN' (id=31) output batch 0 column 5 datatype mismatch: got uint32_t, expected cudf::string_view
[2026-09-08 04:16:09.170] [warning] [gpu_pipeline_task.cpp:93] gpu_pipeline_task: operator 'PROJECTION' (id=32) output batch 0 column 0 datatype mismatch: got uint32_t, expected cudf::string_view
[2026-09-08 04:16:09.171] [warning] [gpu_pipeline_task.cpp:93] gpu_pipeline_task: operator 'PROJECTION' (id=32) output batch 0 column 0 datatype mismatch: got uint32_t, expected cudf::string_view
[2026-09-08 04:16:09.219] [warning] [gpu_pipeline_task.cpp:93] gpu_pipeline_task: operator 'HASH_GROUP_BY' (id=33) output batch 0 column 0 datatype mismatch: got uint32_t, expected cudf::string_view
[2026-09-08 04:16:09.220] [warning] [gpu_pipeline_task.cpp:93] gpu_pipeline_task: operator 'HASH_GROUP_BY' (id=33) output batch 0 column 0 datatype mismatch: got uint32_t, expected cudf::string_view
[2026-09-08 04:16:09.220] [warning] [gpu_pipeline_task.cpp:93] gpu_pipeline_task: operator 'PARTITION' (id=34) output batch 0 column 0 datatype mismatch: got uint32_t, expected cudf::string_view
[2026-09-08 04:16:09.220] [warning] [gpu_pipeline_task.cpp:93] gpu_pipeline_task: operator 'PARTITION' (id=34) output batch 0 column 0 datatype mismatch: got uint32_t, expected cudf::string_view
[2026-09-08 04:16:09.220] [warning] [gpu_pipeline_task.cpp:93] gpu_pipeline_task: operator 'MERGE_GROUP_BY' (id=35) output batch 0 column 0 datatype mismatch: got uint32_t, expected cudf::string_view
[2026-09-08 04:16:09.222] [info] [gpu_pipeline_executor.cpp:129] GPU Pipeline Executor: task queue interrupted, stopping manager loop
[2026-09-08 04:16:09.222] [info] [sirius_context.cpp:405] QueryEnd
[2026-09-08 04:16:09.222] [info] [memory_prefetcher.cpp:72] [memory_prefetcher] stopping: prefetched 0 batches / 0 bytes (stops: headroom=0 reservation=0, skips: lock=0 draining=520, errors=0)
[2026-09-08 04:16:09.223] [info] [sirius_context.cpp:256] [host_pool] HOST:0 QueryEnd instance=0xe1f9f1960370 connection=1 window=62 query=147 allocated=17515413504 bytes peak=45432700928 bytes free_blocks=2875
[2026-09-08 04:16:09.223] [info] [sirius_context.cpp:271] [gpu_pool] GPU:0 QueryEnd instance=0xe1f9f1960370 connection=1 window=62 query=147 allocated=118758872832 bytes peak=248099864371 bytes reserved=0 bytes
[2026-09-08 04:16:09.223] [info] [sirius_context.cpp:521] [window] end instance=0xe1f9f1960370 connection=1 window=62 query=147 outcome=ok
[2026-09-08 04:16:09.223] [info] [physical_sirius_execution.cpp:327] Transparent GPU execution: query completed
[2026-09-08 04:16:09.241] [info] [sirius_context.cpp:329] QueryBegin: instance=0xe1f9f1960370 connection=1 query=148 SQL: CALL sirius_set_query_label('q9_iter2')
[2026-09-08 04:16:09.242] [info] [sirius_context.cpp:329] QueryBegin: instance=0xe1f9f1960370 connection=1 query=149 SQL: SET gpu_execution = true;
[2026-09-08 04:16:09.242] [info] [sirius_context.cpp:329] QueryBegin: instance=0xe1f9f1960370 connection=1 query=150 SQL: select nation, o_year, sum(amount) as sum_profit from ( select n.n_name as nation, extract(year from o.o_orderdate) as o_year, l.l_extendedprice * (1 - l.l_discount) - ps.ps_supplycost * l.l_quantity as amount from part p, supplier s, lineitem l, partsupp ps, orders o, nation n where s.s_suppkey = l.l_suppkey and ps.ps_suppkey = l.l_suppkey and ps.ps_partkey = l.l_partkey and p.p_partkey = l.l_partkey and o.o_orderkey = l.l_orderkey and s.s_nationkey = n.n_nationkey and p.p_name like '%yellow%' ) as profit group by nation, o_year order by nation, o_year desc
[2026-09-08 04:16:09.262] [info] [sirius_plan_comparison_join.cpp:646] [sirius_plan_comparison_join] Wired hash join with 1 dynamic-filter probe target(s) (1 scan-bound, 0 join-edge; evidence=filtered; build est 199999968 rows).
[2026-09-08 04:16:09.262] [info] [sirius_plan_comparison_join.cpp:662] [sirius_plan_comparison_join] Not wiring dynamic filter(s): build side carries neither filter nor opaque-build evidence (build est 1513881600 rows).
[2026-09-08 04:16:09.262] [info] [sirius_plan_comparison_join.cpp:662] [sirius_plan_comparison_join] Not wiring dynamic filter(s): build side carries neither filter nor opaque-build evidence (build est 25 rows).
[2026-09-08 04:16:09.262] [info] [sirius_plan_comparison_join.cpp:662] [sirius_plan_comparison_join] Not wiring dynamic filter(s): build side carries neither filter nor opaque-build evidence (build est 10000000 rows).
[2026-09-08 04:16:09.262] [info] [sirius_plan_comparison_join.cpp:662] [sirius_plan_comparison_join] Not wiring dynamic filter(s): build side carries neither filter nor opaque-build evidence (build est 799997952 rows).
[2026-09-08 04:16:09.263] [info] [sirius_context.cpp:1467] Transparent execution: Sirius physical plan generated successfully
[2026-09-08 04:16:09.263] [info] [sirius_context.cpp:1495] Transparent execution: physical plan replaced with GPU operator
[2026-09-08 04:16:09.263] [info] [physical_sirius_execution.cpp:157] Transparent GPU execution: executing query
[2026-09-08 04:16:09.263] [info] [sirius_context.cpp:521] [window] begin instance=0xe1f9f1960370 connection=1 window=63 query=150 outcome=-
[2026-09-08 04:16:09.263] [info] [sirius_context.cpp:256] [host_pool] HOST:0 QueryBegin instance=0xe1f9f1960370 connection=1 window=63 query=150 allocated=17515413504 bytes peak=45432700928 bytes free_blocks=2875
[2026-09-08 04:16:09.263] [info] [sirius_context.cpp:271] [gpu_pool] GPU:0 QueryBegin instance=0xe1f9f1960370 connection=1 window=63 query=150 allocated=118758872832 bytes peak=248099864371 bytes reserved=0 bytes
[2026-09-08 04:16:09.263] [info] [sirius_context.cpp:389] QueryBegin: transparent_execution
[2026-09-08 04:16:09.269] [info] [sirius_plan_comparison_join.cpp:646] [sirius_plan_comparison_join] Wired hash join with 1 dynamic-filter probe target(s) (1 scan-bound, 0 join-edge; evidence=filtered; build est 199999968 rows).
[2026-09-08 04:16:09.269] [info] [sirius_plan_comparison_join.cpp:662] [sirius_plan_comparison_join] Not wiring dynamic filter(s): build side carries neither filter nor opaque-build evidence (build est 1513881600 rows).
[2026-09-08 04:16:09.269] [info] [sirius_plan_comparison_join.cpp:662] [sirius_plan_comparison_join] Not wiring dynamic filter(s): build side carries neither filter nor opaque-build evidence (build est 25 rows).
[2026-09-08 04:16:09.269] [info] [sirius_plan_comparison_join.cpp:662] [sirius_plan_comparison_join] Not wiring dynamic filter(s): build side carries neither filter nor opaque-build evidence (build est 10000000 rows).
[2026-09-08 04:16:09.269] [info] [sirius_plan_comparison_join.cpp:662] [sirius_plan_comparison_join] Not wiring dynamic filter(s): build side carries neither filter nor opaque-build evidence (build est 799997952 rows).
[2026-09-08 04:16:09.270] [info] [sirius_engine.cpp:265] [gpu_alloc] query allocated 1 GPU(s): [0]
[2026-09-08 04:16:09.270] [info] [sirius_engine.cpp:318] Query Plan:
=== Pipeline Overview ===
Pipeline #0: GPU_SCAN (id=0)
  Output: -> PARTITION [port: default, barrier: FULL]
Pipeline #1: PARTITION (id=1)
  Input: <- Pipeline #0 [on: PARTITION (id=1), port: default, barrier: FULL]
  Dependencies: Pipeline #0
  Output: -> CONCAT [port: default, barrier: PARTIAL]
Pipeline #2: CONCAT (id=2)
  Input: <- Pipeline #1 [on: CONCAT (id=2), port: default, barrier: PARTIAL]
  Dependencies: Pipeline #1
  Output: -> HASH_JOIN [port: build, barrier: PARTIAL]
Pipeline #3: GPU_SCAN (id=3)
  Output: -> PARTITION [port: default, barrier: PARTIAL]
Pipeline #4: PARTITION (id=4)
  Input: <- Pipeline #3 [on: PARTITION (id=4), port: default, barrier: PARTIAL]
  Dependencies: Pipeline #3
  Output: -> CONCAT [port: default, barrier: PARTIAL]
Pipeline #5: CONCAT (id=5)
  Input: <- Pipeline #4 [on: CONCAT (id=5), port: default, barrier: PARTIAL]
  Dependencies: Pipeline #4
  Output: -> HASH_JOIN [port: default, barrier: PARTIAL]
Pipeline #6: HASH_JOIN (id=6)
  Input: <- Pipeline #2 [on: HASH_JOIN (id=6), port: build, barrier: PARTIAL]
  Input: <- Pipeline #5 [on: HASH_JOIN (id=6), port: default, barrier: PARTIAL]
  Dependencies: Pipeline #2, Pipeline #5
  Output: -> PARTITION [port: default, barrier: FULL]
Pipeline #7: PARTITION (id=7)
  Input: <- Pipeline #6 [on: PARTITION (id=7), port: default, barrier: FULL]
  Dependencies: Pipeline #6
  Output: -> CONCAT [port: default, barrier: PARTIAL]
Pipeline #8: CONCAT (id=8)
  Input: <- Pipeline #7 [on: CONCAT (id=8), port: default, barrier: PARTIAL]
  Dependencies: Pipeline #7
  Output: -> HASH_JOIN [port: build, barrier: PARTIAL]
Pipeline #9: GPU_SCAN (id=9)
  Output: -> PARTITION [port: default, barrier: PARTIAL]
Pipeline #10: PARTITION (id=10)
  Input: <- Pipeline #9 [on: PARTITION (id=10), port: default, barrier: PARTIAL]
  Dependencies: Pipeline #9
  Output: -> CONCAT [port: default, barrier: PARTIAL]
Pipeline #11: CONCAT (id=11)
  Input: <- Pipeline #10 [on: CONCAT (id=11), port: default, barrier: PARTIAL]
  Dependencies: Pipeline #10
  Output: -> HASH_JOIN [port: default, barrier: PARTIAL]
Pipeline #12: HASH_JOIN (id=12)
  Input: <- Pipeline #8 [on: HASH_JOIN (id=12), port: build, barrier: PARTIAL]
  Input: <- Pipeline #11 [on: HASH_JOIN (id=12), port: default, barrier: PARTIAL]
  Dependencies: Pipeline #8, Pipeline #11
  Output: -> PARTITION [port: default, barrier: FULL]
Pipeline #13: PARTITION (id=13)
  Input: <- Pipeline #12 [on: PARTITION (id=13), port: default, barrier: FULL]
  Dependencies: Pipeline #12
  Output: -> CONCAT [port: default, barrier: PARTIAL]
Pipeline #14: CONCAT (id=14)
  Input: <- Pipeline #13 [on: CONCAT (id=14), port: default, barrier: PARTIAL]
  Dependencies: Pipeline #13
  Output: -> HASH_JOIN [port: build, barrier: PARTIAL]
Pipeline #15: GPU_SCAN (id=15)
  Output: -> PARTITION [port: default, barrier: FULL]
Pipeline #16: PARTITION (id=16)
  Input: <- Pipeline #15 [on: PARTITION (id=16), port: default, barrier: FULL]
  Dependencies: Pipeline #15
  Output: -> CONCAT [port: default, barrier: PARTIAL]
Pipeline #17: CONCAT (id=17)
  Input: <- Pipeline #16 [on: CONCAT (id=17), port: default, barrier: PARTIAL]
  Dependencies: Pipeline #16
  Output: -> HASH_JOIN [port: build, barrier: PARTIAL]
Pipeline #18: GPU_SCAN (id=18)
  Output: -> PARTITION [port: default, barrier: FULL]
Pipeline #19: PARTITION (id=19)
  Input: <- Pipeline #18 [on: PARTITION (id=19), port: default, barrier: FULL]
  Dependencies: Pipeline #18
  Output: -> CONCAT [port: default, barrier: PARTIAL]
Pipeline #20: CONCAT (id=20)
  Input: <- Pipeline #19 [on: CONCAT (id=20), port: default, barrier: PARTIAL]
  Dependencies: Pipeline #19
  Output: -> HASH_JOIN [port: build, barrier: PARTIAL]
Pipeline #21: GPU_SCAN (id=21) -> DYNAMIC_FILTER (id=22)
  Output: -> PARTITION [port: default, barrier: PARTIAL]
Pipeline #22: PARTITION (id=23)
  Input: <- Pipeline #21 [on: PARTITION (id=23), port: default, barrier: PARTIAL]
  Dependencies: Pipeline #21
  Output: -> CONCAT [port: default, barrier: PARTIAL]
Pipeline #23: CONCAT (id=24)
  Input: <- Pipeline #22 [on: CONCAT (id=24), port: default, barrier: PARTIAL]
  Dependencies: Pipeline #22
  Output: -> HASH_JOIN [port: default, barrier: PARTIAL]
Pipeline #24: HASH_JOIN (id=25)
  Input: <- Pipeline #20 [on: HASH_JOIN (id=25), port: build, barrier: PARTIAL]
  Input: <- Pipeline #23 [on: HASH_JOIN (id=25), port: default, barrier: PARTIAL]
  Dependencies: Pipeline #20, Pipeline #23
  Output: -> PARTITION [port: default, barrier: PARTIAL]
Pipeline #25: PARTITION (id=26)
  Input: <- Pipeline #24 [on: PARTITION (id=26), port: default, barrier: PARTIAL]
  Dependencies: Pipeline #24
  Output: -> CONCAT [port: default, barrier: PARTIAL]
Pipeline #26: CONCAT (id=27)
  Input: <- Pipeline #25 [on: CONCAT (id=27), port: default, barrier: PARTIAL]
  Dependencies: Pipeline #25
  Output: -> HASH_JOIN [port: default, barrier: PARTIAL]
Pipeline #27: HASH_JOIN (id=28)
  Input: <- Pipeline #17 [on: HASH_JOIN (id=28), port: build, barrier: PARTIAL]
  Input: <- Pipeline #26 [on: HASH_JOIN (id=28), port: default, barrier: PARTIAL]
  Dependencies: Pipeline #17, Pipeline #26
  Output: -> PARTITION [port: default, barrier: PARTIAL]
Pipeline #28: PARTITION (id=29)
  Input: <- Pipeline #27 [on: PARTITION (id=29), port: default, barrier: PARTIAL]
  Dependencies: Pipeline #27
  Output: -> CONCAT [port: default, barrier: PARTIAL]
Pipeline #29: CONCAT (id=30)
  Input: <- Pipeline #28 [on: CONCAT (id=30), port: default, barrier: PARTIAL]
  Dependencies: Pipeline #28
  Output: -> HASH_JOIN [port: default, barrier: PARTIAL]
Pipeline #30: HASH_JOIN (id=31) -> PROJECTION (id=32) -> HASH_GROUP_BY (id=33)
  Input: <- Pipeline #14 [on: HASH_JOIN (id=31), port: build, barrier: PARTIAL]
  Input: <- Pipeline #29 [on: HASH_JOIN (id=31), port: default, barrier: PARTIAL]
  Dependencies: Pipeline #14, Pipeline #29
  Output: -> PARTITION [port: default, barrier: FULL]
Pipeline #31: PARTITION (id=34)
  Input: <- Pipeline #30 [on: PARTITION (id=34), port: default, barrier: FULL]
  Dependencies: Pipeline #30
  Output: -> MERGE_GROUP_BY [port: default, barrier: FULL]
Pipeline #32: MERGE_GROUP_BY (id=35) -> ORDER_BY (id=36)
  Input: <- Pipeline #31 [on: MERGE_GROUP_BY (id=35), port: default, barrier: FULL]
  Dependencies: Pipeline #31
  Output: -> SORT_SAMPLE [port: default, barrier: PIPELINE]
Pipeline #33: SORT_SAMPLE (id=37) -> SORT_PARTITION (id=38)
  Input: <- Pipeline #32 [on: SORT_SAMPLE (id=37), port: default, barrier: PIPELINE]
  Dependencies: Pipeline #32
  Output: -> MERGE_SORT [port: default, barrier: FULL]
Pipeline #34: MERGE_SORT (id=39)
  Input: <- Pipeline #33 [on: MERGE_SORT (id=39), port: default, barrier: FULL]
  Dependencies: Pipeline #33
  Output: -> RESULT_COLLECTOR [port: default, barrier: FULL]
Pipeline #35: RESULT_COLLECTOR (id=40)
  Input: <- Pipeline #34 [on: RESULT_COLLECTOR (id=40), port: default, barrier: FULL]
  Dependencies: Pipeline #34

=== Query Plan DAG ===
┌──────────────────────────┐                                                                                                                                            
│ Pipeline #35             │                                                                                                                                            
│ RESULT_COLLECTOR (id=40) │                                                                                                                                            
│ Input(#34): FULL         │                                                                                                                                            
└────────────┬─────────────┘                                                                                                                                            
             │                                                                                                                                                          
┌──────────────────────────┐                                                                                                                                            
│ Pipeline #34             │                                                                                                                                            
│ MERGE_SORT (id=39)       │                                                                                                                                            
│ Input(#33): FULL         │                                                                                                                                            
└────────────┬─────────────┘                                                                                                                                            
             │                                                                                                                                                          
┌──────────────────────────┐                                                                                                                                            
│ Pipeline #33             │                                                                                                                                            
│ SORT_PARTITION (id=38)   │                                                                                                                                            
│ SORT_SAMPLE (id=37)      │                                                                                                                                            
│ Input(#32): PIPELINE     │                                                                                                                                            
└────────────┬─────────────┘                                                                                                                                            
             │                                                                                                                                                          
┌──────────────────────────┐                                                                                                                                            
│ Pipeline #32             │                                                                                                                                            
│ ORDER_BY (id=36)         │                                                                                                                                            
│ MERGE_GROUP_BY (id=35)   │                                                                                                                                            
│ Input(#31): FULL         │                                                                                                                                            
└────────────┬─────────────┘                                                                                                                                            
             │                                                                                                                                                          
┌──────────────────────────┐                                                                                                                                            
│ Pipeline #31             │                                                                                                                                            
│ PARTITION (id=34)        │                                                                                                                                            
│ Input(#30): FULL         │                                                                                                                                            
└────────────┬─────────────┘                                                                                                                                            
             │                                                                                                                                                          
┌──────────────────────────┐                                                                                                                                            
│ Pipeline #30             │                                                                                                                                            
│ HASH_GROUP_BY (id=33)    │                                                                                                                                            
│ PROJECTION (id=32)       │                                                                                                                                            
│ HASH_JOIN (id=31)        │                                                                                                                                            
│   type: INNER            │                                                                                                                                            
│ Input(#14): PARTIAL      │                                                                                                                                            
│ Input(#29): PARTIAL      │                                                                                                                                            
└────────────┬─────────────┘                                                                                                                                            
             ┌───────────────────────────────────────────────────────────────────────────────────┐                                                                      
             │                                                                                   │                                                                      
┌──────────────────────────┐                                                        ┌──────────────────────────┐                                                        
│ Pipeline #14             │                                                        │ Pipeline #29             │                                                        
│ CONCAT (id=14)           │                                                        │ CONCAT (id=30)           │                                                        
│ Input(#13): PARTIAL      │                                                        │ Input(#28): PARTIAL      │                                                        
└────────────┬─────────────┘                                                        └────────────┬─────────────┘                                                        
             │                                                                                   │                                                                      
┌──────────────────────────┐                                                        ┌──────────────────────────┐                                                        
│ Pipeline #13             │                                                        │ Pipeline #28             │                                                        
│ PARTITION (id=13)        │                                                        │ PARTITION (id=29)        │                                                        
│ Input(#12): FULL         │                                                        │ Input(#27): PARTIAL      │                                                        
└────────────┬─────────────┘                                                        └────────────┬─────────────┘                                                        
             │                                                                                   │                                                                      
┌──────────────────────────┐                                                        ┌──────────────────────────┐                                                        
│ Pipeline #12             │                                                        │ Pipeline #27             │                                                        
│ HASH_JOIN (id=12)        │                                                        │ HASH_JOIN (id=28)        │                                                        
│   type: INNER            │                                                        │   type: INNER            │                                                        
│ Input(#8): PARTIAL       │                                                        │ Input(#17): PARTIAL      │                                                        
│ Input(#11): PARTIAL      │                                                        │ Input(#26): PARTIAL      │                                                        
└────────────┬─────────────┘                                                        └────────────┬─────────────┘                                                        
             ┌───────────────────────────────────────────────────────┐                           ┌───────────────────────────┐                                          
             │                                                       │                           │                           │                                          
┌──────────────────────────┐                            ┌──────────────────────────┐┌──────────────────────────┐┌──────────────────────────┐                            
│ Pipeline #8              │                            │ Pipeline #11             ││ Pipeline #17             ││ Pipeline #26             │                            
│ CONCAT (id=8)            │                            │ CONCAT (id=11)           ││ CONCAT (id=17)           ││ CONCAT (id=27)           │                            
│ Input(#7): PARTIAL       │                            │ Input(#10): PARTIAL      ││ Input(#16): PARTIAL      ││ Input(#25): PARTIAL      │                            
└────────────┬─────────────┘                            └────────────┬─────────────┘└────────────┬─────────────┘└────────────┬─────────────┘                            
             │                                                       │                           │                           │                                          
┌──────────────────────────┐                            ┌──────────────────────────┐┌──────────────────────────┐┌──────────────────────────┐                            
│ Pipeline #7              │                            │ Pipeline #10             ││ Pipeline #16             ││ Pipeline #25             │                            
│ PARTITION (id=7)         │                            │ PARTITION (id=10)        ││ PARTITION (id=16)        ││ PARTITION (id=26)        │                            
│ Input(#6): FULL          │                            │ Input(#9): PARTIAL       ││ Input(#15): FULL         ││ Input(#24): PARTIAL      │                            
└────────────┬─────────────┘                            └────────────┬─────────────┘└────────────┬─────────────┘└────────────┬─────────────┘                            
             │                                                       │                           │                           │                                          
┌──────────────────────────┐                            ┌──────────────────────────┐┌──────────────────────────┐┌──────────────────────────┐                            
│ Pipeline #6              │                            │ Pipeline #9              ││ Pipeline #15             ││ Pipeline #24             │                            
│ HASH_JOIN (id=6)         │                            │ GPU_SCAN (id=9)          ││ GPU_SCAN (id=15)         ││ HASH_JOIN (id=25)        │                            
│   type: INNER            │                            │                          ││                          ││   type: INNER            │                            
│ Input(#2): PARTIAL       │                            │                          ││                          ││ Input(#20): PARTIAL      │                            
│ Input(#5): PARTIAL       │                            │                          ││                          ││ Input(#23): PARTIAL      │                            
└────────────┬─────────────┘                            └──────────────────────────┘└──────────────────────────┘└────────────┬─────────────┘                            
             ┌───────────────────────────┐                                                                                   ┌───────────────────────────┐              
             │                           │                                                                                   │                           │              
┌──────────────────────────┐┌──────────────────────────┐                                                        ┌──────────────────────────┐┌──────────────────────────┐
│ Pipeline #2              ││ Pipeline #5              │                                                        │ Pipeline #20             ││ Pipeline #23             │
│ CONCAT (id=2)            ││ CONCAT (id=5)            │                                                        │ CONCAT (id=20)           ││ CONCAT (id=24)           │
│ Input(#1): PARTIAL       ││ Input(#4): PARTIAL       │                                                        │ Input(#19): PARTIAL      ││ Input(#22): PARTIAL      │
└────────────┬─────────────┘└────────────┬─────────────┘                                                        └────────────┬─────────────┘└────────────┬─────────────┘
             │                           │                                                                                   │                           │              
┌──────────────────────────┐┌──────────────────────────┐                                                        ┌──────────────────────────┐┌──────────────────────────┐
│ Pipeline #1              ││ Pipeline #4              │                                                        │ Pipeline #19             ││ Pipeline #22             │
│ PARTITION (id=1)         ││ PARTITION (id=4)         │                                                        │ PARTITION (id=19)        ││ PARTITION (id=23)        │
│ Input(#0): FULL          ││ Input(#3): PARTIAL       │                                                        │ Input(#18): FULL         ││ Input(#21): PARTIAL      │
└────────────┬─────────────┘└────────────┬─────────────┘                                                        └────────────┬─────────────┘└────────────┬─────────────┘
             │                           │                                                                                   │                           │              
┌──────────────────────────┐┌──────────────────────────┐                                                        ┌──────────────────────────┐┌──────────────────────────┐
│ Pipeline #0              ││ Pipeline #3              │                                                        │ Pipeline #18             ││ Pipeline #21             │
│ GPU_SCAN (id=0)          ││ GPU_SCAN (id=3)          │                                                        │ GPU_SCAN (id=18)         ││ DYNAMIC_FILTER (id=22)   │
│                          ││                          │                                                        │                          ││ GPU_SCAN (id=21)         │
└──────────────────────────┘└──────────────────────────┘                                                        └──────────────────────────┘└──────────────────────────┘

[2026-09-08 04:16:09.270] [info] [sirius_engine.cpp:186] query 63 telemetry_query=01a080bb89b67d639ae1ceab32bec8e6
[2026-09-08 04:16:09.270] [info] [sirius_scan_manager.cpp:2999] [sirius_scan_manager] assigned pinned entry 'nation' to operator '0'
[2026-09-08 04:16:09.270] [info] [sirius_scan_manager.cpp:2999] [sirius_scan_manager] assigned pinned entry 'supplier' to operator '3'
[2026-09-08 04:16:09.270] [info] [sirius_scan_manager.cpp:2999] [sirius_scan_manager] assigned pinned entry 'partsupp' to operator '9'
[2026-09-08 04:16:09.270] [info] [sirius_scan_manager.cpp:2999] [sirius_scan_manager] assigned pinned entry 'orders' to operator '15'
[2026-09-08 04:16:09.270] [info] [sirius_scan_manager.cpp:2999] [sirius_scan_manager] assigned pinned entry 'part' to operator '18'
[2026-09-08 04:16:09.271] [info] [sirius_scan_manager.cpp:2999] [sirius_scan_manager] assigned pinned entry 'lineitem' to operator '21'
[2026-09-08 04:16:09.271] [info] [sirius_scan_manager.cpp:884] [late-mat] operator 0: slot0 — installed (16 B/row over 9 boundaries)
[2026-09-08 04:16:09.271] [info] [sirius_scan_manager.cpp:897] [late-mat] operator 0: 1 column(s) withheld — a partition hashes them
[2026-09-08 04:16:09.271] [info] [sirius_scan_manager.cpp:971] [late-mat] operator 0: group-by-rowid ride to ORDER_BY (id=36) through 2 group-by stage(s) — unique key 'n_name', 12 boundaries instead of 9
[2026-09-08 04:16:09.271] [info] [sirius_scan_manager.cpp:1047] [late-mat] operator 0: deferring 1 column(s) to ORDER_BY (id=36) — 16 B/row over 12 boundaries
[2026-09-08 04:16:09.271] [info] [sirius_scan_manager.cpp:897] [late-mat] operator 3: 2 column(s) withheld — a partition hashes them
[2026-09-08 04:16:09.271] [info] [sirius_scan_manager.cpp:884] [late-mat] operator 9: slot0 — deferred value below the floor (0 B/row over 6 boundaries)
[2026-09-08 04:16:09.271] [info] [sirius_scan_manager.cpp:897] [late-mat] operator 9: 2 column(s) withheld — a partition hashes them
[2026-09-08 04:16:09.271] [info] [sirius_scan_manager.cpp:884] [late-mat] operator 15: slot0 — deferred value below the floor (-4 B/row over 6 boundaries)
[2026-09-08 04:16:09.271] [info] [sirius_scan_manager.cpp:897] [late-mat] operator 15: 1 column(s) withheld — a partition hashes them
[2026-09-08 04:16:09.271] [info] [sirius_scan_manager.cpp:897] [late-mat] operator 18: 1 column(s) withheld — a partition hashes them
[2026-09-08 04:16:09.271] [info] [sirius_scan_manager.cpp:884] [late-mat] operator 21: slot0 — installed (16 B/row over 9 boundaries)
[2026-09-08 04:16:09.271] [info] [sirius_scan_manager.cpp:897] [late-mat] operator 21: 3 column(s) withheld — a partition hashes them
[2026-09-08 04:16:09.271] [info] [sirius_scan_manager.cpp:823] [late-mat] operator 21: not deferring — a join on the ride multiplied the rows and nothing collapsed them again, so materializing at the port would gather the fan-out rather than the scan's rows
[2026-09-08 04:16:09.271] [info] [memory_prefetcher.cpp:59] [memory_prefetcher] started: 3 threads, 6 connectors, min_free_fraction=0.40
[2026-09-08 04:16:09.271] [warning] [gpu_pipeline_task.cpp:93] gpu_pipeline_task: operator 'GPU_SCAN' (id=0) output batch 0 column 1 datatype mismatch: got uint32_t, expected cudf::string_view
[2026-09-08 04:16:09.271] [warning] [gpu_pipeline_task.cpp:93] gpu_pipeline_task: operator 'PARTITION' (id=1) output batch 0 column 1 datatype mismatch: got uint32_t, expected cudf::string_view
[2026-09-08 04:16:09.271] [warning] [gpu_pipeline_task.cpp:93] gpu_pipeline_task: operator 'CONCAT' (id=2) output batch 0 column 1 datatype mismatch: got uint32_t, expected cudf::string_view
[2026-09-08 04:16:09.272] [warning] [sirius_physical_partition.cpp:375] slot_for_device: device_id 0 not found in active GPU list, falling back to slot 0
[2026-09-08 04:16:09.273] [warning] [gpu_pipeline_task.cpp:93] gpu_pipeline_task: operator 'HASH_JOIN' (id=6) output batch 0 column 1 datatype mismatch: got uint32_t, expected cudf::string_view
[2026-09-08 04:16:09.273] [warning] [gpu_pipeline_task.cpp:93] gpu_pipeline_task: operator 'PARTITION' (id=7) output batch 0 column 1 datatype mismatch: got uint32_t, expected cudf::string_view
[2026-09-08 04:16:09.273] [warning] [gpu_pipeline_task.cpp:93] gpu_pipeline_task: operator 'CONCAT' (id=8) output batch 0 column 1 datatype mismatch: got uint32_t, expected cudf::string_view
[2026-09-08 04:16:09.277] [warning] [sirius_physical_partition.cpp:375] slot_for_device: device_id 0 not found in active GPU list, falling back to slot 0
[2026-09-08 04:16:09.277] [warning] [sirius_physical_partition.cpp:375] slot_for_device: device_id 0 not found in active GPU list, falling back to slot 0
[2026-09-08 04:16:09.428] [warning] [gpu_pipeline_task.cpp:93] gpu_pipeline_task: operator 'HASH_JOIN' (id=12) output batch 0 column 3 datatype mismatch: got uint32_t, expected cudf::string_view
[2026-09-08 04:16:09.429] [warning] [gpu_pipeline_task.cpp:93] gpu_pipeline_task: operator 'HASH_JOIN' (id=12) output batch 0 column 3 datatype mismatch: got uint32_t, expected cudf::string_view
[2026-09-08 04:16:09.429] [warning] [gpu_pipeline_task.cpp:93] gpu_pipeline_task: operator 'PARTITION' (id=13) output batch 0 column 3 datatype mismatch: got uint32_t, expected cudf::string_view
[2026-09-08 04:16:09.429] [warning] [gpu_pipeline_task.cpp:93] gpu_pipeline_task: operator 'PARTITION' (id=13) output batch 0 column 3 datatype mismatch: got uint32_t, expected cudf::string_view
[2026-09-08 04:16:09.456] [warning] [gpu_pipeline_task.cpp:93] gpu_pipeline_task: operator 'CONCAT' (id=14) output batch 0 column 3 datatype mismatch: got uint32_t, expected cudf::string_view
[2026-09-08 04:16:09.504] [info] [dynamic_filter_publisher.cpp:297] [sirius_physical_hash_join] Pushed 1 dynamic filter(s) across 1 active target(s) of 1 wired target(s) (10870459 build rows, 1 bound keys of 1 admitted).
[2026-09-08 04:16:09.635] [warning] [sirius_physical_partition.cpp:375] slot_for_device: device_id 0 not found in active GPU list, falling back to slot 0
[2026-09-08 04:16:09.636] [warning] [sirius_physical_partition.cpp:375] slot_for_device: device_id 0 not found in active GPU list, falling back to slot 0
[2026-09-08 04:16:09.636] [warning] [sirius_physical_partition.cpp:375] slot_for_device: device_id 0 not found in active GPU list, falling back to slot 0
[2026-09-08 04:16:09.636] [warning] [sirius_physical_partition.cpp:375] slot_for_device: device_id 0 not found in active GPU list, falling back to slot 0
[2026-09-08 04:16:09.636] [warning] [sirius_physical_partition.cpp:375] slot_for_device: device_id 0 not found in active GPU list, falling back to slot 0
[2026-09-08 04:16:09.636] [warning] [sirius_physical_partition.cpp:375] slot_for_device: device_id 0 not found in active GPU list, falling back to slot 0
[2026-09-08 04:16:09.636] [warning] [sirius_physical_partition.cpp:375] slot_for_device: device_id 0 not found in active GPU list, falling back to slot 0
[2026-09-08 04:16:09.636] [warning] [sirius_physical_partition.cpp:375] slot_for_device: device_id 0 not found in active GPU list, falling back to slot 0
[2026-09-08 04:16:09.636] [warning] [sirius_physical_partition.cpp:375] slot_for_device: device_id 0 not found in active GPU list, falling back to slot 0
[2026-09-08 04:16:09.636] [warning] [sirius_physical_partition.cpp:375] slot_for_device: device_id 0 not found in active GPU list, falling back to slot 0
[2026-09-08 04:16:09.636] [warning] [sirius_physical_partition.cpp:375] slot_for_device: device_id 0 not found in active GPU list, falling back to slot 0
[2026-09-08 04:16:09.636] [warning] [sirius_physical_partition.cpp:375] slot_for_device: device_id 0 not found in active GPU list, falling back to slot 0
[2026-09-08 04:16:09.636] [warning] [sirius_physical_partition.cpp:375] slot_for_device: device_id 0 not found in active GPU list, falling back to slot 0
[2026-09-08 04:16:09.636] [warning] [sirius_physical_partition.cpp:375] slot_for_device: device_id 0 not found in active GPU list, falling back to slot 0
[2026-09-08 04:16:09.636] [warning] [sirius_physical_partition.cpp:375] slot_for_device: device_id 0 not found in active GPU list, falling back to slot 0
[2026-09-08 04:16:09.636] [warning] [sirius_physical_partition.cpp:375] slot_for_device: device_id 0 not found in active GPU list, falling back to slot 0
[2026-09-08 04:16:09.636] [warning] [sirius_physical_partition.cpp:375] slot_for_device: device_id 0 not found in active GPU list, falling back to slot 0
[2026-09-08 04:16:09.636] [warning] [sirius_physical_partition.cpp:375] slot_for_device: device_id 0 not found in active GPU list, falling back to slot 0
[2026-09-08 04:16:09.636] [warning] [sirius_physical_partition.cpp:375] slot_for_device: device_id 0 not found in active GPU list, falling back to slot 0
[2026-09-08 04:16:09.636] [warning] [sirius_physical_partition.cpp:375] slot_for_device: device_id 0 not found in active GPU list, falling back to slot 0
[2026-09-08 04:16:09.636] [warning] [sirius_physical_partition.cpp:375] slot_for_device: device_id 0 not found in active GPU list, falling back to slot 0
[2026-09-08 04:16:09.636] [warning] [sirius_physical_partition.cpp:375] slot_for_device: device_id 0 not found in active GPU list, falling back to slot 0
[2026-09-08 04:16:09.636] [warning] [sirius_physical_partition.cpp:375] slot_for_device: device_id 0 not found in active GPU list, falling back to slot 0
[2026-09-08 04:16:09.636] [warning] [sirius_physical_partition.cpp:375] slot_for_device: device_id 0 not found in active GPU list, falling back to slot 0
[2026-09-08 04:16:09.651] [warning] [sirius_physical_partition.cpp:375] slot_for_device: device_id 0 not found in active GPU list, falling back to slot 0
[2026-09-08 04:16:09.684] [warning] [sirius_physical_partition.cpp:375] slot_for_device: device_id 0 not found in active GPU list, falling back to slot 0
[2026-09-08 04:16:09.684] [warning] [sirius_physical_partition.cpp:375] slot_for_device: device_id 0 not found in active GPU list, falling back to slot 0
[2026-09-08 04:16:09.684] [warning] [sirius_physical_partition.cpp:375] slot_for_device: device_id 0 not found in active GPU list, falling back to slot 0
[2026-09-08 04:16:09.689] [warning] [sirius_physical_partition.cpp:375] slot_for_device: device_id 0 not found in active GPU list, falling back to slot 0
[2026-09-08 04:16:09.689] [warning] [sirius_physical_partition.cpp:375] slot_for_device: device_id 0 not found in active GPU list, falling back to slot 0
[2026-09-08 04:16:09.689] [warning] [sirius_physical_partition.cpp:375] slot_for_device: device_id 0 not found in active GPU list, falling back to slot 0
[2026-09-08 04:16:09.728] [warning] [sirius_physical_hash_join.cpp:1185] In sirius_physical_hash_join:get_next_task_input_data_for_build_probe: no schedulable partition (build/probe already drained) in operator 28
[2026-09-08 04:16:09.933] [warning] [sirius_physical_hash_join.cpp:1185] In sirius_physical_hash_join:get_next_task_input_data_for_build_probe: no schedulable partition (build/probe already drained) in operator 31
[2026-09-08 04:16:10.110] [warning] [gpu_pipeline_task.cpp:93] gpu_pipeline_task: operator 'HASH_JOIN' (id=31) output batch 0 column 5 datatype mismatch: got uint32_t, expected cudf::string_view
[2026-09-08 04:16:10.114] [warning] [gpu_pipeline_task.cpp:93] gpu_pipeline_task: operator 'HASH_JOIN' (id=31) output batch 0 column 5 datatype mismatch: got uint32_t, expected cudf::string_view
[2026-09-08 04:16:10.125] [warning] [gpu_pipeline_task.cpp:93] gpu_pipeline_task: operator 'PROJECTION' (id=32) output batch 0 column 0 datatype mismatch: got uint32_t, expected cudf::string_view
[2026-09-08 04:16:10.126] [warning] [gpu_pipeline_task.cpp:93] gpu_pipeline_task: operator 'PROJECTION' (id=32) output batch 0 column 0 datatype mismatch: got uint32_t, expected cudf::string_view
[2026-09-08 04:16:10.174] [warning] [gpu_pipeline_task.cpp:93] gpu_pipeline_task: operator 'HASH_GROUP_BY' (id=33) output batch 0 column 0 datatype mismatch: got uint32_t, expected cudf::string_view
[2026-09-08 04:16:10.174] [warning] [gpu_pipeline_task.cpp:93] gpu_pipeline_task: operator 'HASH_GROUP_BY' (id=33) output batch 0 column 0 datatype mismatch: got uint32_t, expected cudf::string_view
[2026-09-08 04:16:10.174] [warning] [gpu_pipeline_task.cpp:93] gpu_pipeline_task: operator 'PARTITION' (id=34) output batch 0 column 0 datatype mismatch: got uint32_t, expected cudf::string_view
[2026-09-08 04:16:10.174] [warning] [gpu_pipeline_task.cpp:93] gpu_pipeline_task: operator 'PARTITION' (id=34) output batch 0 column 0 datatype mismatch: got uint32_t, expected cudf::string_view
[2026-09-08 04:16:10.175] [warning] [gpu_pipeline_task.cpp:93] gpu_pipeline_task: operator 'MERGE_GROUP_BY' (id=35) output batch 0 column 0 datatype mismatch: got uint32_t, expected cudf::string_view
[2026-09-08 04:16:10.176] [info] [gpu_pipeline_executor.cpp:129] GPU Pipeline Executor: task queue interrupted, stopping manager loop
[2026-09-08 04:16:10.177] [info] [sirius_context.cpp:405] QueryEnd
[2026-09-08 04:16:10.177] [info] [memory_prefetcher.cpp:72] [memory_prefetcher] stopping: prefetched 0 batches / 0 bytes (stops: headroom=0 reservation=0, skips: lock=0 draining=521, errors=0)
[2026-09-08 04:16:10.177] [info] [sirius_context.cpp:256] [host_pool] HOST:0 QueryEnd instance=0xe1f9f1960370 connection=1 window=63 query=150 allocated=17515413504 bytes peak=45432700928 bytes free_blocks=2875
[2026-09-08 04:16:10.177] [info] [sirius_context.cpp:271] [gpu_pool] GPU:0 QueryEnd instance=0xe1f9f1960370 connection=1 window=63 query=150 allocated=118758872832 bytes peak=248099864371 bytes reserved=0 bytes
[2026-09-08 04:16:10.177] [info] [sirius_context.cpp:521] [window] end instance=0xe1f9f1960370 connection=1 window=63 query=150 outcome=ok
[2026-09-08 04:16:10.177] [info] [physical_sirius_execution.cpp:327] Transparent GPU execution: query completed
[2026-09-08 04:16:10.194] [info] [sirius_context.cpp:329] QueryBegin: instance=0xe1f9f1960370 connection=1 query=151 SQL: CALL unpin_table('part')
[2026-09-08 04:16:10.194] [info] [sirius_context.cpp:329] QueryBegin: instance=0xe1f9f1960370 connection=1 query=152 SQL: CALL unpin_table('supplier')
[2026-09-08 04:16:10.195] [info] [sirius_context.cpp:329] QueryBegin: instance=0xe1f9f1960370 connection=1 query=153 SQL: CALL unpin_table('lineitem')
[2026-09-08 04:16:10.196] [info] [sirius_context.cpp:329] QueryBegin: instance=0xe1f9f1960370 connection=1 query=154 SQL: CALL unpin_table('partsupp')
[2026-09-08 04:16:10.197] [info] [sirius_context.cpp:329] QueryBegin: instance=0xe1f9f1960370 connection=1 query=155 SQL: CALL unpin_table('orders')
[2026-09-08 04:16:10.197] [info] [sirius_context.cpp:329] QueryBegin: instance=0xe1f9f1960370 connection=1 query=156 SQL: CALL unpin_table('nation')
[2026-09-08 04:16:10.198] [info] [sirius_context.cpp:329] QueryBegin: instance=0xe1f9f1960370 connection=1 query=157 SQL: CALL pin_table('/datasets/tpch_sf1000_sorted/customer/*.parquet', tier='gpu', name='customer', cols=['c_custkey','c_name','c_acctbal','c_address','c_phone','c_comment','c_nationkey'])
[2026-09-08 04:16:10.198] [info] [sirius_context.cpp:521] [window] begin instance=0xe1f9f1960370 connection=1 window=64 query=157 outcome=-
[2026-09-08 04:16:10.198] [info] [sirius_context.cpp:256] [host_pool] HOST:0 QueryBegin instance=0xe1f9f1960370 connection=1 window=64 query=157 allocated=17515413504 bytes peak=45432700928 bytes free_blocks=2875
[2026-09-08 04:16:10.198] [info] [sirius_context.cpp:271] [gpu_pool] GPU:0 QueryBegin instance=0xe1f9f1960370 connection=1 window=64 query=157 allocated=0 bytes peak=248099864371 bytes reserved=0 bytes
[2026-09-08 04:16:10.198] [info] [sirius_context.cpp:389] QueryBegin: pin_table
[2026-09-08 04:16:10.198] [warning] [sirius_extension.cpp:1430] [pin_table] 'customer': pin_table_compression is enabled but no plan file was found in '/home/nvidia/joost/sirius-zonemap/bench/sf1000-repro/plans'; pinning uncompressed
[2026-09-08 04:16:10.813] [info] [sirius_extension.cpp:1478] [late-mat] pin 'customer': column 'c_custkey' proven distinct table-wide (per-chunk)
[2026-09-08 04:16:10.813] [info] [sirius_context.cpp:405] QueryEnd
[2026-09-08 04:16:10.813] [info] [sirius_context.cpp:256] [host_pool] HOST:0 QueryEnd instance=0xe1f9f1960370 connection=1 window=64 query=157 allocated=17515413504 bytes peak=45432700928 bytes free_blocks=2875
[2026-09-08 04:16:10.813] [info] [sirius_context.cpp:271] [gpu_pool] GPU:0 QueryEnd instance=0xe1f9f1960370 connection=1 window=64 query=157 allocated=24040571648 bytes peak=248099864371 bytes reserved=0 bytes
[2026-09-08 04:16:10.813] [info] [sirius_context.cpp:521] [window] end instance=0xe1f9f1960370 connection=1 window=64 query=157 outcome=ok
[2026-09-08 04:16:10.813] [info] [sirius_context.cpp:329] QueryBegin: instance=0xe1f9f1960370 connection=1 query=158 SQL: CALL pin_table('/datasets/tpch_sf1000_sorted/orders/*.parquet', tier='gpu', name='orders', cols=['o_custkey','o_orderkey','o_orderdate'])
[2026-09-08 04:16:10.814] [info] [sirius_context.cpp:521] [window] begin instance=0xe1f9f1960370 connection=1 window=65 query=158 outcome=-
[2026-09-08 04:16:10.814] [info] [sirius_context.cpp:256] [host_pool] HOST:0 QueryBegin instance=0xe1f9f1960370 connection=1 window=65 query=158 allocated=17515413504 bytes peak=45432700928 bytes free_blocks=2875
[2026-09-08 04:16:10.814] [info] [sirius_context.cpp:271] [gpu_pool] GPU:0 QueryBegin instance=0xe1f9f1960370 connection=1 window=65 query=158 allocated=24040571648 bytes peak=248099864371 bytes reserved=0 bytes
[2026-09-08 04:16:10.814] [info] [sirius_context.cpp:389] QueryBegin: pin_table
[2026-09-08 04:16:10.814] [info] [sirius_extension.cpp:1420] [pin_table] 'orders' tier=gpu: compressing with plan for 3 column(s)
[2026-09-08 04:16:11.710] [info] [sirius_context.cpp:405] QueryEnd
[2026-09-08 04:16:11.710] [info] [sirius_context.cpp:256] [host_pool] HOST:0 QueryEnd instance=0xe1f9f1960370 connection=1 window=65 query=158 allocated=17515413504 bytes peak=45432700928 bytes free_blocks=2875
[2026-09-08 04:16:11.710] [info] [sirius_context.cpp:271] [gpu_pool] GPU:0 QueryEnd instance=0xe1f9f1960370 connection=1 window=65 query=158 allocated=35454461184 bytes peak=248099864371 bytes reserved=0 bytes
[2026-09-08 04:16:11.710] [info] [sirius_context.cpp:521] [window] end instance=0xe1f9f1960370 connection=1 window=65 query=158 outcome=ok
[2026-09-08 04:16:11.711] [info] [sirius_context.cpp:329] QueryBegin: instance=0xe1f9f1960370 connection=1 query=159 SQL: CALL pin_table('/datasets/tpch_sf1000_sorted/lineitem/*.parquet', tier='gpu', name='lineitem', cols=['l_orderkey','l_extendedprice','l_discount','l_returnflag'])
[2026-09-08 04:16:11.711] [info] [sirius_context.cpp:521] [window] begin instance=0xe1f9f1960370 connection=1 window=66 query=159 outcome=-
[2026-09-08 04:16:11.711] [info] [sirius_context.cpp:256] [host_pool] HOST:0 QueryBegin instance=0xe1f9f1960370 connection=1 window=66 query=159 allocated=17515413504 bytes peak=45432700928 bytes free_blocks=2875
[2026-09-08 04:16:11.711] [info] [sirius_context.cpp:271] [gpu_pool] GPU:0 QueryBegin instance=0xe1f9f1960370 connection=1 window=66 query=159 allocated=35454461184 bytes peak=248099864371 bytes reserved=0 bytes
[2026-09-08 04:16:11.712] [info] [sirius_context.cpp:389] QueryBegin: pin_table
[2026-09-08 04:16:11.712] [info] [sirius_extension.cpp:1420] [pin_table] 'lineitem' tier=gpu: compressing with plan for 4 column(s)
[2026-09-08 04:16:11.920] [warning] [pin_table.cpp:841] [materialize_all_batches_compressed] compression failed: dictionary_compressor: column size exceeds maximum; pinning the remainder of this table uncompressed (the failure latches compression off for every later chunk). This pin narrowed carriers before compression (l_extendedprice, l_discount); a plan block with a width-explicit op (bitextract/bitjoin) is authored against the native element width and cannot encode a narrowed column
[2026-09-08 04:16:16.262] [info] [sirius_context.cpp:405] QueryEnd
[2026-09-08 04:16:16.262] [info] [sirius_context.cpp:256] [host_pool] HOST:0 QueryEnd instance=0xe1f9f1960370 connection=1 window=66 query=159 allocated=17515413504 bytes peak=45432700928 bytes free_blocks=2875
[2026-09-08 04:16:16.262] [info] [sirius_context.cpp:271] [gpu_pool] GPU:0 QueryEnd instance=0xe1f9f1960370 connection=1 window=66 query=159 allocated=164454246912 bytes peak=248099864371 bytes reserved=0 bytes
[2026-09-08 04:16:16.262] [info] [sirius_context.cpp:521] [window] end instance=0xe1f9f1960370 connection=1 window=66 query=159 outcome=ok
[2026-09-08 04:16:16.263] [info] [sirius_context.cpp:329] QueryBegin: instance=0xe1f9f1960370 connection=1 query=160 SQL: CALL pin_table('/datasets/tpch_sf1000_sorted/nation/*.parquet', tier='gpu', name='nation', cols=['n_nationkey','n_name'])
[2026-09-08 04:16:16.263] [info] [sirius_context.cpp:521] [window] begin instance=0xe1f9f1960370 connection=1 window=67 query=160 outcome=-
[2026-09-08 04:16:16.263] [info] [sirius_context.cpp:256] [host_pool] HOST:0 QueryBegin instance=0xe1f9f1960370 connection=1 window=67 query=160 allocated=17515413504 bytes peak=45432700928 bytes free_blocks=2875
[2026-09-08 04:16:16.263] [info] [sirius_context.cpp:271] [gpu_pool] GPU:0 QueryBegin instance=0xe1f9f1960370 connection=1 window=67 query=160 allocated=164454246912 bytes peak=248099864371 bytes reserved=0 bytes
[2026-09-08 04:16:16.263] [info] [sirius_context.cpp:389] QueryBegin: pin_table
[2026-09-08 04:16:16.264] [warning] [sirius_extension.cpp:1430] [pin_table] 'nation': pin_table_compression is enabled but no plan file was found in '/home/nvidia/joost/sirius-zonemap/bench/sf1000-repro/plans'; pinning uncompressed
[2026-09-08 04:16:16.266] [info] [sirius_extension.cpp:1478] [late-mat] pin 'nation': column 'n_nationkey' proven distinct table-wide (per-chunk)
[2026-09-08 04:16:16.266] [info] [sirius_extension.cpp:1478] [late-mat] pin 'nation': column 'n_name' proven distinct table-wide (per-chunk)
[2026-09-08 04:16:16.266] [info] [sirius_context.cpp:405] QueryEnd
[2026-09-08 04:16:16.266] [info] [sirius_context.cpp:256] [host_pool] HOST:0 QueryEnd instance=0xe1f9f1960370 connection=1 window=67 query=160 allocated=17515413504 bytes peak=45432700928 bytes free_blocks=2875
[2026-09-08 04:16:16.266] [info] [sirius_context.cpp:271] [gpu_pool] GPU:0 QueryEnd instance=0xe1f9f1960370 connection=1 window=67 query=160 allocated=164454248192 bytes peak=248099864371 bytes reserved=0 bytes
[2026-09-08 04:16:16.266] [info] [sirius_context.cpp:521] [window] end instance=0xe1f9f1960370 connection=1 window=67 query=160 outcome=ok
[2026-09-08 04:16:16.266] [info] [sirius_context.cpp:329] QueryBegin: instance=0xe1f9f1960370 connection=1 query=161 SQL: CALL sirius_set_query_label('q10_iter0')
[2026-09-08 04:16:16.267] [info] [sirius_context.cpp:329] QueryBegin: instance=0xe1f9f1960370 connection=1 query=162 SQL: SET gpu_execution = true;
