[2026-09-07 12:59:03.556] [info] [sirius_context.cpp:329] QueryBegin: instance=0xe6af19960390 connection=1 query=39 SQL: select l.l_orderkey, sum(l.l_extendedprice * (1 - l.l_discount)) as revenue, o.o_orderdate, o.o_shippriority from customer c, orders o, lineitem l where c.c_mktsegment = 'HOUSEHOLD' and c.c_custkey = o.o_custkey and l.l_orderkey = o.o_orderkey and o.o_orderdate < date '1995-03-25' and l.l_shipdate > date '1995-03-25' group by l.l_orderkey, o.o_orderdate, o.o_shippriority order by revenue desc, o.o_orderdate limit 10
[2026-09-07 12:59:03.564] [info] [sirius_plan_comparison_join.cpp:646] [sirius_plan_comparison_join] Wired hash join with 1 dynamic-filter probe target(s) (1 scan-bound, 0 join-edge; evidence=filtered; build est 15000000 rows).
[2026-09-07 12:59:03.564] [info] [sirius_plan_comparison_join.cpp:646] [sirius_plan_comparison_join] Wired hash join with 1 dynamic-filter probe target(s) (1 scan-bound, 0 join-edge; evidence=filtered; build est 150000000 rows).
[2026-09-07 12:59:03.565] [info] [sirius_context.cpp:1467] Transparent execution: Sirius physical plan generated successfully
[2026-09-07 12:59:03.565] [info] [sirius_context.cpp:1495] Transparent execution: physical plan replaced with GPU operator
[2026-09-07 12:59:03.565] [info] [physical_sirius_execution.cpp:157] Transparent GPU execution: executing query
[2026-09-07 12:59:03.565] [info] [sirius_context.cpp:521] [window] begin instance=0xe6af19960390 connection=1 window=16 query=39 outcome=-
[2026-09-07 12:59:03.565] [info] [sirius_context.cpp:256] [host_pool] HOST:0 QueryBegin instance=0xe6af19960390 connection=1 window=16 query=39 allocated=17515413504 bytes peak=17582522368 bytes free_blocks=539
[2026-09-07 12:59:03.565] [info] [sirius_context.cpp:271] [gpu_pool] GPU:0 QueryBegin instance=0xe6af19960390 connection=1 window=16 query=39 allocated=5589924096 bytes peak=5784915456 bytes reserved=0 bytes
[2026-09-07 12:59:03.565] [info] [sirius_context.cpp:389] QueryBegin: transparent_execution
[2026-09-07 12:59:03.567] [info] [sirius_plan_comparison_join.cpp:646] [sirius_plan_comparison_join] Wired hash join with 1 dynamic-filter probe target(s) (1 scan-bound, 0 join-edge; evidence=filtered; build est 15000000 rows).
[2026-09-07 12:59:03.567] [info] [sirius_plan_comparison_join.cpp:646] [sirius_plan_comparison_join] Wired hash join with 1 dynamic-filter probe target(s) (1 scan-bound, 0 join-edge; evidence=filtered; build est 150000000 rows).
[2026-09-07 12:59:03.567] [info] [sirius_engine.cpp:265] [gpu_alloc] query allocated 1 GPU(s): [0]
[2026-09-07 12:59:03.568] [info] [sirius_engine.cpp:318] Query Plan:
=== Pipeline Overview ===
Pipeline #0: GPU_SCAN (id=0)
  Output: -> PARTITION [port: default, barrier: FULL]
Pipeline #1: PARTITION (id=1)
  Input: <- Pipeline #0 [on: PARTITION (id=1), port: default, barrier: FULL]
  Dependencies: Pipeline #0
  Output: -> CONCAT [port: default, barrier: PARTIAL]
Pipeline #2: CONCAT (id=2)
  Input: <- Pipeline #1 [on: CONCAT (id=2), port: default, barrier: PARTIAL]
  Dependencies: Pipeline #1
  Output: -> HASH_JOIN [port: build, barrier: PARTIAL]
Pipeline #3: GPU_SCAN (id=3) -> DYNAMIC_FILTER (id=4)
  Output: -> PARTITION [port: default, barrier: PARTIAL]
Pipeline #4: PARTITION (id=5)
  Input: <- Pipeline #3 [on: PARTITION (id=5), port: default, barrier: PARTIAL]
  Dependencies: Pipeline #3
  Output: -> CONCAT [port: default, barrier: PARTIAL]
Pipeline #5: CONCAT (id=6)
  Input: <- Pipeline #4 [on: CONCAT (id=6), port: default, barrier: PARTIAL]
  Dependencies: Pipeline #4
  Output: -> HASH_JOIN [port: default, barrier: PARTIAL]
Pipeline #6: HASH_JOIN (id=7) -> PROJECTION (id=8)
  Input: <- Pipeline #2 [on: HASH_JOIN (id=7), port: build, barrier: PARTIAL]
  Input: <- Pipeline #5 [on: HASH_JOIN (id=7), port: default, barrier: PARTIAL]
  Dependencies: Pipeline #2, Pipeline #5
  Output: -> PARTITION [port: default, barrier: FULL]
Pipeline #7: PARTITION (id=9)
  Input: <- Pipeline #6 [on: PARTITION (id=9), port: default, barrier: FULL]
  Dependencies: Pipeline #6
  Output: -> CONCAT [port: default, barrier: PARTIAL]
Pipeline #8: CONCAT (id=10)
  Input: <- Pipeline #7 [on: CONCAT (id=10), port: default, barrier: PARTIAL]
  Dependencies: Pipeline #7
  Output: -> HASH_JOIN [port: build, barrier: PARTIAL]
Pipeline #9: GPU_SCAN (id=11) -> DYNAMIC_FILTER (id=12)
  Output: -> PARTITION [port: default, barrier: PARTIAL]
Pipeline #10: PARTITION (id=13)
  Input: <- Pipeline #9 [on: PARTITION (id=13), port: default, barrier: PARTIAL]
  Dependencies: Pipeline #9
  Output: -> CONCAT [port: default, barrier: PARTIAL]
Pipeline #11: CONCAT (id=14)
  Input: <- Pipeline #10 [on: CONCAT (id=14), port: default, barrier: PARTIAL]
  Dependencies: Pipeline #10
  Output: -> HASH_JOIN [port: default, barrier: PARTIAL]
Pipeline #12: HASH_JOIN (id=15) -> PROJECTION (id=16) -> HASH_GROUP_BY (id=17)
  Input: <- Pipeline #8 [on: HASH_JOIN (id=15), port: build, barrier: PARTIAL]
  Input: <- Pipeline #11 [on: HASH_JOIN (id=15), port: default, barrier: PARTIAL]
  Dependencies: Pipeline #8, Pipeline #11
  Output: -> PARTITION [port: default, barrier: FULL]
Pipeline #13: PARTITION (id=18)
  Input: <- Pipeline #12 [on: PARTITION (id=18), port: default, barrier: FULL]
  Dependencies: Pipeline #12
  Output: -> MERGE_GROUP_BY [port: default, barrier: FULL]
Pipeline #14: MERGE_GROUP_BY (id=19) -> PROJECTION (id=20) -> PROJECTION (id=21) -> TOP_N (id=22)
  Input: <- Pipeline #13 [on: MERGE_GROUP_BY (id=19), port: default, barrier: FULL]
  Dependencies: Pipeline #13
  Output: -> MERGE_TOP_N [port: default, barrier: FULL]
Pipeline #15: MERGE_TOP_N (id=23) -> RESULT_COLLECTOR (id=24)
  Input: <- Pipeline #14 [on: MERGE_TOP_N (id=23), port: default, barrier: FULL]
  Dependencies: Pipeline #14

=== Query Plan DAG ===
┌──────────────────────────┐                                                        
│ Pipeline #15             │                                                        
│ RESULT_COLLECTOR (id=24) │                                                        
│ MERGE_TOP_N (id=23)      │                                                        
│ Input(#14): FULL         │                                                        
└────────────┬─────────────┘                                                        
             │                                                                      
┌──────────────────────────┐                                                        
│ Pipeline #14             │                                                        
│ TOP_N (id=22)            │                                                        
│ PROJECTION (id=21)       │                                                        
│ PROJECTION (id=20)       │                                                        
│ MERGE_GROUP_BY (id=19)   │                                                        
│ Input(#13): FULL         │                                                        
└────────────┬─────────────┘                                                        
             │                                                                      
┌──────────────────────────┐                                                        
│ Pipeline #13             │                                                        
│ PARTITION (id=18)        │                                                        
│ Input(#12): FULL         │                                                        
└────────────┬─────────────┘                                                        
             │                                                                      
┌──────────────────────────┐                                                        
│ Pipeline #12             │                                                        
│ HASH_GROUP_BY (id=17)    │                                                        
│ PROJECTION (id=16)       │                                                        
│ HASH_JOIN (id=15)        │                                                        
│   type: INNER            │                                                        
│ Input(#8): PARTIAL       │                                                        
│ Input(#11): PARTIAL      │                                                        
└────────────┬─────────────┘                                                        
             ┌───────────────────────────────────────────────────────┐              
             │                                                       │              
┌──────────────────────────┐                            ┌──────────────────────────┐
│ Pipeline #8              │                            │ Pipeline #11             │
│ CONCAT (id=10)           │                            │ CONCAT (id=14)           │
│ Input(#7): PARTIAL       │                            │ Input(#10): PARTIAL      │
└────────────┬─────────────┘                            └────────────┬─────────────┘
             │                                                       │              
┌──────────────────────────┐                            ┌──────────────────────────┐
│ Pipeline #7              │                            │ Pipeline #10             │
│ PARTITION (id=9)         │                            │ PARTITION (id=13)        │
│ Input(#6): FULL          │                            │ Input(#9): PARTIAL       │
└────────────┬─────────────┘                            └────────────┬─────────────┘
             │                                                       │              
┌──────────────────────────┐                            ┌──────────────────────────┐
│ Pipeline #6              │                            │ Pipeline #9              │
│ PROJECTION (id=8)        │                            │ DYNAMIC_FILTER (id=12)   │
│ HASH_JOIN (id=7)         │                            │ GPU_SCAN (id=11)         │
│   type: INNER            │                            │                          │
│ Input(#2): PARTIAL       │                            │                          │
│ Input(#5): PARTIAL       │                            │                          │
└────────────┬─────────────┘                            └──────────────────────────┘
             ┌───────────────────────────┐                                          
             │                           │                                          
┌──────────────────────────┐┌──────────────────────────┐                            
│ Pipeline #2              ││ Pipeline #5              │                            
│ CONCAT (id=2)            ││ CONCAT (id=6)            │                            
│ Input(#1): PARTIAL       ││ Input(#4): PARTIAL       │                            
└────────────┬─────────────┘└────────────┬─────────────┘                            
             │                           │                                          
┌──────────────────────────┐┌──────────────────────────┐                            
│ Pipeline #1              ││ Pipeline #4              │                            
│ PARTITION (id=1)         ││ PARTITION (id=5)         │                            
│ Input(#0): FULL          ││ Input(#3): PARTIAL       │                            
└────────────┬─────────────┘└────────────┬─────────────┘                            
             │                           │                                          
┌──────────────────────────┐┌──────────────────────────┐                            
│ Pipeline #0              ││ Pipeline #3              │                            
│ GPU_SCAN (id=0)          ││ DYNAMIC_FILTER (id=4)    │                            
│                          ││ GPU_SCAN (id=3)          │                            
└──────────────────────────┘└──────────────────────────┘                            

[2026-09-07 12:59:03.568] [info] [sirius_engine.cpp:186] query 16 telemetry_query=01a07d73e98f71f299b64a753f60427e
[2026-09-07 12:59:03.568] [info] [sirius_scan_manager.cpp:2999] [sirius_scan_manager] assigned pinned entry 'customer' to operator '0'
[2026-09-07 12:59:03.568] [info] [sirius_scan_manager.cpp:2999] [sirius_scan_manager] assigned pinned entry 'orders' to operator '3'
[2026-09-07 12:59:03.568] [info] [sirius_scan_manager.cpp:2999] [sirius_scan_manager] assigned pinned entry 'lineitem' to operator '11'
[2026-09-07 12:59:03.568] [info] [sirius_scan_manager.cpp:897] [late-mat] operator 0: 1 column(s) withheld — a partition hashes them
[2026-09-07 12:59:03.568] [info] [sirius_scan_manager.cpp:823] [late-mat] operator 3: not deferring — the scan restricts rows and its pin is compressed, so the surviving rows are decided inside the decode
[2026-09-07 12:59:03.568] [info] [sirius_scan_manager.cpp:823] [late-mat] operator 11: not deferring — the scan restricts rows and its pin is compressed, so the surviving rows are decided inside the decode
[2026-09-07 12:59:03.568] [info] [memory_prefetcher.cpp:59] [memory_prefetcher] started: 3 threads, 3 connectors, min_free_fraction=0.40
[2026-09-07 12:59:03.569] [info] [dynamic_filter_publisher.cpp:297] [sirius_physical_hash_join] Pushed 1 dynamic filter(s) across 1 active target(s) of 1 wired target(s) (3000019 build rows, 1 bound keys of 1 admitted).
[2026-09-07 12:59:03.592] [warning] [sirius_physical_partition.cpp:375] slot_for_device: device_id 0 not found in active GPU list, falling back to slot 0
[2026-09-07 12:59:03.592] [warning] [sirius_physical_partition.cpp:375] slot_for_device: device_id 0 not found in active GPU list, falling back to slot 0
[2026-09-07 12:59:03.592] [warning] [sirius_physical_partition.cpp:375] slot_for_device: device_id 0 not found in active GPU list, falling back to slot 0
[2026-09-07 12:59:03.592] [warning] [sirius_physical_partition.cpp:375] slot_for_device: device_id 0 not found in active GPU list, falling back to slot 0
[2026-09-07 12:59:03.592] [warning] [sirius_physical_partition.cpp:375] slot_for_device: device_id 0 not found in active GPU list, falling back to slot 0
[2026-09-07 12:59:03.592] [warning] [sirius_physical_partition.cpp:375] slot_for_device: device_id 0 not found in active GPU list, falling back to slot 0
[2026-09-07 12:59:03.592] [warning] [sirius_physical_partition.cpp:375] slot_for_device: device_id 0 not found in active GPU list, falling back to slot 0
[2026-09-07 12:59:03.592] [warning] [sirius_physical_partition.cpp:375] slot_for_device: device_id 0 not found in active GPU list, falling back to slot 0
[2026-09-07 12:59:03.592] [warning] [sirius_physical_partition.cpp:375] slot_for_device: device_id 0 not found in active GPU list, falling back to slot 0
[2026-09-07 12:59:03.592] [warning] [sirius_physical_partition.cpp:375] slot_for_device: device_id 0 not found in active GPU list, falling back to slot 0
[2026-09-07 12:59:03.592] [warning] [sirius_physical_partition.cpp:375] slot_for_device: device_id 0 not found in active GPU list, falling back to slot 0
[2026-09-07 12:59:03.592] [warning] [sirius_physical_partition.cpp:375] slot_for_device: device_id 0 not found in active GPU list, falling back to slot 0
[2026-09-07 12:59:03.592] [warning] [sirius_physical_partition.cpp:375] slot_for_device: device_id 0 not found in active GPU list, falling back to slot 0
[2026-09-07 12:59:03.592] [warning] [sirius_physical_partition.cpp:375] slot_for_device: device_id 0 not found in active GPU list, falling back to slot 0
[2026-09-07 12:59:03.593] [warning] [sirius_physical_partition.cpp:375] slot_for_device: device_id 0 not found in active GPU list, falling back to slot 0
[2026-09-07 12:59:03.593] [warning] [sirius_physical_partition.cpp:375] slot_for_device: device_id 0 not found in active GPU list, falling back to slot 0
[2026-09-07 12:59:03.593] [warning] [sirius_physical_partition.cpp:375] slot_for_device: device_id 0 not found in active GPU list, falling back to slot 0
[2026-09-07 12:59:03.593] [warning] [sirius_physical_partition.cpp:375] slot_for_device: device_id 0 not found in active GPU list, falling back to slot 0
[2026-09-07 12:59:03.593] [warning] [sirius_physical_partition.cpp:375] slot_for_device: device_id 0 not found in active GPU list, falling back to slot 0
[2026-09-07 12:59:03.593] [warning] [sirius_physical_partition.cpp:375] slot_for_device: device_id 0 not found in active GPU list, falling back to slot 0
[2026-09-07 12:59:03.593] [warning] [sirius_physical_partition.cpp:375] slot_for_device: device_id 0 not found in active GPU list, falling back to slot 0
[2026-09-07 12:59:03.593] [warning] [sirius_physical_partition.cpp:375] slot_for_device: device_id 0 not found in active GPU list, falling back to slot 0
[2026-09-07 12:59:03.593] [warning] [sirius_physical_partition.cpp:375] slot_for_device: device_id 0 not found in active GPU list, falling back to slot 0
[2026-09-07 12:59:03.593] [warning] [sirius_physical_partition.cpp:375] slot_for_device: device_id 0 not found in active GPU list, falling back to slot 0
[2026-09-07 12:59:03.593] [warning] [sirius_physical_partition.cpp:375] slot_for_device: device_id 0 not found in active GPU list, falling back to slot 0
[2026-09-07 12:59:03.593] [warning] [sirius_physical_partition.cpp:375] slot_for_device: device_id 0 not found in active GPU list, falling back to slot 0
[2026-09-07 12:59:03.593] [warning] [sirius_physical_partition.cpp:375] slot_for_device: device_id 0 not found in active GPU list, falling back to slot 0
[2026-09-07 12:59:03.593] [warning] [sirius_physical_partition.cpp:375] slot_for_device: device_id 0 not found in active GPU list, falling back to slot 0
[2026-09-07 12:59:03.594] [warning] [sirius_physical_partition.cpp:375] slot_for_device: device_id 0 not found in active GPU list, falling back to slot 0
[2026-09-07 12:59:03.598] [info] [dynamic_filter_publisher.cpp:297] [sirius_physical_hash_join] Pushed 1 dynamic filter(s) across 1 active target(s) of 1 wired target(s) (14695473 build rows, 1 bound keys of 1 admitted).
[2026-09-07 12:59:03.634] [warning] [sirius_physical_partition.cpp:375] slot_for_device: device_id 0 not found in active GPU list, falling back to slot 0
[2026-09-07 12:59:03.634] [warning] [sirius_physical_partition.cpp:375] slot_for_device: device_id 0 not found in active GPU list, falling back to slot 0
[2026-09-07 12:59:03.634] [warning] [sirius_physical_partition.cpp:375] slot_for_device: device_id 0 not found in active GPU list, falling back to slot 0
[2026-09-07 12:59:03.634] [warning] [sirius_physical_partition.cpp:375] slot_for_device: device_id 0 not found in active GPU list, falling back to slot 0
[2026-09-07 12:59:03.634] [warning] [sirius_physical_partition.cpp:375] slot_for_device: device_id 0 not found in active GPU list, falling back to slot 0
[2026-09-07 12:59:03.634] [warning] [sirius_physical_partition.cpp:375] slot_for_device: device_id 0 not found in active GPU list, falling back to slot 0
[2026-09-07 12:59:03.634] [warning] [sirius_physical_partition.cpp:375] slot_for_device: device_id 0 not found in active GPU list, falling back to slot 0
[2026-09-07 12:59:03.634] [warning] [sirius_physical_partition.cpp:375] slot_for_device: device_id 0 not found in active GPU list, falling back to slot 0
[2026-09-07 12:59:03.634] [warning] [sirius_physical_partition.cpp:375] slot_for_device: device_id 0 not found in active GPU list, falling back to slot 0
[2026-09-07 12:59:03.634] [warning] [sirius_physical_partition.cpp:375] slot_for_device: device_id 0 not found in active GPU list, falling back to slot 0
[2026-09-07 12:59:03.634] [warning] [sirius_physical_partition.cpp:375] slot_for_device: device_id 0 not found in active GPU list, falling back to slot 0
[2026-09-07 12:59:03.634] [warning] [sirius_physical_partition.cpp:375] slot_for_device: device_id 0 not found in active GPU list, falling back to slot 0
[2026-09-07 12:59:03.634] [warning] [sirius_physical_partition.cpp:375] slot_for_device: device_id 0 not found in active GPU list, falling back to slot 0
[2026-09-07 12:59:03.634] [warning] [sirius_physical_partition.cpp:375] slot_for_device: device_id 0 not found in active GPU list, falling back to slot 0
[2026-09-07 12:59:03.634] [warning] [sirius_physical_partition.cpp:375] slot_for_device: device_id 0 not found in active GPU list, falling back to slot 0
[2026-09-07 12:59:03.634] [warning] [sirius_physical_partition.cpp:375] slot_for_device: device_id 0 not found in active GPU list, falling back to slot 0
[2026-09-07 12:59:03.634] [warning] [sirius_physical_partition.cpp:375] slot_for_device: device_id 0 not found in active GPU list, falling back to slot 0
[2026-09-07 12:59:03.634] [warning] [sirius_physical_partition.cpp:375] slot_for_device: device_id 0 not found in active GPU list, falling back to slot 0
[2026-09-07 12:59:03.634] [warning] [sirius_physical_partition.cpp:375] slot_for_device: device_id 0 not found in active GPU list, falling back to slot 0
[2026-09-07 12:59:03.634] [warning] [sirius_physical_partition.cpp:375] slot_for_device: device_id 0 not found in active GPU list, falling back to slot 0
[2026-09-07 12:59:03.635] [warning] [sirius_physical_partition.cpp:375] slot_for_device: device_id 0 not found in active GPU list, falling back to slot 0
[2026-09-07 12:59:03.635] [warning] [sirius_physical_partition.cpp:375] slot_for_device: device_id 0 not found in active GPU list, falling back to slot 0
[2026-09-07 12:59:03.635] [warning] [sirius_physical_partition.cpp:375] slot_for_device: device_id 0 not found in active GPU list, falling back to slot 0
[2026-09-07 12:59:03.635] [warning] [sirius_physical_partition.cpp:375] slot_for_device: device_id 0 not found in active GPU list, falling back to slot 0
[2026-09-07 12:59:03.635] [warning] [sirius_physical_partition.cpp:375] slot_for_device: device_id 0 not found in active GPU list, falling back to slot 0
[2026-09-07 12:59:03.635] [warning] [sirius_physical_partition.cpp:375] slot_for_device: device_id 0 not found in active GPU list, falling back to slot 0
[2026-09-07 12:59:03.635] [warning] [sirius_physical_partition.cpp:375] slot_for_device: device_id 0 not found in active GPU list, falling back to slot 0
[2026-09-07 12:59:03.635] [warning] [sirius_physical_partition.cpp:375] slot_for_device: device_id 0 not found in active GPU list, falling back to slot 0
[2026-09-07 12:59:03.635] [warning] [sirius_physical_partition.cpp:375] slot_for_device: device_id 0 not found in active GPU list, falling back to slot 0
[2026-09-07 12:59:03.635] [warning] [sirius_physical_partition.cpp:375] slot_for_device: device_id 0 not found in active GPU list, falling back to slot 0
[2026-09-07 12:59:03.635] [warning] [sirius_physical_partition.cpp:375] slot_for_device: device_id 0 not found in active GPU list, falling back to slot 0
[2026-09-07 12:59:03.635] [warning] [sirius_physical_partition.cpp:375] slot_for_device: device_id 0 not found in active GPU list, falling back to slot 0
[2026-09-07 12:59:03.635] [warning] [sirius_physical_partition.cpp:375] slot_for_device: device_id 0 not found in active GPU list, falling back to slot 0
[2026-09-07 12:59:03.635] [warning] [sirius_physical_partition.cpp:375] slot_for_device: device_id 0 not found in active GPU list, falling back to slot 0
[2026-09-07 12:59:03.635] [warning] [sirius_physical_partition.cpp:375] slot_for_device: device_id 0 not found in active GPU list, falling back to slot 0
[2026-09-07 12:59:03.635] [warning] [sirius_physical_partition.cpp:375] slot_for_device: device_id 0 not found in active GPU list, falling back to slot 0
[2026-09-07 12:59:03.635] [warning] [sirius_physical_partition.cpp:375] slot_for_device: device_id 0 not found in active GPU list, falling back to slot 0
[2026-09-07 12:59:03.635] [warning] [sirius_physical_partition.cpp:375] slot_for_device: device_id 0 not found in active GPU list, falling back to slot 0
[2026-09-07 12:59:03.635] [warning] [sirius_physical_partition.cpp:375] slot_for_device: device_id 0 not found in active GPU list, falling back to slot 0
[2026-09-07 12:59:03.635] [warning] [sirius_physical_partition.cpp:375] slot_for_device: device_id 0 not found in active GPU list, falling back to slot 0
[2026-09-07 12:59:03.635] [warning] [sirius_physical_partition.cpp:375] slot_for_device: device_id 0 not found in active GPU list, falling back to slot 0
[2026-09-07 12:59:03.635] [warning] [sirius_physical_partition.cpp:375] slot_for_device: device_id 0 not found in active GPU list, falling back to slot 0
[2026-09-07 12:59:03.635] [warning] [sirius_physical_partition.cpp:375] slot_for_device: device_id 0 not found in active GPU list, falling back to slot 0
[2026-09-07 12:59:03.635] [warning] [sirius_physical_partition.cpp:375] slot_for_device: device_id 0 not found in active GPU list, falling back to slot 0
[2026-09-07 12:59:03.635] [warning] [sirius_physical_partition.cpp:375] slot_for_device: device_id 0 not found in active GPU list, falling back to slot 0
[2026-09-07 12:59:03.635] [warning] [sirius_physical_partition.cpp:375] slot_for_device: device_id 0 not found in active GPU list, falling back to slot 0
[2026-09-07 12:59:03.635] [warning] [sirius_physical_partition.cpp:375] slot_for_device: device_id 0 not found in active GPU list, falling back to slot 0
[2026-09-07 12:59:03.635] [warning] [sirius_physical_partition.cpp:375] slot_for_device: device_id 0 not found in active GPU list, falling back to slot 0
[2026-09-07 12:59:03.635] [warning] [sirius_physical_partition.cpp:375] slot_for_device: device_id 0 not found in active GPU list, falling back to slot 0
[2026-09-07 12:59:03.635] [warning] [sirius_physical_partition.cpp:375] slot_for_device: device_id 0 not found in active GPU list, falling back to slot 0
[2026-09-07 12:59:03.635] [warning] [sirius_physical_partition.cpp:375] slot_for_device: device_id 0 not found in active GPU list, falling back to slot 0
[2026-09-07 12:59:03.635] [warning] [sirius_physical_partition.cpp:375] slot_for_device: device_id 0 not found in active GPU list, falling back to slot 0
[2026-09-07 12:59:03.635] [warning] [sirius_physical_partition.cpp:375] slot_for_device: device_id 0 not found in active GPU list, falling back to slot 0
[2026-09-07 12:59:03.635] [warning] [sirius_physical_partition.cpp:375] slot_for_device: device_id 0 not found in active GPU list, falling back to slot 0
[2026-09-07 12:59:03.635] [warning] [sirius_physical_partition.cpp:375] slot_for_device: device_id 0 not found in active GPU list, falling back to slot 0
[2026-09-07 12:59:03.635] [warning] [sirius_physical_partition.cpp:375] slot_for_device: device_id 0 not found in active GPU list, falling back to slot 0
[2026-09-07 12:59:03.635] [warning] [sirius_physical_partition.cpp:375] slot_for_device: device_id 0 not found in active GPU list, falling back to slot 0
[2026-09-07 12:59:03.635] [warning] [sirius_physical_partition.cpp:375] slot_for_device: device_id 0 not found in active GPU list, falling back to slot 0
[2026-09-07 12:59:03.635] [warning] [sirius_physical_partition.cpp:375] slot_for_device: device_id 0 not found in active GPU list, falling back to slot 0
[2026-09-07 12:59:03.635] [warning] [sirius_physical_partition.cpp:375] slot_for_device: device_id 0 not found in active GPU list, falling back to slot 0
[2026-09-07 12:59:03.635] [warning] [sirius_physical_partition.cpp:375] slot_for_device: device_id 0 not found in active GPU list, falling back to slot 0
[2026-09-07 12:59:03.635] [warning] [sirius_physical_partition.cpp:375] slot_for_device: device_id 0 not found in active GPU list, falling back to slot 0
[2026-09-07 12:59:03.635] [warning] [sirius_physical_partition.cpp:375] slot_for_device: device_id 0 not found in active GPU list, falling back to slot 0
[2026-09-07 12:59:03.635] [warning] [sirius_physical_partition.cpp:375] slot_for_device: device_id 0 not found in active GPU list, falling back to slot 0
[2026-09-07 12:59:03.635] [warning] [sirius_physical_partition.cpp:375] slot_for_device: device_id 0 not found in active GPU list, falling back to slot 0
[2026-09-07 12:59:03.635] [warning] [sirius_physical_partition.cpp:375] slot_for_device: device_id 0 not found in active GPU list, falling back to slot 0
[2026-09-07 12:59:03.635] [warning] [sirius_physical_partition.cpp:375] slot_for_device: device_id 0 not found in active GPU list, falling back to slot 0
[2026-09-07 12:59:03.635] [warning] [sirius_physical_partition.cpp:375] slot_for_device: device_id 0 not found in active GPU list, falling back to slot 0
[2026-09-07 12:59:03.635] [warning] [sirius_physical_partition.cpp:375] slot_for_device: device_id 0 not found in active GPU list, falling back to slot 0
[2026-09-07 12:59:03.635] [warning] [sirius_physical_partition.cpp:375] slot_for_device: device_id 0 not found in active GPU list, falling back to slot 0
[2026-09-07 12:59:03.635] [warning] [sirius_physical_partition.cpp:375] slot_for_device: device_id 0 not found in active GPU list, falling back to slot 0
[2026-09-07 12:59:03.635] [warning] [sirius_physical_partition.cpp:375] slot_for_device: device_id 0 not found in active GPU list, falling back to slot 0
[2026-09-07 12:59:03.635] [warning] [sirius_physical_partition.cpp:375] slot_for_device: device_id 0 not found in active GPU list, falling back to slot 0
[2026-09-07 12:59:03.635] [warning] [sirius_physical_partition.cpp:375] slot_for_device: device_id 0 not found in active GPU list, falling back to slot 0
[2026-09-07 12:59:03.635] [warning] [sirius_physical_partition.cpp:375] slot_for_device: device_id 0 not found in active GPU list, falling back to slot 0
[2026-09-07 12:59:03.635] [warning] [sirius_physical_partition.cpp:375] slot_for_device: device_id 0 not found in active GPU list, falling back to slot 0
[2026-09-07 12:59:03.635] [warning] [sirius_physical_partition.cpp:375] slot_for_device: device_id 0 not found in active GPU list, falling back to slot 0
[2026-09-07 12:59:03.635] [warning] [sirius_physical_partition.cpp:375] slot_for_device: device_id 0 not found in active GPU list, falling back to slot 0
[2026-09-07 12:59:03.635] [warning] [sirius_physical_partition.cpp:375] slot_for_device: device_id 0 not found in active GPU list, falling back to slot 0
[2026-09-07 12:59:03.635] [warning] [sirius_physical_partition.cpp:375] slot_for_device: device_id 0 not found in active GPU list, falling back to slot 0
[2026-09-07 12:59:03.635] [warning] [sirius_physical_partition.cpp:375] slot_for_device: device_id 0 not found in active GPU list, falling back to slot 0
[2026-09-07 12:59:03.635] [warning] [sirius_physical_partition.cpp:375] slot_for_device: device_id 0 not found in active GPU list, falling back to slot 0
[2026-09-07 12:59:03.635] [warning] [sirius_physical_partition.cpp:375] slot_for_device: device_id 0 not found in active GPU list, falling back to slot 0
[2026-09-07 12:59:03.635] [warning] [sirius_physical_partition.cpp:375] slot_for_device: device_id 0 not found in active GPU list, falling back to slot 0
[2026-09-07 12:59:03.635] [warning] [sirius_physical_partition.cpp:375] slot_for_device: device_id 0 not found in active GPU list, falling back to slot 0
[2026-09-07 12:59:03.635] [warning] [sirius_physical_partition.cpp:375] slot_for_device: device_id 0 not found in active GPU list, falling back to slot 0
[2026-09-07 12:59:03.635] [warning] [sirius_physical_partition.cpp:375] slot_for_device: device_id 0 not found in active GPU list, falling back to slot 0
[2026-09-07 12:59:03.635] [warning] [sirius_physical_partition.cpp:375] slot_for_device: device_id 0 not found in active GPU list, falling back to slot 0
[2026-09-07 12:59:03.635] [warning] [sirius_physical_partition.cpp:375] slot_for_device: device_id 0 not found in active GPU list, falling back to slot 0
[2026-09-07 12:59:03.635] [warning] [sirius_physical_partition.cpp:375] slot_for_device: device_id 0 not found in active GPU list, falling back to slot 0
[2026-09-07 12:59:03.635] [warning] [sirius_physical_partition.cpp:375] slot_for_device: device_id 0 not found in active GPU list, falling back to slot 0
[2026-09-07 12:59:03.635] [warning] [sirius_physical_partition.cpp:375] slot_for_device: device_id 0 not found in active GPU list, falling back to slot 0
[2026-09-07 12:59:03.635] [warning] [sirius_physical_partition.cpp:375] slot_for_device: device_id 0 not found in active GPU list, falling back to slot 0
[2026-09-07 12:59:03.635] [warning] [sirius_physical_partition.cpp:375] slot_for_device: device_id 0 not found in active GPU list, falling back to slot 0
[2026-09-07 12:59:03.636] [warning] [sirius_physical_partition.cpp:375] slot_for_device: device_id 0 not found in active GPU list, falling back to slot 0
[2026-09-07 12:59:03.636] [warning] [sirius_physical_partition.cpp:375] slot_for_device: device_id 0 not found in active GPU list, falling back to slot 0
[2026-09-07 12:59:03.636] [warning] [sirius_physical_partition.cpp:375] slot_for_device: device_id 0 not found in active GPU list, falling back to slot 0
[2026-09-07 12:59:03.636] [warning] [sirius_physical_partition.cpp:375] slot_for_device: device_id 0 not found in active GPU list, falling back to slot 0
[2026-09-07 12:59:03.636] [warning] [sirius_physical_partition.cpp:375] slot_for_device: device_id 0 not found in active GPU list, falling back to slot 0
[2026-09-07 12:59:03.636] [warning] [sirius_physical_partition.cpp:375] slot_for_device: device_id 0 not found in active GPU list, falling back to slot 0
[2026-09-07 12:59:03.636] [warning] [sirius_physical_partition.cpp:375] slot_for_device: device_id 0 not found in active GPU list, falling back to slot 0
[2026-09-07 12:59:03.636] [warning] [sirius_physical_partition.cpp:375] slot_for_device: device_id 0 not found in active GPU list, falling back to slot 0
[2026-09-07 12:59:03.636] [warning] [sirius_physical_partition.cpp:375] slot_for_device: device_id 0 not found in active GPU list, falling back to slot 0
[2026-09-07 12:59:03.636] [warning] [sirius_physical_partition.cpp:375] slot_for_device: device_id 0 not found in active GPU list, falling back to slot 0
[2026-09-07 12:59:03.636] [warning] [sirius_physical_partition.cpp:375] slot_for_device: device_id 0 not found in active GPU list, falling back to slot 0
[2026-09-07 12:59:03.636] [warning] [sirius_physical_partition.cpp:375] slot_for_device: device_id 0 not found in active GPU list, falling back to slot 0
[2026-09-07 12:59:03.636] [warning] [sirius_physical_partition.cpp:375] slot_for_device: device_id 0 not found in active GPU list, falling back to slot 0
[2026-09-07 12:59:03.636] [warning] [sirius_physical_partition.cpp:375] slot_for_device: device_id 0 not found in active GPU list, falling back to slot 0
[2026-09-07 12:59:03.636] [warning] [sirius_physical_partition.cpp:375] slot_for_device: device_id 0 not found in active GPU list, falling back to slot 0
[2026-09-07 12:59:03.636] [warning] [sirius_physical_partition.cpp:375] slot_for_device: device_id 0 not found in active GPU list, falling back to slot 0
[2026-09-07 12:59:03.636] [warning] [sirius_physical_partition.cpp:375] slot_for_device: device_id 0 not found in active GPU list, falling back to slot 0
[2026-09-07 12:59:03.636] [warning] [sirius_physical_partition.cpp:375] slot_for_device: device_id 0 not found in active GPU list, falling back to slot 0
[2026-09-07 12:59:03.636] [warning] [sirius_physical_partition.cpp:375] slot_for_device: device_id 0 not found in active GPU list, falling back to slot 0
[2026-09-07 12:59:03.636] [warning] [sirius_physical_partition.cpp:375] slot_for_device: device_id 0 not found in active GPU list, falling back to slot 0
[2026-09-07 12:59:03.636] [warning] [sirius_physical_partition.cpp:375] slot_for_device: device_id 0 not found in active GPU list, falling back to slot 0
[2026-09-07 12:59:03.636] [warning] [sirius_physical_partition.cpp:375] slot_for_device: device_id 0 not found in active GPU list, falling back to slot 0
[2026-09-07 12:59:03.636] [warning] [sirius_physical_partition.cpp:375] slot_for_device: device_id 0 not found in active GPU list, falling back to slot 0
[2026-09-07 12:59:03.636] [warning] [sirius_physical_partition.cpp:375] slot_for_device: device_id 0 not found in active GPU list, falling back to slot 0
[2026-09-07 12:59:03.636] [warning] [sirius_physical_partition.cpp:375] slot_for_device: device_id 0 not found in active GPU list, falling back to slot 0
[2026-09-07 12:59:03.636] [warning] [sirius_physical_partition.cpp:375] slot_for_device: device_id 0 not found in active GPU list, falling back to slot 0
[2026-09-07 12:59:03.637] [warning] [sirius_physical_partition.cpp:375] slot_for_device: device_id 0 not found in active GPU list, falling back to slot 0
[2026-09-07 12:59:03.637] [warning] [sirius_physical_partition.cpp:375] slot_for_device: device_id 0 not found in active GPU list, falling back to slot 0
[2026-09-07 12:59:03.637] [warning] [sirius_physical_partition.cpp:375] slot_for_device: device_id 0 not found in active GPU list, falling back to slot 0
[2026-09-07 12:59:03.637] [warning] [sirius_physical_partition.cpp:375] slot_for_device: device_id 0 not found in active GPU list, falling back to slot 0
[2026-09-07 12:59:03.637] [warning] [sirius_physical_partition.cpp:375] slot_for_device: device_id 0 not found in active GPU list, falling back to slot 0
[2026-09-07 12:59:03.637] [warning] [sirius_physical_partition.cpp:375] slot_for_device: device_id 0 not found in active GPU list, falling back to slot 0
[2026-09-07 12:59:03.637] [warning] [sirius_physical_partition.cpp:375] slot_for_device: device_id 0 not found in active GPU list, falling back to slot 0
[2026-09-07 12:59:03.637] [warning] [sirius_physical_partition.cpp:375] slot_for_device: device_id 0 not found in active GPU list, falling back to slot 0
[2026-09-07 12:59:03.637] [warning] [sirius_physical_partition.cpp:375] slot_for_device: device_id 0 not found in active GPU list, falling back to slot 0
[2026-09-07 12:59:03.637] [warning] [sirius_physical_partition.cpp:375] slot_for_device: device_id 0 not found in active GPU list, falling back to slot 0
[2026-09-07 12:59:03.637] [warning] [sirius_physical_partition.cpp:375] slot_for_device: device_id 0 not found in active GPU list, falling back to slot 0
[2026-09-07 12:59:03.637] [warning] [sirius_physical_partition.cpp:375] slot_for_device: device_id 0 not found in active GPU list, falling back to slot 0
[2026-09-07 12:59:03.637] [warning] [sirius_physical_partition.cpp:375] slot_for_device: device_id 0 not found in active GPU list, falling back to slot 0
[2026-09-07 12:59:03.637] [warning] [sirius_physical_partition.cpp:375] slot_for_device: device_id 0 not found in active GPU list, falling back to slot 0
[2026-09-07 12:59:03.637] [warning] [sirius_physical_partition.cpp:375] slot_for_device: device_id 0 not found in active GPU list, falling back to slot 0
[2026-09-07 12:59:03.637] [warning] [sirius_physical_partition.cpp:375] slot_for_device: device_id 0 not found in active GPU list, falling back to slot 0
[2026-09-07 12:59:03.637] [warning] [sirius_physical_partition.cpp:375] slot_for_device: device_id 0 not found in active GPU list, falling back to slot 0
[2026-09-07 12:59:03.637] [warning] [sirius_physical_partition.cpp:375] slot_for_device: device_id 0 not found in active GPU list, falling back to slot 0
[2026-09-07 12:59:03.637] [warning] [sirius_physical_partition.cpp:375] slot_for_device: device_id 0 not found in active GPU list, falling back to slot 0
[2026-09-07 12:59:03.637] [warning] [sirius_physical_partition.cpp:375] slot_for_device: device_id 0 not found in active GPU list, falling back to slot 0
[2026-09-07 12:59:03.637] [warning] [sirius_physical_partition.cpp:375] slot_for_device: device_id 0 not found in active GPU list, falling back to slot 0
[2026-09-07 12:59:03.637] [warning] [sirius_physical_partition.cpp:375] slot_for_device: device_id 0 not found in active GPU list, falling back to slot 0
[2026-09-07 12:59:03.637] [warning] [sirius_physical_partition.cpp:375] slot_for_device: device_id 0 not found in active GPU list, falling back to slot 0
[2026-09-07 12:59:03.637] [warning] [sirius_physical_partition.cpp:375] slot_for_device: device_id 0 not found in active GPU list, falling back to slot 0
[2026-09-07 12:59:03.657] [info] [gpu_pipeline_executor.cpp:129] GPU Pipeline Executor: task queue interrupted, stopping manager loop
[2026-09-07 12:59:03.657] [info] [sirius_context.cpp:405] QueryEnd
[2026-09-07 12:59:03.657] [info] [memory_prefetcher.cpp:72] [memory_prefetcher] stopping: prefetched 0 batches / 0 bytes (stops: headroom=0 reservation=0, skips: lock=0 draining=94, errors=0)
[2026-09-07 12:59:03.657] [info] [sirius_context.cpp:256] [host_pool] HOST:0 QueryEnd instance=0xe6af19960390 connection=1 window=16 query=39 allocated=17515413504 bytes peak=17582522368 bytes free_blocks=539
[2026-09-07 12:59:03.657] [info] [sirius_context.cpp:271] [gpu_pool] GPU:0 QueryEnd instance=0xe6af19960390 connection=1 window=16 query=39 allocated=5589924096 bytes peak=7204036864 bytes reserved=0 bytes
[2026-09-07 12:59:03.657] [info] [sirius_context.cpp:521] [window] end instance=0xe6af19960390 connection=1 window=16 query=39 outcome=ok
[2026-09-07 12:59:03.657] [info] [physical_sirius_execution.cpp:327] Transparent GPU execution: query completed
[2026-09-07 12:59:03.659] [info] [sirius_context.cpp:329] QueryBegin: instance=0xe6af19960390 connection=1 query=40 SQL: CALL sirius_set_query_label('q3_iter1')
[2026-09-07 12:59:03.659] [info] [sirius_context.cpp:329] QueryBegin: instance=0xe6af19960390 connection=1 query=41 SQL: SET gpu_execution = true;
[2026-09-07 12:59:03.659] [info] [sirius_context.cpp:329] QueryBegin: instance=0xe6af19960390 connection=1 query=42 SQL: select l.l_orderkey, sum(l.l_extendedprice * (1 - l.l_discount)) as revenue, o.o_orderdate, o.o_shippriority from customer c, orders o, lineitem l where c.c_mktsegment = 'HOUSEHOLD' and c.c_custkey = o.o_custkey and l.l_orderkey = o.o_orderkey and o.o_orderdate < date '1995-03-25' and l.l_shipdate > date '1995-03-25' group by l.l_orderkey, o.o_orderdate, o.o_shippriority order by revenue desc, o.o_orderdate limit 10
[2026-09-07 12:59:03.666] [info] [sirius_plan_comparison_join.cpp:646] [sirius_plan_comparison_join] Wired hash join with 1 dynamic-filter probe target(s) (1 scan-bound, 0 join-edge; evidence=filtered; build est 15000000 rows).
[2026-09-07 12:59:03.666] [info] [sirius_plan_comparison_join.cpp:646] [sirius_plan_comparison_join] Wired hash join with 1 dynamic-filter probe target(s) (1 scan-bound, 0 join-edge; evidence=filtered; build est 150000000 rows).
[2026-09-07 12:59:03.667] [info] [sirius_context.cpp:1467] Transparent execution: Sirius physical plan generated successfully
[2026-09-07 12:59:03.667] [info] [sirius_context.cpp:1495] Transparent execution: physical plan replaced with GPU operator
[2026-09-07 12:59:03.667] [info] [physical_sirius_execution.cpp:157] Transparent GPU execution: executing query
[2026-09-07 12:59:03.667] [info] [sirius_context.cpp:521] [window] begin instance=0xe6af19960390 connection=1 window=17 query=42 outcome=-
[2026-09-07 12:59:03.667] [info] [sirius_context.cpp:256] [host_pool] HOST:0 QueryBegin instance=0xe6af19960390 connection=1 window=17 query=42 allocated=17515413504 bytes peak=17582522368 bytes free_blocks=539
[2026-09-07 12:59:03.667] [info] [sirius_context.cpp:271] [gpu_pool] GPU:0 QueryBegin instance=0xe6af19960390 connection=1 window=17 query=42 allocated=5589924096 bytes peak=7204036864 bytes reserved=0 bytes
[2026-09-07 12:59:03.667] [info] [sirius_context.cpp:389] QueryBegin: transparent_execution
[2026-09-07 12:59:03.669] [info] [sirius_plan_comparison_join.cpp:646] [sirius_plan_comparison_join] Wired hash join with 1 dynamic-filter probe target(s) (1 scan-bound, 0 join-edge; evidence=filtered; build est 15000000 rows).
[2026-09-07 12:59:03.669] [info] [sirius_plan_comparison_join.cpp:646] [sirius_plan_comparison_join] Wired hash join with 1 dynamic-filter probe target(s) (1 scan-bound, 0 join-edge; evidence=filtered; build est 150000000 rows).
[2026-09-07 12:59:03.669] [info] [sirius_engine.cpp:265] [gpu_alloc] query allocated 1 GPU(s): [0]
[2026-09-07 12:59:03.670] [info] [sirius_engine.cpp:318] Query Plan:
=== Pipeline Overview ===
Pipeline #0: GPU_SCAN (id=0)
  Output: -> PARTITION [port: default, barrier: FULL]
Pipeline #1: PARTITION (id=1)
  Input: <- Pipeline #0 [on: PARTITION (id=1), port: default, barrier: FULL]
  Dependencies: Pipeline #0
  Output: -> CONCAT [port: default, barrier: PARTIAL]
Pipeline #2: CONCAT (id=2)
  Input: <- Pipeline #1 [on: CONCAT (id=2), port: default, barrier: PARTIAL]
  Dependencies: Pipeline #1
  Output: -> HASH_JOIN [port: build, barrier: PARTIAL]
Pipeline #3: GPU_SCAN (id=3) -> DYNAMIC_FILTER (id=4)
  Output: -> PARTITION [port: default, barrier: PARTIAL]
Pipeline #4: PARTITION (id=5)
  Input: <- Pipeline #3 [on: PARTITION (id=5), port: default, barrier: PARTIAL]
  Dependencies: Pipeline #3
  Output: -> CONCAT [port: default, barrier: PARTIAL]
Pipeline #5: CONCAT (id=6)
  Input: <- Pipeline #4 [on: CONCAT (id=6), port: default, barrier: PARTIAL]
  Dependencies: Pipeline #4
  Output: -> HASH_JOIN [port: default, barrier: PARTIAL]
Pipeline #6: HASH_JOIN (id=7) -> PROJECTION (id=8)
  Input: <- Pipeline #2 [on: HASH_JOIN (id=7), port: build, barrier: PARTIAL]
  Input: <- Pipeline #5 [on: HASH_JOIN (id=7), port: default, barrier: PARTIAL]
  Dependencies: Pipeline #2, Pipeline #5
  Output: -> PARTITION [port: default, barrier: FULL]
Pipeline #7: PARTITION (id=9)
  Input: <- Pipeline #6 [on: PARTITION (id=9), port: default, barrier: FULL]
  Dependencies: Pipeline #6
  Output: -> CONCAT [port: default, barrier: PARTIAL]
Pipeline #8: CONCAT (id=10)
  Input: <- Pipeline #7 [on: CONCAT (id=10), port: default, barrier: PARTIAL]
  Dependencies: Pipeline #7
  Output: -> HASH_JOIN [port: build, barrier: PARTIAL]
Pipeline #9: GPU_SCAN (id=11) -> DYNAMIC_FILTER (id=12)
  Output: -> PARTITION [port: default, barrier: PARTIAL]
Pipeline #10: PARTITION (id=13)
  Input: <- Pipeline #9 [on: PARTITION (id=13), port: default, barrier: PARTIAL]
  Dependencies: Pipeline #9
  Output: -> CONCAT [port: default, barrier: PARTIAL]
Pipeline #11: CONCAT (id=14)
  Input: <- Pipeline #10 [on: CONCAT (id=14), port: default, barrier: PARTIAL]
  Dependencies: Pipeline #10
  Output: -> HASH_JOIN [port: default, barrier: PARTIAL]
Pipeline #12: HASH_JOIN (id=15) -> PROJECTION (id=16) -> HASH_GROUP_BY (id=17)
  Input: <- Pipeline #8 [on: HASH_JOIN (id=15), port: build, barrier: PARTIAL]
  Input: <- Pipeline #11 [on: HASH_JOIN (id=15), port: default, barrier: PARTIAL]
  Dependencies: Pipeline #8, Pipeline #11
  Output: -> PARTITION [port: default, barrier: FULL]
Pipeline #13: PARTITION (id=18)
  Input: <- Pipeline #12 [on: PARTITION (id=18), port: default, barrier: FULL]
  Dependencies: Pipeline #12
  Output: -> MERGE_GROUP_BY [port: default, barrier: FULL]
Pipeline #14: MERGE_GROUP_BY (id=19) -> PROJECTION (id=20) -> PROJECTION (id=21) -> TOP_N (id=22)
  Input: <- Pipeline #13 [on: MERGE_GROUP_BY (id=19), port: default, barrier: FULL]
  Dependencies: Pipeline #13
  Output: -> MERGE_TOP_N [port: default, barrier: FULL]
Pipeline #15: MERGE_TOP_N (id=23) -> RESULT_COLLECTOR (id=24)
  Input: <- Pipeline #14 [on: MERGE_TOP_N (id=23), port: default, barrier: FULL]
  Dependencies: Pipeline #14

=== Query Plan DAG ===
┌──────────────────────────┐                                                        
│ Pipeline #15             │                                                        
│ RESULT_COLLECTOR (id=24) │                                                        
│ MERGE_TOP_N (id=23)      │                                                        
│ Input(#14): FULL         │                                                        
└────────────┬─────────────┘                                                        
             │                                                                      
┌──────────────────────────┐                                                        
│ Pipeline #14             │                                                        
│ TOP_N (id=22)            │                                                        
│ PROJECTION (id=21)       │                                                        
│ PROJECTION (id=20)       │                                                        
│ MERGE_GROUP_BY (id=19)   │                                                        
│ Input(#13): FULL         │                                                        
└────────────┬─────────────┘                                                        
             │                                                                      
┌──────────────────────────┐                                                        
│ Pipeline #13             │                                                        
│ PARTITION (id=18)        │                                                        
│ Input(#12): FULL         │                                                        
└────────────┬─────────────┘                                                        
             │                                                                      
┌──────────────────────────┐                                                        
│ Pipeline #12             │                                                        
│ HASH_GROUP_BY (id=17)    │                                                        
│ PROJECTION (id=16)       │                                                        
│ HASH_JOIN (id=15)        │                                                        
│   type: INNER            │                                                        
│ Input(#8): PARTIAL       │                                                        
│ Input(#11): PARTIAL      │                                                        
└────────────┬─────────────┘                                                        
             ┌───────────────────────────────────────────────────────┐              
             │                                                       │              
┌──────────────────────────┐                            ┌──────────────────────────┐
│ Pipeline #8              │                            │ Pipeline #11             │
│ CONCAT (id=10)           │                            │ CONCAT (id=14)           │
│ Input(#7): PARTIAL       │                            │ Input(#10): PARTIAL      │
└────────────┬─────────────┘                            └────────────┬─────────────┘
             │                                                       │              
┌──────────────────────────┐                            ┌──────────────────────────┐
│ Pipeline #7              │                            │ Pipeline #10             │
│ PARTITION (id=9)         │                            │ PARTITION (id=13)        │
│ Input(#6): FULL          │                            │ Input(#9): PARTIAL       │
└────────────┬─────────────┘                            └────────────┬─────────────┘
             │                                                       │              
┌──────────────────────────┐                            ┌──────────────────────────┐
│ Pipeline #6              │                            │ Pipeline #9              │
│ PROJECTION (id=8)        │                            │ DYNAMIC_FILTER (id=12)   │
│ HASH_JOIN (id=7)         │                            │ GPU_SCAN (id=11)         │
│   type: INNER            │                            │                          │
│ Input(#2): PARTIAL       │                            │                          │
│ Input(#5): PARTIAL       │                            │                          │
└────────────┬─────────────┘                            └──────────────────────────┘
             ┌───────────────────────────┐                                          
             │                           │                                          
┌──────────────────────────┐┌──────────────────────────┐                            
│ Pipeline #2              ││ Pipeline #5              │                            
│ CONCAT (id=2)            ││ CONCAT (id=6)            │                            
│ Input(#1): PARTIAL       ││ Input(#4): PARTIAL       │                            
└────────────┬─────────────┘└────────────┬─────────────┘                            
             │                           │                                          
┌──────────────────────────┐┌──────────────────────────┐                            
│ Pipeline #1              ││ Pipeline #4              │                            
│ PARTITION (id=1)         ││ PARTITION (id=5)         │                            
│ Input(#0): FULL          ││ Input(#3): PARTIAL       │                            
└────────────┬─────────────┘└────────────┬─────────────┘                            
             │                           │                                          
┌──────────────────────────┐┌──────────────────────────┐                            
│ Pipeline #0              ││ Pipeline #3              │                            
│ GPU_SCAN (id=0)          ││ DYNAMIC_FILTER (id=4)    │                            
│                          ││ GPU_SCAN (id=3)          │                            
└──────────────────────────┘└──────────────────────────┘                            

[2026-09-07 12:59:03.670] [info] [sirius_engine.cpp:186] query 17 telemetry_query=01a07d73e9f57903903074bf2f6c2b14
[2026-09-07 12:59:03.670] [info] [sirius_scan_manager.cpp:2999] [sirius_scan_manager] assigned pinned entry 'customer' to operator '0'
[2026-09-07 12:59:03.670] [info] [sirius_scan_manager.cpp:2999] [sirius_scan_manager] assigned pinned entry 'orders' to operator '3'
[2026-09-07 12:59:03.670] [info] [sirius_scan_manager.cpp:2999] [sirius_scan_manager] assigned pinned entry 'lineitem' to operator '11'
[2026-09-07 12:59:03.670] [info] [sirius_scan_manager.cpp:897] [late-mat] operator 0: 1 column(s) withheld — a partition hashes them
[2026-09-07 12:59:03.670] [info] [sirius_scan_manager.cpp:823] [late-mat] operator 3: not deferring — the scan restricts rows and its pin is compressed, so the surviving rows are decided inside the decode
[2026-09-07 12:59:03.670] [info] [sirius_scan_manager.cpp:823] [late-mat] operator 11: not deferring — the scan restricts rows and its pin is compressed, so the surviving rows are decided inside the decode
[2026-09-07 12:59:03.670] [info] [memory_prefetcher.cpp:59] [memory_prefetcher] started: 3 threads, 3 connectors, min_free_fraction=0.40
[2026-09-07 12:59:03.671] [info] [dynamic_filter_publisher.cpp:297] [sirius_physical_hash_join] Pushed 1 dynamic filter(s) across 1 active target(s) of 1 wired target(s) (3000019 build rows, 1 bound keys of 1 admitted).
[2026-09-07 12:59:03.677] [warning] [sirius_physical_partition.cpp:375] slot_for_device: device_id 0 not found in active GPU list, falling back to slot 0
[2026-09-07 12:59:03.677] [warning] [sirius_physical_partition.cpp:375] slot_for_device: device_id 0 not found in active GPU list, falling back to slot 0
[2026-09-07 12:59:03.677] [warning] [sirius_physical_partition.cpp:375] slot_for_device: device_id 0 not found in active GPU list, falling back to slot 0
[2026-09-07 12:59:03.677] [warning] [sirius_physical_partition.cpp:375] slot_for_device: device_id 0 not found in active GPU list, falling back to slot 0
[2026-09-07 12:59:03.677] [warning] [sirius_physical_partition.cpp:375] slot_for_device: device_id 0 not found in active GPU list, falling back to slot 0
[2026-09-07 12:59:03.677] [warning] [sirius_physical_partition.cpp:375] slot_for_device: device_id 0 not found in active GPU list, falling back to slot 0
[2026-09-07 12:59:03.678] [warning] [sirius_physical_partition.cpp:375] slot_for_device: device_id 0 not found in active GPU list, falling back to slot 0
[2026-09-07 12:59:03.678] [warning] [sirius_physical_partition.cpp:375] slot_for_device: device_id 0 not found in active GPU list, falling back to slot 0
[2026-09-07 12:59:03.678] [warning] [sirius_physical_partition.cpp:375] slot_for_device: device_id 0 not found in active GPU list, falling back to slot 0
[2026-09-07 12:59:03.678] [warning] [sirius_physical_partition.cpp:375] slot_for_device: device_id 0 not found in active GPU list, falling back to slot 0
[2026-09-07 12:59:03.678] [warning] [sirius_physical_partition.cpp:375] slot_for_device: device_id 0 not found in active GPU list, falling back to slot 0
[2026-09-07 12:59:03.678] [warning] [sirius_physical_partition.cpp:375] slot_for_device: device_id 0 not found in active GPU list, falling back to slot 0
[2026-09-07 12:59:03.678] [warning] [sirius_physical_partition.cpp:375] slot_for_device: device_id 0 not found in active GPU list, falling back to slot 0
[2026-09-07 12:59:03.678] [warning] [sirius_physical_partition.cpp:375] slot_for_device: device_id 0 not found in active GPU list, falling back to slot 0
[2026-09-07 12:59:03.678] [warning] [sirius_physical_partition.cpp:375] slot_for_device: device_id 0 not found in active GPU list, falling back to slot 0
[2026-09-07 12:59:03.678] [warning] [sirius_physical_partition.cpp:375] slot_for_device: device_id 0 not found in active GPU list, falling back to slot 0
[2026-09-07 12:59:03.678] [warning] [sirius_physical_partition.cpp:375] slot_for_device: device_id 0 not found in active GPU list, falling back to slot 0
[2026-09-07 12:59:03.678] [warning] [sirius_physical_partition.cpp:375] slot_for_device: device_id 0 not found in active GPU list, falling back to slot 0
[2026-09-07 12:59:03.678] [warning] [sirius_physical_partition.cpp:375] slot_for_device: device_id 0 not found in active GPU list, falling back to slot 0
[2026-09-07 12:59:03.678] [warning] [sirius_physical_partition.cpp:375] slot_for_device: device_id 0 not found in active GPU list, falling back to slot 0
[2026-09-07 12:59:03.678] [warning] [sirius_physical_partition.cpp:375] slot_for_device: device_id 0 not found in active GPU list, falling back to slot 0
[2026-09-07 12:59:03.678] [warning] [sirius_physical_partition.cpp:375] slot_for_device: device_id 0 not found in active GPU list, falling back to slot 0
[2026-09-07 12:59:03.678] [warning] [sirius_physical_partition.cpp:375] slot_for_device: device_id 0 not found in active GPU list, falling back to slot 0
[2026-09-07 12:59:03.678] [warning] [sirius_physical_partition.cpp:375] slot_for_device: device_id 0 not found in active GPU list, falling back to slot 0
[2026-09-07 12:59:03.678] [warning] [sirius_physical_partition.cpp:375] slot_for_device: device_id 0 not found in active GPU list, falling back to slot 0
[2026-09-07 12:59:03.679] [warning] [sirius_physical_partition.cpp:375] slot_for_device: device_id 0 not found in active GPU list, falling back to slot 0
[2026-09-07 12:59:03.679] [warning] [sirius_physical_partition.cpp:375] slot_for_device: device_id 0 not found in active GPU list, falling back to slot 0
[2026-09-07 12:59:03.679] [warning] [sirius_physical_partition.cpp:375] slot_for_device: device_id 0 not found in active GPU list, falling back to slot 0
[2026-09-07 12:59:03.679] [warning] [sirius_physical_partition.cpp:375] slot_for_device: device_id 0 not found in active GPU list, falling back to slot 0
[2026-09-07 12:59:03.683] [info] [dynamic_filter_publisher.cpp:297] [sirius_physical_hash_join] Pushed 1 dynamic filter(s) across 1 active target(s) of 1 wired target(s) (14695473 build rows, 1 bound keys of 1 admitted).
[2026-09-07 12:59:03.711] [warning] [sirius_physical_partition.cpp:375] slot_for_device: device_id 0 not found in active GPU list, falling back to slot 0
[2026-09-07 12:59:03.711] [warning] [sirius_physical_partition.cpp:375] slot_for_device: device_id 0 not found in active GPU list, falling back to slot 0
[2026-09-07 12:59:03.711] [warning] [sirius_physical_partition.cpp:375] slot_for_device: device_id 0 not found in active GPU list, falling back to slot 0
[2026-09-07 12:59:03.711] [warning] [sirius_physical_partition.cpp:375] slot_for_device: device_id 0 not found in active GPU list, falling back to slot 0
[2026-09-07 12:59:03.711] [warning] [sirius_physical_partition.cpp:375] slot_for_device: device_id 0 not found in active GPU list, falling back to slot 0
[2026-09-07 12:59:03.711] [warning] [sirius_physical_partition.cpp:375] slot_for_device: device_id 0 not found in active GPU list, falling back to slot 0
[2026-09-07 12:59:03.711] [warning] [sirius_physical_partition.cpp:375] slot_for_device: device_id 0 not found in active GPU list, falling back to slot 0
[2026-09-07 12:59:03.711] [warning] [sirius_physical_partition.cpp:375] slot_for_device: device_id 0 not found in active GPU list, falling back to slot 0
[2026-09-07 12:59:03.711] [warning] [sirius_physical_partition.cpp:375] slot_for_device: device_id 0 not found in active GPU list, falling back to slot 0
[2026-09-07 12:59:03.711] [warning] [sirius_physical_partition.cpp:375] slot_for_device: device_id 0 not found in active GPU list, falling back to slot 0
[2026-09-07 12:59:03.711] [warning] [sirius_physical_partition.cpp:375] slot_for_device: device_id 0 not found in active GPU list, falling back to slot 0
[2026-09-07 12:59:03.711] [warning] [sirius_physical_partition.cpp:375] slot_for_device: device_id 0 not found in active GPU list, falling back to slot 0
[2026-09-07 12:59:03.711] [warning] [sirius_physical_partition.cpp:375] slot_for_device: device_id 0 not found in active GPU list, falling back to slot 0
[2026-09-07 12:59:03.711] [warning] [sirius_physical_partition.cpp:375] slot_for_device: device_id 0 not found in active GPU list, falling back to slot 0
[2026-09-07 12:59:03.711] [warning] [sirius_physical_partition.cpp:375] slot_for_device: device_id 0 not found in active GPU list, falling back to slot 0
[2026-09-07 12:59:03.711] [warning] [sirius_physical_partition.cpp:375] slot_for_device: device_id 0 not found in active GPU list, falling back to slot 0
[2026-09-07 12:59:03.711] [warning] [sirius_physical_partition.cpp:375] slot_for_device: device_id 0 not found in active GPU list, falling back to slot 0
[2026-09-07 12:59:03.711] [warning] [sirius_physical_partition.cpp:375] slot_for_device: device_id 0 not found in active GPU list, falling back to slot 0
[2026-09-07 12:59:03.712] [warning] [sirius_physical_partition.cpp:375] slot_for_device: device_id 0 not found in active GPU list, falling back to slot 0
[2026-09-07 12:59:03.712] [warning] [sirius_physical_partition.cpp:375] slot_for_device: device_id 0 not found in active GPU list, falling back to slot 0
[2026-09-07 12:59:03.712] [warning] [sirius_physical_partition.cpp:375] slot_for_device: device_id 0 not found in active GPU list, falling back to slot 0
[2026-09-07 12:59:03.712] [warning] [sirius_physical_partition.cpp:375] slot_for_device: device_id 0 not found in active GPU list, falling back to slot 0
[2026-09-07 12:59:03.712] [warning] [sirius_physical_partition.cpp:375] slot_for_device: device_id 0 not found in active GPU list, falling back to slot 0
[2026-09-07 12:59:03.712] [warning] [sirius_physical_partition.cpp:375] slot_for_device: device_id 0 not found in active GPU list, falling back to slot 0
[2026-09-07 12:59:03.712] [warning] [sirius_physical_partition.cpp:375] slot_for_device: device_id 0 not found in active GPU list, falling back to slot 0
[2026-09-07 12:59:03.712] [warning] [sirius_physical_partition.cpp:375] slot_for_device: device_id 0 not found in active GPU list, falling back to slot 0
[2026-09-07 12:59:03.712] [warning] [sirius_physical_partition.cpp:375] slot_for_device: device_id 0 not found in active GPU list, falling back to slot 0
[2026-09-07 12:59:03.712] [warning] [sirius_physical_partition.cpp:375] slot_for_device: device_id 0 not found in active GPU list, falling back to slot 0
[2026-09-07 12:59:03.712] [warning] [sirius_physical_partition.cpp:375] slot_for_device: device_id 0 not found in active GPU list, falling back to slot 0
[2026-09-07 12:59:03.712] [warning] [sirius_physical_partition.cpp:375] slot_for_device: device_id 0 not found in active GPU list, falling back to slot 0
[2026-09-07 12:59:03.712] [warning] [sirius_physical_partition.cpp:375] slot_for_device: device_id 0 not found in active GPU list, falling back to slot 0
[2026-09-07 12:59:03.712] [warning] [sirius_physical_partition.cpp:375] slot_for_device: device_id 0 not found in active GPU list, falling back to slot 0
[2026-09-07 12:59:03.712] [warning] [sirius_physical_partition.cpp:375] slot_for_device: device_id 0 not found in active GPU list, falling back to slot 0
[2026-09-07 12:59:03.712] [warning] [sirius_physical_partition.cpp:375] slot_for_device: device_id 0 not found in active GPU list, falling back to slot 0
[2026-09-07 12:59:03.712] [warning] [sirius_physical_partition.cpp:375] slot_for_device: device_id 0 not found in active GPU list, falling back to slot 0
[2026-09-07 12:59:03.712] [warning] [sirius_physical_partition.cpp:375] slot_for_device: device_id 0 not found in active GPU list, falling back to slot 0
[2026-09-07 12:59:03.712] [warning] [sirius_physical_partition.cpp:375] slot_for_device: device_id 0 not found in active GPU list, falling back to slot 0
[2026-09-07 12:59:03.712] [warning] [sirius_physical_partition.cpp:375] slot_for_device: device_id 0 not found in active GPU list, falling back to slot 0
[2026-09-07 12:59:03.712] [warning] [sirius_physical_partition.cpp:375] slot_for_device: device_id 0 not found in active GPU list, falling back to slot 0
[2026-09-07 12:59:03.712] [warning] [sirius_physical_partition.cpp:375] slot_for_device: device_id 0 not found in active GPU list, falling back to slot 0
[2026-09-07 12:59:03.712] [warning] [sirius_physical_partition.cpp:375] slot_for_device: device_id 0 not found in active GPU list, falling back to slot 0
[2026-09-07 12:59:03.712] [warning] [sirius_physical_partition.cpp:375] slot_for_device: device_id 0 not found in active GPU list, falling back to slot 0
[2026-09-07 12:59:03.712] [warning] [sirius_physical_partition.cpp:375] slot_for_device: device_id 0 not found in active GPU list, falling back to slot 0
[2026-09-07 12:59:03.712] [warning] [sirius_physical_partition.cpp:375] slot_for_device: device_id 0 not found in active GPU list, falling back to slot 0
[2026-09-07 12:59:03.712] [warning] [sirius_physical_partition.cpp:375] slot_for_device: device_id 0 not found in active GPU list, falling back to slot 0
[2026-09-07 12:59:03.712] [warning] [sirius_physical_partition.cpp:375] slot_for_device: device_id 0 not found in active GPU list, falling back to slot 0
[2026-09-07 12:59:03.712] [warning] [sirius_physical_partition.cpp:375] slot_for_device: device_id 0 not found in active GPU list, falling back to slot 0
[2026-09-07 12:59:03.712] [warning] [sirius_physical_partition.cpp:375] slot_for_device: device_id 0 not found in active GPU list, falling back to slot 0
[2026-09-07 12:59:03.712] [warning] [sirius_physical_partition.cpp:375] slot_for_device: device_id 0 not found in active GPU list, falling back to slot 0
[2026-09-07 12:59:03.712] [warning] [sirius_physical_partition.cpp:375] slot_for_device: device_id 0 not found in active GPU list, falling back to slot 0
[2026-09-07 12:59:03.712] [warning] [sirius_physical_partition.cpp:375] slot_for_device: device_id 0 not found in active GPU list, falling back to slot 0
[2026-09-07 12:59:03.712] [warning] [sirius_physical_partition.cpp:375] slot_for_device: device_id 0 not found in active GPU list, falling back to slot 0
[2026-09-07 12:59:03.712] [warning] [sirius_physical_partition.cpp:375] slot_for_device: device_id 0 not found in active GPU list, falling back to slot 0
[2026-09-07 12:59:03.712] [warning] [sirius_physical_partition.cpp:375] slot_for_device: device_id 0 not found in active GPU list, falling back to slot 0
[2026-09-07 12:59:03.712] [warning] [sirius_physical_partition.cpp:375] slot_for_device: device_id 0 not found in active GPU list, falling back to slot 0
[2026-09-07 12:59:03.712] [warning] [sirius_physical_partition.cpp:375] slot_for_device: device_id 0 not found in active GPU list, falling back to slot 0
[2026-09-07 12:59:03.712] [warning] [sirius_physical_partition.cpp:375] slot_for_device: device_id 0 not found in active GPU list, falling back to slot 0
[2026-09-07 12:59:03.712] [warning] [sirius_physical_partition.cpp:375] slot_for_device: device_id 0 not found in active GPU list, falling back to slot 0
[2026-09-07 12:59:03.712] [warning] [sirius_physical_partition.cpp:375] slot_for_device: device_id 0 not found in active GPU list, falling back to slot 0
[2026-09-07 12:59:03.712] [warning] [sirius_physical_partition.cpp:375] slot_for_device: device_id 0 not found in active GPU list, falling back to slot 0
[2026-09-07 12:59:03.712] [warning] [sirius_physical_partition.cpp:375] slot_for_device: device_id 0 not found in active GPU list, falling back to slot 0
[2026-09-07 12:59:03.712] [warning] [sirius_physical_partition.cpp:375] slot_for_device: device_id 0 not found in active GPU list, falling back to slot 0
[2026-09-07 12:59:03.712] [warning] [sirius_physical_partition.cpp:375] slot_for_device: device_id 0 not found in active GPU list, falling back to slot 0
[2026-09-07 12:59:03.712] [warning] [sirius_physical_partition.cpp:375] slot_for_device: device_id 0 not found in active GPU list, falling back to slot 0
[2026-09-07 12:59:03.712] [warning] [sirius_physical_partition.cpp:375] slot_for_device: device_id 0 not found in active GPU list, falling back to slot 0
[2026-09-07 12:59:03.712] [warning] [sirius_physical_partition.cpp:375] slot_for_device: device_id 0 not found in active GPU list, falling back to slot 0
[2026-09-07 12:59:03.712] [warning] [sirius_physical_partition.cpp:375] slot_for_device: device_id 0 not found in active GPU list, falling back to slot 0
[2026-09-07 12:59:03.712] [warning] [sirius_physical_partition.cpp:375] slot_for_device: device_id 0 not found in active GPU list, falling back to slot 0
[2026-09-07 12:59:03.712] [warning] [sirius_physical_partition.cpp:375] slot_for_device: device_id 0 not found in active GPU list, falling back to slot 0
[2026-09-07 12:59:03.712] [warning] [sirius_physical_partition.cpp:375] slot_for_device: device_id 0 not found in active GPU list, falling back to slot 0
[2026-09-07 12:59:03.712] [warning] [sirius_physical_partition.cpp:375] slot_for_device: device_id 0 not found in active GPU list, falling back to slot 0
[2026-09-07 12:59:03.712] [warning] [sirius_physical_partition.cpp:375] slot_for_device: device_id 0 not found in active GPU list, falling back to slot 0
[2026-09-07 12:59:03.712] [warning] [sirius_physical_partition.cpp:375] slot_for_device: device_id 0 not found in active GPU list, falling back to slot 0
[2026-09-07 12:59:03.712] [warning] [sirius_physical_partition.cpp:375] slot_for_device: device_id 0 not found in active GPU list, falling back to slot 0
[2026-09-07 12:59:03.712] [warning] [sirius_physical_partition.cpp:375] slot_for_device: device_id 0 not found in active GPU list, falling back to slot 0
[2026-09-07 12:59:03.713] [warning] [sirius_physical_partition.cpp:375] slot_for_device: device_id 0 not found in active GPU list, falling back to slot 0
[2026-09-07 12:59:03.713] [warning] [sirius_physical_partition.cpp:375] slot_for_device: device_id 0 not found in active GPU list, falling back to slot 0
[2026-09-07 12:59:03.713] [warning] [sirius_physical_partition.cpp:375] slot_for_device: device_id 0 not found in active GPU list, falling back to slot 0
[2026-09-07 12:59:03.713] [warning] [sirius_physical_partition.cpp:375] slot_for_device: device_id 0 not found in active GPU list, falling back to slot 0
[2026-09-07 12:59:03.713] [warning] [sirius_physical_partition.cpp:375] slot_for_device: device_id 0 not found in active GPU list, falling back to slot 0
[2026-09-07 12:59:03.713] [warning] [sirius_physical_partition.cpp:375] slot_for_device: device_id 0 not found in active GPU list, falling back to slot 0
[2026-09-07 12:59:03.713] [warning] [sirius_physical_partition.cpp:375] slot_for_device: device_id 0 not found in active GPU list, falling back to slot 0
[2026-09-07 12:59:03.713] [warning] [sirius_physical_partition.cpp:375] slot_for_device: device_id 0 not found in active GPU list, falling back to slot 0
[2026-09-07 12:59:03.713] [warning] [sirius_physical_partition.cpp:375] slot_for_device: device_id 0 not found in active GPU list, falling back to slot 0
[2026-09-07 12:59:03.713] [warning] [sirius_physical_partition.cpp:375] slot_for_device: device_id 0 not found in active GPU list, falling back to slot 0
[2026-09-07 12:59:03.713] [warning] [sirius_physical_partition.cpp:375] slot_for_device: device_id 0 not found in active GPU list, falling back to slot 0
[2026-09-07 12:59:03.713] [warning] [sirius_physical_partition.cpp:375] slot_for_device: device_id 0 not found in active GPU list, falling back to slot 0
[2026-09-07 12:59:03.713] [warning] [sirius_physical_partition.cpp:375] slot_for_device: device_id 0 not found in active GPU list, falling back to slot 0
[2026-09-07 12:59:03.713] [warning] [sirius_physical_partition.cpp:375] slot_for_device: device_id 0 not found in active GPU list, falling back to slot 0
[2026-09-07 12:59:03.713] [warning] [sirius_physical_partition.cpp:375] slot_for_device: device_id 0 not found in active GPU list, falling back to slot 0
[2026-09-07 12:59:03.713] [warning] [sirius_physical_partition.cpp:375] slot_for_device: device_id 0 not found in active GPU list, falling back to slot 0
[2026-09-07 12:59:03.713] [warning] [sirius_physical_partition.cpp:375] slot_for_device: device_id 0 not found in active GPU list, falling back to slot 0
[2026-09-07 12:59:03.713] [warning] [sirius_physical_partition.cpp:375] slot_for_device: device_id 0 not found in active GPU list, falling back to slot 0
[2026-09-07 12:59:03.713] [warning] [sirius_physical_partition.cpp:375] slot_for_device: device_id 0 not found in active GPU list, falling back to slot 0
[2026-09-07 12:59:03.713] [warning] [sirius_physical_partition.cpp:375] slot_for_device: device_id 0 not found in active GPU list, falling back to slot 0
[2026-09-07 12:59:03.713] [warning] [sirius_physical_partition.cpp:375] slot_for_device: device_id 0 not found in active GPU list, falling back to slot 0
[2026-09-07 12:59:03.713] [warning] [sirius_physical_partition.cpp:375] slot_for_device: device_id 0 not found in active GPU list, falling back to slot 0
[2026-09-07 12:59:03.713] [warning] [sirius_physical_partition.cpp:375] slot_for_device: device_id 0 not found in active GPU list, falling back to slot 0
[2026-09-07 12:59:03.713] [warning] [sirius_physical_partition.cpp:375] slot_for_device: device_id 0 not found in active GPU list, falling back to slot 0
[2026-09-07 12:59:03.713] [warning] [sirius_physical_partition.cpp:375] slot_for_device: device_id 0 not found in active GPU list, falling back to slot 0
[2026-09-07 12:59:03.713] [warning] [sirius_physical_partition.cpp:375] slot_for_device: device_id 0 not found in active GPU list, falling back to slot 0
[2026-09-07 12:59:03.713] [warning] [sirius_physical_partition.cpp:375] slot_for_device: device_id 0 not found in active GPU list, falling back to slot 0
[2026-09-07 12:59:03.713] [warning] [sirius_physical_partition.cpp:375] slot_for_device: device_id 0 not found in active GPU list, falling back to slot 0
[2026-09-07 12:59:03.713] [warning] [sirius_physical_partition.cpp:375] slot_for_device: device_id 0 not found in active GPU list, falling back to slot 0
[2026-09-07 12:59:03.713] [warning] [sirius_physical_partition.cpp:375] slot_for_device: device_id 0 not found in active GPU list, falling back to slot 0
[2026-09-07 12:59:03.713] [warning] [sirius_physical_partition.cpp:375] slot_for_device: device_id 0 not found in active GPU list, falling back to slot 0
[2026-09-07 12:59:03.713] [warning] [sirius_physical_partition.cpp:375] slot_for_device: device_id 0 not found in active GPU list, falling back to slot 0
[2026-09-07 12:59:03.713] [warning] [sirius_physical_partition.cpp:375] slot_for_device: device_id 0 not found in active GPU list, falling back to slot 0
[2026-09-07 12:59:03.713] [warning] [sirius_physical_partition.cpp:375] slot_for_device: device_id 0 not found in active GPU list, falling back to slot 0
[2026-09-07 12:59:03.713] [warning] [sirius_physical_partition.cpp:375] slot_for_device: device_id 0 not found in active GPU list, falling back to slot 0
[2026-09-07 12:59:03.713] [warning] [sirius_physical_partition.cpp:375] slot_for_device: device_id 0 not found in active GPU list, falling back to slot 0
[2026-09-07 12:59:03.713] [warning] [sirius_physical_partition.cpp:375] slot_for_device: device_id 0 not found in active GPU list, falling back to slot 0
[2026-09-07 12:59:03.713] [warning] [sirius_physical_partition.cpp:375] slot_for_device: device_id 0 not found in active GPU list, falling back to slot 0
[2026-09-07 12:59:03.713] [warning] [sirius_physical_partition.cpp:375] slot_for_device: device_id 0 not found in active GPU list, falling back to slot 0
[2026-09-07 12:59:03.713] [warning] [sirius_physical_partition.cpp:375] slot_for_device: device_id 0 not found in active GPU list, falling back to slot 0
[2026-09-07 12:59:03.714] [warning] [sirius_physical_partition.cpp:375] slot_for_device: device_id 0 not found in active GPU list, falling back to slot 0
[2026-09-07 12:59:03.714] [warning] [sirius_physical_partition.cpp:375] slot_for_device: device_id 0 not found in active GPU list, falling back to slot 0
[2026-09-07 12:59:03.714] [warning] [sirius_physical_partition.cpp:375] slot_for_device: device_id 0 not found in active GPU list, falling back to slot 0
[2026-09-07 12:59:03.714] [warning] [sirius_physical_partition.cpp:375] slot_for_device: device_id 0 not found in active GPU list, falling back to slot 0
[2026-09-07 12:59:03.714] [warning] [sirius_physical_partition.cpp:375] slot_for_device: device_id 0 not found in active GPU list, falling back to slot 0
[2026-09-07 12:59:03.714] [warning] [sirius_physical_partition.cpp:375] slot_for_device: device_id 0 not found in active GPU list, falling back to slot 0
[2026-09-07 12:59:03.714] [warning] [sirius_physical_partition.cpp:375] slot_for_device: device_id 0 not found in active GPU list, falling back to slot 0
[2026-09-07 12:59:03.714] [warning] [sirius_physical_partition.cpp:375] slot_for_device: device_id 0 not found in active GPU list, falling back to slot 0
[2026-09-07 12:59:03.714] [warning] [sirius_physical_partition.cpp:375] slot_for_device: device_id 0 not found in active GPU list, falling back to slot 0
[2026-09-07 12:59:03.714] [warning] [sirius_physical_partition.cpp:375] slot_for_device: device_id 0 not found in active GPU list, falling back to slot 0
[2026-09-07 12:59:03.714] [warning] [sirius_physical_partition.cpp:375] slot_for_device: device_id 0 not found in active GPU list, falling back to slot 0
[2026-09-07 12:59:03.714] [warning] [sirius_physical_partition.cpp:375] slot_for_device: device_id 0 not found in active GPU list, falling back to slot 0
[2026-09-07 12:59:03.714] [warning] [sirius_physical_partition.cpp:375] slot_for_device: device_id 0 not found in active GPU list, falling back to slot 0
[2026-09-07 12:59:03.714] [warning] [sirius_physical_partition.cpp:375] slot_for_device: device_id 0 not found in active GPU list, falling back to slot 0
[2026-09-07 12:59:03.714] [warning] [sirius_physical_partition.cpp:375] slot_for_device: device_id 0 not found in active GPU list, falling back to slot 0
[2026-09-07 12:59:03.714] [warning] [sirius_physical_partition.cpp:375] slot_for_device: device_id 0 not found in active GPU list, falling back to slot 0
[2026-09-07 12:59:03.714] [warning] [sirius_physical_partition.cpp:375] slot_for_device: device_id 0 not found in active GPU list, falling back to slot 0
[2026-09-07 12:59:03.714] [warning] [sirius_physical_partition.cpp:375] slot_for_device: device_id 0 not found in active GPU list, falling back to slot 0
[2026-09-07 12:59:03.714] [warning] [sirius_physical_partition.cpp:375] slot_for_device: device_id 0 not found in active GPU list, falling back to slot 0
[2026-09-07 12:59:03.714] [warning] [sirius_physical_partition.cpp:375] slot_for_device: device_id 0 not found in active GPU list, falling back to slot 0
[2026-09-07 12:59:03.714] [warning] [sirius_physical_partition.cpp:375] slot_for_device: device_id 0 not found in active GPU list, falling back to slot 0
[2026-09-07 12:59:03.714] [warning] [sirius_physical_partition.cpp:375] slot_for_device: device_id 0 not found in active GPU list, falling back to slot 0
[2026-09-07 12:59:03.714] [warning] [sirius_physical_partition.cpp:375] slot_for_device: device_id 0 not found in active GPU list, falling back to slot 0
[2026-09-07 12:59:03.714] [warning] [sirius_physical_partition.cpp:375] slot_for_device: device_id 0 not found in active GPU list, falling back to slot 0
[2026-09-07 12:59:03.714] [warning] [sirius_physical_partition.cpp:375] slot_for_device: device_id 0 not found in active GPU list, falling back to slot 0
[2026-09-07 12:59:03.714] [warning] [sirius_physical_partition.cpp:375] slot_for_device: device_id 0 not found in active GPU list, falling back to slot 0
[2026-09-07 12:59:03.714] [warning] [sirius_physical_partition.cpp:375] slot_for_device: device_id 0 not found in active GPU list, falling back to slot 0
[2026-09-07 12:59:03.714] [warning] [sirius_physical_partition.cpp:375] slot_for_device: device_id 0 not found in active GPU list, falling back to slot 0
[2026-09-07 12:59:03.714] [warning] [sirius_physical_partition.cpp:375] slot_for_device: device_id 0 not found in active GPU list, falling back to slot 0
[2026-09-07 12:59:03.720] [info] [gpu_pipeline_executor.cpp:129] GPU Pipeline Executor: task queue interrupted, stopping manager loop
[2026-09-07 12:59:03.720] [info] [sirius_context.cpp:405] QueryEnd
[2026-09-07 12:59:03.720] [info] [memory_prefetcher.cpp:72] [memory_prefetcher] stopping: prefetched 0 batches / 0 bytes (stops: headroom=0 reservation=0, skips: lock=0 draining=46, errors=0)
[2026-09-07 12:59:03.720] [info] [sirius_context.cpp:256] [host_pool] HOST:0 QueryEnd instance=0xe6af19960390 connection=1 window=17 query=42 allocated=17515413504 bytes peak=17582522368 bytes free_blocks=539
[2026-09-07 12:59:03.720] [info] [sirius_context.cpp:271] [gpu_pool] GPU:0 QueryEnd instance=0xe6af19960390 connection=1 window=17 query=42 allocated=5589924096 bytes peak=7204036864 bytes reserved=0 bytes
[2026-09-07 12:59:03.720] [info] [sirius_context.cpp:521] [window] end instance=0xe6af19960390 connection=1 window=17 query=42 outcome=ok
[2026-09-07 12:59:03.720] [info] [physical_sirius_execution.cpp:327] Transparent GPU execution: query completed
[2026-09-07 12:59:03.738] [info] [sirius_context.cpp:329] QueryBegin: instance=0xe6af19960390 connection=1 query=43 SQL: CALL sirius_set_query_label('q3_iter2')
[2026-09-07 12:59:03.738] [info] [sirius_context.cpp:329] QueryBegin: instance=0xe6af19960390 connection=1 query=44 SQL: SET gpu_execution = true;
[2026-09-07 12:59:03.738] [info] [sirius_context.cpp:329] QueryBegin: instance=0xe6af19960390 connection=1 query=45 SQL: select l.l_orderkey, sum(l.l_extendedprice * (1 - l.l_discount)) as revenue, o.o_orderdate, o.o_shippriority from customer c, orders o, lineitem l where c.c_mktsegment = 'HOUSEHOLD' and c.c_custkey = o.o_custkey and l.l_orderkey = o.o_orderkey and o.o_orderdate < date '1995-03-25' and l.l_shipdate > date '1995-03-25' group by l.l_orderkey, o.o_orderdate, o.o_shippriority order by revenue desc, o.o_orderdate limit 10
[2026-09-07 12:59:03.746] [info] [sirius_plan_comparison_join.cpp:646] [sirius_plan_comparison_join] Wired hash join with 1 dynamic-filter probe target(s) (1 scan-bound, 0 join-edge; evidence=filtered; build est 15000000 rows).
[2026-09-07 12:59:03.746] [info] [sirius_plan_comparison_join.cpp:646] [sirius_plan_comparison_join] Wired hash join with 1 dynamic-filter probe target(s) (1 scan-bound, 0 join-edge; evidence=filtered; build est 150000000 rows).
[2026-09-07 12:59:03.746] [info] [sirius_context.cpp:1467] Transparent execution: Sirius physical plan generated successfully
[2026-09-07 12:59:03.746] [info] [sirius_context.cpp:1495] Transparent execution: physical plan replaced with GPU operator
[2026-09-07 12:59:03.746] [info] [physical_sirius_execution.cpp:157] Transparent GPU execution: executing query
[2026-09-07 12:59:03.746] [info] [sirius_context.cpp:521] [window] begin instance=0xe6af19960390 connection=1 window=18 query=45 outcome=-
[2026-09-07 12:59:03.746] [info] [sirius_context.cpp:256] [host_pool] HOST:0 QueryBegin instance=0xe6af19960390 connection=1 window=18 query=45 allocated=17515413504 bytes peak=17582522368 bytes free_blocks=539
[2026-09-07 12:59:03.746] [info] [sirius_context.cpp:271] [gpu_pool] GPU:0 QueryBegin instance=0xe6af19960390 connection=1 window=18 query=45 allocated=5589924096 bytes peak=7204036864 bytes reserved=0 bytes
[2026-09-07 12:59:03.746] [info] [sirius_context.cpp:389] QueryBegin: transparent_execution
[2026-09-07 12:59:03.748] [info] [sirius_plan_comparison_join.cpp:646] [sirius_plan_comparison_join] Wired hash join with 1 dynamic-filter probe target(s) (1 scan-bound, 0 join-edge; evidence=filtered; build est 15000000 rows).
[2026-09-07 12:59:03.748] [info] [sirius_plan_comparison_join.cpp:646] [sirius_plan_comparison_join] Wired hash join with 1 dynamic-filter probe target(s) (1 scan-bound, 0 join-edge; evidence=filtered; build est 150000000 rows).
[2026-09-07 12:59:03.749] [info] [sirius_engine.cpp:265] [gpu_alloc] query allocated 1 GPU(s): [0]
[2026-09-07 12:59:03.749] [info] [sirius_engine.cpp:318] Query Plan:
=== Pipeline Overview ===
Pipeline #0: GPU_SCAN (id=0)
  Output: -> PARTITION [port: default, barrier: FULL]
Pipeline #1: PARTITION (id=1)
  Input: <- Pipeline #0 [on: PARTITION (id=1), port: default, barrier: FULL]
  Dependencies: Pipeline #0
  Output: -> CONCAT [port: default, barrier: PARTIAL]
Pipeline #2: CONCAT (id=2)
  Input: <- Pipeline #1 [on: CONCAT (id=2), port: default, barrier: PARTIAL]
  Dependencies: Pipeline #1
  Output: -> HASH_JOIN [port: build, barrier: PARTIAL]
Pipeline #3: GPU_SCAN (id=3) -> DYNAMIC_FILTER (id=4)
  Output: -> PARTITION [port: default, barrier: PARTIAL]
Pipeline #4: PARTITION (id=5)
  Input: <- Pipeline #3 [on: PARTITION (id=5), port: default, barrier: PARTIAL]
  Dependencies: Pipeline #3
  Output: -> CONCAT [port: default, barrier: PARTIAL]
Pipeline #5: CONCAT (id=6)
  Input: <- Pipeline #4 [on: CONCAT (id=6), port: default, barrier: PARTIAL]
  Dependencies: Pipeline #4
  Output: -> HASH_JOIN [port: default, barrier: PARTIAL]
Pipeline #6: HASH_JOIN (id=7) -> PROJECTION (id=8)
  Input: <- Pipeline #2 [on: HASH_JOIN (id=7), port: build, barrier: PARTIAL]
  Input: <- Pipeline #5 [on: HASH_JOIN (id=7), port: default, barrier: PARTIAL]
  Dependencies: Pipeline #2, Pipeline #5
  Output: -> PARTITION [port: default, barrier: FULL]
Pipeline #7: PARTITION (id=9)
  Input: <- Pipeline #6 [on: PARTITION (id=9), port: default, barrier: FULL]
  Dependencies: Pipeline #6
  Output: -> CONCAT [port: default, barrier: PARTIAL]
Pipeline #8: CONCAT (id=10)
  Input: <- Pipeline #7 [on: CONCAT (id=10), port: default, barrier: PARTIAL]
  Dependencies: Pipeline #7
  Output: -> HASH_JOIN [port: build, barrier: PARTIAL]
Pipeline #9: GPU_SCAN (id=11) -> DYNAMIC_FILTER (id=12)
  Output: -> PARTITION [port: default, barrier: PARTIAL]
Pipeline #10: PARTITION (id=13)
  Input: <- Pipeline #9 [on: PARTITION (id=13), port: default, barrier: PARTIAL]
  Dependencies: Pipeline #9
  Output: -> CONCAT [port: default, barrier: PARTIAL]
Pipeline #11: CONCAT (id=14)
  Input: <- Pipeline #10 [on: CONCAT (id=14), port: default, barrier: PARTIAL]
  Dependencies: Pipeline #10
  Output: -> HASH_JOIN [port: default, barrier: PARTIAL]
Pipeline #12: HASH_JOIN (id=15) -> PROJECTION (id=16) -> HASH_GROUP_BY (id=17)
  Input: <- Pipeline #8 [on: HASH_JOIN (id=15), port: build, barrier: PARTIAL]
  Input: <- Pipeline #11 [on: HASH_JOIN (id=15), port: default, barrier: PARTIAL]
  Dependencies: Pipeline #8, Pipeline #11
  Output: -> PARTITION [port: default, barrier: FULL]
Pipeline #13: PARTITION (id=18)
  Input: <- Pipeline #12 [on: PARTITION (id=18), port: default, barrier: FULL]
  Dependencies: Pipeline #12
  Output: -> MERGE_GROUP_BY [port: default, barrier: FULL]
Pipeline #14: MERGE_GROUP_BY (id=19) -> PROJECTION (id=20) -> PROJECTION (id=21) -> TOP_N (id=22)
  Input: <- Pipeline #13 [on: MERGE_GROUP_BY (id=19), port: default, barrier: FULL]
  Dependencies: Pipeline #13
  Output: -> MERGE_TOP_N [port: default, barrier: FULL]
Pipeline #15: MERGE_TOP_N (id=23) -> RESULT_COLLECTOR (id=24)
  Input: <- Pipeline #14 [on: MERGE_TOP_N (id=23), port: default, barrier: FULL]
  Dependencies: Pipeline #14

=== Query Plan DAG ===
┌──────────────────────────┐                                                        
│ Pipeline #15             │                                                        
│ RESULT_COLLECTOR (id=24) │                                                        
│ MERGE_TOP_N (id=23)      │                                                        
│ Input(#14): FULL         │                                                        
└────────────┬─────────────┘                                                        
             │                                                                      
┌──────────────────────────┐                                                        
│ Pipeline #14             │                                                        
│ TOP_N (id=22)            │                                                        
│ PROJECTION (id=21)       │                                                        
│ PROJECTION (id=20)       │                                                        
│ MERGE_GROUP_BY (id=19)   │                                                        
│ Input(#13): FULL         │                                                        
└────────────┬─────────────┘                                                        
             │                                                                      
┌──────────────────────────┐                                                        
│ Pipeline #13             │                                                        
│ PARTITION (id=18)        │                                                        
│ Input(#12): FULL         │                                                        
└────────────┬─────────────┘                                                        
             │                                                                      
┌──────────────────────────┐                                                        
│ Pipeline #12             │                                                        
│ HASH_GROUP_BY (id=17)    │                                                        
│ PROJECTION (id=16)       │                                                        
│ HASH_JOIN (id=15)        │                                                        
│   type: INNER            │                                                        
│ Input(#8): PARTIAL       │                                                        
│ Input(#11): PARTIAL      │                                                        
└────────────┬─────────────┘                                                        
             ┌───────────────────────────────────────────────────────┐              
             │                                                       │              
┌──────────────────────────┐                            ┌──────────────────────────┐
│ Pipeline #8              │                            │ Pipeline #11             │
│ CONCAT (id=10)           │                            │ CONCAT (id=14)           │
│ Input(#7): PARTIAL       │                            │ Input(#10): PARTIAL      │
└────────────┬─────────────┘                            └────────────┬─────────────┘
             │                                                       │              
┌──────────────────────────┐                            ┌──────────────────────────┐
│ Pipeline #7              │                            │ Pipeline #10             │
│ PARTITION (id=9)         │                            │ PARTITION (id=13)        │
│ Input(#6): FULL          │                            │ Input(#9): PARTIAL       │
└────────────┬─────────────┘                            └────────────┬─────────────┘
             │                                                       │              
┌──────────────────────────┐                            ┌──────────────────────────┐
│ Pipeline #6              │                            │ Pipeline #9              │
│ PROJECTION (id=8)        │                            │ DYNAMIC_FILTER (id=12)   │
│ HASH_JOIN (id=7)         │                            │ GPU_SCAN (id=11)         │
│   type: INNER            │                            │                          │
│ Input(#2): PARTIAL       │                            │                          │
│ Input(#5): PARTIAL       │                            │                          │
└────────────┬─────────────┘                            └──────────────────────────┘
             ┌───────────────────────────┐                                          
             │                           │                                          
┌──────────────────────────┐┌──────────────────────────┐                            
│ Pipeline #2              ││ Pipeline #5              │                            
│ CONCAT (id=2)            ││ CONCAT (id=6)            │                            
│ Input(#1): PARTIAL       ││ Input(#4): PARTIAL       │                            
└────────────┬─────────────┘└────────────┬─────────────┘                            
             │                           │                                          
┌──────────────────────────┐┌──────────────────────────┐                            
│ Pipeline #1              ││ Pipeline #4              │                            
│ PARTITION (id=1)         ││ PARTITION (id=5)         │                            
│ Input(#0): FULL          ││ Input(#3): PARTIAL       │                            
└────────────┬─────────────┘└────────────┬─────────────┘                            
             │                           │                                          
┌──────────────────────────┐┌──────────────────────────┐                            
│ Pipeline #0              ││ Pipeline #3              │                            
│ GPU_SCAN (id=0)          ││ DYNAMIC_FILTER (id=4)    │                            
│                          ││ GPU_SCAN (id=3)          │                            
└──────────────────────────┘└──────────────────────────┘                            

[2026-09-07 12:59:03.749] [info] [sirius_engine.cpp:186] query 18 telemetry_query=01a07d73ea447bc3817425149d4e972b
[2026-09-07 12:59:03.749] [info] [sirius_scan_manager.cpp:2999] [sirius_scan_manager] assigned pinned entry 'customer' to operator '0'
[2026-09-07 12:59:03.749] [info] [sirius_scan_manager.cpp:2999] [sirius_scan_manager] assigned pinned entry 'orders' to operator '3'
[2026-09-07 12:59:03.749] [info] [sirius_scan_manager.cpp:2999] [sirius_scan_manager] assigned pinned entry 'lineitem' to operator '11'
[2026-09-07 12:59:03.749] [info] [sirius_scan_manager.cpp:897] [late-mat] operator 0: 1 column(s) withheld — a partition hashes them
[2026-09-07 12:59:03.749] [info] [sirius_scan_manager.cpp:823] [late-mat] operator 3: not deferring — the scan restricts rows and its pin is compressed, so the surviving rows are decided inside the decode
[2026-09-07 12:59:03.749] [info] [sirius_scan_manager.cpp:823] [late-mat] operator 11: not deferring — the scan restricts rows and its pin is compressed, so the surviving rows are decided inside the decode
[2026-09-07 12:59:03.749] [info] [memory_prefetcher.cpp:59] [memory_prefetcher] started: 3 threads, 3 connectors, min_free_fraction=0.40
[2026-09-07 12:59:03.750] [info] [dynamic_filter_publisher.cpp:297] [sirius_physical_hash_join] Pushed 1 dynamic filter(s) across 1 active target(s) of 1 wired target(s) (3000019 build rows, 1 bound keys of 1 admitted).
[2026-09-07 12:59:03.756] [warning] [sirius_physical_partition.cpp:375] slot_for_device: device_id 0 not found in active GPU list, falling back to slot 0
[2026-09-07 12:59:03.756] [warning] [sirius_physical_partition.cpp:375] slot_for_device: device_id 0 not found in active GPU list, falling back to slot 0
[2026-09-07 12:59:03.756] [warning] [sirius_physical_partition.cpp:375] slot_for_device: device_id 0 not found in active GPU list, falling back to slot 0
[2026-09-07 12:59:03.756] [warning] [sirius_physical_partition.cpp:375] slot_for_device: device_id 0 not found in active GPU list, falling back to slot 0
[2026-09-07 12:59:03.756] [warning] [sirius_physical_partition.cpp:375] slot_for_device: device_id 0 not found in active GPU list, falling back to slot 0
[2026-09-07 12:59:03.757] [warning] [sirius_physical_partition.cpp:375] slot_for_device: device_id 0 not found in active GPU list, falling back to slot 0
[2026-09-07 12:59:03.757] [warning] [sirius_physical_partition.cpp:375] slot_for_device: device_id 0 not found in active GPU list, falling back to slot 0
[2026-09-07 12:59:03.757] [warning] [sirius_physical_partition.cpp:375] slot_for_device: device_id 0 not found in active GPU list, falling back to slot 0
[2026-09-07 12:59:03.757] [warning] [sirius_physical_partition.cpp:375] slot_for_device: device_id 0 not found in active GPU list, falling back to slot 0
[2026-09-07 12:59:03.757] [warning] [sirius_physical_partition.cpp:375] slot_for_device: device_id 0 not found in active GPU list, falling back to slot 0
[2026-09-07 12:59:03.757] [warning] [sirius_physical_partition.cpp:375] slot_for_device: device_id 0 not found in active GPU list, falling back to slot 0
[2026-09-07 12:59:03.757] [warning] [sirius_physical_partition.cpp:375] slot_for_device: device_id 0 not found in active GPU list, falling back to slot 0
[2026-09-07 12:59:03.757] [warning] [sirius_physical_partition.cpp:375] slot_for_device: device_id 0 not found in active GPU list, falling back to slot 0
[2026-09-07 12:59:03.757] [warning] [sirius_physical_partition.cpp:375] slot_for_device: device_id 0 not found in active GPU list, falling back to slot 0
[2026-09-07 12:59:03.757] [warning] [sirius_physical_partition.cpp:375] slot_for_device: device_id 0 not found in active GPU list, falling back to slot 0
[2026-09-07 12:59:03.757] [warning] [sirius_physical_partition.cpp:375] slot_for_device: device_id 0 not found in active GPU list, falling back to slot 0
[2026-09-07 12:59:03.757] [warning] [sirius_physical_partition.cpp:375] slot_for_device: device_id 0 not found in active GPU list, falling back to slot 0
[2026-09-07 12:59:03.757] [warning] [sirius_physical_partition.cpp:375] slot_for_device: device_id 0 not found in active GPU list, falling back to slot 0
[2026-09-07 12:59:03.757] [warning] [sirius_physical_partition.cpp:375] slot_for_device: device_id 0 not found in active GPU list, falling back to slot 0
[2026-09-07 12:59:03.757] [warning] [sirius_physical_partition.cpp:375] slot_for_device: device_id 0 not found in active GPU list, falling back to slot 0
[2026-09-07 12:59:03.757] [warning] [sirius_physical_partition.cpp:375] slot_for_device: device_id 0 not found in active GPU list, falling back to slot 0
[2026-09-07 12:59:03.757] [warning] [sirius_physical_partition.cpp:375] slot_for_device: device_id 0 not found in active GPU list, falling back to slot 0
[2026-09-07 12:59:03.757] [warning] [sirius_physical_partition.cpp:375] slot_for_device: device_id 0 not found in active GPU list, falling back to slot 0
[2026-09-07 12:59:03.757] [warning] [sirius_physical_partition.cpp:375] slot_for_device: device_id 0 not found in active GPU list, falling back to slot 0
[2026-09-07 12:59:03.757] [warning] [sirius_physical_partition.cpp:375] slot_for_device: device_id 0 not found in active GPU list, falling back to slot 0
[2026-09-07 12:59:03.757] [warning] [sirius_physical_partition.cpp:375] slot_for_device: device_id 0 not found in active GPU list, falling back to slot 0
[2026-09-07 12:59:03.757] [warning] [sirius_physical_partition.cpp:375] slot_for_device: device_id 0 not found in active GPU list, falling back to slot 0
[2026-09-07 12:59:03.757] [warning] [sirius_physical_partition.cpp:375] slot_for_device: device_id 0 not found in active GPU list, falling back to slot 0
[2026-09-07 12:59:03.757] [warning] [sirius_physical_partition.cpp:375] slot_for_device: device_id 0 not found in active GPU list, falling back to slot 0
[2026-09-07 12:59:03.762] [info] [dynamic_filter_publisher.cpp:297] [sirius_physical_hash_join] Pushed 1 dynamic filter(s) across 1 active target(s) of 1 wired target(s) (14695473 build rows, 1 bound keys of 1 admitted).
[2026-09-07 12:59:03.791] [warning] [sirius_physical_partition.cpp:375] slot_for_device: device_id 0 not found in active GPU list, falling back to slot 0
[2026-09-07 12:59:03.791] [warning] [sirius_physical_partition.cpp:375] slot_for_device: device_id 0 not found in active GPU list, falling back to slot 0
[2026-09-07 12:59:03.791] [warning] [sirius_physical_partition.cpp:375] slot_for_device: device_id 0 not found in active GPU list, falling back to slot 0
[2026-09-07 12:59:03.791] [warning] [sirius_physical_partition.cpp:375] slot_for_device: device_id 0 not found in active GPU list, falling back to slot 0
[2026-09-07 12:59:03.791] [warning] [sirius_physical_partition.cpp:375] slot_for_device: device_id 0 not found in active GPU list, falling back to slot 0
[2026-09-07 12:59:03.791] [warning] [sirius_physical_partition.cpp:375] slot_for_device: device_id 0 not found in active GPU list, falling back to slot 0
[2026-09-07 12:59:03.791] [warning] [sirius_physical_partition.cpp:375] slot_for_device: device_id 0 not found in active GPU list, falling back to slot 0
[2026-09-07 12:59:03.791] [warning] [sirius_physical_partition.cpp:375] slot_for_device: device_id 0 not found in active GPU list, falling back to slot 0
[2026-09-07 12:59:03.791] [warning] [sirius_physical_partition.cpp:375] slot_for_device: device_id 0 not found in active GPU list, falling back to slot 0
[2026-09-07 12:59:03.791] [warning] [sirius_physical_partition.cpp:375] slot_for_device: device_id 0 not found in active GPU list, falling back to slot 0
[2026-09-07 12:59:03.791] [warning] [sirius_physical_partition.cpp:375] slot_for_device: device_id 0 not found in active GPU list, falling back to slot 0
[2026-09-07 12:59:03.791] [warning] [sirius_physical_partition.cpp:375] slot_for_device: device_id 0 not found in active GPU list, falling back to slot 0
[2026-09-07 12:59:03.791] [warning] [sirius_physical_partition.cpp:375] slot_for_device: device_id 0 not found in active GPU list, falling back to slot 0
[2026-09-07 12:59:03.791] [warning] [sirius_physical_partition.cpp:375] slot_for_device: device_id 0 not found in active GPU list, falling back to slot 0
[2026-09-07 12:59:03.791] [warning] [sirius_physical_partition.cpp:375] slot_for_device: device_id 0 not found in active GPU list, falling back to slot 0
[2026-09-07 12:59:03.791] [warning] [sirius_physical_partition.cpp:375] slot_for_device: device_id 0 not found in active GPU list, falling back to slot 0
[2026-09-07 12:59:03.791] [warning] [sirius_physical_partition.cpp:375] slot_for_device: device_id 0 not found in active GPU list, falling back to slot 0
[2026-09-07 12:59:03.791] [warning] [sirius_physical_partition.cpp:375] slot_for_device: device_id 0 not found in active GPU list, falling back to slot 0
[2026-09-07 12:59:03.791] [warning] [sirius_physical_partition.cpp:375] slot_for_device: device_id 0 not found in active GPU list, falling back to slot 0
[2026-09-07 12:59:03.791] [warning] [sirius_physical_partition.cpp:375] slot_for_device: device_id 0 not found in active GPU list, falling back to slot 0
[2026-09-07 12:59:03.791] [warning] [sirius_physical_partition.cpp:375] slot_for_device: device_id 0 not found in active GPU list, falling back to slot 0
[2026-09-07 12:59:03.791] [warning] [sirius_physical_partition.cpp:375] slot_for_device: device_id 0 not found in active GPU list, falling back to slot 0
[2026-09-07 12:59:03.791] [warning] [sirius_physical_partition.cpp:375] slot_for_device: device_id 0 not found in active GPU list, falling back to slot 0
[2026-09-07 12:59:03.791] [warning] [sirius_physical_partition.cpp:375] slot_for_device: device_id 0 not found in active GPU list, falling back to slot 0
[2026-09-07 12:59:03.791] [warning] [sirius_physical_partition.cpp:375] slot_for_device: device_id 0 not found in active GPU list, falling back to slot 0
[2026-09-07 12:59:03.791] [warning] [sirius_physical_partition.cpp:375] slot_for_device: device_id 0 not found in active GPU list, falling back to slot 0
[2026-09-07 12:59:03.791] [warning] [sirius_physical_partition.cpp:375] slot_for_device: device_id 0 not found in active GPU list, falling back to slot 0
[2026-09-07 12:59:03.791] [warning] [sirius_physical_partition.cpp:375] slot_for_device: device_id 0 not found in active GPU list, falling back to slot 0
[2026-09-07 12:59:03.791] [warning] [sirius_physical_partition.cpp:375] slot_for_device: device_id 0 not found in active GPU list, falling back to slot 0
[2026-09-07 12:59:03.791] [warning] [sirius_physical_partition.cpp:375] slot_for_device: device_id 0 not found in active GPU list, falling back to slot 0
[2026-09-07 12:59:03.791] [warning] [sirius_physical_partition.cpp:375] slot_for_device: device_id 0 not found in active GPU list, falling back to slot 0
[2026-09-07 12:59:03.791] [warning] [sirius_physical_partition.cpp:375] slot_for_device: device_id 0 not found in active GPU list, falling back to slot 0
[2026-09-07 12:59:03.791] [warning] [sirius_physical_partition.cpp:375] slot_for_device: device_id 0 not found in active GPU list, falling back to slot 0
[2026-09-07 12:59:03.791] [warning] [sirius_physical_partition.cpp:375] slot_for_device: device_id 0 not found in active GPU list, falling back to slot 0
[2026-09-07 12:59:03.791] [warning] [sirius_physical_partition.cpp:375] slot_for_device: device_id 0 not found in active GPU list, falling back to slot 0
[2026-09-07 12:59:03.791] [warning] [sirius_physical_partition.cpp:375] slot_for_device: device_id 0 not found in active GPU list, falling back to slot 0
[2026-09-07 12:59:03.791] [warning] [sirius_physical_partition.cpp:375] slot_for_device: device_id 0 not found in active GPU list, falling back to slot 0
[2026-09-07 12:59:03.791] [warning] [sirius_physical_partition.cpp:375] slot_for_device: device_id 0 not found in active GPU list, falling back to slot 0
[2026-09-07 12:59:03.791] [warning] [sirius_physical_partition.cpp:375] slot_for_device: device_id 0 not found in active GPU list, falling back to slot 0
[2026-09-07 12:59:03.791] [warning] [sirius_physical_partition.cpp:375] slot_for_device: device_id 0 not found in active GPU list, falling back to slot 0
[2026-09-07 12:59:03.791] [warning] [sirius_physical_partition.cpp:375] slot_for_device: device_id 0 not found in active GPU list, falling back to slot 0
[2026-09-07 12:59:03.791] [warning] [sirius_physical_partition.cpp:375] slot_for_device: device_id 0 not found in active GPU list, falling back to slot 0
[2026-09-07 12:59:03.791] [warning] [sirius_physical_partition.cpp:375] slot_for_device: device_id 0 not found in active GPU list, falling back to slot 0
[2026-09-07 12:59:03.791] [warning] [sirius_physical_partition.cpp:375] slot_for_device: device_id 0 not found in active GPU list, falling back to slot 0
[2026-09-07 12:59:03.791] [warning] [sirius_physical_partition.cpp:375] slot_for_device: device_id 0 not found in active GPU list, falling back to slot 0
[2026-09-07 12:59:03.791] [warning] [sirius_physical_partition.cpp:375] slot_for_device: device_id 0 not found in active GPU list, falling back to slot 0
[2026-09-07 12:59:03.791] [warning] [sirius_physical_partition.cpp:375] slot_for_device: device_id 0 not found in active GPU list, falling back to slot 0
[2026-09-07 12:59:03.792] [warning] [sirius_physical_partition.cpp:375] slot_for_device: device_id 0 not found in active GPU list, falling back to slot 0
[2026-09-07 12:59:03.792] [warning] [sirius_physical_partition.cpp:375] slot_for_device: device_id 0 not found in active GPU list, falling back to slot 0
[2026-09-07 12:59:03.792] [warning] [sirius_physical_partition.cpp:375] slot_for_device: device_id 0 not found in active GPU list, falling back to slot 0
[2026-09-07 12:59:03.792] [warning] [sirius_physical_partition.cpp:375] slot_for_device: device_id 0 not found in active GPU list, falling back to slot 0
[2026-09-07 12:59:03.792] [warning] [sirius_physical_partition.cpp:375] slot_for_device: device_id 0 not found in active GPU list, falling back to slot 0
[2026-09-07 12:59:03.792] [warning] [sirius_physical_partition.cpp:375] slot_for_device: device_id 0 not found in active GPU list, falling back to slot 0
[2026-09-07 12:59:03.792] [warning] [sirius_physical_partition.cpp:375] slot_for_device: device_id 0 not found in active GPU list, falling back to slot 0
[2026-09-07 12:59:03.792] [warning] [sirius_physical_partition.cpp:375] slot_for_device: device_id 0 not found in active GPU list, falling back to slot 0
[2026-09-07 12:59:03.792] [warning] [sirius_physical_partition.cpp:375] slot_for_device: device_id 0 not found in active GPU list, falling back to slot 0
[2026-09-07 12:59:03.792] [warning] [sirius_physical_partition.cpp:375] slot_for_device: device_id 0 not found in active GPU list, falling back to slot 0
[2026-09-07 12:59:03.792] [warning] [sirius_physical_partition.cpp:375] slot_for_device: device_id 0 not found in active GPU list, falling back to slot 0
[2026-09-07 12:59:03.792] [warning] [sirius_physical_partition.cpp:375] slot_for_device: device_id 0 not found in active GPU list, falling back to slot 0
[2026-09-07 12:59:03.792] [warning] [sirius_physical_partition.cpp:375] slot_for_device: device_id 0 not found in active GPU list, falling back to slot 0
[2026-09-07 12:59:03.792] [warning] [sirius_physical_partition.cpp:375] slot_for_device: device_id 0 not found in active GPU list, falling back to slot 0
[2026-09-07 12:59:03.792] [warning] [sirius_physical_partition.cpp:375] slot_for_device: device_id 0 not found in active GPU list, falling back to slot 0
[2026-09-07 12:59:03.792] [warning] [sirius_physical_partition.cpp:375] slot_for_device: device_id 0 not found in active GPU list, falling back to slot 0
[2026-09-07 12:59:03.792] [warning] [sirius_physical_partition.cpp:375] slot_for_device: device_id 0 not found in active GPU list, falling back to slot 0
[2026-09-07 12:59:03.792] [warning] [sirius_physical_partition.cpp:375] slot_for_device: device_id 0 not found in active GPU list, falling back to slot 0
[2026-09-07 12:59:03.792] [warning] [sirius_physical_partition.cpp:375] slot_for_device: device_id 0 not found in active GPU list, falling back to slot 0
[2026-09-07 12:59:03.792] [warning] [sirius_physical_partition.cpp:375] slot_for_device: device_id 0 not found in active GPU list, falling back to slot 0
[2026-09-07 12:59:03.792] [warning] [sirius_physical_partition.cpp:375] slot_for_device: device_id 0 not found in active GPU list, falling back to slot 0
[2026-09-07 12:59:03.792] [warning] [sirius_physical_partition.cpp:375] slot_for_device: device_id 0 not found in active GPU list, falling back to slot 0
[2026-09-07 12:59:03.792] [warning] [sirius_physical_partition.cpp:375] slot_for_device: device_id 0 not found in active GPU list, falling back to slot 0
[2026-09-07 12:59:03.792] [warning] [sirius_physical_partition.cpp:375] slot_for_device: device_id 0 not found in active GPU list, falling back to slot 0
[2026-09-07 12:59:03.792] [warning] [sirius_physical_partition.cpp:375] slot_for_device: device_id 0 not found in active GPU list, falling back to slot 0
[2026-09-07 12:59:03.792] [warning] [sirius_physical_partition.cpp:375] slot_for_device: device_id 0 not found in active GPU list, falling back to slot 0
[2026-09-07 12:59:03.792] [warning] [sirius_physical_partition.cpp:375] slot_for_device: device_id 0 not found in active GPU list, falling back to slot 0
[2026-09-07 12:59:03.792] [warning] [sirius_physical_partition.cpp:375] slot_for_device: device_id 0 not found in active GPU list, falling back to slot 0
[2026-09-07 12:59:03.792] [warning] [sirius_physical_partition.cpp:375] slot_for_device: device_id 0 not found in active GPU list, falling back to slot 0
[2026-09-07 12:59:03.792] [warning] [sirius_physical_partition.cpp:375] slot_for_device: device_id 0 not found in active GPU list, falling back to slot 0
[2026-09-07 12:59:03.792] [warning] [sirius_physical_partition.cpp:375] slot_for_device: device_id 0 not found in active GPU list, falling back to slot 0
[2026-09-07 12:59:03.792] [warning] [sirius_physical_partition.cpp:375] slot_for_device: device_id 0 not found in active GPU list, falling back to slot 0
[2026-09-07 12:59:03.792] [warning] [sirius_physical_partition.cpp:375] slot_for_device: device_id 0 not found in active GPU list, falling back to slot 0
[2026-09-07 12:59:03.792] [warning] [sirius_physical_partition.cpp:375] slot_for_device: device_id 0 not found in active GPU list, falling back to slot 0
[2026-09-07 12:59:03.792] [warning] [sirius_physical_partition.cpp:375] slot_for_device: device_id 0 not found in active GPU list, falling back to slot 0
[2026-09-07 12:59:03.792] [warning] [sirius_physical_partition.cpp:375] slot_for_device: device_id 0 not found in active GPU list, falling back to slot 0
[2026-09-07 12:59:03.792] [warning] [sirius_physical_partition.cpp:375] slot_for_device: device_id 0 not found in active GPU list, falling back to slot 0
[2026-09-07 12:59:03.792] [warning] [sirius_physical_partition.cpp:375] slot_for_device: device_id 0 not found in active GPU list, falling back to slot 0
[2026-09-07 12:59:03.792] [warning] [sirius_physical_partition.cpp:375] slot_for_device: device_id 0 not found in active GPU list, falling back to slot 0
[2026-09-07 12:59:03.792] [warning] [sirius_physical_partition.cpp:375] slot_for_device: device_id 0 not found in active GPU list, falling back to slot 0
[2026-09-07 12:59:03.792] [warning] [sirius_physical_partition.cpp:375] slot_for_device: device_id 0 not found in active GPU list, falling back to slot 0
[2026-09-07 12:59:03.792] [warning] [sirius_physical_partition.cpp:375] slot_for_device: device_id 0 not found in active GPU list, falling back to slot 0
[2026-09-07 12:59:03.792] [warning] [sirius_physical_partition.cpp:375] slot_for_device: device_id 0 not found in active GPU list, falling back to slot 0
[2026-09-07 12:59:03.792] [warning] [sirius_physical_partition.cpp:375] slot_for_device: device_id 0 not found in active GPU list, falling back to slot 0
[2026-09-07 12:59:03.792] [warning] [sirius_physical_partition.cpp:375] slot_for_device: device_id 0 not found in active GPU list, falling back to slot 0
[2026-09-07 12:59:03.792] [warning] [sirius_physical_partition.cpp:375] slot_for_device: device_id 0 not found in active GPU list, falling back to slot 0
[2026-09-07 12:59:03.792] [warning] [sirius_physical_partition.cpp:375] slot_for_device: device_id 0 not found in active GPU list, falling back to slot 0
[2026-09-07 12:59:03.792] [warning] [sirius_physical_partition.cpp:375] slot_for_device: device_id 0 not found in active GPU list, falling back to slot 0
[2026-09-07 12:59:03.792] [warning] [sirius_physical_partition.cpp:375] slot_for_device: device_id 0 not found in active GPU list, falling back to slot 0
[2026-09-07 12:59:03.792] [warning] [sirius_physical_partition.cpp:375] slot_for_device: device_id 0 not found in active GPU list, falling back to slot 0
[2026-09-07 12:59:03.792] [warning] [sirius_physical_partition.cpp:375] slot_for_device: device_id 0 not found in active GPU list, falling back to slot 0
[2026-09-07 12:59:03.792] [warning] [sirius_physical_partition.cpp:375] slot_for_device: device_id 0 not found in active GPU list, falling back to slot 0
[2026-09-07 12:59:03.792] [warning] [sirius_physical_partition.cpp:375] slot_for_device: device_id 0 not found in active GPU list, falling back to slot 0
[2026-09-07 12:59:03.792] [warning] [sirius_physical_partition.cpp:375] slot_for_device: device_id 0 not found in active GPU list, falling back to slot 0
[2026-09-07 12:59:03.792] [warning] [sirius_physical_partition.cpp:375] slot_for_device: device_id 0 not found in active GPU list, falling back to slot 0
[2026-09-07 12:59:03.792] [warning] [sirius_physical_partition.cpp:375] slot_for_device: device_id 0 not found in active GPU list, falling back to slot 0
[2026-09-07 12:59:03.792] [warning] [sirius_physical_partition.cpp:375] slot_for_device: device_id 0 not found in active GPU list, falling back to slot 0
[2026-09-07 12:59:03.792] [warning] [sirius_physical_partition.cpp:375] slot_for_device: device_id 0 not found in active GPU list, falling back to slot 0
[2026-09-07 12:59:03.793] [warning] [sirius_physical_partition.cpp:375] slot_for_device: device_id 0 not found in active GPU list, falling back to slot 0
[2026-09-07 12:59:03.793] [warning] [sirius_physical_partition.cpp:375] slot_for_device: device_id 0 not found in active GPU list, falling back to slot 0
[2026-09-07 12:59:03.793] [warning] [sirius_physical_partition.cpp:375] slot_for_device: device_id 0 not found in active GPU list, falling back to slot 0
[2026-09-07 12:59:03.793] [warning] [sirius_physical_partition.cpp:375] slot_for_device: device_id 0 not found in active GPU list, falling back to slot 0
[2026-09-07 12:59:03.793] [warning] [sirius_physical_partition.cpp:375] slot_for_device: device_id 0 not found in active GPU list, falling back to slot 0
[2026-09-07 12:59:03.793] [warning] [sirius_physical_partition.cpp:375] slot_for_device: device_id 0 not found in active GPU list, falling back to slot 0
[2026-09-07 12:59:03.793] [warning] [sirius_physical_partition.cpp:375] slot_for_device: device_id 0 not found in active GPU list, falling back to slot 0
[2026-09-07 12:59:03.793] [warning] [sirius_physical_partition.cpp:375] slot_for_device: device_id 0 not found in active GPU list, falling back to slot 0
[2026-09-07 12:59:03.793] [warning] [sirius_physical_partition.cpp:375] slot_for_device: device_id 0 not found in active GPU list, falling back to slot 0
[2026-09-07 12:59:03.793] [warning] [sirius_physical_partition.cpp:375] slot_for_device: device_id 0 not found in active GPU list, falling back to slot 0
[2026-09-07 12:59:03.793] [warning] [sirius_physical_partition.cpp:375] slot_for_device: device_id 0 not found in active GPU list, falling back to slot 0
[2026-09-07 12:59:03.793] [warning] [sirius_physical_partition.cpp:375] slot_for_device: device_id 0 not found in active GPU list, falling back to slot 0
[2026-09-07 12:59:03.793] [warning] [sirius_physical_partition.cpp:375] slot_for_device: device_id 0 not found in active GPU list, falling back to slot 0
[2026-09-07 12:59:03.793] [warning] [sirius_physical_partition.cpp:375] slot_for_device: device_id 0 not found in active GPU list, falling back to slot 0
[2026-09-07 12:59:03.793] [warning] [sirius_physical_partition.cpp:375] slot_for_device: device_id 0 not found in active GPU list, falling back to slot 0
[2026-09-07 12:59:03.793] [warning] [sirius_physical_partition.cpp:375] slot_for_device: device_id 0 not found in active GPU list, falling back to slot 0
[2026-09-07 12:59:03.793] [warning] [sirius_physical_partition.cpp:375] slot_for_device: device_id 0 not found in active GPU list, falling back to slot 0
[2026-09-07 12:59:03.793] [warning] [sirius_physical_partition.cpp:375] slot_for_device: device_id 0 not found in active GPU list, falling back to slot 0
[2026-09-07 12:59:03.793] [warning] [sirius_physical_partition.cpp:375] slot_for_device: device_id 0 not found in active GPU list, falling back to slot 0
[2026-09-07 12:59:03.793] [warning] [sirius_physical_partition.cpp:375] slot_for_device: device_id 0 not found in active GPU list, falling back to slot 0
[2026-09-07 12:59:03.793] [warning] [sirius_physical_partition.cpp:375] slot_for_device: device_id 0 not found in active GPU list, falling back to slot 0
[2026-09-07 12:59:03.793] [warning] [sirius_physical_partition.cpp:375] slot_for_device: device_id 0 not found in active GPU list, falling back to slot 0
[2026-09-07 12:59:03.793] [warning] [sirius_physical_partition.cpp:375] slot_for_device: device_id 0 not found in active GPU list, falling back to slot 0
[2026-09-07 12:59:03.793] [warning] [sirius_physical_partition.cpp:375] slot_for_device: device_id 0 not found in active GPU list, falling back to slot 0
[2026-09-07 12:59:03.793] [warning] [sirius_physical_partition.cpp:375] slot_for_device: device_id 0 not found in active GPU list, falling back to slot 0
[2026-09-07 12:59:03.793] [warning] [sirius_physical_partition.cpp:375] slot_for_device: device_id 0 not found in active GPU list, falling back to slot 0
[2026-09-07 12:59:03.793] [warning] [sirius_physical_partition.cpp:375] slot_for_device: device_id 0 not found in active GPU list, falling back to slot 0
[2026-09-07 12:59:03.794] [warning] [sirius_physical_partition.cpp:375] slot_for_device: device_id 0 not found in active GPU list, falling back to slot 0
[2026-09-07 12:59:03.794] [warning] [sirius_physical_partition.cpp:375] slot_for_device: device_id 0 not found in active GPU list, falling back to slot 0
[2026-09-07 12:59:03.794] [warning] [sirius_physical_partition.cpp:375] slot_for_device: device_id 0 not found in active GPU list, falling back to slot 0
[2026-09-07 12:59:03.794] [warning] [sirius_physical_partition.cpp:375] slot_for_device: device_id 0 not found in active GPU list, falling back to slot 0
[2026-09-07 12:59:03.794] [warning] [sirius_physical_partition.cpp:375] slot_for_device: device_id 0 not found in active GPU list, falling back to slot 0
[2026-09-07 12:59:03.794] [warning] [sirius_physical_partition.cpp:375] slot_for_device: device_id 0 not found in active GPU list, falling back to slot 0
[2026-09-07 12:59:03.794] [warning] [sirius_physical_partition.cpp:375] slot_for_device: device_id 0 not found in active GPU list, falling back to slot 0
[2026-09-07 12:59:03.794] [warning] [sirius_physical_partition.cpp:375] slot_for_device: device_id 0 not found in active GPU list, falling back to slot 0
[2026-09-07 12:59:03.794] [warning] [sirius_physical_partition.cpp:375] slot_for_device: device_id 0 not found in active GPU list, falling back to slot 0
[2026-09-07 12:59:03.794] [warning] [sirius_physical_partition.cpp:375] slot_for_device: device_id 0 not found in active GPU list, falling back to slot 0
[2026-09-07 12:59:03.794] [warning] [sirius_physical_partition.cpp:375] slot_for_device: device_id 0 not found in active GPU list, falling back to slot 0
[2026-09-07 12:59:03.794] [warning] [sirius_physical_partition.cpp:375] slot_for_device: device_id 0 not found in active GPU list, falling back to slot 0
[2026-09-07 12:59:03.799] [info] [gpu_pipeline_executor.cpp:129] GPU Pipeline Executor: task queue interrupted, stopping manager loop
[2026-09-07 12:59:03.800] [info] [sirius_context.cpp:405] QueryEnd
[2026-09-07 12:59:03.800] [info] [memory_prefetcher.cpp:72] [memory_prefetcher] stopping: prefetched 0 batches / 0 bytes (stops: headroom=0 reservation=0, skips: lock=0 draining=45, errors=0)
[2026-09-07 12:59:03.800] [info] [sirius_context.cpp:256] [host_pool] HOST:0 QueryEnd instance=0xe6af19960390 connection=1 window=18 query=45 allocated=17515413504 bytes peak=17582522368 bytes free_blocks=539
[2026-09-07 12:59:03.800] [info] [sirius_context.cpp:271] [gpu_pool] GPU:0 QueryEnd instance=0xe6af19960390 connection=1 window=18 query=45 allocated=5589924096 bytes peak=7204036864 bytes reserved=0 bytes
[2026-09-07 12:59:03.800] [info] [sirius_context.cpp:521] [window] end instance=0xe6af19960390 connection=1 window=18 query=45 outcome=ok
[2026-09-07 12:59:03.800] [info] [physical_sirius_execution.cpp:327] Transparent GPU execution: query completed
[2026-09-07 12:59:03.804] [info] [sirius_context.cpp:329] QueryBegin: instance=0xe6af19960390 connection=1 query=46 SQL: CALL unpin_table('customer')
[2026-09-07 12:59:03.805] [info] [sirius_context.cpp:329] QueryBegin: instance=0xe6af19960390 connection=1 query=47 SQL: CALL unpin_table('orders')
[2026-09-07 12:59:03.806] [info] [sirius_context.cpp:329] QueryBegin: instance=0xe6af19960390 connection=1 query=48 SQL: CALL unpin_table('lineitem')
[2026-09-07 12:59:03.811] [info] [sirius_context.cpp:329] QueryBegin: instance=0xe6af19960390 connection=1 query=49 SQL: CALL pin_table('/datasets/tpch_sf100_sorted/orders/*.parquet', tier='gpu', name='orders', cols=['o_orderkey','o_orderdate','o_orderpriority'])
[2026-09-07 12:59:03.811] [info] [sirius_context.cpp:521] [window] begin instance=0xe6af19960390 connection=1 window=19 query=49 outcome=-
[2026-09-07 12:59:03.811] [info] [sirius_context.cpp:256] [host_pool] HOST:0 QueryBegin instance=0xe6af19960390 connection=1 window=19 query=49 allocated=17515413504 bytes peak=17582522368 bytes free_blocks=539
[2026-09-07 12:59:03.811] [info] [sirius_context.cpp:271] [gpu_pool] GPU:0 QueryBegin instance=0xe6af19960390 connection=1 window=19 query=49 allocated=0 bytes peak=7204036864 bytes reserved=0 bytes
[2026-09-07 12:59:03.811] [info] [sirius_context.cpp:389] QueryBegin: pin_table
[2026-09-07 12:59:03.812] [info] [sirius_extension.cpp:1420] [pin_table] 'orders' tier=gpu: compressing with plan for 3 column(s)
[2026-09-07 12:59:06.774] [info] [sirius_context.cpp:405] QueryEnd
[2026-09-07 12:59:06.774] [info] [sirius_context.cpp:256] [host_pool] HOST:0 QueryEnd instance=0xe6af19960390 connection=1 window=19 query=49 allocated=17515413504 bytes peak=17582522368 bytes free_blocks=539
[2026-09-07 12:59:06.774] [info] [sirius_context.cpp:271] [gpu_pool] GPU:0 QueryEnd instance=0xe6af19960390 connection=1 window=19 query=49 allocated=621101568 bytes peak=7204036864 bytes reserved=0 bytes
[2026-09-07 12:59:06.774] [info] [sirius_context.cpp:521] [window] end instance=0xe6af19960390 connection=1 window=19 query=49 outcome=ok
[2026-09-07 12:59:06.774] [info] [sirius_context.cpp:329] QueryBegin: instance=0xe6af19960390 connection=1 query=50 SQL: CALL pin_table('/datasets/tpch_sf100_sorted/lineitem/*.parquet', tier='gpu', name='lineitem', cols=['l_orderkey','l_commitdate','l_receiptdate'])
[2026-09-07 12:59:06.775] [info] [sirius_context.cpp:521] [window] begin instance=0xe6af19960390 connection=1 window=20 query=50 outcome=-
[2026-09-07 12:59:06.775] [info] [sirius_context.cpp:256] [host_pool] HOST:0 QueryBegin instance=0xe6af19960390 connection=1 window=20 query=50 allocated=17515413504 bytes peak=17582522368 bytes free_blocks=539
[2026-09-07 12:59:06.775] [info] [sirius_context.cpp:271] [gpu_pool] GPU:0 QueryBegin instance=0xe6af19960390 connection=1 window=20 query=50 allocated=621101568 bytes peak=7204036864 bytes reserved=0 bytes
[2026-09-07 12:59:06.775] [info] [sirius_context.cpp:389] QueryBegin: pin_table
[2026-09-07 12:59:06.775] [info] [sirius_extension.cpp:1420] [pin_table] 'lineitem' tier=gpu: compressing with plan for 3 column(s)
[2026-09-07 12:59:13.675] [info] [sirius_context.cpp:405] QueryEnd
[2026-09-07 12:59:13.675] [info] [sirius_context.cpp:256] [host_pool] HOST:0 QueryEnd instance=0xe6af19960390 connection=1 window=20 query=50 allocated=17515413504 bytes peak=17582522368 bytes free_blocks=539
[2026-09-07 12:59:13.675] [info] [sirius_context.cpp:271] [gpu_pool] GPU:0 QueryEnd instance=0xe6af19960390 connection=1 window=20 query=50 allocated=3803321600 bytes peak=7204036864 bytes reserved=0 bytes
[2026-09-07 12:59:13.675] [info] [sirius_context.cpp:521] [window] end instance=0xe6af19960390 connection=1 window=20 query=50 outcome=ok
[2026-09-07 12:59:13.675] [info] [sirius_context.cpp:329] QueryBegin: instance=0xe6af19960390 connection=1 query=51 SQL: CALL sirius_set_query_label('q4_iter0')
[2026-09-07 12:59:13.676] [info] [sirius_context.cpp:329] QueryBegin: instance=0xe6af19960390 connection=1 query=52 SQL: SET gpu_execution = true;
