[2026-09-08 04:21:22.037] [info] [sirius_context.cpp:329] QueryBegin: instance=0xef5cd9960370 connection=1 query=274 SQL: select c.c_name, c.c_custkey, o.o_orderkey, o.o_orderdate, o.o_totalprice, sum(l.l_quantity) from customer c, orders o, lineitem l where o.o_orderkey in ( select l_orderkey from lineitem group by l_orderkey having sum(l_quantity) > 300 ) and c.c_custkey = o.o_custkey and o.o_orderkey = l.l_orderkey group by c.c_name, c.c_custkey, o.o_orderkey, o.o_orderdate, o.o_totalprice order by o.o_totalprice desc, o.o_orderdate limit 100
[2026-09-08 04:21:22.060] [info] [sirius_plan_comparison_join.cpp:646] [sirius_plan_comparison_join] Wired hash join with 1 dynamic-filter probe target(s) (1 scan-bound, 0 join-edge; evidence=filtered; build est 6039797760 rows).
[2026-09-08 04:21:22.060] [info] [sirius_plan_comparison_join.cpp:662] [sirius_plan_comparison_join] Not wiring dynamic filter(s): build side carries neither filter nor opaque-build evidence (build est 149999850 rows).
[2026-09-08 04:21:22.060] [info] [sirius_plan_comparison_join.cpp:646] [sirius_plan_comparison_join] Wired hash join with 1 dynamic-filter probe target(s) (1 scan-bound, 0 join-edge; evidence=filtered; build est 6039797760 rows).
[2026-09-08 04:21:22.061] [info] [sirius_context.cpp:1467] Transparent execution: Sirius physical plan generated successfully
[2026-09-08 04:21:22.061] [info] [sirius_context.cpp:1495] Transparent execution: physical plan replaced with GPU operator
[2026-09-08 04:21:22.061] [info] [physical_sirius_execution.cpp:157] Transparent GPU execution: executing query
[2026-09-08 04:21:22.061] [info] [sirius_context.cpp:521] [window] begin instance=0xef5cd9960370 connection=1 window=111 query=274 outcome=-
[2026-09-08 04:21:22.061] [info] [sirius_context.cpp:256] [host_pool] HOST:0 QueryBegin instance=0xef5cd9960370 connection=1 window=111 query=274 allocated=17515413504 bytes peak=17582522368 bytes free_blocks=2875
[2026-09-08 04:21:22.061] [info] [sirius_context.cpp:271] [gpu_pool] GPU:0 QueryBegin instance=0xef5cd9960370 connection=1 window=111 query=274 allocated=53704094208 bytes peak=254818874163 bytes reserved=0 bytes
[2026-09-08 04:21:22.061] [info] [sirius_context.cpp:389] QueryBegin: transparent_execution
[2026-09-08 04:21:22.068] [info] [sirius_plan_comparison_join.cpp:646] [sirius_plan_comparison_join] Wired hash join with 1 dynamic-filter probe target(s) (1 scan-bound, 0 join-edge; evidence=filtered; build est 6039797760 rows).
[2026-09-08 04:21:22.068] [info] [sirius_plan_comparison_join.cpp:662] [sirius_plan_comparison_join] Not wiring dynamic filter(s): build side carries neither filter nor opaque-build evidence (build est 149999850 rows).
[2026-09-08 04:21:22.068] [info] [sirius_plan_comparison_join.cpp:646] [sirius_plan_comparison_join] Wired hash join with 1 dynamic-filter probe target(s) (1 scan-bound, 0 join-edge; evidence=filtered; build est 6039797760 rows).
[2026-09-08 04:21:22.069] [info] [sirius_engine.cpp:265] [gpu_alloc] query allocated 1 GPU(s): [0]
[2026-09-08 04:21:22.069] [info] [sirius_engine.cpp:318] Query Plan:
=== Pipeline Overview ===
Pipeline #0: GPU_SCAN (id=0)
  Output: -> PARTITION [port: default, barrier: FULL]
Pipeline #1: PARTITION (id=1)
  Input: <- Pipeline #0 [on: PARTITION (id=1), port: default, barrier: FULL]
  Dependencies: Pipeline #0
  Output: -> CONCAT [port: default, barrier: PARTIAL]
Pipeline #2: CONCAT (id=2)
  Input: <- Pipeline #1 [on: CONCAT (id=2), port: default, barrier: PARTIAL]
  Dependencies: Pipeline #1
  Output: -> HASH_JOIN [port: build, barrier: PARTIAL]
Pipeline #3: GPU_SCAN (id=3) -> HASH_GROUP_BY (id=4)
  Output: -> PARTITION [port: default, barrier: FULL]
Pipeline #4: PARTITION (id=5)
  Input: <- Pipeline #3 [on: PARTITION (id=5), port: default, barrier: FULL]
  Dependencies: Pipeline #3
  Output: -> MERGE_GROUP_BY [port: default, barrier: FULL]
Pipeline #5: MERGE_GROUP_BY (id=6) -> FILTER (id=7)
  Input: <- Pipeline #4 [on: MERGE_GROUP_BY (id=6), port: default, barrier: FULL]
  Dependencies: Pipeline #4
  Output: -> PARTITION [port: default, barrier: FULL]
Pipeline #6: PARTITION (id=8)
  Input: <- Pipeline #5 [on: PARTITION (id=8), port: default, barrier: FULL]
  Dependencies: Pipeline #5
  Output: -> CONCAT [port: default, barrier: PARTIAL]
Pipeline #7: CONCAT (id=9)
  Input: <- Pipeline #6 [on: CONCAT (id=9), port: default, barrier: PARTIAL]
  Dependencies: Pipeline #6
  Output: -> HASH_JOIN [port: build, barrier: PARTIAL]
Pipeline #8: GPU_SCAN (id=10) -> DYNAMIC_FILTER (id=11)
  Output: -> PARTITION [port: default, barrier: PARTIAL]
Pipeline #9: PARTITION (id=12)
  Input: <- Pipeline #8 [on: PARTITION (id=12), port: default, barrier: PARTIAL]
  Dependencies: Pipeline #8
  Output: -> CONCAT [port: default, barrier: PARTIAL]
Pipeline #10: CONCAT (id=13)
  Input: <- Pipeline #9 [on: CONCAT (id=13), port: default, barrier: PARTIAL]
  Dependencies: Pipeline #9
  Output: -> HASH_JOIN [port: default, barrier: PARTIAL]
Pipeline #11: HASH_JOIN (id=14)
  Input: <- Pipeline #7 [on: HASH_JOIN (id=14), port: build, barrier: PARTIAL]
  Input: <- Pipeline #10 [on: HASH_JOIN (id=14), port: default, barrier: PARTIAL]
  Dependencies: Pipeline #7, Pipeline #10
  Output: -> PARTITION [port: default, barrier: PARTIAL]
Pipeline #12: PARTITION (id=15)
  Input: <- Pipeline #11 [on: PARTITION (id=15), port: default, barrier: PARTIAL]
  Dependencies: Pipeline #11
  Output: -> CONCAT [port: default, barrier: PARTIAL]
Pipeline #13: CONCAT (id=16)
  Input: <- Pipeline #12 [on: CONCAT (id=16), port: default, barrier: PARTIAL]
  Dependencies: Pipeline #12
  Output: -> HASH_JOIN [port: default, barrier: PARTIAL]
Pipeline #14: HASH_JOIN (id=17)
  Input: <- Pipeline #2 [on: HASH_JOIN (id=17), port: build, barrier: PARTIAL]
  Input: <- Pipeline #13 [on: HASH_JOIN (id=17), port: default, barrier: PARTIAL]
  Dependencies: Pipeline #2, Pipeline #13
  Output: -> PARTITION [port: default, barrier: FULL]
Pipeline #15: PARTITION (id=18)
  Input: <- Pipeline #14 [on: PARTITION (id=18), port: default, barrier: FULL]
  Dependencies: Pipeline #14
  Output: -> CONCAT [port: default, barrier: PARTIAL]
Pipeline #16: CONCAT (id=19)
  Input: <- Pipeline #15 [on: CONCAT (id=19), port: default, barrier: PARTIAL]
  Dependencies: Pipeline #15
  Output: -> HASH_JOIN [port: build, barrier: PARTIAL]
Pipeline #17: GPU_SCAN (id=20) -> DYNAMIC_FILTER (id=21)
  Output: -> PARTITION [port: default, barrier: PARTIAL]
Pipeline #18: PARTITION (id=22)
  Input: <- Pipeline #17 [on: PARTITION (id=22), port: default, barrier: PARTIAL]
  Dependencies: Pipeline #17
  Output: -> CONCAT [port: default, barrier: PARTIAL]
Pipeline #19: CONCAT (id=23)
  Input: <- Pipeline #18 [on: CONCAT (id=23), port: default, barrier: PARTIAL]
  Dependencies: Pipeline #18
  Output: -> HASH_JOIN [port: default, barrier: PARTIAL]
Pipeline #20: HASH_JOIN (id=24) -> PROJECTION (id=25) -> PROJECTION (id=26) -> HASH_GROUP_BY (id=27)
  Input: <- Pipeline #16 [on: HASH_JOIN (id=24), port: build, barrier: PARTIAL]
  Input: <- Pipeline #19 [on: HASH_JOIN (id=24), port: default, barrier: PARTIAL]
  Dependencies: Pipeline #16, Pipeline #19
  Output: -> PARTITION [port: default, barrier: FULL]
Pipeline #21: PARTITION (id=28)
  Input: <- Pipeline #20 [on: PARTITION (id=28), port: default, barrier: FULL]
  Dependencies: Pipeline #20
  Output: -> MERGE_GROUP_BY [port: default, barrier: FULL]
Pipeline #22: MERGE_GROUP_BY (id=29) -> PROJECTION (id=30) -> TOP_N (id=31)
  Input: <- Pipeline #21 [on: MERGE_GROUP_BY (id=29), port: default, barrier: FULL]
  Dependencies: Pipeline #21
  Output: -> MERGE_TOP_N [port: default, barrier: FULL]
Pipeline #23: MERGE_TOP_N (id=32) -> RESULT_COLLECTOR (id=33)
  Input: <- Pipeline #22 [on: MERGE_TOP_N (id=32), port: default, barrier: FULL]
  Dependencies: Pipeline #22

=== Query Plan DAG ===
┌──────────────────────────┐                                                                                    
│ Pipeline #23             │                                                                                    
│ RESULT_COLLECTOR (id=33) │                                                                                    
│ MERGE_TOP_N (id=32)      │                                                                                    
│ Input(#22): FULL         │                                                                                    
└────────────┬─────────────┘                                                                                    
             │                                                                                                  
┌──────────────────────────┐                                                                                    
│ Pipeline #22             │                                                                                    
│ TOP_N (id=31)            │                                                                                    
│ PROJECTION (id=30)       │                                                                                    
│ MERGE_GROUP_BY (id=29)   │                                                                                    
│ Input(#21): FULL         │                                                                                    
└────────────┬─────────────┘                                                                                    
             │                                                                                                  
┌──────────────────────────┐                                                                                    
│ Pipeline #21             │                                                                                    
│ PARTITION (id=28)        │                                                                                    
│ Input(#20): FULL         │                                                                                    
└────────────┬─────────────┘                                                                                    
             │                                                                                                  
┌──────────────────────────┐                                                                                    
│ Pipeline #20             │                                                                                    
│ HASH_GROUP_BY (id=27)    │                                                                                    
│ PROJECTION (id=26)       │                                                                                    
│ PROJECTION (id=25)       │                                                                                    
│ HASH_JOIN (id=24)        │                                                                                    
│   type: INNER            │                                                                                    
│ Input(#16): PARTIAL      │                                                                                    
│ Input(#19): PARTIAL      │                                                                                    
└────────────┬─────────────┘                                                                                    
             ┌───────────────────────────────────────────────────────────────────────────────────┐              
             │                                                                                   │              
┌──────────────────────────┐                                                        ┌──────────────────────────┐
│ Pipeline #16             │                                                        │ Pipeline #19             │
│ CONCAT (id=19)           │                                                        │ CONCAT (id=23)           │
│ Input(#15): PARTIAL      │                                                        │ Input(#18): PARTIAL      │
└────────────┬─────────────┘                                                        └────────────┬─────────────┘
             │                                                                                   │              
┌──────────────────────────┐                                                        ┌──────────────────────────┐
│ Pipeline #15             │                                                        │ Pipeline #18             │
│ PARTITION (id=18)        │                                                        │ PARTITION (id=22)        │
│ Input(#14): FULL         │                                                        │ Input(#17): PARTIAL      │
└────────────┬─────────────┘                                                        └────────────┬─────────────┘
             │                                                                                   │              
┌──────────────────────────┐                                                        ┌──────────────────────────┐
│ Pipeline #14             │                                                        │ Pipeline #17             │
│ HASH_JOIN (id=17)        │                                                        │ DYNAMIC_FILTER (id=21)   │
│   type: INNER            │                                                        │ GPU_SCAN (id=20)         │
│ Input(#2): PARTIAL       │                                                        │                          │
│ Input(#13): PARTIAL      │                                                        │                          │
└────────────┬─────────────┘                                                        └──────────────────────────┘
             ┌───────────────────────────┐                                                                      
             │                           │                                                                      
┌──────────────────────────┐┌──────────────────────────┐                                                        
│ Pipeline #2              ││ Pipeline #13             │                                                        
│ CONCAT (id=2)            ││ CONCAT (id=16)           │                                                        
│ Input(#1): PARTIAL       ││ Input(#12): PARTIAL      │                                                        
└────────────┬─────────────┘└────────────┬─────────────┘                                                        
             │                           │                                                                      
┌──────────────────────────┐┌──────────────────────────┐                                                        
│ Pipeline #1              ││ Pipeline #12             │                                                        
│ PARTITION (id=1)         ││ PARTITION (id=15)        │                                                        
│ Input(#0): FULL          ││ Input(#11): PARTIAL      │                                                        
└────────────┬─────────────┘└────────────┬─────────────┘                                                        
             │                           │                                                                      
┌──────────────────────────┐┌──────────────────────────┐                                                        
│ Pipeline #0              ││ Pipeline #11             │                                                        
│ GPU_SCAN (id=0)          ││ HASH_JOIN (id=14)        │                                                        
│                          ││   type: SEMI             │                                                        
│                          ││ Input(#7): PARTIAL       │                                                        
│                          ││ Input(#10): PARTIAL      │                                                        
└──────────────────────────┘└────────────┬─────────────┘                                                        
                                         ┌───────────────────────────┐                                          
                                         │                           │                                          
                            ┌──────────────────────────┐┌──────────────────────────┐                            
                            │ Pipeline #7              ││ Pipeline #10             │                            
                            │ CONCAT (id=9)            ││ CONCAT (id=13)           │                            
                            │ Input(#6): PARTIAL       ││ Input(#9): PARTIAL       │                            
                            └────────────┬─────────────┘└────────────┬─────────────┘                            
                                         │                           │                                          
                            ┌──────────────────────────┐┌──────────────────────────┐                            
                            │ Pipeline #6              ││ Pipeline #9              │                            
                            │ PARTITION (id=8)         ││ PARTITION (id=12)        │                            
                            │ Input(#5): FULL          ││ Input(#8): PARTIAL       │                            
                            └────────────┬─────────────┘└────────────┬─────────────┘                            
                                         │                           │                                          
                            ┌──────────────────────────┐┌──────────────────────────┐                            
                            │ Pipeline #5              ││ Pipeline #8              │                            
                            │ FILTER (id=7)            ││ DYNAMIC_FILTER (id=11)   │                            
                            │ MERGE_GROUP_BY (id=6)    ││ GPU_SCAN (id=10)         │                            
                            │ Input(#4): FULL          ││                          │                            
                            └────────────┬─────────────┘└──────────────────────────┘                            
                                         │                                                                      
                            ┌──────────────────────────┐                                                        
                            │ Pipeline #4              │                                                        
                            │ PARTITION (id=5)         │                                                        
                            │ Input(#3): FULL          │                                                        
                            └────────────┬─────────────┘                                                        
                                         │                                                                      
                            ┌──────────────────────────┐                                                        
                            │ Pipeline #3              │                                                        
                            │ HASH_GROUP_BY (id=4)     │                                                        
                            │ GPU_SCAN (id=3)          │                                                        
                            └──────────────────────────┘                                                        

[2026-09-08 04:21:22.069] [info] [sirius_engine.cpp:186] query 111 telemetry_query=01a080c04f9577018591c349da8b5ef4
[2026-09-08 04:21:22.069] [info] [sirius_scan_manager.cpp:2999] [sirius_scan_manager] assigned pinned entry 'customer' to operator '0'
[2026-09-08 04:21:22.070] [info] [sirius_scan_manager.cpp:2999] [sirius_scan_manager] assigned pinned entry 'lineitem' to operator '3'
[2026-09-08 04:21:22.070] [info] [sirius_scan_manager.cpp:2999] [sirius_scan_manager] assigned pinned entry 'orders' to operator '10'
[2026-09-08 04:21:22.070] [info] [sirius_scan_manager.cpp:2999] [sirius_scan_manager] assigned pinned entry 'lineitem' to operator '20'
[2026-09-08 04:21:22.070] [info] [sirius_scan_manager.cpp:884] [late-mat] operator 0: slot0 — value x crossings below the floor (16 B/row over 6 boundaries)
[2026-09-08 04:21:22.070] [info] [sirius_scan_manager.cpp:897] [late-mat] operator 0: 1 column(s) withheld — a partition hashes them
[2026-09-08 04:21:22.070] [info] [sirius_scan_manager.cpp:884] [late-mat] operator 3: slot0 — too few port crossings (8 B/row over 0 boundaries)
[2026-09-08 04:21:22.070] [info] [sirius_scan_manager.cpp:897] [late-mat] operator 10: 1 column(s) withheld — a partition hashes them
[2026-09-08 04:21:22.070] [info] [sirius_scan_manager.cpp:884] [late-mat] operator 20: slot0 — too few port crossings (0 B/row over 3 boundaries)
[2026-09-08 04:21:22.070] [info] [sirius_scan_manager.cpp:897] [late-mat] operator 20: 1 column(s) withheld — a partition hashes them
[2026-09-08 04:21:22.070] [info] [memory_prefetcher.cpp:59] [memory_prefetcher] started: 3 threads, 4 connectors, min_free_fraction=0.40
[2026-09-08 04:21:53.542] [warning] [gpu_pipeline_task.cpp:252] Pipeline 5: MERGE_GROUP_BY (id=6) threw during execute: std::bad_alloc: out_of_memory: not enough capacity to allocate memory
[2026-09-08 04:21:53.542] [warning] [gpu_pipeline_task.cpp:458] Pipeline 5: OOM at operator MERGE_GROUP_BY (id=6, index 0/2), requested 4003847728 bytes (3818.37 MB), global usage 253898794752 bytes (242136.76 MB), peak allocated 56054341120 bytes (53457.59 MB), bytes to materialize input 0 bytes (0.00 MB), reservation 48046172736 bytes (45820.40 MB), rescheduling task 8029
[2026-09-08 04:21:53.630] [warning] [gpu_pipeline_executor.cpp:366] GPU Pipeline Executor: reschedule (retry 1/100) for task 8029 (original task 8029), resuming from operator index 0: OOM at operator MERGE_GROUP_BY (index 0)
[2026-09-08 04:21:53.722] [warning] [gpu_pipeline_task.cpp:252] Pipeline 5: MERGE_GROUP_BY (id=6) threw during execute: std::bad_alloc: out_of_memory: not enough capacity to allocate memory
[2026-09-08 04:21:53.722] [warning] [gpu_pipeline_task.cpp:458] Pipeline 5: OOM at operator MERGE_GROUP_BY (id=6, index 0/2), requested 6000290112 bytes (5722.32 MB), global usage 253893460560 bytes (242131.67 MB), peak allocated 62057563136 bytes (59182.70 MB), bytes to materialize input 0 bytes (0.00 MB), reservation 48048685488 bytes (45822.80 MB), rescheduling task 8030
[2026-09-08 04:21:53.722] [warning] [gpu_pipeline_executor.cpp:366] GPU Pipeline Executor: reschedule (retry 1/100) for task 8030 (original task 8030), resuming from operator index 0: OOM at operator MERGE_GROUP_BY (index 0)
[2026-09-08 04:21:53.750] [warning] [gpu_pipeline_task.cpp:252] Pipeline 5: MERGE_GROUP_BY (id=6) threw during execute: std::bad_alloc: out_of_memory: not enough capacity to allocate memory
[2026-09-08 04:21:53.750] [warning] [gpu_pipeline_task.cpp:458] Pipeline 5: OOM at operator MERGE_GROUP_BY (id=6, index 0/2), requested 16013700464 bytes (15271.85 MB), global usage 253890243805 bytes (242128.60 MB), peak allocated 52044998912 bytes (49633.98 MB), bytes to materialize input 0 bytes (0.00 MB), reservation 48041101392 bytes (45815.56 MB), rescheduling task 8031
[2026-09-08 04:21:53.750] [warning] [gpu_pipeline_executor.cpp:366] GPU Pipeline Executor: reschedule (retry 1/100) for task 8031 (original task 8031), resuming from operator index 0: OOM at operator MERGE_GROUP_BY (index 0)
[2026-09-08 04:21:54.319] [info] [dynamic_filter_publisher.cpp:297] [sirius_physical_hash_join] Pushed 1 dynamic filter(s) across 1 active target(s) of 1 wired target(s) (63430 build rows, 1 bound keys of 1 admitted).
[2026-09-08 04:21:54.341] [warning] [sirius_physical_partition.cpp:375] slot_for_device: device_id 0 not found in active GPU list, falling back to slot 0
[2026-09-08 04:21:54.341] [warning] [sirius_physical_partition.cpp:375] slot_for_device: device_id 0 not found in active GPU list, falling back to slot 0
[2026-09-08 04:21:54.341] [warning] [sirius_physical_partition.cpp:375] slot_for_device: device_id 0 not found in active GPU list, falling back to slot 0
[2026-09-08 04:21:54.341] [warning] [sirius_physical_partition.cpp:375] slot_for_device: device_id 0 not found in active GPU list, falling back to slot 0
[2026-09-08 04:21:54.341] [warning] [sirius_physical_partition.cpp:375] slot_for_device: device_id 0 not found in active GPU list, falling back to slot 0
[2026-09-08 04:21:54.341] [warning] [sirius_physical_partition.cpp:375] slot_for_device: device_id 0 not found in active GPU list, falling back to slot 0
[2026-09-08 04:21:54.341] [warning] [sirius_physical_partition.cpp:375] slot_for_device: device_id 0 not found in active GPU list, falling back to slot 0
[2026-09-08 04:21:54.341] [warning] [sirius_physical_partition.cpp:375] slot_for_device: device_id 0 not found in active GPU list, falling back to slot 0
[2026-09-08 04:21:54.341] [warning] [sirius_physical_partition.cpp:375] slot_for_device: device_id 0 not found in active GPU list, falling back to slot 0
[2026-09-08 04:21:54.341] [warning] [sirius_physical_partition.cpp:375] slot_for_device: device_id 0 not found in active GPU list, falling back to slot 0
[2026-09-08 04:21:54.341] [warning] [sirius_physical_partition.cpp:375] slot_for_device: device_id 0 not found in active GPU list, falling back to slot 0
[2026-09-08 04:21:54.341] [warning] [sirius_physical_partition.cpp:375] slot_for_device: device_id 0 not found in active GPU list, falling back to slot 0
[2026-09-08 04:21:54.341] [warning] [sirius_physical_partition.cpp:375] slot_for_device: device_id 0 not found in active GPU list, falling back to slot 0
[2026-09-08 04:21:54.341] [warning] [sirius_physical_partition.cpp:375] slot_for_device: device_id 0 not found in active GPU list, falling back to slot 0
[2026-09-08 04:21:54.341] [warning] [sirius_physical_partition.cpp:375] slot_for_device: device_id 0 not found in active GPU list, falling back to slot 0
[2026-09-08 04:21:54.344] [warning] [sirius_physical_partition.cpp:375] slot_for_device: device_id 0 not found in active GPU list, falling back to slot 0
[2026-09-08 04:21:54.345] [warning] [sirius_physical_partition.cpp:375] slot_for_device: device_id 0 not found in active GPU list, falling back to slot 0
[2026-09-08 04:21:54.345] [warning] [sirius_physical_partition.cpp:375] slot_for_device: device_id 0 not found in active GPU list, falling back to slot 0
[2026-09-08 04:21:54.345] [warning] [sirius_physical_partition.cpp:375] slot_for_device: device_id 0 not found in active GPU list, falling back to slot 0
[2026-09-08 04:21:54.366] [info] [dynamic_filter_publisher.cpp:297] [sirius_physical_hash_join] Pushed 1 dynamic filter(s) across 1 active target(s) of 1 wired target(s) (63430 build rows, 1 bound keys of 1 admitted).
[2026-09-08 04:21:54.490] [warning] [sirius_physical_partition.cpp:375] slot_for_device: device_id 0 not found in active GPU list, falling back to slot 0
[2026-09-08 04:21:54.490] [warning] [sirius_physical_partition.cpp:375] slot_for_device: device_id 0 not found in active GPU list, falling back to slot 0
[2026-09-08 04:21:54.490] [warning] [sirius_physical_partition.cpp:375] slot_for_device: device_id 0 not found in active GPU list, falling back to slot 0
[2026-09-08 04:21:54.490] [warning] [sirius_physical_partition.cpp:375] slot_for_device: device_id 0 not found in active GPU list, falling back to slot 0
[2026-09-08 04:21:54.490] [warning] [sirius_physical_partition.cpp:375] slot_for_device: device_id 0 not found in active GPU list, falling back to slot 0
[2026-09-08 04:21:54.490] [warning] [sirius_physical_partition.cpp:375] slot_for_device: device_id 0 not found in active GPU list, falling back to slot 0
[2026-09-08 04:21:54.490] [warning] [sirius_physical_partition.cpp:375] slot_for_device: device_id 0 not found in active GPU list, falling back to slot 0
[2026-09-08 04:21:54.490] [warning] [sirius_physical_partition.cpp:375] slot_for_device: device_id 0 not found in active GPU list, falling back to slot 0
[2026-09-08 04:21:54.490] [warning] [sirius_physical_partition.cpp:375] slot_for_device: device_id 0 not found in active GPU list, falling back to slot 0
[2026-09-08 04:21:54.490] [warning] [sirius_physical_partition.cpp:375] slot_for_device: device_id 0 not found in active GPU list, falling back to slot 0
[2026-09-08 04:21:54.490] [warning] [sirius_physical_partition.cpp:375] slot_for_device: device_id 0 not found in active GPU list, falling back to slot 0
[2026-09-08 04:21:54.490] [warning] [sirius_physical_partition.cpp:375] slot_for_device: device_id 0 not found in active GPU list, falling back to slot 0
[2026-09-08 04:21:54.490] [warning] [sirius_physical_partition.cpp:375] slot_for_device: device_id 0 not found in active GPU list, falling back to slot 0
[2026-09-08 04:21:54.490] [warning] [sirius_physical_partition.cpp:375] slot_for_device: device_id 0 not found in active GPU list, falling back to slot 0
[2026-09-08 04:21:54.490] [warning] [sirius_physical_partition.cpp:375] slot_for_device: device_id 0 not found in active GPU list, falling back to slot 0
[2026-09-08 04:21:54.490] [warning] [sirius_physical_partition.cpp:375] slot_for_device: device_id 0 not found in active GPU list, falling back to slot 0
[2026-09-08 04:21:54.490] [warning] [sirius_physical_partition.cpp:375] slot_for_device: device_id 0 not found in active GPU list, falling back to slot 0
[2026-09-08 04:21:54.490] [warning] [sirius_physical_partition.cpp:375] slot_for_device: device_id 0 not found in active GPU list, falling back to slot 0
[2026-09-08 04:21:54.490] [warning] [sirius_physical_partition.cpp:375] slot_for_device: device_id 0 not found in active GPU list, falling back to slot 0
[2026-09-08 04:21:54.490] [warning] [sirius_physical_partition.cpp:375] slot_for_device: device_id 0 not found in active GPU list, falling back to slot 0
[2026-09-08 04:21:54.490] [warning] [sirius_physical_partition.cpp:375] slot_for_device: device_id 0 not found in active GPU list, falling back to slot 0
[2026-09-08 04:21:54.490] [warning] [sirius_physical_partition.cpp:375] slot_for_device: device_id 0 not found in active GPU list, falling back to slot 0
[2026-09-08 04:21:54.490] [warning] [sirius_physical_partition.cpp:375] slot_for_device: device_id 0 not found in active GPU list, falling back to slot 0
[2026-09-08 04:21:54.490] [warning] [sirius_physical_partition.cpp:375] slot_for_device: device_id 0 not found in active GPU list, falling back to slot 0
[2026-09-08 04:21:54.490] [warning] [sirius_physical_partition.cpp:375] slot_for_device: device_id 0 not found in active GPU list, falling back to slot 0
[2026-09-08 04:21:54.490] [warning] [sirius_physical_partition.cpp:375] slot_for_device: device_id 0 not found in active GPU list, falling back to slot 0
[2026-09-08 04:21:54.490] [warning] [sirius_physical_partition.cpp:375] slot_for_device: device_id 0 not found in active GPU list, falling back to slot 0
[2026-09-08 04:21:54.490] [warning] [sirius_physical_partition.cpp:375] slot_for_device: device_id 0 not found in active GPU list, falling back to slot 0
[2026-09-08 04:21:54.490] [warning] [sirius_physical_partition.cpp:375] slot_for_device: device_id 0 not found in active GPU list, falling back to slot 0
[2026-09-08 04:21:54.490] [warning] [sirius_physical_partition.cpp:375] slot_for_device: device_id 0 not found in active GPU list, falling back to slot 0
[2026-09-08 04:21:54.490] [warning] [sirius_physical_partition.cpp:375] slot_for_device: device_id 0 not found in active GPU list, falling back to slot 0
[2026-09-08 04:21:54.490] [warning] [sirius_physical_partition.cpp:375] slot_for_device: device_id 0 not found in active GPU list, falling back to slot 0
[2026-09-08 04:21:54.490] [warning] [sirius_physical_partition.cpp:375] slot_for_device: device_id 0 not found in active GPU list, falling back to slot 0
[2026-09-08 04:21:54.490] [warning] [sirius_physical_partition.cpp:375] slot_for_device: device_id 0 not found in active GPU list, falling back to slot 0
[2026-09-08 04:21:54.490] [warning] [sirius_physical_partition.cpp:375] slot_for_device: device_id 0 not found in active GPU list, falling back to slot 0
[2026-09-08 04:21:54.490] [warning] [sirius_physical_partition.cpp:375] slot_for_device: device_id 0 not found in active GPU list, falling back to slot 0
[2026-09-08 04:21:54.490] [warning] [sirius_physical_partition.cpp:375] slot_for_device: device_id 0 not found in active GPU list, falling back to slot 0
[2026-09-08 04:21:54.490] [warning] [sirius_physical_partition.cpp:375] slot_for_device: device_id 0 not found in active GPU list, falling back to slot 0
[2026-09-08 04:21:54.490] [warning] [sirius_physical_partition.cpp:375] slot_for_device: device_id 0 not found in active GPU list, falling back to slot 0
[2026-09-08 04:21:54.490] [warning] [sirius_physical_partition.cpp:375] slot_for_device: device_id 0 not found in active GPU list, falling back to slot 0
[2026-09-08 04:21:54.490] [warning] [sirius_physical_partition.cpp:375] slot_for_device: device_id 0 not found in active GPU list, falling back to slot 0
[2026-09-08 04:21:54.490] [warning] [sirius_physical_partition.cpp:375] slot_for_device: device_id 0 not found in active GPU list, falling back to slot 0
[2026-09-08 04:21:54.490] [warning] [sirius_physical_partition.cpp:375] slot_for_device: device_id 0 not found in active GPU list, falling back to slot 0
[2026-09-08 04:21:54.490] [warning] [sirius_physical_partition.cpp:375] slot_for_device: device_id 0 not found in active GPU list, falling back to slot 0
[2026-09-08 04:21:54.490] [warning] [sirius_physical_partition.cpp:375] slot_for_device: device_id 0 not found in active GPU list, falling back to slot 0
[2026-09-08 04:21:54.490] [warning] [sirius_physical_partition.cpp:375] slot_for_device: device_id 0 not found in active GPU list, falling back to slot 0
[2026-09-08 04:21:54.490] [warning] [sirius_physical_partition.cpp:375] slot_for_device: device_id 0 not found in active GPU list, falling back to slot 0
[2026-09-08 04:21:54.490] [warning] [sirius_physical_partition.cpp:375] slot_for_device: device_id 0 not found in active GPU list, falling back to slot 0
[2026-09-08 04:21:54.490] [warning] [sirius_physical_partition.cpp:375] slot_for_device: device_id 0 not found in active GPU list, falling back to slot 0
[2026-09-08 04:21:54.494] [info] [gpu_pipeline_executor.cpp:129] GPU Pipeline Executor: task queue interrupted, stopping manager loop
[2026-09-08 04:21:54.495] [info] [sirius_context.cpp:405] QueryEnd
[2026-09-08 04:21:54.495] [info] [memory_prefetcher.cpp:72] [memory_prefetcher] stopping: prefetched 0 batches / 0 bytes (stops: headroom=0 reservation=0, skips: lock=0 draining=360, errors=0)
[2026-09-08 04:21:54.495] [info] [sirius_context.cpp:256] [host_pool] HOST:0 QueryEnd instance=0xef5cd9960370 connection=1 window=111 query=274 allocated=17515413504 bytes peak=22078816256 bytes free_blocks=2875
[2026-09-08 04:21:54.495] [info] [sirius_context.cpp:271] [gpu_pool] GPU:0 QueryEnd instance=0xef5cd9960370 connection=1 window=111 query=274 allocated=53704094208 bytes peak=254818874163 bytes reserved=0 bytes
[2026-09-08 04:21:54.495] [info] [sirius_context.cpp:521] [window] end instance=0xef5cd9960370 connection=1 window=111 query=274 outcome=ok
[2026-09-08 04:21:54.495] [info] [physical_sirius_execution.cpp:327] Transparent GPU execution: query completed
[2026-09-08 04:21:54.499] [info] [sirius_context.cpp:329] QueryBegin: instance=0xef5cd9960370 connection=1 query=275 SQL: CALL sirius_set_query_label('q18_iter1')
[2026-09-08 04:21:54.499] [info] [sirius_context.cpp:329] QueryBegin: instance=0xef5cd9960370 connection=1 query=276 SQL: SET gpu_execution = true;
[2026-09-08 04:21:54.499] [info] [sirius_context.cpp:329] QueryBegin: instance=0xef5cd9960370 connection=1 query=277 SQL: select c.c_name, c.c_custkey, o.o_orderkey, o.o_orderdate, o.o_totalprice, sum(l.l_quantity) from customer c, orders o, lineitem l where o.o_orderkey in ( select l_orderkey from lineitem group by l_orderkey having sum(l_quantity) > 300 ) and c.c_custkey = o.o_custkey and o.o_orderkey = l.l_orderkey group by c.c_name, c.c_custkey, o.o_orderkey, o.o_orderdate, o.o_totalprice order by o.o_totalprice desc, o.o_orderdate limit 100
[2026-09-08 04:21:54.522] [info] [sirius_plan_comparison_join.cpp:646] [sirius_plan_comparison_join] Wired hash join with 1 dynamic-filter probe target(s) (1 scan-bound, 0 join-edge; evidence=filtered; build est 6039797760 rows).
[2026-09-08 04:21:54.522] [info] [sirius_plan_comparison_join.cpp:662] [sirius_plan_comparison_join] Not wiring dynamic filter(s): build side carries neither filter nor opaque-build evidence (build est 149999850 rows).
[2026-09-08 04:21:54.522] [info] [sirius_plan_comparison_join.cpp:646] [sirius_plan_comparison_join] Wired hash join with 1 dynamic-filter probe target(s) (1 scan-bound, 0 join-edge; evidence=filtered; build est 6039797760 rows).
[2026-09-08 04:21:54.522] [info] [sirius_context.cpp:1467] Transparent execution: Sirius physical plan generated successfully
[2026-09-08 04:21:54.522] [info] [sirius_context.cpp:1495] Transparent execution: physical plan replaced with GPU operator
[2026-09-08 04:21:54.522] [info] [physical_sirius_execution.cpp:157] Transparent GPU execution: executing query
[2026-09-08 04:21:54.522] [info] [sirius_context.cpp:521] [window] begin instance=0xef5cd9960370 connection=1 window=112 query=277 outcome=-
[2026-09-08 04:21:54.523] [info] [sirius_context.cpp:256] [host_pool] HOST:0 QueryBegin instance=0xef5cd9960370 connection=1 window=112 query=277 allocated=17515413504 bytes peak=22078816256 bytes free_blocks=2875
[2026-09-08 04:21:54.523] [info] [sirius_context.cpp:271] [gpu_pool] GPU:0 QueryBegin instance=0xef5cd9960370 connection=1 window=112 query=277 allocated=53704094208 bytes peak=254818874163 bytes reserved=0 bytes
[2026-09-08 04:21:54.523] [info] [sirius_context.cpp:389] QueryBegin: transparent_execution
[2026-09-08 04:21:54.530] [info] [sirius_plan_comparison_join.cpp:646] [sirius_plan_comparison_join] Wired hash join with 1 dynamic-filter probe target(s) (1 scan-bound, 0 join-edge; evidence=filtered; build est 6039797760 rows).
[2026-09-08 04:21:54.530] [info] [sirius_plan_comparison_join.cpp:662] [sirius_plan_comparison_join] Not wiring dynamic filter(s): build side carries neither filter nor opaque-build evidence (build est 149999850 rows).
[2026-09-08 04:21:54.530] [info] [sirius_plan_comparison_join.cpp:646] [sirius_plan_comparison_join] Wired hash join with 1 dynamic-filter probe target(s) (1 scan-bound, 0 join-edge; evidence=filtered; build est 6039797760 rows).
[2026-09-08 04:21:54.530] [info] [sirius_engine.cpp:265] [gpu_alloc] query allocated 1 GPU(s): [0]
[2026-09-08 04:21:54.531] [info] [sirius_engine.cpp:318] Query Plan:
=== Pipeline Overview ===
Pipeline #0: GPU_SCAN (id=0)
  Output: -> PARTITION [port: default, barrier: FULL]
Pipeline #1: PARTITION (id=1)
  Input: <- Pipeline #0 [on: PARTITION (id=1), port: default, barrier: FULL]
  Dependencies: Pipeline #0
  Output: -> CONCAT [port: default, barrier: PARTIAL]
Pipeline #2: CONCAT (id=2)
  Input: <- Pipeline #1 [on: CONCAT (id=2), port: default, barrier: PARTIAL]
  Dependencies: Pipeline #1
  Output: -> HASH_JOIN [port: build, barrier: PARTIAL]
Pipeline #3: GPU_SCAN (id=3) -> HASH_GROUP_BY (id=4)
  Output: -> PARTITION [port: default, barrier: FULL]
Pipeline #4: PARTITION (id=5)
  Input: <- Pipeline #3 [on: PARTITION (id=5), port: default, barrier: FULL]
  Dependencies: Pipeline #3
  Output: -> MERGE_GROUP_BY [port: default, barrier: FULL]
Pipeline #5: MERGE_GROUP_BY (id=6) -> FILTER (id=7)
  Input: <- Pipeline #4 [on: MERGE_GROUP_BY (id=6), port: default, barrier: FULL]
  Dependencies: Pipeline #4
  Output: -> PARTITION [port: default, barrier: FULL]
Pipeline #6: PARTITION (id=8)
  Input: <- Pipeline #5 [on: PARTITION (id=8), port: default, barrier: FULL]
  Dependencies: Pipeline #5
  Output: -> CONCAT [port: default, barrier: PARTIAL]
Pipeline #7: CONCAT (id=9)
  Input: <- Pipeline #6 [on: CONCAT (id=9), port: default, barrier: PARTIAL]
  Dependencies: Pipeline #6
  Output: -> HASH_JOIN [port: build, barrier: PARTIAL]
Pipeline #8: GPU_SCAN (id=10) -> DYNAMIC_FILTER (id=11)
  Output: -> PARTITION [port: default, barrier: PARTIAL]
Pipeline #9: PARTITION (id=12)
  Input: <- Pipeline #8 [on: PARTITION (id=12), port: default, barrier: PARTIAL]
  Dependencies: Pipeline #8
  Output: -> CONCAT [port: default, barrier: PARTIAL]
Pipeline #10: CONCAT (id=13)
  Input: <- Pipeline #9 [on: CONCAT (id=13), port: default, barrier: PARTIAL]
  Dependencies: Pipeline #9
  Output: -> HASH_JOIN [port: default, barrier: PARTIAL]
Pipeline #11: HASH_JOIN (id=14)
  Input: <- Pipeline #7 [on: HASH_JOIN (id=14), port: build, barrier: PARTIAL]
  Input: <- Pipeline #10 [on: HASH_JOIN (id=14), port: default, barrier: PARTIAL]
  Dependencies: Pipeline #7, Pipeline #10
  Output: -> PARTITION [port: default, barrier: PARTIAL]
Pipeline #12: PARTITION (id=15)
  Input: <- Pipeline #11 [on: PARTITION (id=15), port: default, barrier: PARTIAL]
  Dependencies: Pipeline #11
  Output: -> CONCAT [port: default, barrier: PARTIAL]
Pipeline #13: CONCAT (id=16)
  Input: <- Pipeline #12 [on: CONCAT (id=16), port: default, barrier: PARTIAL]
  Dependencies: Pipeline #12
  Output: -> HASH_JOIN [port: default, barrier: PARTIAL]
Pipeline #14: HASH_JOIN (id=17)
  Input: <- Pipeline #2 [on: HASH_JOIN (id=17), port: build, barrier: PARTIAL]
  Input: <- Pipeline #13 [on: HASH_JOIN (id=17), port: default, barrier: PARTIAL]
  Dependencies: Pipeline #2, Pipeline #13
  Output: -> PARTITION [port: default, barrier: FULL]
Pipeline #15: PARTITION (id=18)
  Input: <- Pipeline #14 [on: PARTITION (id=18), port: default, barrier: FULL]
  Dependencies: Pipeline #14
  Output: -> CONCAT [port: default, barrier: PARTIAL]
Pipeline #16: CONCAT (id=19)
  Input: <- Pipeline #15 [on: CONCAT (id=19), port: default, barrier: PARTIAL]
  Dependencies: Pipeline #15
  Output: -> HASH_JOIN [port: build, barrier: PARTIAL]
Pipeline #17: GPU_SCAN (id=20) -> DYNAMIC_FILTER (id=21)
  Output: -> PARTITION [port: default, barrier: PARTIAL]
Pipeline #18: PARTITION (id=22)
  Input: <- Pipeline #17 [on: PARTITION (id=22), port: default, barrier: PARTIAL]
  Dependencies: Pipeline #17
  Output: -> CONCAT [port: default, barrier: PARTIAL]
Pipeline #19: CONCAT (id=23)
  Input: <- Pipeline #18 [on: CONCAT (id=23), port: default, barrier: PARTIAL]
  Dependencies: Pipeline #18
  Output: -> HASH_JOIN [port: default, barrier: PARTIAL]
Pipeline #20: HASH_JOIN (id=24) -> PROJECTION (id=25) -> PROJECTION (id=26) -> HASH_GROUP_BY (id=27)
  Input: <- Pipeline #16 [on: HASH_JOIN (id=24), port: build, barrier: PARTIAL]
  Input: <- Pipeline #19 [on: HASH_JOIN (id=24), port: default, barrier: PARTIAL]
  Dependencies: Pipeline #16, Pipeline #19
  Output: -> PARTITION [port: default, barrier: FULL]
Pipeline #21: PARTITION (id=28)
  Input: <- Pipeline #20 [on: PARTITION (id=28), port: default, barrier: FULL]
  Dependencies: Pipeline #20
  Output: -> MERGE_GROUP_BY [port: default, barrier: FULL]
Pipeline #22: MERGE_GROUP_BY (id=29) -> PROJECTION (id=30) -> TOP_N (id=31)
  Input: <- Pipeline #21 [on: MERGE_GROUP_BY (id=29), port: default, barrier: FULL]
  Dependencies: Pipeline #21
  Output: -> MERGE_TOP_N [port: default, barrier: FULL]
Pipeline #23: MERGE_TOP_N (id=32) -> RESULT_COLLECTOR (id=33)
  Input: <- Pipeline #22 [on: MERGE_TOP_N (id=32), port: default, barrier: FULL]
  Dependencies: Pipeline #22

=== Query Plan DAG ===
┌──────────────────────────┐                                                                                    
│ Pipeline #23             │                                                                                    
│ RESULT_COLLECTOR (id=33) │                                                                                    
│ MERGE_TOP_N (id=32)      │                                                                                    
│ Input(#22): FULL         │                                                                                    
└────────────┬─────────────┘                                                                                    
             │                                                                                                  
┌──────────────────────────┐                                                                                    
│ Pipeline #22             │                                                                                    
│ TOP_N (id=31)            │                                                                                    
│ PROJECTION (id=30)       │                                                                                    
│ MERGE_GROUP_BY (id=29)   │                                                                                    
│ Input(#21): FULL         │                                                                                    
└────────────┬─────────────┘                                                                                    
             │                                                                                                  
┌──────────────────────────┐                                                                                    
│ Pipeline #21             │                                                                                    
│ PARTITION (id=28)        │                                                                                    
│ Input(#20): FULL         │                                                                                    
└────────────┬─────────────┘                                                                                    
             │                                                                                                  
┌──────────────────────────┐                                                                                    
│ Pipeline #20             │                                                                                    
│ HASH_GROUP_BY (id=27)    │                                                                                    
│ PROJECTION (id=26)       │                                                                                    
│ PROJECTION (id=25)       │                                                                                    
│ HASH_JOIN (id=24)        │                                                                                    
│   type: INNER            │                                                                                    
│ Input(#16): PARTIAL      │                                                                                    
│ Input(#19): PARTIAL      │                                                                                    
└────────────┬─────────────┘                                                                                    
             ┌───────────────────────────────────────────────────────────────────────────────────┐              
             │                                                                                   │              
┌──────────────────────────┐                                                        ┌──────────────────────────┐
│ Pipeline #16             │                                                        │ Pipeline #19             │
│ CONCAT (id=19)           │                                                        │ CONCAT (id=23)           │
│ Input(#15): PARTIAL      │                                                        │ Input(#18): PARTIAL      │
└────────────┬─────────────┘                                                        └────────────┬─────────────┘
             │                                                                                   │              
┌──────────────────────────┐                                                        ┌──────────────────────────┐
│ Pipeline #15             │                                                        │ Pipeline #18             │
│ PARTITION (id=18)        │                                                        │ PARTITION (id=22)        │
│ Input(#14): FULL         │                                                        │ Input(#17): PARTIAL      │
└────────────┬─────────────┘                                                        └────────────┬─────────────┘
             │                                                                                   │              
┌──────────────────────────┐                                                        ┌──────────────────────────┐
│ Pipeline #14             │                                                        │ Pipeline #17             │
│ HASH_JOIN (id=17)        │                                                        │ DYNAMIC_FILTER (id=21)   │
│   type: INNER            │                                                        │ GPU_SCAN (id=20)         │
│ Input(#2): PARTIAL       │                                                        │                          │
│ Input(#13): PARTIAL      │                                                        │                          │
└────────────┬─────────────┘                                                        └──────────────────────────┘
             ┌───────────────────────────┐                                                                      
             │                           │                                                                      
┌──────────────────────────┐┌──────────────────────────┐                                                        
│ Pipeline #2              ││ Pipeline #13             │                                                        
│ CONCAT (id=2)            ││ CONCAT (id=16)           │                                                        
│ Input(#1): PARTIAL       ││ Input(#12): PARTIAL      │                                                        
└────────────┬─────────────┘└────────────┬─────────────┘                                                        
             │                           │                                                                      
┌──────────────────────────┐┌──────────────────────────┐                                                        
│ Pipeline #1              ││ Pipeline #12             │                                                        
│ PARTITION (id=1)         ││ PARTITION (id=15)        │                                                        
│ Input(#0): FULL          ││ Input(#11): PARTIAL      │                                                        
└────────────┬─────────────┘└────────────┬─────────────┘                                                        
             │                           │                                                                      
┌──────────────────────────┐┌──────────────────────────┐                                                        
│ Pipeline #0              ││ Pipeline #11             │                                                        
│ GPU_SCAN (id=0)          ││ HASH_JOIN (id=14)        │                                                        
│                          ││   type: SEMI             │                                                        
│                          ││ Input(#7): PARTIAL       │                                                        
│                          ││ Input(#10): PARTIAL      │                                                        
└──────────────────────────┘└────────────┬─────────────┘                                                        
                                         ┌───────────────────────────┐                                          
                                         │                           │                                          
                            ┌──────────────────────────┐┌──────────────────────────┐                            
                            │ Pipeline #7              ││ Pipeline #10             │                            
                            │ CONCAT (id=9)            ││ CONCAT (id=13)           │                            
                            │ Input(#6): PARTIAL       ││ Input(#9): PARTIAL       │                            
                            └────────────┬─────────────┘└────────────┬─────────────┘                            
                                         │                           │                                          
                            ┌──────────────────────────┐┌──────────────────────────┐                            
                            │ Pipeline #6              ││ Pipeline #9              │                            
                            │ PARTITION (id=8)         ││ PARTITION (id=12)        │                            
                            │ Input(#5): FULL          ││ Input(#8): PARTIAL       │                            
                            └────────────┬─────────────┘└────────────┬─────────────┘                            
                                         │                           │                                          
                            ┌──────────────────────────┐┌──────────────────────────┐                            
                            │ Pipeline #5              ││ Pipeline #8              │                            
                            │ FILTER (id=7)            ││ DYNAMIC_FILTER (id=11)   │                            
                            │ MERGE_GROUP_BY (id=6)    ││ GPU_SCAN (id=10)         │                            
                            │ Input(#4): FULL          ││                          │                            
                            └────────────┬─────────────┘└──────────────────────────┘                            
                                         │                                                                      
                            ┌──────────────────────────┐                                                        
                            │ Pipeline #4              │                                                        
                            │ PARTITION (id=5)         │                                                        
                            │ Input(#3): FULL          │                                                        
                            └────────────┬─────────────┘                                                        
                                         │                                                                      
                            ┌──────────────────────────┐                                                        
                            │ Pipeline #3              │                                                        
                            │ HASH_GROUP_BY (id=4)     │                                                        
                            │ GPU_SCAN (id=3)          │                                                        
                            └──────────────────────────┘                                                        

[2026-09-08 04:21:54.531] [info] [sirius_engine.cpp:186] query 112 telemetry_query=01a080c0ce6274939a92472aa5c89ac6
[2026-09-08 04:21:54.531] [info] [sirius_scan_manager.cpp:2999] [sirius_scan_manager] assigned pinned entry 'customer' to operator '0'
[2026-09-08 04:21:54.531] [info] [sirius_scan_manager.cpp:2999] [sirius_scan_manager] assigned pinned entry 'lineitem' to operator '3'
[2026-09-08 04:21:54.531] [info] [sirius_scan_manager.cpp:2999] [sirius_scan_manager] assigned pinned entry 'orders' to operator '10'
[2026-09-08 04:21:54.531] [info] [sirius_scan_manager.cpp:2999] [sirius_scan_manager] assigned pinned entry 'lineitem' to operator '20'
[2026-09-08 04:21:54.531] [info] [sirius_scan_manager.cpp:884] [late-mat] operator 0: slot0 — value x crossings below the floor (16 B/row over 6 boundaries)
[2026-09-08 04:21:54.531] [info] [sirius_scan_manager.cpp:897] [late-mat] operator 0: 1 column(s) withheld — a partition hashes them
[2026-09-08 04:21:54.531] [info] [sirius_scan_manager.cpp:884] [late-mat] operator 3: slot0 — too few port crossings (8 B/row over 0 boundaries)
[2026-09-08 04:21:54.531] [info] [sirius_scan_manager.cpp:897] [late-mat] operator 10: 1 column(s) withheld — a partition hashes them
[2026-09-08 04:21:54.531] [info] [sirius_scan_manager.cpp:884] [late-mat] operator 20: slot0 — too few port crossings (0 B/row over 3 boundaries)
[2026-09-08 04:21:54.531] [info] [sirius_scan_manager.cpp:897] [late-mat] operator 20: 1 column(s) withheld — a partition hashes them
[2026-09-08 04:21:54.531] [info] [memory_prefetcher.cpp:59] [memory_prefetcher] started: 3 threads, 4 connectors, min_free_fraction=0.40
[2026-09-08 04:21:55.886] [warning] [gpu_pipeline_task.cpp:252] Pipeline 5: MERGE_GROUP_BY (id=6) threw during execute: std::bad_alloc: out_of_memory: not enough capacity to allocate memory
[2026-09-08 04:21:55.886] [warning] [gpu_pipeline_task.cpp:458] Pipeline 5: OOM at operator MERGE_GROUP_BY (id=6, index 0/2), requested 4003847728 bytes (3818.37 MB), global usage 253898794752 bytes (242136.76 MB), peak allocated 56054341120 bytes (53457.59 MB), bytes to materialize input 0 bytes (0.00 MB), reservation 48046172736 bytes (45820.40 MB), rescheduling task 8292
[2026-09-08 04:21:55.975] [warning] [gpu_pipeline_executor.cpp:366] GPU Pipeline Executor: reschedule (retry 1/100) for task 8292 (original task 8292), resuming from operator index 0: OOM at operator MERGE_GROUP_BY (index 0)
[2026-09-08 04:21:56.067] [warning] [gpu_pipeline_task.cpp:252] Pipeline 5: MERGE_GROUP_BY (id=6) threw during execute: std::bad_alloc: out_of_memory: not enough capacity to allocate memory
[2026-09-08 04:21:56.067] [warning] [gpu_pipeline_task.cpp:458] Pipeline 5: OOM at operator MERGE_GROUP_BY (id=6, index 0/2), requested 6000290112 bytes (5722.32 MB), global usage 253893460560 bytes (242131.67 MB), peak allocated 62057563136 bytes (59182.70 MB), bytes to materialize input 0 bytes (0.00 MB), reservation 48048685488 bytes (45822.80 MB), rescheduling task 8293
[2026-09-08 04:21:56.067] [warning] [gpu_pipeline_executor.cpp:366] GPU Pipeline Executor: reschedule (retry 1/100) for task 8293 (original task 8293), resuming from operator index 0: OOM at operator MERGE_GROUP_BY (index 0)
[2026-09-08 04:21:56.095] [warning] [gpu_pipeline_task.cpp:252] Pipeline 5: MERGE_GROUP_BY (id=6) threw during execute: std::bad_alloc: out_of_memory: not enough capacity to allocate memory
[2026-09-08 04:21:56.095] [warning] [gpu_pipeline_task.cpp:458] Pipeline 5: OOM at operator MERGE_GROUP_BY (id=6, index 0/2), requested 16013700464 bytes (15271.85 MB), global usage 253890243805 bytes (242128.60 MB), peak allocated 52044998912 bytes (49633.98 MB), bytes to materialize input 0 bytes (0.00 MB), reservation 48041101392 bytes (45815.56 MB), rescheduling task 8294
[2026-09-08 04:21:56.095] [warning] [gpu_pipeline_executor.cpp:366] GPU Pipeline Executor: reschedule (retry 1/100) for task 8294 (original task 8294), resuming from operator index 0: OOM at operator MERGE_GROUP_BY (index 0)
[2026-09-08 04:21:56.658] [info] [dynamic_filter_publisher.cpp:297] [sirius_physical_hash_join] Pushed 1 dynamic filter(s) across 1 active target(s) of 1 wired target(s) (63430 build rows, 1 bound keys of 1 admitted).
[2026-09-08 04:21:56.684] [warning] [sirius_physical_partition.cpp:375] slot_for_device: device_id 0 not found in active GPU list, falling back to slot 0
[2026-09-08 04:21:56.684] [warning] [sirius_physical_partition.cpp:375] slot_for_device: device_id 0 not found in active GPU list, falling back to slot 0
[2026-09-08 04:21:56.684] [warning] [sirius_physical_partition.cpp:375] slot_for_device: device_id 0 not found in active GPU list, falling back to slot 0
[2026-09-08 04:21:56.684] [warning] [sirius_physical_partition.cpp:375] slot_for_device: device_id 0 not found in active GPU list, falling back to slot 0
[2026-09-08 04:21:56.684] [warning] [sirius_physical_partition.cpp:375] slot_for_device: device_id 0 not found in active GPU list, falling back to slot 0
[2026-09-08 04:21:56.684] [warning] [sirius_physical_partition.cpp:375] slot_for_device: device_id 0 not found in active GPU list, falling back to slot 0
[2026-09-08 04:21:56.684] [warning] [sirius_physical_partition.cpp:375] slot_for_device: device_id 0 not found in active GPU list, falling back to slot 0
[2026-09-08 04:21:56.684] [warning] [sirius_physical_partition.cpp:375] slot_for_device: device_id 0 not found in active GPU list, falling back to slot 0
[2026-09-08 04:21:56.684] [warning] [sirius_physical_partition.cpp:375] slot_for_device: device_id 0 not found in active GPU list, falling back to slot 0
[2026-09-08 04:21:56.684] [warning] [sirius_physical_partition.cpp:375] slot_for_device: device_id 0 not found in active GPU list, falling back to slot 0
[2026-09-08 04:21:56.684] [warning] [sirius_physical_partition.cpp:375] slot_for_device: device_id 0 not found in active GPU list, falling back to slot 0
[2026-09-08 04:21:56.684] [warning] [sirius_physical_partition.cpp:375] slot_for_device: device_id 0 not found in active GPU list, falling back to slot 0
[2026-09-08 04:21:56.684] [warning] [sirius_physical_partition.cpp:375] slot_for_device: device_id 0 not found in active GPU list, falling back to slot 0
[2026-09-08 04:21:56.684] [warning] [sirius_physical_partition.cpp:375] slot_for_device: device_id 0 not found in active GPU list, falling back to slot 0
[2026-09-08 04:21:56.684] [warning] [sirius_physical_partition.cpp:375] slot_for_device: device_id 0 not found in active GPU list, falling back to slot 0
[2026-09-08 04:21:56.687] [warning] [sirius_physical_partition.cpp:375] slot_for_device: device_id 0 not found in active GPU list, falling back to slot 0
[2026-09-08 04:21:56.688] [warning] [sirius_physical_partition.cpp:375] slot_for_device: device_id 0 not found in active GPU list, falling back to slot 0
[2026-09-08 04:21:56.688] [warning] [sirius_physical_partition.cpp:375] slot_for_device: device_id 0 not found in active GPU list, falling back to slot 0
[2026-09-08 04:21:56.688] [warning] [sirius_physical_partition.cpp:375] slot_for_device: device_id 0 not found in active GPU list, falling back to slot 0
[2026-09-08 04:21:56.750] [info] [dynamic_filter_publisher.cpp:297] [sirius_physical_hash_join] Pushed 1 dynamic filter(s) across 1 active target(s) of 1 wired target(s) (63430 build rows, 1 bound keys of 1 admitted).
[2026-09-08 04:21:56.903] [warning] [sirius_physical_partition.cpp:375] slot_for_device: device_id 0 not found in active GPU list, falling back to slot 0
[2026-09-08 04:21:56.903] [warning] [sirius_physical_partition.cpp:375] slot_for_device: device_id 0 not found in active GPU list, falling back to slot 0
[2026-09-08 04:21:56.903] [warning] [sirius_physical_partition.cpp:375] slot_for_device: device_id 0 not found in active GPU list, falling back to slot 0
[2026-09-08 04:21:56.903] [warning] [sirius_physical_partition.cpp:375] slot_for_device: device_id 0 not found in active GPU list, falling back to slot 0
[2026-09-08 04:21:56.903] [warning] [sirius_physical_partition.cpp:375] slot_for_device: device_id 0 not found in active GPU list, falling back to slot 0
[2026-09-08 04:21:56.903] [warning] [sirius_physical_partition.cpp:375] slot_for_device: device_id 0 not found in active GPU list, falling back to slot 0
[2026-09-08 04:21:56.903] [warning] [sirius_physical_partition.cpp:375] slot_for_device: device_id 0 not found in active GPU list, falling back to slot 0
[2026-09-08 04:21:56.903] [warning] [sirius_physical_partition.cpp:375] slot_for_device: device_id 0 not found in active GPU list, falling back to slot 0
[2026-09-08 04:21:56.903] [warning] [sirius_physical_partition.cpp:375] slot_for_device: device_id 0 not found in active GPU list, falling back to slot 0
[2026-09-08 04:21:56.903] [warning] [sirius_physical_partition.cpp:375] slot_for_device: device_id 0 not found in active GPU list, falling back to slot 0
[2026-09-08 04:21:56.903] [warning] [sirius_physical_partition.cpp:375] slot_for_device: device_id 0 not found in active GPU list, falling back to slot 0
[2026-09-08 04:21:56.903] [warning] [sirius_physical_partition.cpp:375] slot_for_device: device_id 0 not found in active GPU list, falling back to slot 0
[2026-09-08 04:21:56.903] [warning] [sirius_physical_partition.cpp:375] slot_for_device: device_id 0 not found in active GPU list, falling back to slot 0
[2026-09-08 04:21:56.903] [warning] [sirius_physical_partition.cpp:375] slot_for_device: device_id 0 not found in active GPU list, falling back to slot 0
[2026-09-08 04:21:56.903] [warning] [sirius_physical_partition.cpp:375] slot_for_device: device_id 0 not found in active GPU list, falling back to slot 0
[2026-09-08 04:21:56.903] [warning] [sirius_physical_partition.cpp:375] slot_for_device: device_id 0 not found in active GPU list, falling back to slot 0
[2026-09-08 04:21:56.903] [warning] [sirius_physical_partition.cpp:375] slot_for_device: device_id 0 not found in active GPU list, falling back to slot 0
[2026-09-08 04:21:56.903] [warning] [sirius_physical_partition.cpp:375] slot_for_device: device_id 0 not found in active GPU list, falling back to slot 0
[2026-09-08 04:21:56.904] [warning] [sirius_physical_partition.cpp:375] slot_for_device: device_id 0 not found in active GPU list, falling back to slot 0
[2026-09-08 04:21:56.904] [warning] [sirius_physical_partition.cpp:375] slot_for_device: device_id 0 not found in active GPU list, falling back to slot 0
[2026-09-08 04:21:56.904] [warning] [sirius_physical_partition.cpp:375] slot_for_device: device_id 0 not found in active GPU list, falling back to slot 0
[2026-09-08 04:21:56.904] [warning] [sirius_physical_partition.cpp:375] slot_for_device: device_id 0 not found in active GPU list, falling back to slot 0
[2026-09-08 04:21:56.904] [warning] [sirius_physical_partition.cpp:375] slot_for_device: device_id 0 not found in active GPU list, falling back to slot 0
[2026-09-08 04:21:56.904] [warning] [sirius_physical_partition.cpp:375] slot_for_device: device_id 0 not found in active GPU list, falling back to slot 0
[2026-09-08 04:21:56.904] [warning] [sirius_physical_partition.cpp:375] slot_for_device: device_id 0 not found in active GPU list, falling back to slot 0
[2026-09-08 04:21:56.904] [warning] [sirius_physical_partition.cpp:375] slot_for_device: device_id 0 not found in active GPU list, falling back to slot 0
[2026-09-08 04:21:56.904] [warning] [sirius_physical_partition.cpp:375] slot_for_device: device_id 0 not found in active GPU list, falling back to slot 0
[2026-09-08 04:21:56.904] [warning] [sirius_physical_partition.cpp:375] slot_for_device: device_id 0 not found in active GPU list, falling back to slot 0
[2026-09-08 04:21:56.904] [warning] [sirius_physical_partition.cpp:375] slot_for_device: device_id 0 not found in active GPU list, falling back to slot 0
[2026-09-08 04:21:56.904] [warning] [sirius_physical_partition.cpp:375] slot_for_device: device_id 0 not found in active GPU list, falling back to slot 0
[2026-09-08 04:21:56.904] [warning] [sirius_physical_partition.cpp:375] slot_for_device: device_id 0 not found in active GPU list, falling back to slot 0
[2026-09-08 04:21:56.904] [warning] [sirius_physical_partition.cpp:375] slot_for_device: device_id 0 not found in active GPU list, falling back to slot 0
[2026-09-08 04:21:56.904] [warning] [sirius_physical_partition.cpp:375] slot_for_device: device_id 0 not found in active GPU list, falling back to slot 0
[2026-09-08 04:21:56.904] [warning] [sirius_physical_partition.cpp:375] slot_for_device: device_id 0 not found in active GPU list, falling back to slot 0
[2026-09-08 04:21:56.904] [warning] [sirius_physical_partition.cpp:375] slot_for_device: device_id 0 not found in active GPU list, falling back to slot 0
[2026-09-08 04:21:56.904] [warning] [sirius_physical_partition.cpp:375] slot_for_device: device_id 0 not found in active GPU list, falling back to slot 0
[2026-09-08 04:21:56.904] [warning] [sirius_physical_partition.cpp:375] slot_for_device: device_id 0 not found in active GPU list, falling back to slot 0
[2026-09-08 04:21:56.904] [warning] [sirius_physical_partition.cpp:375] slot_for_device: device_id 0 not found in active GPU list, falling back to slot 0
[2026-09-08 04:21:56.904] [warning] [sirius_physical_partition.cpp:375] slot_for_device: device_id 0 not found in active GPU list, falling back to slot 0
[2026-09-08 04:21:56.904] [warning] [sirius_physical_partition.cpp:375] slot_for_device: device_id 0 not found in active GPU list, falling back to slot 0
[2026-09-08 04:21:56.904] [warning] [sirius_physical_partition.cpp:375] slot_for_device: device_id 0 not found in active GPU list, falling back to slot 0
[2026-09-08 04:21:56.904] [warning] [sirius_physical_partition.cpp:375] slot_for_device: device_id 0 not found in active GPU list, falling back to slot 0
[2026-09-08 04:21:56.904] [warning] [sirius_physical_partition.cpp:375] slot_for_device: device_id 0 not found in active GPU list, falling back to slot 0
[2026-09-08 04:21:56.905] [warning] [sirius_physical_partition.cpp:375] slot_for_device: device_id 0 not found in active GPU list, falling back to slot 0
[2026-09-08 04:21:56.905] [warning] [sirius_physical_partition.cpp:375] slot_for_device: device_id 0 not found in active GPU list, falling back to slot 0
[2026-09-08 04:21:56.905] [warning] [sirius_physical_partition.cpp:375] slot_for_device: device_id 0 not found in active GPU list, falling back to slot 0
[2026-09-08 04:21:56.905] [warning] [sirius_physical_partition.cpp:375] slot_for_device: device_id 0 not found in active GPU list, falling back to slot 0
[2026-09-08 04:21:56.905] [warning] [sirius_physical_partition.cpp:375] slot_for_device: device_id 0 not found in active GPU list, falling back to slot 0
[2026-09-08 04:21:56.905] [warning] [sirius_physical_partition.cpp:375] slot_for_device: device_id 0 not found in active GPU list, falling back to slot 0
[2026-09-08 04:21:56.909] [info] [gpu_pipeline_executor.cpp:129] GPU Pipeline Executor: task queue interrupted, stopping manager loop
[2026-09-08 04:21:56.909] [info] [sirius_context.cpp:405] QueryEnd
[2026-09-08 04:21:56.909] [info] [memory_prefetcher.cpp:72] [memory_prefetcher] stopping: prefetched 0 batches / 0 bytes (stops: headroom=0 reservation=0, skips: lock=0 draining=426, errors=0)
[2026-09-08 04:21:56.910] [info] [sirius_context.cpp:256] [host_pool] HOST:0 QueryEnd instance=0xef5cd9960370 connection=1 window=112 query=277 allocated=17515413504 bytes peak=22078816256 bytes free_blocks=2875
[2026-09-08 04:21:56.910] [info] [sirius_context.cpp:271] [gpu_pool] GPU:0 QueryEnd instance=0xef5cd9960370 connection=1 window=112 query=277 allocated=53704094208 bytes peak=254818874163 bytes reserved=0 bytes
[2026-09-08 04:21:56.910] [info] [sirius_context.cpp:521] [window] end instance=0xef5cd9960370 connection=1 window=112 query=277 outcome=ok
[2026-09-08 04:21:56.910] [info] [physical_sirius_execution.cpp:327] Transparent GPU execution: query completed
[2026-09-08 04:21:56.928] [info] [sirius_context.cpp:329] QueryBegin: instance=0xef5cd9960370 connection=1 query=278 SQL: CALL sirius_set_query_label('q18_iter2')
[2026-09-08 04:21:56.929] [info] [sirius_context.cpp:329] QueryBegin: instance=0xef5cd9960370 connection=1 query=279 SQL: SET gpu_execution = true;
[2026-09-08 04:21:56.929] [info] [sirius_context.cpp:329] QueryBegin: instance=0xef5cd9960370 connection=1 query=280 SQL: select c.c_name, c.c_custkey, o.o_orderkey, o.o_orderdate, o.o_totalprice, sum(l.l_quantity) from customer c, orders o, lineitem l where o.o_orderkey in ( select l_orderkey from lineitem group by l_orderkey having sum(l_quantity) > 300 ) and c.c_custkey = o.o_custkey and o.o_orderkey = l.l_orderkey group by c.c_name, c.c_custkey, o.o_orderkey, o.o_orderdate, o.o_totalprice order by o.o_totalprice desc, o.o_orderdate limit 100
[2026-09-08 04:21:56.952] [info] [sirius_plan_comparison_join.cpp:646] [sirius_plan_comparison_join] Wired hash join with 1 dynamic-filter probe target(s) (1 scan-bound, 0 join-edge; evidence=filtered; build est 6039797760 rows).
[2026-09-08 04:21:56.952] [info] [sirius_plan_comparison_join.cpp:662] [sirius_plan_comparison_join] Not wiring dynamic filter(s): build side carries neither filter nor opaque-build evidence (build est 149999850 rows).
[2026-09-08 04:21:56.952] [info] [sirius_plan_comparison_join.cpp:646] [sirius_plan_comparison_join] Wired hash join with 1 dynamic-filter probe target(s) (1 scan-bound, 0 join-edge; evidence=filtered; build est 6039797760 rows).
[2026-09-08 04:21:56.952] [info] [sirius_context.cpp:1467] Transparent execution: Sirius physical plan generated successfully
[2026-09-08 04:21:56.952] [info] [sirius_context.cpp:1495] Transparent execution: physical plan replaced with GPU operator
[2026-09-08 04:21:56.952] [info] [physical_sirius_execution.cpp:157] Transparent GPU execution: executing query
[2026-09-08 04:21:56.952] [info] [sirius_context.cpp:521] [window] begin instance=0xef5cd9960370 connection=1 window=113 query=280 outcome=-
[2026-09-08 04:21:56.952] [info] [sirius_context.cpp:256] [host_pool] HOST:0 QueryBegin instance=0xef5cd9960370 connection=1 window=113 query=280 allocated=17515413504 bytes peak=22078816256 bytes free_blocks=2875
[2026-09-08 04:21:56.952] [info] [sirius_context.cpp:271] [gpu_pool] GPU:0 QueryBegin instance=0xef5cd9960370 connection=1 window=113 query=280 allocated=53704094208 bytes peak=254818874163 bytes reserved=0 bytes
[2026-09-08 04:21:56.952] [info] [sirius_context.cpp:389] QueryBegin: transparent_execution
[2026-09-08 04:21:56.960] [info] [sirius_plan_comparison_join.cpp:646] [sirius_plan_comparison_join] Wired hash join with 1 dynamic-filter probe target(s) (1 scan-bound, 0 join-edge; evidence=filtered; build est 6039797760 rows).
[2026-09-08 04:21:56.960] [info] [sirius_plan_comparison_join.cpp:662] [sirius_plan_comparison_join] Not wiring dynamic filter(s): build side carries neither filter nor opaque-build evidence (build est 149999850 rows).
[2026-09-08 04:21:56.960] [info] [sirius_plan_comparison_join.cpp:646] [sirius_plan_comparison_join] Wired hash join with 1 dynamic-filter probe target(s) (1 scan-bound, 0 join-edge; evidence=filtered; build est 6039797760 rows).
[2026-09-08 04:21:56.960] [info] [sirius_engine.cpp:265] [gpu_alloc] query allocated 1 GPU(s): [0]
[2026-09-08 04:21:56.961] [info] [sirius_engine.cpp:318] Query Plan:
=== Pipeline Overview ===
Pipeline #0: GPU_SCAN (id=0)
  Output: -> PARTITION [port: default, barrier: FULL]
Pipeline #1: PARTITION (id=1)
  Input: <- Pipeline #0 [on: PARTITION (id=1), port: default, barrier: FULL]
  Dependencies: Pipeline #0
  Output: -> CONCAT [port: default, barrier: PARTIAL]
Pipeline #2: CONCAT (id=2)
  Input: <- Pipeline #1 [on: CONCAT (id=2), port: default, barrier: PARTIAL]
  Dependencies: Pipeline #1
  Output: -> HASH_JOIN [port: build, barrier: PARTIAL]
Pipeline #3: GPU_SCAN (id=3) -> HASH_GROUP_BY (id=4)
  Output: -> PARTITION [port: default, barrier: FULL]
Pipeline #4: PARTITION (id=5)
  Input: <- Pipeline #3 [on: PARTITION (id=5), port: default, barrier: FULL]
  Dependencies: Pipeline #3
  Output: -> MERGE_GROUP_BY [port: default, barrier: FULL]
Pipeline #5: MERGE_GROUP_BY (id=6) -> FILTER (id=7)
  Input: <- Pipeline #4 [on: MERGE_GROUP_BY (id=6), port: default, barrier: FULL]
  Dependencies: Pipeline #4
  Output: -> PARTITION [port: default, barrier: FULL]
Pipeline #6: PARTITION (id=8)
  Input: <- Pipeline #5 [on: PARTITION (id=8), port: default, barrier: FULL]
  Dependencies: Pipeline #5
  Output: -> CONCAT [port: default, barrier: PARTIAL]
Pipeline #7: CONCAT (id=9)
  Input: <- Pipeline #6 [on: CONCAT (id=9), port: default, barrier: PARTIAL]
  Dependencies: Pipeline #6
  Output: -> HASH_JOIN [port: build, barrier: PARTIAL]
Pipeline #8: GPU_SCAN (id=10) -> DYNAMIC_FILTER (id=11)
  Output: -> PARTITION [port: default, barrier: PARTIAL]
Pipeline #9: PARTITION (id=12)
  Input: <- Pipeline #8 [on: PARTITION (id=12), port: default, barrier: PARTIAL]
  Dependencies: Pipeline #8
  Output: -> CONCAT [port: default, barrier: PARTIAL]
Pipeline #10: CONCAT (id=13)
  Input: <- Pipeline #9 [on: CONCAT (id=13), port: default, barrier: PARTIAL]
  Dependencies: Pipeline #9
  Output: -> HASH_JOIN [port: default, barrier: PARTIAL]
Pipeline #11: HASH_JOIN (id=14)
  Input: <- Pipeline #7 [on: HASH_JOIN (id=14), port: build, barrier: PARTIAL]
  Input: <- Pipeline #10 [on: HASH_JOIN (id=14), port: default, barrier: PARTIAL]
  Dependencies: Pipeline #7, Pipeline #10
  Output: -> PARTITION [port: default, barrier: PARTIAL]
Pipeline #12: PARTITION (id=15)
  Input: <- Pipeline #11 [on: PARTITION (id=15), port: default, barrier: PARTIAL]
  Dependencies: Pipeline #11
  Output: -> CONCAT [port: default, barrier: PARTIAL]
Pipeline #13: CONCAT (id=16)
  Input: <- Pipeline #12 [on: CONCAT (id=16), port: default, barrier: PARTIAL]
  Dependencies: Pipeline #12
  Output: -> HASH_JOIN [port: default, barrier: PARTIAL]
Pipeline #14: HASH_JOIN (id=17)
  Input: <- Pipeline #2 [on: HASH_JOIN (id=17), port: build, barrier: PARTIAL]
  Input: <- Pipeline #13 [on: HASH_JOIN (id=17), port: default, barrier: PARTIAL]
  Dependencies: Pipeline #2, Pipeline #13
  Output: -> PARTITION [port: default, barrier: FULL]
Pipeline #15: PARTITION (id=18)
  Input: <- Pipeline #14 [on: PARTITION (id=18), port: default, barrier: FULL]
  Dependencies: Pipeline #14
  Output: -> CONCAT [port: default, barrier: PARTIAL]
Pipeline #16: CONCAT (id=19)
  Input: <- Pipeline #15 [on: CONCAT (id=19), port: default, barrier: PARTIAL]
  Dependencies: Pipeline #15
  Output: -> HASH_JOIN [port: build, barrier: PARTIAL]
Pipeline #17: GPU_SCAN (id=20) -> DYNAMIC_FILTER (id=21)
  Output: -> PARTITION [port: default, barrier: PARTIAL]
Pipeline #18: PARTITION (id=22)
  Input: <- Pipeline #17 [on: PARTITION (id=22), port: default, barrier: PARTIAL]
  Dependencies: Pipeline #17
  Output: -> CONCAT [port: default, barrier: PARTIAL]
Pipeline #19: CONCAT (id=23)
  Input: <- Pipeline #18 [on: CONCAT (id=23), port: default, barrier: PARTIAL]
  Dependencies: Pipeline #18
  Output: -> HASH_JOIN [port: default, barrier: PARTIAL]
Pipeline #20: HASH_JOIN (id=24) -> PROJECTION (id=25) -> PROJECTION (id=26) -> HASH_GROUP_BY (id=27)
  Input: <- Pipeline #16 [on: HASH_JOIN (id=24), port: build, barrier: PARTIAL]
  Input: <- Pipeline #19 [on: HASH_JOIN (id=24), port: default, barrier: PARTIAL]
  Dependencies: Pipeline #16, Pipeline #19
  Output: -> PARTITION [port: default, barrier: FULL]
Pipeline #21: PARTITION (id=28)
  Input: <- Pipeline #20 [on: PARTITION (id=28), port: default, barrier: FULL]
  Dependencies: Pipeline #20
  Output: -> MERGE_GROUP_BY [port: default, barrier: FULL]
Pipeline #22: MERGE_GROUP_BY (id=29) -> PROJECTION (id=30) -> TOP_N (id=31)
  Input: <- Pipeline #21 [on: MERGE_GROUP_BY (id=29), port: default, barrier: FULL]
  Dependencies: Pipeline #21
  Output: -> MERGE_TOP_N [port: default, barrier: FULL]
Pipeline #23: MERGE_TOP_N (id=32) -> RESULT_COLLECTOR (id=33)
  Input: <- Pipeline #22 [on: MERGE_TOP_N (id=32), port: default, barrier: FULL]
  Dependencies: Pipeline #22

=== Query Plan DAG ===
┌──────────────────────────┐                                                                                    
│ Pipeline #23             │                                                                                    
│ RESULT_COLLECTOR (id=33) │                                                                                    
│ MERGE_TOP_N (id=32)      │                                                                                    
│ Input(#22): FULL         │                                                                                    
└────────────┬─────────────┘                                                                                    
             │                                                                                                  
┌──────────────────────────┐                                                                                    
│ Pipeline #22             │                                                                                    
│ TOP_N (id=31)            │                                                                                    
│ PROJECTION (id=30)       │                                                                                    
│ MERGE_GROUP_BY (id=29)   │                                                                                    
│ Input(#21): FULL         │                                                                                    
└────────────┬─────────────┘                                                                                    
             │                                                                                                  
┌──────────────────────────┐                                                                                    
│ Pipeline #21             │                                                                                    
│ PARTITION (id=28)        │                                                                                    
│ Input(#20): FULL         │                                                                                    
└────────────┬─────────────┘                                                                                    
             │                                                                                                  
┌──────────────────────────┐                                                                                    
│ Pipeline #20             │                                                                                    
│ HASH_GROUP_BY (id=27)    │                                                                                    
│ PROJECTION (id=26)       │                                                                                    
│ PROJECTION (id=25)       │                                                                                    
│ HASH_JOIN (id=24)        │                                                                                    
│   type: INNER            │                                                                                    
│ Input(#16): PARTIAL      │                                                                                    
│ Input(#19): PARTIAL      │                                                                                    
└────────────┬─────────────┘                                                                                    
             ┌───────────────────────────────────────────────────────────────────────────────────┐              
             │                                                                                   │              
┌──────────────────────────┐                                                        ┌──────────────────────────┐
│ Pipeline #16             │                                                        │ Pipeline #19             │
│ CONCAT (id=19)           │                                                        │ CONCAT (id=23)           │
│ Input(#15): PARTIAL      │                                                        │ Input(#18): PARTIAL      │
└────────────┬─────────────┘                                                        └────────────┬─────────────┘
             │                                                                                   │              
┌──────────────────────────┐                                                        ┌──────────────────────────┐
│ Pipeline #15             │                                                        │ Pipeline #18             │
│ PARTITION (id=18)        │                                                        │ PARTITION (id=22)        │
│ Input(#14): FULL         │                                                        │ Input(#17): PARTIAL      │
└────────────┬─────────────┘                                                        └────────────┬─────────────┘
             │                                                                                   │              
┌──────────────────────────┐                                                        ┌──────────────────────────┐
│ Pipeline #14             │                                                        │ Pipeline #17             │
│ HASH_JOIN (id=17)        │                                                        │ DYNAMIC_FILTER (id=21)   │
│   type: INNER            │                                                        │ GPU_SCAN (id=20)         │
│ Input(#2): PARTIAL       │                                                        │                          │
│ Input(#13): PARTIAL      │                                                        │                          │
└────────────┬─────────────┘                                                        └──────────────────────────┘
             ┌───────────────────────────┐                                                                      
             │                           │                                                                      
┌──────────────────────────┐┌──────────────────────────┐                                                        
│ Pipeline #2              ││ Pipeline #13             │                                                        
│ CONCAT (id=2)            ││ CONCAT (id=16)           │                                                        
│ Input(#1): PARTIAL       ││ Input(#12): PARTIAL      │                                                        
└────────────┬─────────────┘└────────────┬─────────────┘                                                        
             │                           │                                                                      
┌──────────────────────────┐┌──────────────────────────┐                                                        
│ Pipeline #1              ││ Pipeline #12             │                                                        
│ PARTITION (id=1)         ││ PARTITION (id=15)        │                                                        
│ Input(#0): FULL          ││ Input(#11): PARTIAL      │                                                        
└────────────┬─────────────┘└────────────┬─────────────┘                                                        
             │                           │                                                                      
┌──────────────────────────┐┌──────────────────────────┐                                                        
│ Pipeline #0              ││ Pipeline #11             │                                                        
│ GPU_SCAN (id=0)          ││ HASH_JOIN (id=14)        │                                                        
│                          ││   type: SEMI             │                                                        
│                          ││ Input(#7): PARTIAL       │                                                        
│                          ││ Input(#10): PARTIAL      │                                                        
└──────────────────────────┘└────────────┬─────────────┘                                                        
                                         ┌───────────────────────────┐                                          
                                         │                           │                                          
                            ┌──────────────────────────┐┌──────────────────────────┐                            
                            │ Pipeline #7              ││ Pipeline #10             │                            
                            │ CONCAT (id=9)            ││ CONCAT (id=13)           │                            
                            │ Input(#6): PARTIAL       ││ Input(#9): PARTIAL       │                            
                            └────────────┬─────────────┘└────────────┬─────────────┘                            
                                         │                           │                                          
                            ┌──────────────────────────┐┌──────────────────────────┐                            
                            │ Pipeline #6              ││ Pipeline #9              │                            
                            │ PARTITION (id=8)         ││ PARTITION (id=12)        │                            
                            │ Input(#5): FULL          ││ Input(#8): PARTIAL       │                            
                            └────────────┬─────────────┘└────────────┬─────────────┘                            
                                         │                           │                                          
                            ┌──────────────────────────┐┌──────────────────────────┐                            
                            │ Pipeline #5              ││ Pipeline #8              │                            
                            │ FILTER (id=7)            ││ DYNAMIC_FILTER (id=11)   │                            
                            │ MERGE_GROUP_BY (id=6)    ││ GPU_SCAN (id=10)         │                            
                            │ Input(#4): FULL          ││                          │                            
                            └────────────┬─────────────┘└──────────────────────────┘                            
                                         │                                                                      
                            ┌──────────────────────────┐                                                        
                            │ Pipeline #4              │                                                        
                            │ PARTITION (id=5)         │                                                        
                            │ Input(#3): FULL          │                                                        
                            └────────────┬─────────────┘                                                        
                                         │                                                                      
                            ┌──────────────────────────┐                                                        
                            │ Pipeline #3              │                                                        
                            │ HASH_GROUP_BY (id=4)     │                                                        
                            │ GPU_SCAN (id=3)          │                                                        
                            └──────────────────────────┘                                                        

[2026-09-08 04:21:56.961] [info] [sirius_engine.cpp:186] query 113 telemetry_query=01a080c0d7e072d3b8283556d1dbfa4e
[2026-09-08 04:21:56.961] [info] [sirius_scan_manager.cpp:2999] [sirius_scan_manager] assigned pinned entry 'customer' to operator '0'
[2026-09-08 04:21:56.961] [info] [sirius_scan_manager.cpp:2999] [sirius_scan_manager] assigned pinned entry 'lineitem' to operator '3'
[2026-09-08 04:21:56.961] [info] [sirius_scan_manager.cpp:2999] [sirius_scan_manager] assigned pinned entry 'orders' to operator '10'
[2026-09-08 04:21:56.961] [info] [sirius_scan_manager.cpp:2999] [sirius_scan_manager] assigned pinned entry 'lineitem' to operator '20'
[2026-09-08 04:21:56.961] [info] [sirius_scan_manager.cpp:884] [late-mat] operator 0: slot0 — value x crossings below the floor (16 B/row over 6 boundaries)
[2026-09-08 04:21:56.961] [info] [sirius_scan_manager.cpp:897] [late-mat] operator 0: 1 column(s) withheld — a partition hashes them
[2026-09-08 04:21:56.961] [info] [sirius_scan_manager.cpp:884] [late-mat] operator 3: slot0 — too few port crossings (8 B/row over 0 boundaries)
[2026-09-08 04:21:56.961] [info] [sirius_scan_manager.cpp:897] [late-mat] operator 10: 1 column(s) withheld — a partition hashes them
[2026-09-08 04:21:56.961] [info] [sirius_scan_manager.cpp:884] [late-mat] operator 20: slot0 — too few port crossings (0 B/row over 3 boundaries)
[2026-09-08 04:21:56.961] [info] [sirius_scan_manager.cpp:897] [late-mat] operator 20: 1 column(s) withheld — a partition hashes them
[2026-09-08 04:21:56.962] [info] [memory_prefetcher.cpp:59] [memory_prefetcher] started: 3 threads, 4 connectors, min_free_fraction=0.40
[2026-09-08 04:21:58.124] [warning] [gpu_pipeline_task.cpp:252] Pipeline 5: MERGE_GROUP_BY (id=6) threw during execute: std::bad_alloc: out_of_memory: not enough capacity to allocate memory
[2026-09-08 04:21:58.124] [warning] [gpu_pipeline_task.cpp:458] Pipeline 5: OOM at operator MERGE_GROUP_BY (id=6, index 0/2), requested 4003847728 bytes (3818.37 MB), global usage 253898794752 bytes (242136.76 MB), peak allocated 56054341120 bytes (53457.59 MB), bytes to materialize input 0 bytes (0.00 MB), reservation 48046172736 bytes (45820.40 MB), rescheduling task 8555
[2026-09-08 04:21:58.212] [warning] [gpu_pipeline_executor.cpp:366] GPU Pipeline Executor: reschedule (retry 1/100) for task 8555 (original task 8555), resuming from operator index 0: OOM at operator MERGE_GROUP_BY (index 0)
[2026-09-08 04:21:58.304] [warning] [gpu_pipeline_task.cpp:252] Pipeline 5: MERGE_GROUP_BY (id=6) threw during execute: std::bad_alloc: out_of_memory: not enough capacity to allocate memory
[2026-09-08 04:21:58.304] [warning] [gpu_pipeline_task.cpp:458] Pipeline 5: OOM at operator MERGE_GROUP_BY (id=6, index 0/2), requested 6000290112 bytes (5722.32 MB), global usage 253893460560 bytes (242131.67 MB), peak allocated 62057563136 bytes (59182.70 MB), bytes to materialize input 0 bytes (0.00 MB), reservation 48048685488 bytes (45822.80 MB), rescheduling task 8556
[2026-09-08 04:21:58.304] [warning] [gpu_pipeline_executor.cpp:366] GPU Pipeline Executor: reschedule (retry 1/100) for task 8556 (original task 8556), resuming from operator index 0: OOM at operator MERGE_GROUP_BY (index 0)
[2026-09-08 04:21:58.332] [warning] [gpu_pipeline_task.cpp:252] Pipeline 5: MERGE_GROUP_BY (id=6) threw during execute: std::bad_alloc: out_of_memory: not enough capacity to allocate memory
[2026-09-08 04:21:58.332] [warning] [gpu_pipeline_task.cpp:458] Pipeline 5: OOM at operator MERGE_GROUP_BY (id=6, index 0/2), requested 16013700464 bytes (15271.85 MB), global usage 253890243805 bytes (242128.60 MB), peak allocated 52044998912 bytes (49633.98 MB), bytes to materialize input 0 bytes (0.00 MB), reservation 48041101392 bytes (45815.56 MB), rescheduling task 8557
[2026-09-08 04:21:58.332] [warning] [gpu_pipeline_executor.cpp:366] GPU Pipeline Executor: reschedule (retry 1/100) for task 8557 (original task 8557), resuming from operator index 0: OOM at operator MERGE_GROUP_BY (index 0)
[2026-09-08 04:21:58.830] [info] [dynamic_filter_publisher.cpp:297] [sirius_physical_hash_join] Pushed 1 dynamic filter(s) across 1 active target(s) of 1 wired target(s) (63430 build rows, 1 bound keys of 1 admitted).
[2026-09-08 04:21:58.852] [warning] [sirius_physical_partition.cpp:375] slot_for_device: device_id 0 not found in active GPU list, falling back to slot 0
[2026-09-08 04:21:58.852] [warning] [sirius_physical_partition.cpp:375] slot_for_device: device_id 0 not found in active GPU list, falling back to slot 0
[2026-09-08 04:21:58.852] [warning] [sirius_physical_partition.cpp:375] slot_for_device: device_id 0 not found in active GPU list, falling back to slot 0
[2026-09-08 04:21:58.852] [warning] [sirius_physical_partition.cpp:375] slot_for_device: device_id 0 not found in active GPU list, falling back to slot 0
[2026-09-08 04:21:58.852] [warning] [sirius_physical_partition.cpp:375] slot_for_device: device_id 0 not found in active GPU list, falling back to slot 0
[2026-09-08 04:21:58.852] [warning] [sirius_physical_partition.cpp:375] slot_for_device: device_id 0 not found in active GPU list, falling back to slot 0
[2026-09-08 04:21:58.852] [warning] [sirius_physical_partition.cpp:375] slot_for_device: device_id 0 not found in active GPU list, falling back to slot 0
[2026-09-08 04:21:58.853] [warning] [sirius_physical_partition.cpp:375] slot_for_device: device_id 0 not found in active GPU list, falling back to slot 0
[2026-09-08 04:21:58.853] [warning] [sirius_physical_partition.cpp:375] slot_for_device: device_id 0 not found in active GPU list, falling back to slot 0
[2026-09-08 04:21:58.853] [warning] [sirius_physical_partition.cpp:375] slot_for_device: device_id 0 not found in active GPU list, falling back to slot 0
[2026-09-08 04:21:58.853] [warning] [sirius_physical_partition.cpp:375] slot_for_device: device_id 0 not found in active GPU list, falling back to slot 0
[2026-09-08 04:21:58.853] [warning] [sirius_physical_partition.cpp:375] slot_for_device: device_id 0 not found in active GPU list, falling back to slot 0
[2026-09-08 04:21:58.853] [warning] [sirius_physical_partition.cpp:375] slot_for_device: device_id 0 not found in active GPU list, falling back to slot 0
[2026-09-08 04:21:58.853] [warning] [sirius_physical_partition.cpp:375] slot_for_device: device_id 0 not found in active GPU list, falling back to slot 0
[2026-09-08 04:21:58.853] [warning] [sirius_physical_partition.cpp:375] slot_for_device: device_id 0 not found in active GPU list, falling back to slot 0
[2026-09-08 04:21:58.853] [warning] [sirius_physical_partition.cpp:375] slot_for_device: device_id 0 not found in active GPU list, falling back to slot 0
[2026-09-08 04:21:58.856] [warning] [sirius_physical_partition.cpp:375] slot_for_device: device_id 0 not found in active GPU list, falling back to slot 0
[2026-09-08 04:21:58.856] [warning] [sirius_physical_partition.cpp:375] slot_for_device: device_id 0 not found in active GPU list, falling back to slot 0
[2026-09-08 04:21:58.856] [warning] [sirius_physical_partition.cpp:375] slot_for_device: device_id 0 not found in active GPU list, falling back to slot 0
[2026-09-08 04:21:58.880] [info] [dynamic_filter_publisher.cpp:297] [sirius_physical_hash_join] Pushed 1 dynamic filter(s) across 1 active target(s) of 1 wired target(s) (63430 build rows, 1 bound keys of 1 admitted).
[2026-09-08 04:21:58.968] [warning] [sirius_physical_partition.cpp:375] slot_for_device: device_id 0 not found in active GPU list, falling back to slot 0
[2026-09-08 04:21:58.968] [warning] [sirius_physical_partition.cpp:375] slot_for_device: device_id 0 not found in active GPU list, falling back to slot 0
[2026-09-08 04:21:58.968] [warning] [sirius_physical_partition.cpp:375] slot_for_device: device_id 0 not found in active GPU list, falling back to slot 0
[2026-09-08 04:21:58.968] [warning] [sirius_physical_partition.cpp:375] slot_for_device: device_id 0 not found in active GPU list, falling back to slot 0
[2026-09-08 04:21:58.968] [warning] [sirius_physical_partition.cpp:375] slot_for_device: device_id 0 not found in active GPU list, falling back to slot 0
[2026-09-08 04:21:58.968] [warning] [sirius_physical_partition.cpp:375] slot_for_device: device_id 0 not found in active GPU list, falling back to slot 0
[2026-09-08 04:21:58.968] [warning] [sirius_physical_partition.cpp:375] slot_for_device: device_id 0 not found in active GPU list, falling back to slot 0
[2026-09-08 04:21:58.968] [warning] [sirius_physical_partition.cpp:375] slot_for_device: device_id 0 not found in active GPU list, falling back to slot 0
[2026-09-08 04:21:58.968] [warning] [sirius_physical_partition.cpp:375] slot_for_device: device_id 0 not found in active GPU list, falling back to slot 0
[2026-09-08 04:21:58.968] [warning] [sirius_physical_partition.cpp:375] slot_for_device: device_id 0 not found in active GPU list, falling back to slot 0
[2026-09-08 04:21:58.968] [warning] [sirius_physical_partition.cpp:375] slot_for_device: device_id 0 not found in active GPU list, falling back to slot 0
[2026-09-08 04:21:58.968] [warning] [sirius_physical_partition.cpp:375] slot_for_device: device_id 0 not found in active GPU list, falling back to slot 0
[2026-09-08 04:21:58.968] [warning] [sirius_physical_partition.cpp:375] slot_for_device: device_id 0 not found in active GPU list, falling back to slot 0
[2026-09-08 04:21:58.968] [warning] [sirius_physical_partition.cpp:375] slot_for_device: device_id 0 not found in active GPU list, falling back to slot 0
[2026-09-08 04:21:58.968] [warning] [sirius_physical_partition.cpp:375] slot_for_device: device_id 0 not found in active GPU list, falling back to slot 0
[2026-09-08 04:21:58.968] [warning] [sirius_physical_partition.cpp:375] slot_for_device: device_id 0 not found in active GPU list, falling back to slot 0
[2026-09-08 04:21:58.968] [warning] [sirius_physical_partition.cpp:375] slot_for_device: device_id 0 not found in active GPU list, falling back to slot 0
[2026-09-08 04:21:58.968] [warning] [sirius_physical_partition.cpp:375] slot_for_device: device_id 0 not found in active GPU list, falling back to slot 0
[2026-09-08 04:21:58.968] [warning] [sirius_physical_partition.cpp:375] slot_for_device: device_id 0 not found in active GPU list, falling back to slot 0
[2026-09-08 04:21:58.968] [warning] [sirius_physical_partition.cpp:375] slot_for_device: device_id 0 not found in active GPU list, falling back to slot 0
[2026-09-08 04:21:58.968] [warning] [sirius_physical_partition.cpp:375] slot_for_device: device_id 0 not found in active GPU list, falling back to slot 0
[2026-09-08 04:21:58.968] [warning] [sirius_physical_partition.cpp:375] slot_for_device: device_id 0 not found in active GPU list, falling back to slot 0
[2026-09-08 04:21:58.968] [warning] [sirius_physical_partition.cpp:375] slot_for_device: device_id 0 not found in active GPU list, falling back to slot 0
[2026-09-08 04:21:58.968] [warning] [sirius_physical_partition.cpp:375] slot_for_device: device_id 0 not found in active GPU list, falling back to slot 0
[2026-09-08 04:21:58.968] [warning] [sirius_physical_partition.cpp:375] slot_for_device: device_id 0 not found in active GPU list, falling back to slot 0
[2026-09-08 04:21:58.968] [warning] [sirius_physical_partition.cpp:375] slot_for_device: device_id 0 not found in active GPU list, falling back to slot 0
[2026-09-08 04:21:58.968] [warning] [sirius_physical_partition.cpp:375] slot_for_device: device_id 0 not found in active GPU list, falling back to slot 0
[2026-09-08 04:21:58.968] [warning] [sirius_physical_partition.cpp:375] slot_for_device: device_id 0 not found in active GPU list, falling back to slot 0
[2026-09-08 04:21:58.968] [warning] [sirius_physical_partition.cpp:375] slot_for_device: device_id 0 not found in active GPU list, falling back to slot 0
[2026-09-08 04:21:58.968] [warning] [sirius_physical_partition.cpp:375] slot_for_device: device_id 0 not found in active GPU list, falling back to slot 0
[2026-09-08 04:21:58.968] [warning] [sirius_physical_partition.cpp:375] slot_for_device: device_id 0 not found in active GPU list, falling back to slot 0
[2026-09-08 04:21:58.968] [warning] [sirius_physical_partition.cpp:375] slot_for_device: device_id 0 not found in active GPU list, falling back to slot 0
[2026-09-08 04:21:58.968] [warning] [sirius_physical_partition.cpp:375] slot_for_device: device_id 0 not found in active GPU list, falling back to slot 0
[2026-09-08 04:21:58.968] [warning] [sirius_physical_partition.cpp:375] slot_for_device: device_id 0 not found in active GPU list, falling back to slot 0
[2026-09-08 04:21:58.968] [warning] [sirius_physical_partition.cpp:375] slot_for_device: device_id 0 not found in active GPU list, falling back to slot 0
[2026-09-08 04:21:58.969] [warning] [sirius_physical_partition.cpp:375] slot_for_device: device_id 0 not found in active GPU list, falling back to slot 0
[2026-09-08 04:21:58.969] [warning] [sirius_physical_partition.cpp:375] slot_for_device: device_id 0 not found in active GPU list, falling back to slot 0
[2026-09-08 04:21:58.969] [warning] [sirius_physical_partition.cpp:375] slot_for_device: device_id 0 not found in active GPU list, falling back to slot 0
[2026-09-08 04:21:58.969] [warning] [sirius_physical_partition.cpp:375] slot_for_device: device_id 0 not found in active GPU list, falling back to slot 0
[2026-09-08 04:21:58.969] [warning] [sirius_physical_partition.cpp:375] slot_for_device: device_id 0 not found in active GPU list, falling back to slot 0
[2026-09-08 04:21:58.969] [warning] [sirius_physical_partition.cpp:375] slot_for_device: device_id 0 not found in active GPU list, falling back to slot 0
[2026-09-08 04:21:58.969] [warning] [sirius_physical_partition.cpp:375] slot_for_device: device_id 0 not found in active GPU list, falling back to slot 0
[2026-09-08 04:21:58.969] [warning] [sirius_physical_partition.cpp:375] slot_for_device: device_id 0 not found in active GPU list, falling back to slot 0
[2026-09-08 04:21:58.969] [warning] [sirius_physical_partition.cpp:375] slot_for_device: device_id 0 not found in active GPU list, falling back to slot 0
[2026-09-08 04:21:58.971] [warning] [sirius_physical_partition.cpp:375] slot_for_device: device_id 0 not found in active GPU list, falling back to slot 0
[2026-09-08 04:21:58.971] [warning] [sirius_physical_partition.cpp:375] slot_for_device: device_id 0 not found in active GPU list, falling back to slot 0
[2026-09-08 04:21:58.971] [warning] [sirius_physical_partition.cpp:375] slot_for_device: device_id 0 not found in active GPU list, falling back to slot 0
[2026-09-08 04:21:58.972] [warning] [sirius_physical_partition.cpp:375] slot_for_device: device_id 0 not found in active GPU list, falling back to slot 0
[2026-09-08 04:21:58.972] [warning] [sirius_physical_partition.cpp:375] slot_for_device: device_id 0 not found in active GPU list, falling back to slot 0
[2026-09-08 04:21:58.976] [info] [gpu_pipeline_executor.cpp:129] GPU Pipeline Executor: task queue interrupted, stopping manager loop
[2026-09-08 04:21:58.976] [info] [sirius_context.cpp:405] QueryEnd
[2026-09-08 04:21:58.976] [info] [memory_prefetcher.cpp:72] [memory_prefetcher] stopping: prefetched 0 batches / 0 bytes (stops: headroom=0 reservation=0, skips: lock=0 draining=359, errors=0)
[2026-09-08 04:21:58.976] [info] [sirius_context.cpp:256] [host_pool] HOST:0 QueryEnd instance=0xef5cd9960370 connection=1 window=113 query=280 allocated=17515413504 bytes peak=22078816256 bytes free_blocks=2875
[2026-09-08 04:21:58.976] [info] [sirius_context.cpp:271] [gpu_pool] GPU:0 QueryEnd instance=0xef5cd9960370 connection=1 window=113 query=280 allocated=53704094208 bytes peak=254818874163 bytes reserved=0 bytes
[2026-09-08 04:21:58.976] [info] [sirius_context.cpp:521] [window] end instance=0xef5cd9960370 connection=1 window=113 query=280 outcome=ok
[2026-09-08 04:21:58.976] [info] [physical_sirius_execution.cpp:327] Transparent GPU execution: query completed
[2026-09-08 04:21:58.995] [info] [sirius_context.cpp:329] QueryBegin: instance=0xef5cd9960370 connection=1 query=281 SQL: CALL unpin_table('customer')
[2026-09-08 04:21:58.996] [info] [sirius_context.cpp:329] QueryBegin: instance=0xef5cd9960370 connection=1 query=282 SQL: CALL unpin_table('orders')
[2026-09-08 04:21:58.997] [info] [sirius_context.cpp:329] QueryBegin: instance=0xef5cd9960370 connection=1 query=283 SQL: CALL unpin_table('lineitem')
[2026-09-08 04:21:58.998] [info] [sirius_context.cpp:329] QueryBegin: instance=0xef5cd9960370 connection=1 query=284 SQL: CALL pin_table('/datasets/tpch_sf1000_sorted/lineitem/*.parquet', tier='gpu', name='lineitem', cols=['l_partkey','l_extendedprice','l_discount','l_quantity','l_shipmode','l_shipinstruct'])
[2026-09-08 04:21:58.998] [info] [sirius_context.cpp:521] [window] begin instance=0xef5cd9960370 connection=1 window=114 query=284 outcome=-
[2026-09-08 04:21:58.998] [info] [sirius_context.cpp:256] [host_pool] HOST:0 QueryBegin instance=0xef5cd9960370 connection=1 window=114 query=284 allocated=17515413504 bytes peak=22078816256 bytes free_blocks=2875
[2026-09-08 04:21:58.998] [info] [sirius_context.cpp:271] [gpu_pool] GPU:0 QueryBegin instance=0xef5cd9960370 connection=1 window=114 query=284 allocated=0 bytes peak=254818874163 bytes reserved=0 bytes
[2026-09-08 04:21:58.998] [info] [sirius_context.cpp:389] QueryBegin: pin_table
[2026-09-08 04:21:58.998] [info] [sirius_extension.cpp:1420] [pin_table] 'lineitem' tier=gpu: compressing with plan for 6 column(s)
[2026-09-08 04:22:06.965] [info] [sirius_context.cpp:405] QueryEnd
[2026-09-08 04:22:06.965] [info] [sirius_context.cpp:256] [host_pool] HOST:0 QueryEnd instance=0xef5cd9960370 connection=1 window=114 query=284 allocated=17515413504 bytes peak=22078816256 bytes free_blocks=2875
[2026-09-08 04:22:06.965] [info] [sirius_context.cpp:271] [gpu_pool] GPU:0 QueryEnd instance=0xef5cd9960370 connection=1 window=114 query=284 allocated=89031232768 bytes peak=254818874163 bytes reserved=0 bytes
[2026-09-08 04:22:06.965] [info] [sirius_context.cpp:521] [window] end instance=0xef5cd9960370 connection=1 window=114 query=284 outcome=ok
[2026-09-08 04:22:06.965] [info] [sirius_context.cpp:329] QueryBegin: instance=0xef5cd9960370 connection=1 query=285 SQL: CALL pin_table('/datasets/tpch_sf1000_sorted/part/*.parquet', tier='gpu', name='part', cols=['p_partkey','p_brand','p_container','p_size'])
[2026-09-08 04:22:06.966] [info] [sirius_context.cpp:521] [window] begin instance=0xef5cd9960370 connection=1 window=115 query=285 outcome=-
[2026-09-08 04:22:06.966] [info] [sirius_context.cpp:256] [host_pool] HOST:0 QueryBegin instance=0xef5cd9960370 connection=1 window=115 query=285 allocated=17515413504 bytes peak=22078816256 bytes free_blocks=2875
[2026-09-08 04:22:06.966] [info] [sirius_context.cpp:271] [gpu_pool] GPU:0 QueryBegin instance=0xef5cd9960370 connection=1 window=115 query=285 allocated=89031232768 bytes peak=254818874163 bytes reserved=0 bytes
[2026-09-08 04:22:06.966] [info] [sirius_context.cpp:389] QueryBegin: pin_table
[2026-09-08 04:22:06.966] [warning] [sirius_extension.cpp:1430] [pin_table] 'part': pin_table_compression is enabled but no plan file was found in '/home/nvidia/joost/sirius-zonemap/bench/sf1000-repro/plans'; pinning uncompressed
[2026-09-08 04:22:07.034] [info] [sirius_context.cpp:405] QueryEnd
[2026-09-08 04:22:07.034] [info] [sirius_context.cpp:256] [host_pool] HOST:0 QueryEnd instance=0xef5cd9960370 connection=1 window=115 query=285 allocated=17515413504 bytes peak=22078816256 bytes free_blocks=2875
[2026-09-08 04:22:07.034] [info] [sirius_context.cpp:271] [gpu_pool] GPU:0 QueryEnd instance=0xef5cd9960370 connection=1 window=115 query=285 allocated=94846246400 bytes peak=254818874163 bytes reserved=0 bytes
[2026-09-08 04:22:07.034] [info] [sirius_context.cpp:521] [window] end instance=0xef5cd9960370 connection=1 window=115 query=285 outcome=ok
[2026-09-08 04:22:07.034] [info] [sirius_context.cpp:329] QueryBegin: instance=0xef5cd9960370 connection=1 query=286 SQL: CALL sirius_set_query_label('q19_iter0')
[2026-09-08 04:22:07.035] [info] [sirius_context.cpp:329] QueryBegin: instance=0xef5cd9960370 connection=1 query=287 SQL: SET gpu_execution = true;
