[2026-09-08 05:18:05.858] [info] [sirius_context.cpp:329] QueryBegin: instance=0xfef5f1960360 connection=1 query=7 SQL: select l_returnflag, l_linestatus, sum(l_quantity) as sum_qty, sum(l_extendedprice) as sum_base_price, sum(l_extendedprice * (1 - l_discount)) as sum_disc_price, sum(l_extendedprice * (1 - l_discount) * (1 + l_tax)) as sum_charge, avg(l_quantity) as avg_qty, avg(l_extendedprice) as avg_price, avg(l_discount) as avg_disc, count(*) as count_order from lineitem where l_shipdate <= date '1995-08-19' group by l_returnflag, l_linestatus order by l_returnflag, l_linestatus
[2026-09-08 05:18:05.867] [info] [sirius_context.cpp:1467] Transparent execution: Sirius physical plan generated successfully
[2026-09-08 05:18:05.867] [info] [sirius_context.cpp:1495] Transparent execution: physical plan replaced with GPU operator
[2026-09-08 05:18:05.867] [info] [physical_sirius_execution.cpp:157] Transparent GPU execution: executing query
[2026-09-08 05:18:05.867] [info] [sirius_context.cpp:521] [window] begin instance=0xfef5f1960360 connection=1 window=2 query=7 outcome=-
[2026-09-08 05:18:05.867] [info] [sirius_context.cpp:256] [host_pool] HOST:0 QueryBegin instance=0xfef5f1960360 connection=1 window=2 query=7 allocated=55834574848 bytes peak=55834574848 bytes free_blocks=2304
[2026-09-08 05:18:05.867] [info] [sirius_context.cpp:271] [gpu_pool] GPU:0 QueryBegin instance=0xfef5f1960360 connection=1 window=2 query=7 allocated=0 bytes peak=2972152064 bytes reserved=0 bytes
[2026-09-08 05:18:05.867] [info] [sirius_context.cpp:389] QueryBegin: transparent_execution
[2026-09-08 05:18:05.869] [info] [sirius_engine.cpp:265] [gpu_alloc] query allocated 1 GPU(s): [0]
[2026-09-08 05:18:05.870] [info] [sirius_engine.cpp:318] Query Plan:
=== Pipeline Overview ===
Pipeline #0: GPU_SCAN (id=0) -> PROJECTION (id=1) -> PROJECTION (id=2) -> PROJECTION (id=3) -> HASH_GROUP_BY (id=4)
  Output: -> PARTITION [port: default, barrier: FULL]
Pipeline #1: PARTITION (id=5)
  Input: <- Pipeline #0 [on: PARTITION (id=5), port: default, barrier: FULL]
  Dependencies: Pipeline #0
  Output: -> MERGE_GROUP_BY [port: default, barrier: FULL]
Pipeline #2: MERGE_GROUP_BY (id=6) -> ORDER_BY (id=7)
  Input: <- Pipeline #1 [on: MERGE_GROUP_BY (id=6), port: default, barrier: FULL]
  Dependencies: Pipeline #1
  Output: -> SORT_SAMPLE [port: default, barrier: PIPELINE]
Pipeline #3: SORT_SAMPLE (id=8) -> SORT_PARTITION (id=9)
  Input: <- Pipeline #2 [on: SORT_SAMPLE (id=8), port: default, barrier: PIPELINE]
  Dependencies: Pipeline #2
  Output: -> MERGE_SORT [port: default, barrier: FULL]
Pipeline #4: MERGE_SORT (id=10)
  Input: <- Pipeline #3 [on: MERGE_SORT (id=10), port: default, barrier: FULL]
  Dependencies: Pipeline #3
  Output: -> RESULT_COLLECTOR [port: default, barrier: FULL]
Pipeline #5: RESULT_COLLECTOR (id=11)
  Input: <- Pipeline #4 [on: RESULT_COLLECTOR (id=11), port: default, barrier: FULL]
  Dependencies: Pipeline #4

=== Query Plan DAG ===
┌──────────────────────────┐
│ Pipeline #5              │
│ RESULT_COLLECTOR (id=11) │
│ Input(#4): FULL          │
└────────────┬─────────────┘
             │              
┌──────────────────────────┐
│ Pipeline #4              │
│ MERGE_SORT (id=10)       │
│ Input(#3): FULL          │
└────────────┬─────────────┘
             │              
┌──────────────────────────┐
│ Pipeline #3              │
│ SORT_PARTITION (id=9)    │
│ SORT_SAMPLE (id=8)       │
│ Input(#2): PIPELINE      │
└────────────┬─────────────┘
             │              
┌──────────────────────────┐
│ Pipeline #2              │
│ ORDER_BY (id=7)          │
│ MERGE_GROUP_BY (id=6)    │
│ Input(#1): FULL          │
└────────────┬─────────────┘
             │              
┌──────────────────────────┐
│ Pipeline #1              │
│ PARTITION (id=5)         │
│ Input(#0): FULL          │
└────────────┬─────────────┘
             │              
┌──────────────────────────┐
│ Pipeline #0              │
│ HASH_GROUP_BY (id=4)     │
│ PROJECTION (id=3)        │
│ PROJECTION (id=2)        │
│ PROJECTION (id=1)        │
│ GPU_SCAN (id=0)          │
└──────────────────────────┘

[2026-09-08 05:18:05.870] [info] [sirius_engine.cpp:186] query 2 telemetry_query=01a080f43fad72e1a02b0bb8caf950a5
[2026-09-08 05:18:05.870] [info] [sirius_scan_manager.cpp:2882] [sirius_scan_manager] zone-map pruning for pinned entry 'lineitem' (HOST tier): 61/144 chunks pruned, serving 83
[2026-09-08 05:18:05.870] [info] [sirius_scan_manager.cpp:2999] [sirius_scan_manager] assigned pinned entry 'lineitem' to operator '0'
[2026-09-08 05:18:05.870] [info] [sirius_scan_manager.cpp:823] [late-mat] operator 0: not deferring — the pinned entry is not device-resident
[2026-09-08 05:18:05.872] [info] [memory_prefetcher.cpp:59] [memory_prefetcher] started: 3 threads, 1 connectors, min_free_fraction=0.40
[2026-09-08 05:18:05.972] [warning] [gpu_pipeline_task.cpp:77] gpu_pipeline_task: operator 'HASH_GROUP_BY' (id=4) output batch 0 column count mismatch: got 13, expected 10
[2026-09-08 05:18:05.973] [warning] [gpu_pipeline_task.cpp:77] gpu_pipeline_task: operator 'HASH_GROUP_BY' (id=4) output batch 0 column count mismatch: got 13, expected 10
[2026-09-08 05:18:05.974] [warning] [gpu_pipeline_task.cpp:77] gpu_pipeline_task: operator 'HASH_GROUP_BY' (id=4) output batch 0 column count mismatch: got 13, expected 10
[2026-09-08 05:18:05.974] [warning] [gpu_pipeline_task.cpp:77] gpu_pipeline_task: operator 'HASH_GROUP_BY' (id=4) output batch 0 column count mismatch: got 13, expected 10
[2026-09-08 05:18:05.974] [warning] [gpu_pipeline_task.cpp:77] gpu_pipeline_task: operator 'HASH_GROUP_BY' (id=4) output batch 0 column count mismatch: got 13, expected 10
[2026-09-08 05:18:05.974] [warning] [gpu_pipeline_task.cpp:77] gpu_pipeline_task: operator 'HASH_GROUP_BY' (id=4) output batch 0 column count mismatch: got 13, expected 10
[2026-09-08 05:18:05.974] [warning] [gpu_pipeline_task.cpp:77] gpu_pipeline_task: operator 'HASH_GROUP_BY' (id=4) output batch 0 column count mismatch: got 13, expected 10
[2026-09-08 05:18:05.974] [warning] [gpu_pipeline_task.cpp:77] gpu_pipeline_task: operator 'HASH_GROUP_BY' (id=4) output batch 0 column count mismatch: got 13, expected 10
[2026-09-08 05:18:06.017] [warning] [gpu_pipeline_task.cpp:77] gpu_pipeline_task: operator 'HASH_GROUP_BY' (id=4) output batch 0 column count mismatch: got 13, expected 10
[2026-09-08 05:18:06.027] [warning] [gpu_pipeline_task.cpp:77] gpu_pipeline_task: operator 'HASH_GROUP_BY' (id=4) output batch 0 column count mismatch: got 13, expected 10
[2026-09-08 05:18:06.043] [warning] [gpu_pipeline_task.cpp:77] gpu_pipeline_task: operator 'HASH_GROUP_BY' (id=4) output batch 0 column count mismatch: got 13, expected 10
[2026-09-08 05:18:06.048] [warning] [gpu_pipeline_task.cpp:77] gpu_pipeline_task: operator 'HASH_GROUP_BY' (id=4) output batch 0 column count mismatch: got 13, expected 10
[2026-09-08 05:18:06.048] [warning] [gpu_pipeline_task.cpp:77] gpu_pipeline_task: operator 'HASH_GROUP_BY' (id=4) output batch 0 column count mismatch: got 13, expected 10
[2026-09-08 05:18:06.056] [warning] [gpu_pipeline_task.cpp:77] gpu_pipeline_task: operator 'HASH_GROUP_BY' (id=4) output batch 0 column count mismatch: got 13, expected 10
[2026-09-08 05:18:06.056] [warning] [gpu_pipeline_task.cpp:77] gpu_pipeline_task: operator 'HASH_GROUP_BY' (id=4) output batch 0 column count mismatch: got 13, expected 10
[2026-09-08 05:18:06.060] [warning] [gpu_pipeline_task.cpp:77] gpu_pipeline_task: operator 'HASH_GROUP_BY' (id=4) output batch 0 column count mismatch: got 13, expected 10
[2026-09-08 05:18:06.073] [warning] [gpu_pipeline_task.cpp:77] gpu_pipeline_task: operator 'HASH_GROUP_BY' (id=4) output batch 0 column count mismatch: got 13, expected 10
[2026-09-08 05:18:06.085] [warning] [gpu_pipeline_task.cpp:77] gpu_pipeline_task: operator 'HASH_GROUP_BY' (id=4) output batch 0 column count mismatch: got 13, expected 10
[2026-09-08 05:18:06.086] [warning] [gpu_pipeline_task.cpp:77] gpu_pipeline_task: operator 'HASH_GROUP_BY' (id=4) output batch 0 column count mismatch: got 13, expected 10
[2026-09-08 05:18:06.103] [warning] [gpu_pipeline_task.cpp:77] gpu_pipeline_task: operator 'HASH_GROUP_BY' (id=4) output batch 0 column count mismatch: got 13, expected 10
[2026-09-08 05:18:06.111] [warning] [gpu_pipeline_task.cpp:77] gpu_pipeline_task: operator 'HASH_GROUP_BY' (id=4) output batch 0 column count mismatch: got 13, expected 10
[2026-09-08 05:18:06.119] [warning] [gpu_pipeline_task.cpp:77] gpu_pipeline_task: operator 'HASH_GROUP_BY' (id=4) output batch 0 column count mismatch: got 13, expected 10
[2026-09-08 05:18:06.125] [warning] [gpu_pipeline_task.cpp:77] gpu_pipeline_task: operator 'HASH_GROUP_BY' (id=4) output batch 0 column count mismatch: got 13, expected 10
[2026-09-08 05:18:06.133] [warning] [gpu_pipeline_task.cpp:77] gpu_pipeline_task: operator 'HASH_GROUP_BY' (id=4) output batch 0 column count mismatch: got 13, expected 10
[2026-09-08 05:18:06.133] [warning] [gpu_pipeline_task.cpp:77] gpu_pipeline_task: operator 'HASH_GROUP_BY' (id=4) output batch 0 column count mismatch: got 13, expected 10
[2026-09-08 05:18:06.147] [warning] [gpu_pipeline_task.cpp:77] gpu_pipeline_task: operator 'HASH_GROUP_BY' (id=4) output batch 0 column count mismatch: got 13, expected 10
[2026-09-08 05:18:06.154] [warning] [gpu_pipeline_task.cpp:77] gpu_pipeline_task: operator 'HASH_GROUP_BY' (id=4) output batch 0 column count mismatch: got 13, expected 10
[2026-09-08 05:18:06.161] [warning] [gpu_pipeline_task.cpp:77] gpu_pipeline_task: operator 'HASH_GROUP_BY' (id=4) output batch 0 column count mismatch: got 13, expected 10
[2026-09-08 05:18:06.167] [warning] [gpu_pipeline_task.cpp:77] gpu_pipeline_task: operator 'HASH_GROUP_BY' (id=4) output batch 0 column count mismatch: got 13, expected 10
[2026-09-08 05:18:06.173] [warning] [gpu_pipeline_task.cpp:77] gpu_pipeline_task: operator 'HASH_GROUP_BY' (id=4) output batch 0 column count mismatch: got 13, expected 10
[2026-09-08 05:18:06.187] [warning] [gpu_pipeline_task.cpp:77] gpu_pipeline_task: operator 'HASH_GROUP_BY' (id=4) output batch 0 column count mismatch: got 13, expected 10
[2026-09-08 05:18:06.189] [warning] [gpu_pipeline_task.cpp:77] gpu_pipeline_task: operator 'HASH_GROUP_BY' (id=4) output batch 0 column count mismatch: got 13, expected 10
[2026-09-08 05:18:06.192] [warning] [gpu_pipeline_task.cpp:77] gpu_pipeline_task: operator 'HASH_GROUP_BY' (id=4) output batch 0 column count mismatch: got 13, expected 10
[2026-09-08 05:18:06.201] [warning] [gpu_pipeline_task.cpp:77] gpu_pipeline_task: operator 'HASH_GROUP_BY' (id=4) output batch 0 column count mismatch: got 13, expected 10
[2026-09-08 05:18:06.222] [warning] [gpu_pipeline_task.cpp:77] gpu_pipeline_task: operator 'HASH_GROUP_BY' (id=4) output batch 0 column count mismatch: got 13, expected 10
[2026-09-08 05:18:06.222] [warning] [gpu_pipeline_task.cpp:77] gpu_pipeline_task: operator 'HASH_GROUP_BY' (id=4) output batch 0 column count mismatch: got 13, expected 10
[2026-09-08 05:18:06.228] [warning] [gpu_pipeline_task.cpp:77] gpu_pipeline_task: operator 'HASH_GROUP_BY' (id=4) output batch 0 column count mismatch: got 13, expected 10
[2026-09-08 05:18:06.233] [warning] [gpu_pipeline_task.cpp:77] gpu_pipeline_task: operator 'HASH_GROUP_BY' (id=4) output batch 0 column count mismatch: got 13, expected 10
[2026-09-08 05:18:06.246] [warning] [gpu_pipeline_task.cpp:77] gpu_pipeline_task: operator 'HASH_GROUP_BY' (id=4) output batch 0 column count mismatch: got 13, expected 10
[2026-09-08 05:18:06.247] [warning] [gpu_pipeline_task.cpp:77] gpu_pipeline_task: operator 'HASH_GROUP_BY' (id=4) output batch 0 column count mismatch: got 13, expected 10
[2026-09-08 05:18:06.256] [warning] [gpu_pipeline_task.cpp:77] gpu_pipeline_task: operator 'HASH_GROUP_BY' (id=4) output batch 0 column count mismatch: got 13, expected 10
[2026-09-08 05:18:06.271] [warning] [gpu_pipeline_task.cpp:77] gpu_pipeline_task: operator 'HASH_GROUP_BY' (id=4) output batch 0 column count mismatch: got 13, expected 10
[2026-09-08 05:18:06.277] [warning] [gpu_pipeline_task.cpp:77] gpu_pipeline_task: operator 'HASH_GROUP_BY' (id=4) output batch 0 column count mismatch: got 13, expected 10
[2026-09-08 05:18:06.282] [warning] [gpu_pipeline_task.cpp:77] gpu_pipeline_task: operator 'HASH_GROUP_BY' (id=4) output batch 0 column count mismatch: got 13, expected 10
[2026-09-08 05:18:06.290] [warning] [gpu_pipeline_task.cpp:77] gpu_pipeline_task: operator 'HASH_GROUP_BY' (id=4) output batch 0 column count mismatch: got 13, expected 10
[2026-09-08 05:18:06.295] [warning] [gpu_pipeline_task.cpp:77] gpu_pipeline_task: operator 'HASH_GROUP_BY' (id=4) output batch 0 column count mismatch: got 13, expected 10
[2026-09-08 05:18:06.307] [warning] [gpu_pipeline_task.cpp:77] gpu_pipeline_task: operator 'HASH_GROUP_BY' (id=4) output batch 0 column count mismatch: got 13, expected 10
[2026-09-08 05:18:06.307] [warning] [gpu_pipeline_task.cpp:77] gpu_pipeline_task: operator 'HASH_GROUP_BY' (id=4) output batch 0 column count mismatch: got 13, expected 10
[2026-09-08 05:18:06.310] [warning] [gpu_pipeline_task.cpp:77] gpu_pipeline_task: operator 'HASH_GROUP_BY' (id=4) output batch 0 column count mismatch: got 13, expected 10
[2026-09-08 05:18:06.316] [warning] [gpu_pipeline_task.cpp:77] gpu_pipeline_task: operator 'HASH_GROUP_BY' (id=4) output batch 0 column count mismatch: got 13, expected 10
[2026-09-08 05:18:06.324] [warning] [gpu_pipeline_task.cpp:77] gpu_pipeline_task: operator 'HASH_GROUP_BY' (id=4) output batch 0 column count mismatch: got 13, expected 10
[2026-09-08 05:18:06.324] [warning] [gpu_pipeline_task.cpp:77] gpu_pipeline_task: operator 'HASH_GROUP_BY' (id=4) output batch 0 column count mismatch: got 13, expected 10
[2026-09-08 05:18:06.339] [warning] [gpu_pipeline_task.cpp:77] gpu_pipeline_task: operator 'HASH_GROUP_BY' (id=4) output batch 0 column count mismatch: got 13, expected 10
[2026-09-08 05:18:06.348] [warning] [gpu_pipeline_task.cpp:77] gpu_pipeline_task: operator 'HASH_GROUP_BY' (id=4) output batch 0 column count mismatch: got 13, expected 10
[2026-09-08 05:18:06.348] [warning] [gpu_pipeline_task.cpp:77] gpu_pipeline_task: operator 'HASH_GROUP_BY' (id=4) output batch 0 column count mismatch: got 13, expected 10
[2026-09-08 05:18:06.364] [warning] [gpu_pipeline_task.cpp:77] gpu_pipeline_task: operator 'HASH_GROUP_BY' (id=4) output batch 0 column count mismatch: got 13, expected 10
[2026-09-08 05:18:06.364] [warning] [gpu_pipeline_task.cpp:77] gpu_pipeline_task: operator 'HASH_GROUP_BY' (id=4) output batch 0 column count mismatch: got 13, expected 10
[2026-09-08 05:18:06.364] [warning] [gpu_pipeline_task.cpp:77] gpu_pipeline_task: operator 'HASH_GROUP_BY' (id=4) output batch 0 column count mismatch: got 13, expected 10
[2026-09-08 05:18:06.378] [warning] [gpu_pipeline_task.cpp:77] gpu_pipeline_task: operator 'HASH_GROUP_BY' (id=4) output batch 0 column count mismatch: got 13, expected 10
[2026-09-08 05:18:06.383] [warning] [gpu_pipeline_task.cpp:77] gpu_pipeline_task: operator 'HASH_GROUP_BY' (id=4) output batch 0 column count mismatch: got 13, expected 10
[2026-09-08 05:18:06.388] [warning] [gpu_pipeline_task.cpp:77] gpu_pipeline_task: operator 'HASH_GROUP_BY' (id=4) output batch 0 column count mismatch: got 13, expected 10
[2026-09-08 05:18:06.393] [warning] [gpu_pipeline_task.cpp:77] gpu_pipeline_task: operator 'HASH_GROUP_BY' (id=4) output batch 0 column count mismatch: got 13, expected 10
[2026-09-08 05:18:06.393] [warning] [gpu_pipeline_task.cpp:77] gpu_pipeline_task: operator 'HASH_GROUP_BY' (id=4) output batch 0 column count mismatch: got 13, expected 10
[2026-09-08 05:18:06.396] [warning] [gpu_pipeline_task.cpp:77] gpu_pipeline_task: operator 'HASH_GROUP_BY' (id=4) output batch 0 column count mismatch: got 13, expected 10
[2026-09-08 05:18:06.399] [warning] [gpu_pipeline_task.cpp:77] gpu_pipeline_task: operator 'HASH_GROUP_BY' (id=4) output batch 0 column count mismatch: got 13, expected 10
[2026-09-08 05:18:06.406] [warning] [gpu_pipeline_task.cpp:77] gpu_pipeline_task: operator 'HASH_GROUP_BY' (id=4) output batch 0 column count mismatch: got 13, expected 10
[2026-09-08 05:18:06.432] [warning] [gpu_pipeline_task.cpp:77] gpu_pipeline_task: operator 'HASH_GROUP_BY' (id=4) output batch 0 column count mismatch: got 13, expected 10
[2026-09-08 05:18:06.435] [warning] [gpu_pipeline_task.cpp:77] gpu_pipeline_task: operator 'HASH_GROUP_BY' (id=4) output batch 0 column count mismatch: got 13, expected 10
[2026-09-08 05:18:06.438] [warning] [gpu_pipeline_task.cpp:77] gpu_pipeline_task: operator 'HASH_GROUP_BY' (id=4) output batch 0 column count mismatch: got 13, expected 10
[2026-09-08 05:18:06.442] [warning] [gpu_pipeline_task.cpp:77] gpu_pipeline_task: operator 'HASH_GROUP_BY' (id=4) output batch 0 column count mismatch: got 13, expected 10
[2026-09-08 05:18:06.442] [warning] [gpu_pipeline_task.cpp:77] gpu_pipeline_task: operator 'HASH_GROUP_BY' (id=4) output batch 0 column count mismatch: got 13, expected 10
[2026-09-08 05:18:06.442] [warning] [gpu_pipeline_task.cpp:77] gpu_pipeline_task: operator 'HASH_GROUP_BY' (id=4) output batch 0 column count mismatch: got 13, expected 10
[2026-09-08 05:18:06.447] [warning] [gpu_pipeline_task.cpp:77] gpu_pipeline_task: operator 'HASH_GROUP_BY' (id=4) output batch 0 column count mismatch: got 13, expected 10
[2026-09-08 05:18:06.468] [warning] [gpu_pipeline_task.cpp:77] gpu_pipeline_task: operator 'HASH_GROUP_BY' (id=4) output batch 0 column count mismatch: got 13, expected 10
[2026-09-08 05:18:06.479] [warning] [gpu_pipeline_task.cpp:77] gpu_pipeline_task: operator 'HASH_GROUP_BY' (id=4) output batch 0 column count mismatch: got 13, expected 10
[2026-09-08 05:18:06.484] [warning] [gpu_pipeline_task.cpp:77] gpu_pipeline_task: operator 'HASH_GROUP_BY' (id=4) output batch 0 column count mismatch: got 13, expected 10
[2026-09-08 05:18:06.492] [warning] [gpu_pipeline_task.cpp:77] gpu_pipeline_task: operator 'HASH_GROUP_BY' (id=4) output batch 0 column count mismatch: got 13, expected 10
[2026-09-08 05:18:06.497] [warning] [gpu_pipeline_task.cpp:77] gpu_pipeline_task: operator 'HASH_GROUP_BY' (id=4) output batch 0 column count mismatch: got 13, expected 10
[2026-09-08 05:18:06.498] [warning] [gpu_pipeline_task.cpp:77] gpu_pipeline_task: operator 'HASH_GROUP_BY' (id=4) output batch 0 column count mismatch: got 13, expected 10
[2026-09-08 05:18:06.502] [warning] [gpu_pipeline_task.cpp:77] gpu_pipeline_task: operator 'HASH_GROUP_BY' (id=4) output batch 0 column count mismatch: got 13, expected 10
[2026-09-08 05:18:06.506] [warning] [gpu_pipeline_task.cpp:77] gpu_pipeline_task: operator 'HASH_GROUP_BY' (id=4) output batch 0 column count mismatch: got 13, expected 10
[2026-09-08 05:18:06.506] [warning] [gpu_pipeline_task.cpp:77] gpu_pipeline_task: operator 'HASH_GROUP_BY' (id=4) output batch 0 column count mismatch: got 13, expected 10
[2026-09-08 05:18:06.518] [warning] [gpu_pipeline_task.cpp:77] gpu_pipeline_task: operator 'HASH_GROUP_BY' (id=4) output batch 0 column count mismatch: got 13, expected 10
[2026-09-08 05:18:06.518] [warning] [gpu_pipeline_task.cpp:77] gpu_pipeline_task: operator 'PARTITION' (id=5) output batch 0 column count mismatch: got 13, expected 10
[2026-09-08 05:18:06.518] [warning] [gpu_pipeline_task.cpp:77] gpu_pipeline_task: operator 'PARTITION' (id=5) output batch 0 column count mismatch: got 13, expected 10
[2026-09-08 05:18:06.518] [warning] [gpu_pipeline_task.cpp:77] gpu_pipeline_task: operator 'PARTITION' (id=5) output batch 0 column count mismatch: got 13, expected 10
[2026-09-08 05:18:06.518] [warning] [gpu_pipeline_task.cpp:77] gpu_pipeline_task: operator 'PARTITION' (id=5) output batch 0 column count mismatch: got 13, expected 10
[2026-09-08 05:18:06.518] [warning] [gpu_pipeline_task.cpp:77] gpu_pipeline_task: operator 'PARTITION' (id=5) output batch 0 column count mismatch: got 13, expected 10
[2026-09-08 05:18:06.518] [warning] [gpu_pipeline_task.cpp:77] gpu_pipeline_task: operator 'PARTITION' (id=5) output batch 0 column count mismatch: got 13, expected 10
[2026-09-08 05:18:06.518] [warning] [gpu_pipeline_task.cpp:77] gpu_pipeline_task: operator 'PARTITION' (id=5) output batch 0 column count mismatch: got 13, expected 10
[2026-09-08 05:18:06.518] [warning] [gpu_pipeline_task.cpp:77] gpu_pipeline_task: operator 'PARTITION' (id=5) output batch 0 column count mismatch: got 13, expected 10
[2026-09-08 05:18:06.518] [warning] [gpu_pipeline_task.cpp:77] gpu_pipeline_task: operator 'PARTITION' (id=5) output batch 0 column count mismatch: got 13, expected 10
[2026-09-08 05:18:06.519] [warning] [gpu_pipeline_task.cpp:77] gpu_pipeline_task: operator 'PARTITION' (id=5) output batch 0 column count mismatch: got 13, expected 10
[2026-09-08 05:18:06.519] [warning] [gpu_pipeline_task.cpp:77] gpu_pipeline_task: operator 'PARTITION' (id=5) output batch 0 column count mismatch: got 13, expected 10
[2026-09-08 05:18:06.519] [warning] [gpu_pipeline_task.cpp:77] gpu_pipeline_task: operator 'PARTITION' (id=5) output batch 0 column count mismatch: got 13, expected 10
[2026-09-08 05:18:06.519] [warning] [gpu_pipeline_task.cpp:77] gpu_pipeline_task: operator 'PARTITION' (id=5) output batch 0 column count mismatch: got 13, expected 10
[2026-09-08 05:18:06.519] [warning] [gpu_pipeline_task.cpp:77] gpu_pipeline_task: operator 'PARTITION' (id=5) output batch 0 column count mismatch: got 13, expected 10
[2026-09-08 05:18:06.519] [warning] [gpu_pipeline_task.cpp:77] gpu_pipeline_task: operator 'PARTITION' (id=5) output batch 0 column count mismatch: got 13, expected 10
[2026-09-08 05:18:06.519] [warning] [gpu_pipeline_task.cpp:77] gpu_pipeline_task: operator 'PARTITION' (id=5) output batch 0 column count mismatch: got 13, expected 10
[2026-09-08 05:18:06.519] [warning] [gpu_pipeline_task.cpp:77] gpu_pipeline_task: operator 'PARTITION' (id=5) output batch 0 column count mismatch: got 13, expected 10
[2026-09-08 05:18:06.519] [warning] [gpu_pipeline_task.cpp:77] gpu_pipeline_task: operator 'PARTITION' (id=5) output batch 0 column count mismatch: got 13, expected 10
[2026-09-08 05:18:06.519] [warning] [gpu_pipeline_task.cpp:77] gpu_pipeline_task: operator 'PARTITION' (id=5) output batch 0 column count mismatch: got 13, expected 10
[2026-09-08 05:18:06.519] [warning] [gpu_pipeline_task.cpp:77] gpu_pipeline_task: operator 'PARTITION' (id=5) output batch 0 column count mismatch: got 13, expected 10
[2026-09-08 05:18:06.519] [warning] [gpu_pipeline_task.cpp:77] gpu_pipeline_task: operator 'PARTITION' (id=5) output batch 0 column count mismatch: got 13, expected 10
[2026-09-08 05:18:06.519] [warning] [gpu_pipeline_task.cpp:77] gpu_pipeline_task: operator 'PARTITION' (id=5) output batch 0 column count mismatch: got 13, expected 10
[2026-09-08 05:18:06.519] [warning] [gpu_pipeline_task.cpp:77] gpu_pipeline_task: operator 'PARTITION' (id=5) output batch 0 column count mismatch: got 13, expected 10
[2026-09-08 05:18:06.519] [warning] [gpu_pipeline_task.cpp:77] gpu_pipeline_task: operator 'PARTITION' (id=5) output batch 0 column count mismatch: got 13, expected 10
[2026-09-08 05:18:06.519] [warning] [gpu_pipeline_task.cpp:77] gpu_pipeline_task: operator 'PARTITION' (id=5) output batch 0 column count mismatch: got 13, expected 10
[2026-09-08 05:18:06.519] [warning] [gpu_pipeline_task.cpp:77] gpu_pipeline_task: operator 'PARTITION' (id=5) output batch 0 column count mismatch: got 13, expected 10
[2026-09-08 05:18:06.519] [warning] [gpu_pipeline_task.cpp:77] gpu_pipeline_task: operator 'PARTITION' (id=5) output batch 0 column count mismatch: got 13, expected 10
[2026-09-08 05:18:06.519] [warning] [gpu_pipeline_task.cpp:77] gpu_pipeline_task: operator 'PARTITION' (id=5) output batch 0 column count mismatch: got 13, expected 10
[2026-09-08 05:18:06.519] [warning] [gpu_pipeline_task.cpp:77] gpu_pipeline_task: operator 'PARTITION' (id=5) output batch 0 column count mismatch: got 13, expected 10
[2026-09-08 05:18:06.519] [warning] [gpu_pipeline_task.cpp:77] gpu_pipeline_task: operator 'PARTITION' (id=5) output batch 0 column count mismatch: got 13, expected 10
[2026-09-08 05:18:06.519] [warning] [gpu_pipeline_task.cpp:77] gpu_pipeline_task: operator 'PARTITION' (id=5) output batch 0 column count mismatch: got 13, expected 10
[2026-09-08 05:18:06.519] [warning] [gpu_pipeline_task.cpp:77] gpu_pipeline_task: operator 'PARTITION' (id=5) output batch 0 column count mismatch: got 13, expected 10
[2026-09-08 05:18:06.519] [warning] [gpu_pipeline_task.cpp:77] gpu_pipeline_task: operator 'PARTITION' (id=5) output batch 0 column count mismatch: got 13, expected 10
[2026-09-08 05:18:06.519] [warning] [gpu_pipeline_task.cpp:77] gpu_pipeline_task: operator 'PARTITION' (id=5) output batch 0 column count mismatch: got 13, expected 10
[2026-09-08 05:18:06.519] [warning] [gpu_pipeline_task.cpp:77] gpu_pipeline_task: operator 'PARTITION' (id=5) output batch 0 column count mismatch: got 13, expected 10
[2026-09-08 05:18:06.519] [warning] [gpu_pipeline_task.cpp:77] gpu_pipeline_task: operator 'PARTITION' (id=5) output batch 0 column count mismatch: got 13, expected 10
[2026-09-08 05:18:06.519] [warning] [gpu_pipeline_task.cpp:77] gpu_pipeline_task: operator 'PARTITION' (id=5) output batch 0 column count mismatch: got 13, expected 10
[2026-09-08 05:18:06.519] [warning] [gpu_pipeline_task.cpp:77] gpu_pipeline_task: operator 'PARTITION' (id=5) output batch 0 column count mismatch: got 13, expected 10
[2026-09-08 05:18:06.519] [warning] [gpu_pipeline_task.cpp:77] gpu_pipeline_task: operator 'PARTITION' (id=5) output batch 0 column count mismatch: got 13, expected 10
[2026-09-08 05:18:06.519] [warning] [gpu_pipeline_task.cpp:77] gpu_pipeline_task: operator 'PARTITION' (id=5) output batch 0 column count mismatch: got 13, expected 10
[2026-09-08 05:18:06.519] [warning] [gpu_pipeline_task.cpp:77] gpu_pipeline_task: operator 'PARTITION' (id=5) output batch 0 column count mismatch: got 13, expected 10
[2026-09-08 05:18:06.519] [warning] [gpu_pipeline_task.cpp:77] gpu_pipeline_task: operator 'PARTITION' (id=5) output batch 0 column count mismatch: got 13, expected 10
[2026-09-08 05:18:06.519] [warning] [gpu_pipeline_task.cpp:77] gpu_pipeline_task: operator 'PARTITION' (id=5) output batch 0 column count mismatch: got 13, expected 10
[2026-09-08 05:18:06.519] [warning] [gpu_pipeline_task.cpp:77] gpu_pipeline_task: operator 'PARTITION' (id=5) output batch 0 column count mismatch: got 13, expected 10
[2026-09-08 05:18:06.519] [warning] [gpu_pipeline_task.cpp:77] gpu_pipeline_task: operator 'PARTITION' (id=5) output batch 0 column count mismatch: got 13, expected 10
[2026-09-08 05:18:06.519] [warning] [gpu_pipeline_task.cpp:77] gpu_pipeline_task: operator 'PARTITION' (id=5) output batch 0 column count mismatch: got 13, expected 10
[2026-09-08 05:18:06.519] [warning] [gpu_pipeline_task.cpp:77] gpu_pipeline_task: operator 'PARTITION' (id=5) output batch 0 column count mismatch: got 13, expected 10
[2026-09-08 05:18:06.519] [warning] [gpu_pipeline_task.cpp:77] gpu_pipeline_task: operator 'PARTITION' (id=5) output batch 0 column count mismatch: got 13, expected 10
[2026-09-08 05:18:06.519] [warning] [gpu_pipeline_task.cpp:77] gpu_pipeline_task: operator 'PARTITION' (id=5) output batch 0 column count mismatch: got 13, expected 10
[2026-09-08 05:18:06.520] [warning] [gpu_pipeline_task.cpp:77] gpu_pipeline_task: operator 'PARTITION' (id=5) output batch 0 column count mismatch: got 13, expected 10
[2026-09-08 05:18:06.520] [warning] [gpu_pipeline_task.cpp:77] gpu_pipeline_task: operator 'PARTITION' (id=5) output batch 0 column count mismatch: got 13, expected 10
[2026-09-08 05:18:06.520] [warning] [gpu_pipeline_task.cpp:77] gpu_pipeline_task: operator 'PARTITION' (id=5) output batch 0 column count mismatch: got 13, expected 10
[2026-09-08 05:18:06.520] [warning] [gpu_pipeline_task.cpp:77] gpu_pipeline_task: operator 'PARTITION' (id=5) output batch 0 column count mismatch: got 13, expected 10
[2026-09-08 05:18:06.520] [warning] [gpu_pipeline_task.cpp:77] gpu_pipeline_task: operator 'PARTITION' (id=5) output batch 0 column count mismatch: got 13, expected 10
[2026-09-08 05:18:06.520] [warning] [gpu_pipeline_task.cpp:77] gpu_pipeline_task: operator 'PARTITION' (id=5) output batch 0 column count mismatch: got 13, expected 10
[2026-09-08 05:18:06.520] [warning] [gpu_pipeline_task.cpp:77] gpu_pipeline_task: operator 'PARTITION' (id=5) output batch 0 column count mismatch: got 13, expected 10
[2026-09-08 05:18:06.520] [warning] [gpu_pipeline_task.cpp:77] gpu_pipeline_task: operator 'PARTITION' (id=5) output batch 0 column count mismatch: got 13, expected 10
[2026-09-08 05:18:06.520] [warning] [gpu_pipeline_task.cpp:77] gpu_pipeline_task: operator 'PARTITION' (id=5) output batch 0 column count mismatch: got 13, expected 10
[2026-09-08 05:18:06.520] [warning] [gpu_pipeline_task.cpp:77] gpu_pipeline_task: operator 'PARTITION' (id=5) output batch 0 column count mismatch: got 13, expected 10
[2026-09-08 05:18:06.520] [warning] [gpu_pipeline_task.cpp:77] gpu_pipeline_task: operator 'PARTITION' (id=5) output batch 0 column count mismatch: got 13, expected 10
[2026-09-08 05:18:06.520] [warning] [gpu_pipeline_task.cpp:77] gpu_pipeline_task: operator 'PARTITION' (id=5) output batch 0 column count mismatch: got 13, expected 10
[2026-09-08 05:18:06.520] [warning] [gpu_pipeline_task.cpp:77] gpu_pipeline_task: operator 'PARTITION' (id=5) output batch 0 column count mismatch: got 13, expected 10
[2026-09-08 05:18:06.520] [warning] [gpu_pipeline_task.cpp:77] gpu_pipeline_task: operator 'PARTITION' (id=5) output batch 0 column count mismatch: got 13, expected 10
[2026-09-08 05:18:06.520] [warning] [gpu_pipeline_task.cpp:77] gpu_pipeline_task: operator 'PARTITION' (id=5) output batch 0 column count mismatch: got 13, expected 10
[2026-09-08 05:18:06.520] [warning] [gpu_pipeline_task.cpp:77] gpu_pipeline_task: operator 'PARTITION' (id=5) output batch 0 column count mismatch: got 13, expected 10
[2026-09-08 05:18:06.520] [warning] [gpu_pipeline_task.cpp:77] gpu_pipeline_task: operator 'PARTITION' (id=5) output batch 0 column count mismatch: got 13, expected 10
[2026-09-08 05:18:06.520] [warning] [gpu_pipeline_task.cpp:77] gpu_pipeline_task: operator 'PARTITION' (id=5) output batch 0 column count mismatch: got 13, expected 10
[2026-09-08 05:18:06.520] [warning] [gpu_pipeline_task.cpp:77] gpu_pipeline_task: operator 'PARTITION' (id=5) output batch 0 column count mismatch: got 13, expected 10
[2026-09-08 05:18:06.520] [warning] [gpu_pipeline_task.cpp:77] gpu_pipeline_task: operator 'PARTITION' (id=5) output batch 0 column count mismatch: got 13, expected 10
[2026-09-08 05:18:06.520] [warning] [gpu_pipeline_task.cpp:77] gpu_pipeline_task: operator 'PARTITION' (id=5) output batch 0 column count mismatch: got 13, expected 10
[2026-09-08 05:18:06.520] [warning] [gpu_pipeline_task.cpp:77] gpu_pipeline_task: operator 'PARTITION' (id=5) output batch 0 column count mismatch: got 13, expected 10
[2026-09-08 05:18:06.520] [warning] [gpu_pipeline_task.cpp:77] gpu_pipeline_task: operator 'PARTITION' (id=5) output batch 0 column count mismatch: got 13, expected 10
[2026-09-08 05:18:06.520] [warning] [gpu_pipeline_task.cpp:77] gpu_pipeline_task: operator 'PARTITION' (id=5) output batch 0 column count mismatch: got 13, expected 10
[2026-09-08 05:18:06.520] [warning] [gpu_pipeline_task.cpp:77] gpu_pipeline_task: operator 'PARTITION' (id=5) output batch 0 column count mismatch: got 13, expected 10
[2026-09-08 05:18:06.520] [warning] [gpu_pipeline_task.cpp:77] gpu_pipeline_task: operator 'PARTITION' (id=5) output batch 0 column count mismatch: got 13, expected 10
[2026-09-08 05:18:06.520] [warning] [gpu_pipeline_task.cpp:77] gpu_pipeline_task: operator 'PARTITION' (id=5) output batch 0 column count mismatch: got 13, expected 10
[2026-09-08 05:18:06.520] [warning] [gpu_pipeline_task.cpp:77] gpu_pipeline_task: operator 'PARTITION' (id=5) output batch 0 column count mismatch: got 13, expected 10
[2026-09-08 05:18:06.520] [warning] [gpu_pipeline_task.cpp:77] gpu_pipeline_task: operator 'PARTITION' (id=5) output batch 0 column count mismatch: got 13, expected 10
[2026-09-08 05:18:06.520] [warning] [gpu_pipeline_task.cpp:77] gpu_pipeline_task: operator 'PARTITION' (id=5) output batch 0 column count mismatch: got 13, expected 10
[2026-09-08 05:18:06.520] [warning] [gpu_pipeline_task.cpp:77] gpu_pipeline_task: operator 'PARTITION' (id=5) output batch 0 column count mismatch: got 13, expected 10
[2026-09-08 05:18:06.520] [warning] [gpu_pipeline_task.cpp:77] gpu_pipeline_task: operator 'PARTITION' (id=5) output batch 0 column count mismatch: got 13, expected 10
[2026-09-08 05:18:06.520] [warning] [gpu_pipeline_task.cpp:77] gpu_pipeline_task: operator 'PARTITION' (id=5) output batch 0 column count mismatch: got 13, expected 10
[2026-09-08 05:18:06.520] [warning] [gpu_pipeline_task.cpp:77] gpu_pipeline_task: operator 'PARTITION' (id=5) output batch 0 column count mismatch: got 13, expected 10
[2026-09-08 05:18:06.540] [info] [gpu_pipeline_executor.cpp:129] GPU Pipeline Executor: task queue interrupted, stopping manager loop
[2026-09-08 05:18:06.540] [info] [sirius_context.cpp:405] QueryEnd
[2026-09-08 05:18:06.540] [info] [memory_prefetcher.cpp:72] [memory_prefetcher] stopping: prefetched 36 batches / 8736587750 bytes (stops: headroom=0 reservation=0, skips: lock=0 draining=6, errors=0)
[2026-09-08 05:18:06.540] [info] [sirius_context.cpp:256] [host_pool] HOST:0 QueryEnd instance=0xfef5f1960360 connection=1 window=2 query=7 allocated=55901683712 bytes peak=55968792576 bytes free_blocks=2303
[2026-09-08 05:18:06.540] [info] [sirius_context.cpp:271] [gpu_pool] GPU:0 QueryEnd instance=0xfef5f1960360 connection=1 window=2 query=7 allocated=0 bytes peak=123060638503 bytes reserved=0 bytes
[2026-09-08 05:18:06.540] [info] [sirius_context.cpp:521] [window] end instance=0xfef5f1960360 connection=1 window=2 query=7 outcome=ok
[2026-09-08 05:18:06.540] [info] [physical_sirius_execution.cpp:327] Transparent GPU execution: query completed
[2026-09-08 05:18:06.542] [info] [sirius_context.cpp:329] QueryBegin: instance=0xfef5f1960360 connection=1 query=8 SQL: CALL sirius_set_query_label('q1_iter1')
[2026-09-08 05:18:06.542] [info] [sirius_context.cpp:329] QueryBegin: instance=0xfef5f1960360 connection=1 query=9 SQL: SET gpu_execution = true;
[2026-09-08 05:18:06.543] [info] [sirius_context.cpp:329] QueryBegin: instance=0xfef5f1960360 connection=1 query=10 SQL: select l_returnflag, l_linestatus, sum(l_quantity) as sum_qty, sum(l_extendedprice) as sum_base_price, sum(l_extendedprice * (1 - l_discount)) as sum_disc_price, sum(l_extendedprice * (1 - l_discount) * (1 + l_tax)) as sum_charge, avg(l_quantity) as avg_qty, avg(l_extendedprice) as avg_price, avg(l_discount) as avg_disc, count(*) as count_order from lineitem where l_shipdate <= date '1995-08-19' group by l_returnflag, l_linestatus order by l_returnflag, l_linestatus
[2026-09-08 05:18:06.550] [info] [sirius_context.cpp:1467] Transparent execution: Sirius physical plan generated successfully
[2026-09-08 05:18:06.550] [info] [sirius_context.cpp:1495] Transparent execution: physical plan replaced with GPU operator
[2026-09-08 05:18:06.550] [info] [physical_sirius_execution.cpp:157] Transparent GPU execution: executing query
[2026-09-08 05:18:06.550] [info] [sirius_context.cpp:521] [window] begin instance=0xfef5f1960360 connection=1 window=3 query=10 outcome=-
[2026-09-08 05:18:06.550] [info] [sirius_context.cpp:256] [host_pool] HOST:0 QueryBegin instance=0xfef5f1960360 connection=1 window=3 query=10 allocated=55901683712 bytes peak=55968792576 bytes free_blocks=2303
[2026-09-08 05:18:06.550] [info] [sirius_context.cpp:271] [gpu_pool] GPU:0 QueryBegin instance=0xfef5f1960360 connection=1 window=3 query=10 allocated=0 bytes peak=123060638503 bytes reserved=0 bytes
[2026-09-08 05:18:06.550] [info] [sirius_context.cpp:389] QueryBegin: transparent_execution
[2026-09-08 05:18:06.553] [info] [sirius_engine.cpp:265] [gpu_alloc] query allocated 1 GPU(s): [0]
[2026-09-08 05:18:06.553] [info] [sirius_engine.cpp:318] Query Plan:
=== Pipeline Overview ===
Pipeline #0: GPU_SCAN (id=0) -> PROJECTION (id=1) -> PROJECTION (id=2) -> PROJECTION (id=3) -> HASH_GROUP_BY (id=4)
  Output: -> PARTITION [port: default, barrier: FULL]
Pipeline #1: PARTITION (id=5)
  Input: <- Pipeline #0 [on: PARTITION (id=5), port: default, barrier: FULL]
  Dependencies: Pipeline #0
  Output: -> MERGE_GROUP_BY [port: default, barrier: FULL]
Pipeline #2: MERGE_GROUP_BY (id=6) -> ORDER_BY (id=7)
  Input: <- Pipeline #1 [on: MERGE_GROUP_BY (id=6), port: default, barrier: FULL]
  Dependencies: Pipeline #1
  Output: -> SORT_SAMPLE [port: default, barrier: PIPELINE]
Pipeline #3: SORT_SAMPLE (id=8) -> SORT_PARTITION (id=9)
  Input: <- Pipeline #2 [on: SORT_SAMPLE (id=8), port: default, barrier: PIPELINE]
  Dependencies: Pipeline #2
  Output: -> MERGE_SORT [port: default, barrier: FULL]
Pipeline #4: MERGE_SORT (id=10)
  Input: <- Pipeline #3 [on: MERGE_SORT (id=10), port: default, barrier: FULL]
  Dependencies: Pipeline #3
  Output: -> RESULT_COLLECTOR [port: default, barrier: FULL]
Pipeline #5: RESULT_COLLECTOR (id=11)
  Input: <- Pipeline #4 [on: RESULT_COLLECTOR (id=11), port: default, barrier: FULL]
  Dependencies: Pipeline #4

=== Query Plan DAG ===
┌──────────────────────────┐
│ Pipeline #5              │
│ RESULT_COLLECTOR (id=11) │
│ Input(#4): FULL          │
└────────────┬─────────────┘
             │              
┌──────────────────────────┐
│ Pipeline #4              │
│ MERGE_SORT (id=10)       │
│ Input(#3): FULL          │
└────────────┬─────────────┘
             │              
┌──────────────────────────┐
│ Pipeline #3              │
│ SORT_PARTITION (id=9)    │
│ SORT_SAMPLE (id=8)       │
│ Input(#2): PIPELINE      │
└────────────┬─────────────┘
             │              
┌──────────────────────────┐
│ Pipeline #2              │
│ ORDER_BY (id=7)          │
│ MERGE_GROUP_BY (id=6)    │
│ Input(#1): FULL          │
└────────────┬─────────────┘
             │              
┌──────────────────────────┐
│ Pipeline #1              │
│ PARTITION (id=5)         │
│ Input(#0): FULL          │
└────────────┬─────────────┘
             │              
┌──────────────────────────┐
│ Pipeline #0              │
│ HASH_GROUP_BY (id=4)     │
│ PROJECTION (id=3)        │
│ PROJECTION (id=2)        │
│ PROJECTION (id=1)        │
│ GPU_SCAN (id=0)          │
└──────────────────────────┘

[2026-09-08 05:18:06.553] [info] [sirius_engine.cpp:186] query 3 telemetry_query=01a080f4425972e1a091a062dbaba2cc
[2026-09-08 05:18:06.553] [info] [sirius_scan_manager.cpp:2882] [sirius_scan_manager] zone-map pruning for pinned entry 'lineitem' (HOST tier): 61/144 chunks pruned, serving 83
[2026-09-08 05:18:06.553] [info] [sirius_scan_manager.cpp:2999] [sirius_scan_manager] assigned pinned entry 'lineitem' to operator '0'
[2026-09-08 05:18:06.553] [info] [sirius_scan_manager.cpp:823] [late-mat] operator 0: not deferring — the pinned entry is not device-resident
[2026-09-08 05:18:06.553] [info] [memory_prefetcher.cpp:59] [memory_prefetcher] started: 3 threads, 1 connectors, min_free_fraction=0.40
[2026-09-08 05:18:06.607] [warning] [gpu_pipeline_task.cpp:77] gpu_pipeline_task: operator 'HASH_GROUP_BY' (id=4) output batch 0 column count mismatch: got 13, expected 10
[2026-09-08 05:18:06.607] [warning] [gpu_pipeline_task.cpp:77] gpu_pipeline_task: operator 'HASH_GROUP_BY' (id=4) output batch 0 column count mismatch: got 13, expected 10
[2026-09-08 05:18:06.618] [warning] [gpu_pipeline_task.cpp:77] gpu_pipeline_task: operator 'HASH_GROUP_BY' (id=4) output batch 0 column count mismatch: got 13, expected 10
[2026-09-08 05:18:06.632] [warning] [gpu_pipeline_task.cpp:77] gpu_pipeline_task: operator 'HASH_GROUP_BY' (id=4) output batch 0 column count mismatch: got 13, expected 10
[2026-09-08 05:18:06.636] [warning] [gpu_pipeline_task.cpp:77] gpu_pipeline_task: operator 'HASH_GROUP_BY' (id=4) output batch 0 column count mismatch: got 13, expected 10
[2026-09-08 05:18:06.636] [warning] [gpu_pipeline_task.cpp:77] gpu_pipeline_task: operator 'HASH_GROUP_BY' (id=4) output batch 0 column count mismatch: got 13, expected 10
[2026-09-08 05:18:06.637] [warning] [gpu_pipeline_task.cpp:77] gpu_pipeline_task: operator 'HASH_GROUP_BY' (id=4) output batch 0 column count mismatch: got 13, expected 10
[2026-09-08 05:18:06.644] [warning] [gpu_pipeline_task.cpp:77] gpu_pipeline_task: operator 'HASH_GROUP_BY' (id=4) output batch 0 column count mismatch: got 13, expected 10
[2026-09-08 05:18:06.644] [warning] [gpu_pipeline_task.cpp:77] gpu_pipeline_task: operator 'HASH_GROUP_BY' (id=4) output batch 0 column count mismatch: got 13, expected 10
[2026-09-08 05:18:06.671] [warning] [gpu_pipeline_task.cpp:77] gpu_pipeline_task: operator 'HASH_GROUP_BY' (id=4) output batch 0 column count mismatch: got 13, expected 10
[2026-09-08 05:18:06.672] [warning] [gpu_pipeline_task.cpp:77] gpu_pipeline_task: operator 'HASH_GROUP_BY' (id=4) output batch 0 column count mismatch: got 13, expected 10
[2026-09-08 05:18:06.687] [warning] [gpu_pipeline_task.cpp:77] gpu_pipeline_task: operator 'HASH_GROUP_BY' (id=4) output batch 0 column count mismatch: got 13, expected 10
[2026-09-08 05:18:06.692] [warning] [gpu_pipeline_task.cpp:77] gpu_pipeline_task: operator 'HASH_GROUP_BY' (id=4) output batch 0 column count mismatch: got 13, expected 10
[2026-09-08 05:18:06.697] [warning] [gpu_pipeline_task.cpp:77] gpu_pipeline_task: operator 'HASH_GROUP_BY' (id=4) output batch 0 column count mismatch: got 13, expected 10
[2026-09-08 05:18:06.703] [warning] [gpu_pipeline_task.cpp:77] gpu_pipeline_task: operator 'HASH_GROUP_BY' (id=4) output batch 0 column count mismatch: got 13, expected 10
[2026-09-08 05:18:06.717] [warning] [gpu_pipeline_task.cpp:77] gpu_pipeline_task: operator 'HASH_GROUP_BY' (id=4) output batch 0 column count mismatch: got 13, expected 10
[2026-09-08 05:18:06.717] [warning] [gpu_pipeline_task.cpp:77] gpu_pipeline_task: operator 'HASH_GROUP_BY' (id=4) output batch 0 column count mismatch: got 13, expected 10
[2026-09-08 05:18:06.725] [warning] [gpu_pipeline_task.cpp:77] gpu_pipeline_task: operator 'HASH_GROUP_BY' (id=4) output batch 0 column count mismatch: got 13, expected 10
[2026-09-08 05:18:06.730] [warning] [gpu_pipeline_task.cpp:77] gpu_pipeline_task: operator 'HASH_GROUP_BY' (id=4) output batch 0 column count mismatch: got 13, expected 10
[2026-09-08 05:18:06.743] [warning] [gpu_pipeline_task.cpp:77] gpu_pipeline_task: operator 'HASH_GROUP_BY' (id=4) output batch 0 column count mismatch: got 13, expected 10
[2026-09-08 05:18:06.752] [warning] [gpu_pipeline_task.cpp:77] gpu_pipeline_task: operator 'HASH_GROUP_BY' (id=4) output batch 0 column count mismatch: got 13, expected 10
[2026-09-08 05:18:06.752] [warning] [gpu_pipeline_task.cpp:77] gpu_pipeline_task: operator 'HASH_GROUP_BY' (id=4) output batch 0 column count mismatch: got 13, expected 10
[2026-09-08 05:18:06.769] [warning] [gpu_pipeline_task.cpp:77] gpu_pipeline_task: operator 'HASH_GROUP_BY' (id=4) output batch 0 column count mismatch: got 13, expected 10
[2026-09-08 05:18:06.781] [warning] [gpu_pipeline_task.cpp:77] gpu_pipeline_task: operator 'HASH_GROUP_BY' (id=4) output batch 0 column count mismatch: got 13, expected 10
[2026-09-08 05:18:06.786] [warning] [gpu_pipeline_task.cpp:77] gpu_pipeline_task: operator 'HASH_GROUP_BY' (id=4) output batch 0 column count mismatch: got 13, expected 10
[2026-09-08 05:18:06.798] [warning] [gpu_pipeline_task.cpp:77] gpu_pipeline_task: operator 'HASH_GROUP_BY' (id=4) output batch 0 column count mismatch: got 13, expected 10
[2026-09-08 05:18:06.807] [warning] [gpu_pipeline_task.cpp:77] gpu_pipeline_task: operator 'HASH_GROUP_BY' (id=4) output batch 0 column count mismatch: got 13, expected 10
[2026-09-08 05:18:06.808] [warning] [gpu_pipeline_task.cpp:77] gpu_pipeline_task: operator 'HASH_GROUP_BY' (id=4) output batch 0 column count mismatch: got 13, expected 10
[2026-09-08 05:18:06.811] [warning] [gpu_pipeline_task.cpp:77] gpu_pipeline_task: operator 'HASH_GROUP_BY' (id=4) output batch 0 column count mismatch: got 13, expected 10
[2026-09-08 05:18:06.811] [warning] [gpu_pipeline_task.cpp:77] gpu_pipeline_task: operator 'HASH_GROUP_BY' (id=4) output batch 0 column count mismatch: got 13, expected 10
[2026-09-08 05:18:06.840] [warning] [gpu_pipeline_task.cpp:77] gpu_pipeline_task: operator 'HASH_GROUP_BY' (id=4) output batch 0 column count mismatch: got 13, expected 10
[2026-09-08 05:18:06.840] [warning] [gpu_pipeline_task.cpp:77] gpu_pipeline_task: operator 'HASH_GROUP_BY' (id=4) output batch 0 column count mismatch: got 13, expected 10
[2026-09-08 05:18:06.840] [warning] [gpu_pipeline_task.cpp:77] gpu_pipeline_task: operator 'HASH_GROUP_BY' (id=4) output batch 0 column count mismatch: got 13, expected 10
[2026-09-08 05:18:06.847] [warning] [gpu_pipeline_task.cpp:77] gpu_pipeline_task: operator 'HASH_GROUP_BY' (id=4) output batch 0 column count mismatch: got 13, expected 10
[2026-09-08 05:18:06.847] [warning] [gpu_pipeline_task.cpp:77] gpu_pipeline_task: operator 'HASH_GROUP_BY' (id=4) output batch 0 column count mismatch: got 13, expected 10
[2026-09-08 05:18:06.861] [warning] [gpu_pipeline_task.cpp:77] gpu_pipeline_task: operator 'HASH_GROUP_BY' (id=4) output batch 0 column count mismatch: got 13, expected 10
[2026-09-08 05:18:06.868] [warning] [gpu_pipeline_task.cpp:77] gpu_pipeline_task: operator 'HASH_GROUP_BY' (id=4) output batch 0 column count mismatch: got 13, expected 10
[2026-09-08 05:18:06.877] [warning] [gpu_pipeline_task.cpp:77] gpu_pipeline_task: operator 'HASH_GROUP_BY' (id=4) output batch 0 column count mismatch: got 13, expected 10
[2026-09-08 05:18:06.886] [warning] [gpu_pipeline_task.cpp:77] gpu_pipeline_task: operator 'HASH_GROUP_BY' (id=4) output batch 0 column count mismatch: got 13, expected 10
[2026-09-08 05:18:06.893] [warning] [gpu_pipeline_task.cpp:77] gpu_pipeline_task: operator 'HASH_GROUP_BY' (id=4) output batch 0 column count mismatch: got 13, expected 10
[2026-09-08 05:18:06.901] [warning] [gpu_pipeline_task.cpp:77] gpu_pipeline_task: operator 'HASH_GROUP_BY' (id=4) output batch 0 column count mismatch: got 13, expected 10
[2026-09-08 05:18:06.908] [warning] [gpu_pipeline_task.cpp:77] gpu_pipeline_task: operator 'HASH_GROUP_BY' (id=4) output batch 0 column count mismatch: got 13, expected 10
[2026-09-08 05:18:06.917] [warning] [gpu_pipeline_task.cpp:77] gpu_pipeline_task: operator 'HASH_GROUP_BY' (id=4) output batch 0 column count mismatch: got 13, expected 10
[2026-09-08 05:18:06.923] [warning] [gpu_pipeline_task.cpp:77] gpu_pipeline_task: operator 'HASH_GROUP_BY' (id=4) output batch 0 column count mismatch: got 13, expected 10
[2026-09-08 05:18:06.932] [warning] [gpu_pipeline_task.cpp:77] gpu_pipeline_task: operator 'HASH_GROUP_BY' (id=4) output batch 0 column count mismatch: got 13, expected 10
[2026-09-08 05:18:06.936] [warning] [gpu_pipeline_task.cpp:77] gpu_pipeline_task: operator 'HASH_GROUP_BY' (id=4) output batch 0 column count mismatch: got 13, expected 10
[2026-09-08 05:18:06.947] [warning] [gpu_pipeline_task.cpp:77] gpu_pipeline_task: operator 'HASH_GROUP_BY' (id=4) output batch 0 column count mismatch: got 13, expected 10
[2026-09-08 05:18:06.959] [warning] [gpu_pipeline_task.cpp:77] gpu_pipeline_task: operator 'HASH_GROUP_BY' (id=4) output batch 0 column count mismatch: got 13, expected 10
[2026-09-08 05:18:06.960] [warning] [gpu_pipeline_task.cpp:77] gpu_pipeline_task: operator 'HASH_GROUP_BY' (id=4) output batch 0 column count mismatch: got 13, expected 10
[2026-09-08 05:18:06.963] [warning] [gpu_pipeline_task.cpp:77] gpu_pipeline_task: operator 'HASH_GROUP_BY' (id=4) output batch 0 column count mismatch: got 13, expected 10
[2026-09-08 05:18:06.963] [warning] [gpu_pipeline_task.cpp:77] gpu_pipeline_task: operator 'HASH_GROUP_BY' (id=4) output batch 0 column count mismatch: got 13, expected 10
[2026-09-08 05:18:06.963] [warning] [gpu_pipeline_task.cpp:77] gpu_pipeline_task: operator 'HASH_GROUP_BY' (id=4) output batch 0 column count mismatch: got 13, expected 10
[2026-09-08 05:18:06.992] [warning] [gpu_pipeline_task.cpp:77] gpu_pipeline_task: operator 'HASH_GROUP_BY' (id=4) output batch 0 column count mismatch: got 13, expected 10
[2026-09-08 05:18:06.992] [warning] [gpu_pipeline_task.cpp:77] gpu_pipeline_task: operator 'HASH_GROUP_BY' (id=4) output batch 0 column count mismatch: got 13, expected 10
[2026-09-08 05:18:06.992] [warning] [gpu_pipeline_task.cpp:77] gpu_pipeline_task: operator 'HASH_GROUP_BY' (id=4) output batch 0 column count mismatch: got 13, expected 10
[2026-09-08 05:18:07.006] [warning] [gpu_pipeline_task.cpp:77] gpu_pipeline_task: operator 'HASH_GROUP_BY' (id=4) output batch 0 column count mismatch: got 13, expected 10
[2026-09-08 05:18:07.011] [warning] [gpu_pipeline_task.cpp:77] gpu_pipeline_task: operator 'HASH_GROUP_BY' (id=4) output batch 0 column count mismatch: got 13, expected 10
[2026-09-08 05:18:07.017] [warning] [gpu_pipeline_task.cpp:77] gpu_pipeline_task: operator 'HASH_GROUP_BY' (id=4) output batch 0 column count mismatch: got 13, expected 10
[2026-09-08 05:18:07.022] [warning] [gpu_pipeline_task.cpp:77] gpu_pipeline_task: operator 'HASH_GROUP_BY' (id=4) output batch 0 column count mismatch: got 13, expected 10
[2026-09-08 05:18:07.031] [warning] [gpu_pipeline_task.cpp:77] gpu_pipeline_task: operator 'HASH_GROUP_BY' (id=4) output batch 0 column count mismatch: got 13, expected 10
[2026-09-08 05:18:07.037] [warning] [gpu_pipeline_task.cpp:77] gpu_pipeline_task: operator 'HASH_GROUP_BY' (id=4) output batch 0 column count mismatch: got 13, expected 10
[2026-09-08 05:18:07.039] [warning] [gpu_pipeline_task.cpp:77] gpu_pipeline_task: operator 'HASH_GROUP_BY' (id=4) output batch 0 column count mismatch: got 13, expected 10
[2026-09-08 05:18:07.044] [warning] [gpu_pipeline_task.cpp:77] gpu_pipeline_task: operator 'HASH_GROUP_BY' (id=4) output batch 0 column count mismatch: got 13, expected 10
[2026-09-08 05:18:07.047] [warning] [gpu_pipeline_task.cpp:77] gpu_pipeline_task: operator 'HASH_GROUP_BY' (id=4) output batch 0 column count mismatch: got 13, expected 10
[2026-09-08 05:18:07.052] [warning] [gpu_pipeline_task.cpp:77] gpu_pipeline_task: operator 'HASH_GROUP_BY' (id=4) output batch 0 column count mismatch: got 13, expected 10
[2026-09-08 05:18:07.057] [warning] [gpu_pipeline_task.cpp:77] gpu_pipeline_task: operator 'HASH_GROUP_BY' (id=4) output batch 0 column count mismatch: got 13, expected 10
[2026-09-08 05:18:07.075] [warning] [gpu_pipeline_task.cpp:77] gpu_pipeline_task: operator 'HASH_GROUP_BY' (id=4) output batch 0 column count mismatch: got 13, expected 10
[2026-09-08 05:18:07.078] [warning] [gpu_pipeline_task.cpp:77] gpu_pipeline_task: operator 'HASH_GROUP_BY' (id=4) output batch 0 column count mismatch: got 13, expected 10
[2026-09-08 05:18:07.086] [warning] [gpu_pipeline_task.cpp:77] gpu_pipeline_task: operator 'HASH_GROUP_BY' (id=4) output batch 0 column count mismatch: got 13, expected 10
[2026-09-08 05:18:07.086] [warning] [gpu_pipeline_task.cpp:77] gpu_pipeline_task: operator 'HASH_GROUP_BY' (id=4) output batch 0 column count mismatch: got 13, expected 10
[2026-09-08 05:18:07.086] [warning] [gpu_pipeline_task.cpp:77] gpu_pipeline_task: operator 'HASH_GROUP_BY' (id=4) output batch 0 column count mismatch: got 13, expected 10
[2026-09-08 05:18:07.091] [warning] [gpu_pipeline_task.cpp:77] gpu_pipeline_task: operator 'HASH_GROUP_BY' (id=4) output batch 0 column count mismatch: got 13, expected 10
[2026-09-08 05:18:07.093] [warning] [gpu_pipeline_task.cpp:77] gpu_pipeline_task: operator 'HASH_GROUP_BY' (id=4) output batch 0 column count mismatch: got 13, expected 10
[2026-09-08 05:18:07.120] [warning] [gpu_pipeline_task.cpp:77] gpu_pipeline_task: operator 'HASH_GROUP_BY' (id=4) output batch 0 column count mismatch: got 13, expected 10
[2026-09-08 05:18:07.121] [warning] [gpu_pipeline_task.cpp:77] gpu_pipeline_task: operator 'HASH_GROUP_BY' (id=4) output batch 0 column count mismatch: got 13, expected 10
[2026-09-08 05:18:07.128] [warning] [gpu_pipeline_task.cpp:77] gpu_pipeline_task: operator 'HASH_GROUP_BY' (id=4) output batch 0 column count mismatch: got 13, expected 10
[2026-09-08 05:18:07.131] [warning] [gpu_pipeline_task.cpp:77] gpu_pipeline_task: operator 'HASH_GROUP_BY' (id=4) output batch 0 column count mismatch: got 13, expected 10
[2026-09-08 05:18:07.139] [warning] [gpu_pipeline_task.cpp:77] gpu_pipeline_task: operator 'HASH_GROUP_BY' (id=4) output batch 0 column count mismatch: got 13, expected 10
[2026-09-08 05:18:07.144] [warning] [gpu_pipeline_task.cpp:77] gpu_pipeline_task: operator 'HASH_GROUP_BY' (id=4) output batch 0 column count mismatch: got 13, expected 10
[2026-09-08 05:18:07.145] [warning] [gpu_pipeline_task.cpp:77] gpu_pipeline_task: operator 'HASH_GROUP_BY' (id=4) output batch 0 column count mismatch: got 13, expected 10
[2026-09-08 05:18:07.151] [warning] [gpu_pipeline_task.cpp:77] gpu_pipeline_task: operator 'HASH_GROUP_BY' (id=4) output batch 0 column count mismatch: got 13, expected 10
[2026-09-08 05:18:07.152] [warning] [gpu_pipeline_task.cpp:77] gpu_pipeline_task: operator 'HASH_GROUP_BY' (id=4) output batch 0 column count mismatch: got 13, expected 10
[2026-09-08 05:18:07.154] [warning] [gpu_pipeline_task.cpp:77] gpu_pipeline_task: operator 'HASH_GROUP_BY' (id=4) output batch 0 column count mismatch: got 13, expected 10
[2026-09-08 05:18:07.154] [warning] [gpu_pipeline_task.cpp:77] gpu_pipeline_task: operator 'PARTITION' (id=5) output batch 0 column count mismatch: got 13, expected 10
[2026-09-08 05:18:07.154] [warning] [gpu_pipeline_task.cpp:77] gpu_pipeline_task: operator 'PARTITION' (id=5) output batch 0 column count mismatch: got 13, expected 10
[2026-09-08 05:18:07.154] [warning] [gpu_pipeline_task.cpp:77] gpu_pipeline_task: operator 'PARTITION' (id=5) output batch 0 column count mismatch: got 13, expected 10
[2026-09-08 05:18:07.154] [warning] [gpu_pipeline_task.cpp:77] gpu_pipeline_task: operator 'PARTITION' (id=5) output batch 0 column count mismatch: got 13, expected 10
[2026-09-08 05:18:07.154] [warning] [gpu_pipeline_task.cpp:77] gpu_pipeline_task: operator 'PARTITION' (id=5) output batch 0 column count mismatch: got 13, expected 10
[2026-09-08 05:18:07.154] [warning] [gpu_pipeline_task.cpp:77] gpu_pipeline_task: operator 'PARTITION' (id=5) output batch 0 column count mismatch: got 13, expected 10
[2026-09-08 05:18:07.154] [warning] [gpu_pipeline_task.cpp:77] gpu_pipeline_task: operator 'PARTITION' (id=5) output batch 0 column count mismatch: got 13, expected 10
[2026-09-08 05:18:07.154] [warning] [gpu_pipeline_task.cpp:77] gpu_pipeline_task: operator 'PARTITION' (id=5) output batch 0 column count mismatch: got 13, expected 10
[2026-09-08 05:18:07.154] [warning] [gpu_pipeline_task.cpp:77] gpu_pipeline_task: operator 'PARTITION' (id=5) output batch 0 column count mismatch: got 13, expected 10
[2026-09-08 05:18:07.154] [warning] [gpu_pipeline_task.cpp:77] gpu_pipeline_task: operator 'PARTITION' (id=5) output batch 0 column count mismatch: got 13, expected 10
[2026-09-08 05:18:07.154] [warning] [gpu_pipeline_task.cpp:77] gpu_pipeline_task: operator 'PARTITION' (id=5) output batch 0 column count mismatch: got 13, expected 10
[2026-09-08 05:18:07.154] [warning] [gpu_pipeline_task.cpp:77] gpu_pipeline_task: operator 'PARTITION' (id=5) output batch 0 column count mismatch: got 13, expected 10
[2026-09-08 05:18:07.154] [warning] [gpu_pipeline_task.cpp:77] gpu_pipeline_task: operator 'PARTITION' (id=5) output batch 0 column count mismatch: got 13, expected 10
[2026-09-08 05:18:07.154] [warning] [gpu_pipeline_task.cpp:77] gpu_pipeline_task: operator 'PARTITION' (id=5) output batch 0 column count mismatch: got 13, expected 10
[2026-09-08 05:18:07.154] [warning] [gpu_pipeline_task.cpp:77] gpu_pipeline_task: operator 'PARTITION' (id=5) output batch 0 column count mismatch: got 13, expected 10
[2026-09-08 05:18:07.154] [warning] [gpu_pipeline_task.cpp:77] gpu_pipeline_task: operator 'PARTITION' (id=5) output batch 0 column count mismatch: got 13, expected 10
[2026-09-08 05:18:07.154] [warning] [gpu_pipeline_task.cpp:77] gpu_pipeline_task: operator 'PARTITION' (id=5) output batch 0 column count mismatch: got 13, expected 10
[2026-09-08 05:18:07.154] [warning] [gpu_pipeline_task.cpp:77] gpu_pipeline_task: operator 'PARTITION' (id=5) output batch 0 column count mismatch: got 13, expected 10
[2026-09-08 05:18:07.154] [warning] [gpu_pipeline_task.cpp:77] gpu_pipeline_task: operator 'PARTITION' (id=5) output batch 0 column count mismatch: got 13, expected 10
[2026-09-08 05:18:07.154] [warning] [gpu_pipeline_task.cpp:77] gpu_pipeline_task: operator 'PARTITION' (id=5) output batch 0 column count mismatch: got 13, expected 10
[2026-09-08 05:18:07.154] [warning] [gpu_pipeline_task.cpp:77] gpu_pipeline_task: operator 'PARTITION' (id=5) output batch 0 column count mismatch: got 13, expected 10
[2026-09-08 05:18:07.154] [warning] [gpu_pipeline_task.cpp:77] gpu_pipeline_task: operator 'PARTITION' (id=5) output batch 0 column count mismatch: got 13, expected 10
[2026-09-08 05:18:07.155] [warning] [gpu_pipeline_task.cpp:77] gpu_pipeline_task: operator 'PARTITION' (id=5) output batch 0 column count mismatch: got 13, expected 10
[2026-09-08 05:18:07.155] [warning] [gpu_pipeline_task.cpp:77] gpu_pipeline_task: operator 'PARTITION' (id=5) output batch 0 column count mismatch: got 13, expected 10
[2026-09-08 05:18:07.155] [warning] [gpu_pipeline_task.cpp:77] gpu_pipeline_task: operator 'PARTITION' (id=5) output batch 0 column count mismatch: got 13, expected 10
[2026-09-08 05:18:07.155] [warning] [gpu_pipeline_task.cpp:77] gpu_pipeline_task: operator 'PARTITION' (id=5) output batch 0 column count mismatch: got 13, expected 10
[2026-09-08 05:18:07.155] [warning] [gpu_pipeline_task.cpp:77] gpu_pipeline_task: operator 'PARTITION' (id=5) output batch 0 column count mismatch: got 13, expected 10
[2026-09-08 05:18:07.155] [warning] [gpu_pipeline_task.cpp:77] gpu_pipeline_task: operator 'PARTITION' (id=5) output batch 0 column count mismatch: got 13, expected 10
[2026-09-08 05:18:07.155] [warning] [gpu_pipeline_task.cpp:77] gpu_pipeline_task: operator 'PARTITION' (id=5) output batch 0 column count mismatch: got 13, expected 10
[2026-09-08 05:18:07.155] [warning] [gpu_pipeline_task.cpp:77] gpu_pipeline_task: operator 'PARTITION' (id=5) output batch 0 column count mismatch: got 13, expected 10
[2026-09-08 05:18:07.155] [warning] [gpu_pipeline_task.cpp:77] gpu_pipeline_task: operator 'PARTITION' (id=5) output batch 0 column count mismatch: got 13, expected 10
[2026-09-08 05:18:07.155] [warning] [gpu_pipeline_task.cpp:77] gpu_pipeline_task: operator 'PARTITION' (id=5) output batch 0 column count mismatch: got 13, expected 10
[2026-09-08 05:18:07.155] [warning] [gpu_pipeline_task.cpp:77] gpu_pipeline_task: operator 'PARTITION' (id=5) output batch 0 column count mismatch: got 13, expected 10
[2026-09-08 05:18:07.155] [warning] [gpu_pipeline_task.cpp:77] gpu_pipeline_task: operator 'PARTITION' (id=5) output batch 0 column count mismatch: got 13, expected 10
[2026-09-08 05:18:07.155] [warning] [gpu_pipeline_task.cpp:77] gpu_pipeline_task: operator 'PARTITION' (id=5) output batch 0 column count mismatch: got 13, expected 10
[2026-09-08 05:18:07.155] [warning] [gpu_pipeline_task.cpp:77] gpu_pipeline_task: operator 'PARTITION' (id=5) output batch 0 column count mismatch: got 13, expected 10
[2026-09-08 05:18:07.155] [warning] [gpu_pipeline_task.cpp:77] gpu_pipeline_task: operator 'PARTITION' (id=5) output batch 0 column count mismatch: got 13, expected 10
[2026-09-08 05:18:07.155] [warning] [gpu_pipeline_task.cpp:77] gpu_pipeline_task: operator 'PARTITION' (id=5) output batch 0 column count mismatch: got 13, expected 10
[2026-09-08 05:18:07.155] [warning] [gpu_pipeline_task.cpp:77] gpu_pipeline_task: operator 'PARTITION' (id=5) output batch 0 column count mismatch: got 13, expected 10
[2026-09-08 05:18:07.155] [warning] [gpu_pipeline_task.cpp:77] gpu_pipeline_task: operator 'PARTITION' (id=5) output batch 0 column count mismatch: got 13, expected 10
[2026-09-08 05:18:07.155] [warning] [gpu_pipeline_task.cpp:77] gpu_pipeline_task: operator 'PARTITION' (id=5) output batch 0 column count mismatch: got 13, expected 10
[2026-09-08 05:18:07.155] [warning] [gpu_pipeline_task.cpp:77] gpu_pipeline_task: operator 'PARTITION' (id=5) output batch 0 column count mismatch: got 13, expected 10
[2026-09-08 05:18:07.155] [warning] [gpu_pipeline_task.cpp:77] gpu_pipeline_task: operator 'PARTITION' (id=5) output batch 0 column count mismatch: got 13, expected 10
[2026-09-08 05:18:07.155] [warning] [gpu_pipeline_task.cpp:77] gpu_pipeline_task: operator 'PARTITION' (id=5) output batch 0 column count mismatch: got 13, expected 10
[2026-09-08 05:18:07.155] [warning] [gpu_pipeline_task.cpp:77] gpu_pipeline_task: operator 'PARTITION' (id=5) output batch 0 column count mismatch: got 13, expected 10
[2026-09-08 05:18:07.155] [warning] [gpu_pipeline_task.cpp:77] gpu_pipeline_task: operator 'PARTITION' (id=5) output batch 0 column count mismatch: got 13, expected 10
[2026-09-08 05:18:07.155] [warning] [gpu_pipeline_task.cpp:77] gpu_pipeline_task: operator 'PARTITION' (id=5) output batch 0 column count mismatch: got 13, expected 10
[2026-09-08 05:18:07.155] [warning] [gpu_pipeline_task.cpp:77] gpu_pipeline_task: operator 'PARTITION' (id=5) output batch 0 column count mismatch: got 13, expected 10
[2026-09-08 05:18:07.155] [warning] [gpu_pipeline_task.cpp:77] gpu_pipeline_task: operator 'PARTITION' (id=5) output batch 0 column count mismatch: got 13, expected 10
[2026-09-08 05:18:07.155] [warning] [gpu_pipeline_task.cpp:77] gpu_pipeline_task: operator 'PARTITION' (id=5) output batch 0 column count mismatch: got 13, expected 10
[2026-09-08 05:18:07.155] [warning] [gpu_pipeline_task.cpp:77] gpu_pipeline_task: operator 'PARTITION' (id=5) output batch 0 column count mismatch: got 13, expected 10
[2026-09-08 05:18:07.155] [warning] [gpu_pipeline_task.cpp:77] gpu_pipeline_task: operator 'PARTITION' (id=5) output batch 0 column count mismatch: got 13, expected 10
[2026-09-08 05:18:07.155] [warning] [gpu_pipeline_task.cpp:77] gpu_pipeline_task: operator 'PARTITION' (id=5) output batch 0 column count mismatch: got 13, expected 10
[2026-09-08 05:18:07.155] [warning] [gpu_pipeline_task.cpp:77] gpu_pipeline_task: operator 'PARTITION' (id=5) output batch 0 column count mismatch: got 13, expected 10
[2026-09-08 05:18:07.155] [warning] [gpu_pipeline_task.cpp:77] gpu_pipeline_task: operator 'PARTITION' (id=5) output batch 0 column count mismatch: got 13, expected 10
[2026-09-08 05:18:07.155] [warning] [gpu_pipeline_task.cpp:77] gpu_pipeline_task: operator 'PARTITION' (id=5) output batch 0 column count mismatch: got 13, expected 10
[2026-09-08 05:18:07.155] [warning] [gpu_pipeline_task.cpp:77] gpu_pipeline_task: operator 'PARTITION' (id=5) output batch 0 column count mismatch: got 13, expected 10
[2026-09-08 05:18:07.155] [warning] [gpu_pipeline_task.cpp:77] gpu_pipeline_task: operator 'PARTITION' (id=5) output batch 0 column count mismatch: got 13, expected 10
[2026-09-08 05:18:07.155] [warning] [gpu_pipeline_task.cpp:77] gpu_pipeline_task: operator 'PARTITION' (id=5) output batch 0 column count mismatch: got 13, expected 10
[2026-09-08 05:18:07.155] [warning] [gpu_pipeline_task.cpp:77] gpu_pipeline_task: operator 'PARTITION' (id=5) output batch 0 column count mismatch: got 13, expected 10
[2026-09-08 05:18:07.155] [warning] [gpu_pipeline_task.cpp:77] gpu_pipeline_task: operator 'PARTITION' (id=5) output batch 0 column count mismatch: got 13, expected 10
[2026-09-08 05:18:07.155] [warning] [gpu_pipeline_task.cpp:77] gpu_pipeline_task: operator 'PARTITION' (id=5) output batch 0 column count mismatch: got 13, expected 10
[2026-09-08 05:18:07.155] [warning] [gpu_pipeline_task.cpp:77] gpu_pipeline_task: operator 'PARTITION' (id=5) output batch 0 column count mismatch: got 13, expected 10
[2026-09-08 05:18:07.155] [warning] [gpu_pipeline_task.cpp:77] gpu_pipeline_task: operator 'PARTITION' (id=5) output batch 0 column count mismatch: got 13, expected 10
[2026-09-08 05:18:07.155] [warning] [gpu_pipeline_task.cpp:77] gpu_pipeline_task: operator 'PARTITION' (id=5) output batch 0 column count mismatch: got 13, expected 10
[2026-09-08 05:18:07.155] [warning] [gpu_pipeline_task.cpp:77] gpu_pipeline_task: operator 'PARTITION' (id=5) output batch 0 column count mismatch: got 13, expected 10
[2026-09-08 05:18:07.155] [warning] [gpu_pipeline_task.cpp:77] gpu_pipeline_task: operator 'PARTITION' (id=5) output batch 0 column count mismatch: got 13, expected 10
[2026-09-08 05:18:07.155] [warning] [gpu_pipeline_task.cpp:77] gpu_pipeline_task: operator 'PARTITION' (id=5) output batch 0 column count mismatch: got 13, expected 10
[2026-09-08 05:18:07.155] [warning] [gpu_pipeline_task.cpp:77] gpu_pipeline_task: operator 'PARTITION' (id=5) output batch 0 column count mismatch: got 13, expected 10
[2026-09-08 05:18:07.155] [warning] [gpu_pipeline_task.cpp:77] gpu_pipeline_task: operator 'PARTITION' (id=5) output batch 0 column count mismatch: got 13, expected 10
[2026-09-08 05:18:07.155] [warning] [gpu_pipeline_task.cpp:77] gpu_pipeline_task: operator 'PARTITION' (id=5) output batch 0 column count mismatch: got 13, expected 10
[2026-09-08 05:18:07.155] [warning] [gpu_pipeline_task.cpp:77] gpu_pipeline_task: operator 'PARTITION' (id=5) output batch 0 column count mismatch: got 13, expected 10
[2026-09-08 05:18:07.155] [warning] [gpu_pipeline_task.cpp:77] gpu_pipeline_task: operator 'PARTITION' (id=5) output batch 0 column count mismatch: got 13, expected 10
[2026-09-08 05:18:07.155] [warning] [gpu_pipeline_task.cpp:77] gpu_pipeline_task: operator 'PARTITION' (id=5) output batch 0 column count mismatch: got 13, expected 10
[2026-09-08 05:18:07.155] [warning] [gpu_pipeline_task.cpp:77] gpu_pipeline_task: operator 'PARTITION' (id=5) output batch 0 column count mismatch: got 13, expected 10
[2026-09-08 05:18:07.155] [warning] [gpu_pipeline_task.cpp:77] gpu_pipeline_task: operator 'PARTITION' (id=5) output batch 0 column count mismatch: got 13, expected 10
[2026-09-08 05:18:07.155] [warning] [gpu_pipeline_task.cpp:77] gpu_pipeline_task: operator 'PARTITION' (id=5) output batch 0 column count mismatch: got 13, expected 10
[2026-09-08 05:18:07.155] [warning] [gpu_pipeline_task.cpp:77] gpu_pipeline_task: operator 'PARTITION' (id=5) output batch 0 column count mismatch: got 13, expected 10
[2026-09-08 05:18:07.155] [warning] [gpu_pipeline_task.cpp:77] gpu_pipeline_task: operator 'PARTITION' (id=5) output batch 0 column count mismatch: got 13, expected 10
[2026-09-08 05:18:07.155] [warning] [gpu_pipeline_task.cpp:77] gpu_pipeline_task: operator 'PARTITION' (id=5) output batch 0 column count mismatch: got 13, expected 10
[2026-09-08 05:18:07.155] [warning] [gpu_pipeline_task.cpp:77] gpu_pipeline_task: operator 'PARTITION' (id=5) output batch 0 column count mismatch: got 13, expected 10
[2026-09-08 05:18:07.155] [warning] [gpu_pipeline_task.cpp:77] gpu_pipeline_task: operator 'PARTITION' (id=5) output batch 0 column count mismatch: got 13, expected 10
[2026-09-08 05:18:07.155] [warning] [gpu_pipeline_task.cpp:77] gpu_pipeline_task: operator 'PARTITION' (id=5) output batch 0 column count mismatch: got 13, expected 10
[2026-09-08 05:18:07.160] [info] [gpu_pipeline_executor.cpp:129] GPU Pipeline Executor: task queue interrupted, stopping manager loop
[2026-09-08 05:18:07.161] [info] [sirius_context.cpp:405] QueryEnd
[2026-09-08 05:18:07.161] [info] [memory_prefetcher.cpp:72] [memory_prefetcher] stopping: prefetched 33 batches / 8009762193 bytes (stops: headroom=0 reservation=0, skips: lock=0 draining=4, errors=0)
[2026-09-08 05:18:07.161] [info] [sirius_context.cpp:256] [host_pool] HOST:0 QueryEnd instance=0xfef5f1960360 connection=1 window=3 query=10 allocated=55901683712 bytes peak=55968792576 bytes free_blocks=2303
[2026-09-08 05:18:07.161] [info] [sirius_context.cpp:271] [gpu_pool] GPU:0 QueryEnd instance=0xfef5f1960360 connection=1 window=3 query=10 allocated=0 bytes peak=123060638503 bytes reserved=0 bytes
[2026-09-08 05:18:07.161] [info] [sirius_context.cpp:521] [window] end instance=0xfef5f1960360 connection=1 window=3 query=10 outcome=ok
[2026-09-08 05:18:07.161] [info] [physical_sirius_execution.cpp:327] Transparent GPU execution: query completed
[2026-09-08 05:18:07.180] [info] [sirius_context.cpp:329] QueryBegin: instance=0xfef5f1960360 connection=1 query=11 SQL: CALL sirius_set_query_label('q1_iter2')
[2026-09-08 05:18:07.181] [info] [sirius_context.cpp:329] QueryBegin: instance=0xfef5f1960360 connection=1 query=12 SQL: SET gpu_execution = true;
[2026-09-08 05:18:07.181] [info] [sirius_context.cpp:329] QueryBegin: instance=0xfef5f1960360 connection=1 query=13 SQL: select l_returnflag, l_linestatus, sum(l_quantity) as sum_qty, sum(l_extendedprice) as sum_base_price, sum(l_extendedprice * (1 - l_discount)) as sum_disc_price, sum(l_extendedprice * (1 - l_discount) * (1 + l_tax)) as sum_charge, avg(l_quantity) as avg_qty, avg(l_extendedprice) as avg_price, avg(l_discount) as avg_disc, count(*) as count_order from lineitem where l_shipdate <= date '1995-08-19' group by l_returnflag, l_linestatus order by l_returnflag, l_linestatus
[2026-09-08 05:18:07.188] [info] [sirius_context.cpp:1467] Transparent execution: Sirius physical plan generated successfully
[2026-09-08 05:18:07.188] [info] [sirius_context.cpp:1495] Transparent execution: physical plan replaced with GPU operator
[2026-09-08 05:18:07.188] [info] [physical_sirius_execution.cpp:157] Transparent GPU execution: executing query
[2026-09-08 05:18:07.188] [info] [sirius_context.cpp:521] [window] begin instance=0xfef5f1960360 connection=1 window=4 query=13 outcome=-
[2026-09-08 05:18:07.188] [info] [sirius_context.cpp:256] [host_pool] HOST:0 QueryBegin instance=0xfef5f1960360 connection=1 window=4 query=13 allocated=55901683712 bytes peak=55968792576 bytes free_blocks=2303
[2026-09-08 05:18:07.188] [info] [sirius_context.cpp:271] [gpu_pool] GPU:0 QueryBegin instance=0xfef5f1960360 connection=1 window=4 query=13 allocated=0 bytes peak=123060638503 bytes reserved=0 bytes
[2026-09-08 05:18:07.188] [info] [sirius_context.cpp:389] QueryBegin: transparent_execution
[2026-09-08 05:18:07.191] [info] [sirius_engine.cpp:265] [gpu_alloc] query allocated 1 GPU(s): [0]
[2026-09-08 05:18:07.191] [info] [sirius_engine.cpp:318] Query Plan:
=== Pipeline Overview ===
Pipeline #0: GPU_SCAN (id=0) -> PROJECTION (id=1) -> PROJECTION (id=2) -> PROJECTION (id=3) -> HASH_GROUP_BY (id=4)
  Output: -> PARTITION [port: default, barrier: FULL]
Pipeline #1: PARTITION (id=5)
  Input: <- Pipeline #0 [on: PARTITION (id=5), port: default, barrier: FULL]
  Dependencies: Pipeline #0
  Output: -> MERGE_GROUP_BY [port: default, barrier: FULL]
Pipeline #2: MERGE_GROUP_BY (id=6) -> ORDER_BY (id=7)
  Input: <- Pipeline #1 [on: MERGE_GROUP_BY (id=6), port: default, barrier: FULL]
  Dependencies: Pipeline #1
  Output: -> SORT_SAMPLE [port: default, barrier: PIPELINE]
Pipeline #3: SORT_SAMPLE (id=8) -> SORT_PARTITION (id=9)
  Input: <- Pipeline #2 [on: SORT_SAMPLE (id=8), port: default, barrier: PIPELINE]
  Dependencies: Pipeline #2
  Output: -> MERGE_SORT [port: default, barrier: FULL]
Pipeline #4: MERGE_SORT (id=10)
  Input: <- Pipeline #3 [on: MERGE_SORT (id=10), port: default, barrier: FULL]
  Dependencies: Pipeline #3
  Output: -> RESULT_COLLECTOR [port: default, barrier: FULL]
Pipeline #5: RESULT_COLLECTOR (id=11)
  Input: <- Pipeline #4 [on: RESULT_COLLECTOR (id=11), port: default, barrier: FULL]
  Dependencies: Pipeline #4

=== Query Plan DAG ===
┌──────────────────────────┐
│ Pipeline #5              │
│ RESULT_COLLECTOR (id=11) │
│ Input(#4): FULL          │
└────────────┬─────────────┘
             │              
┌──────────────────────────┐
│ Pipeline #4              │
│ MERGE_SORT (id=10)       │
│ Input(#3): FULL          │
└────────────┬─────────────┘
             │              
┌──────────────────────────┐
│ Pipeline #3              │
│ SORT_PARTITION (id=9)    │
│ SORT_SAMPLE (id=8)       │
│ Input(#2): PIPELINE      │
└────────────┬─────────────┘
             │              
┌──────────────────────────┐
│ Pipeline #2              │
│ ORDER_BY (id=7)          │
│ MERGE_GROUP_BY (id=6)    │
│ Input(#1): FULL          │
└────────────┬─────────────┘
             │              
┌──────────────────────────┐
│ Pipeline #1              │
│ PARTITION (id=5)         │
│ Input(#0): FULL          │
└────────────┬─────────────┘
             │              
┌──────────────────────────┐
│ Pipeline #0              │
│ HASH_GROUP_BY (id=4)     │
│ PROJECTION (id=3)        │
│ PROJECTION (id=2)        │
│ PROJECTION (id=1)        │
│ GPU_SCAN (id=0)          │
└──────────────────────────┘

[2026-09-08 05:18:07.191] [info] [sirius_engine.cpp:186] query 4 telemetry_query=01a080f444d775e0a5a6510d1fd4c93d
[2026-09-08 05:18:07.191] [info] [sirius_scan_manager.cpp:2882] [sirius_scan_manager] zone-map pruning for pinned entry 'lineitem' (HOST tier): 61/144 chunks pruned, serving 83
[2026-09-08 05:18:07.191] [info] [sirius_scan_manager.cpp:2999] [sirius_scan_manager] assigned pinned entry 'lineitem' to operator '0'
[2026-09-08 05:18:07.191] [info] [sirius_scan_manager.cpp:823] [late-mat] operator 0: not deferring — the pinned entry is not device-resident
[2026-09-08 05:18:07.192] [info] [memory_prefetcher.cpp:59] [memory_prefetcher] started: 3 threads, 1 connectors, min_free_fraction=0.40
[2026-09-08 05:18:07.246] [warning] [gpu_pipeline_task.cpp:77] gpu_pipeline_task: operator 'HASH_GROUP_BY' (id=4) output batch 0 column count mismatch: got 13, expected 10
[2026-09-08 05:18:07.246] [warning] [gpu_pipeline_task.cpp:77] gpu_pipeline_task: operator 'HASH_GROUP_BY' (id=4) output batch 0 column count mismatch: got 13, expected 10
[2026-09-08 05:18:07.254] [warning] [gpu_pipeline_task.cpp:77] gpu_pipeline_task: operator 'HASH_GROUP_BY' (id=4) output batch 0 column count mismatch: got 13, expected 10
[2026-09-08 05:18:07.268] [warning] [gpu_pipeline_task.cpp:77] gpu_pipeline_task: operator 'HASH_GROUP_BY' (id=4) output batch 0 column count mismatch: got 13, expected 10
[2026-09-08 05:18:07.272] [warning] [gpu_pipeline_task.cpp:77] gpu_pipeline_task: operator 'HASH_GROUP_BY' (id=4) output batch 0 column count mismatch: got 13, expected 10
[2026-09-08 05:18:07.272] [warning] [gpu_pipeline_task.cpp:77] gpu_pipeline_task: operator 'HASH_GROUP_BY' (id=4) output batch 0 column count mismatch: got 13, expected 10
[2026-09-08 05:18:07.273] [warning] [gpu_pipeline_task.cpp:77] gpu_pipeline_task: operator 'HASH_GROUP_BY' (id=4) output batch 0 column count mismatch: got 13, expected 10
[2026-09-08 05:18:07.273] [warning] [gpu_pipeline_task.cpp:77] gpu_pipeline_task: operator 'HASH_GROUP_BY' (id=4) output batch 0 column count mismatch: got 13, expected 10
[2026-09-08 05:18:07.280] [warning] [gpu_pipeline_task.cpp:77] gpu_pipeline_task: operator 'HASH_GROUP_BY' (id=4) output batch 0 column count mismatch: got 13, expected 10
[2026-09-08 05:18:07.307] [warning] [gpu_pipeline_task.cpp:77] gpu_pipeline_task: operator 'HASH_GROUP_BY' (id=4) output batch 0 column count mismatch: got 13, expected 10
[2026-09-08 05:18:07.315] [warning] [gpu_pipeline_task.cpp:77] gpu_pipeline_task: operator 'HASH_GROUP_BY' (id=4) output batch 0 column count mismatch: got 13, expected 10
[2026-09-08 05:18:07.324] [warning] [gpu_pipeline_task.cpp:77] gpu_pipeline_task: operator 'HASH_GROUP_BY' (id=4) output batch 0 column count mismatch: got 13, expected 10
[2026-09-08 05:18:07.324] [warning] [gpu_pipeline_task.cpp:77] gpu_pipeline_task: operator 'HASH_GROUP_BY' (id=4) output batch 0 column count mismatch: got 13, expected 10
[2026-09-08 05:18:07.331] [warning] [gpu_pipeline_task.cpp:77] gpu_pipeline_task: operator 'HASH_GROUP_BY' (id=4) output batch 0 column count mismatch: got 13, expected 10
[2026-09-08 05:18:07.345] [warning] [gpu_pipeline_task.cpp:77] gpu_pipeline_task: operator 'HASH_GROUP_BY' (id=4) output batch 0 column count mismatch: got 13, expected 10
[2026-09-08 05:18:07.345] [warning] [gpu_pipeline_task.cpp:77] gpu_pipeline_task: operator 'HASH_GROUP_BY' (id=4) output batch 0 column count mismatch: got 13, expected 10
[2026-09-08 05:18:07.352] [warning] [gpu_pipeline_task.cpp:77] gpu_pipeline_task: operator 'HASH_GROUP_BY' (id=4) output batch 0 column count mismatch: got 13, expected 10
[2026-09-08 05:18:07.364] [warning] [gpu_pipeline_task.cpp:77] gpu_pipeline_task: operator 'HASH_GROUP_BY' (id=4) output batch 0 column count mismatch: got 13, expected 10
[2026-09-08 05:18:07.370] [warning] [gpu_pipeline_task.cpp:77] gpu_pipeline_task: operator 'HASH_GROUP_BY' (id=4) output batch 0 column count mismatch: got 13, expected 10
[2026-09-08 05:18:07.381] [warning] [gpu_pipeline_task.cpp:77] gpu_pipeline_task: operator 'HASH_GROUP_BY' (id=4) output batch 0 column count mismatch: got 13, expected 10
[2026-09-08 05:18:07.381] [warning] [gpu_pipeline_task.cpp:77] gpu_pipeline_task: operator 'HASH_GROUP_BY' (id=4) output batch 0 column count mismatch: got 13, expected 10
[2026-09-08 05:18:07.397] [warning] [gpu_pipeline_task.cpp:77] gpu_pipeline_task: operator 'HASH_GROUP_BY' (id=4) output batch 0 column count mismatch: got 13, expected 10
[2026-09-08 05:18:07.407] [warning] [gpu_pipeline_task.cpp:77] gpu_pipeline_task: operator 'HASH_GROUP_BY' (id=4) output batch 0 column count mismatch: got 13, expected 10
[2026-09-08 05:18:07.412] [warning] [gpu_pipeline_task.cpp:77] gpu_pipeline_task: operator 'HASH_GROUP_BY' (id=4) output batch 0 column count mismatch: got 13, expected 10
[2026-09-08 05:18:07.412] [warning] [gpu_pipeline_task.cpp:77] gpu_pipeline_task: operator 'HASH_GROUP_BY' (id=4) output batch 0 column count mismatch: got 13, expected 10
[2026-09-08 05:18:07.432] [warning] [gpu_pipeline_task.cpp:77] gpu_pipeline_task: operator 'HASH_GROUP_BY' (id=4) output batch 0 column count mismatch: got 13, expected 10
[2026-09-08 05:18:07.439] [warning] [gpu_pipeline_task.cpp:77] gpu_pipeline_task: operator 'HASH_GROUP_BY' (id=4) output batch 0 column count mismatch: got 13, expected 10
[2026-09-08 05:18:07.446] [warning] [gpu_pipeline_task.cpp:77] gpu_pipeline_task: operator 'HASH_GROUP_BY' (id=4) output batch 0 column count mismatch: got 13, expected 10
[2026-09-08 05:18:07.464] [warning] [gpu_pipeline_task.cpp:77] gpu_pipeline_task: operator 'HASH_GROUP_BY' (id=4) output batch 0 column count mismatch: got 13, expected 10
[2026-09-08 05:18:07.466] [warning] [gpu_pipeline_task.cpp:77] gpu_pipeline_task: operator 'HASH_GROUP_BY' (id=4) output batch 0 column count mismatch: got 13, expected 10
[2026-09-08 05:18:07.469] [warning] [gpu_pipeline_task.cpp:77] gpu_pipeline_task: operator 'HASH_GROUP_BY' (id=4) output batch 0 column count mismatch: got 13, expected 10
[2026-09-08 05:18:07.469] [warning] [gpu_pipeline_task.cpp:77] gpu_pipeline_task: operator 'HASH_GROUP_BY' (id=4) output batch 0 column count mismatch: got 13, expected 10
[2026-09-08 05:18:07.469] [warning] [gpu_pipeline_task.cpp:77] gpu_pipeline_task: operator 'HASH_GROUP_BY' (id=4) output batch 0 column count mismatch: got 13, expected 10
[2026-09-08 05:18:07.469] [warning] [gpu_pipeline_task.cpp:77] gpu_pipeline_task: operator 'HASH_GROUP_BY' (id=4) output batch 0 column count mismatch: got 13, expected 10
[2026-09-08 05:18:07.494] [warning] [gpu_pipeline_task.cpp:77] gpu_pipeline_task: operator 'HASH_GROUP_BY' (id=4) output batch 0 column count mismatch: got 13, expected 10
[2026-09-08 05:18:07.507] [warning] [gpu_pipeline_task.cpp:77] gpu_pipeline_task: operator 'HASH_GROUP_BY' (id=4) output batch 0 column count mismatch: got 13, expected 10
[2026-09-08 05:18:07.518] [warning] [gpu_pipeline_task.cpp:77] gpu_pipeline_task: operator 'HASH_GROUP_BY' (id=4) output batch 0 column count mismatch: got 13, expected 10
[2026-09-08 05:18:07.523] [warning] [gpu_pipeline_task.cpp:77] gpu_pipeline_task: operator 'HASH_GROUP_BY' (id=4) output batch 0 column count mismatch: got 13, expected 10
[2026-09-08 05:18:07.523] [warning] [gpu_pipeline_task.cpp:77] gpu_pipeline_task: operator 'HASH_GROUP_BY' (id=4) output batch 0 column count mismatch: got 13, expected 10
[2026-09-08 05:18:07.530] [warning] [gpu_pipeline_task.cpp:77] gpu_pipeline_task: operator 'HASH_GROUP_BY' (id=4) output batch 0 column count mismatch: got 13, expected 10
[2026-09-08 05:18:07.530] [warning] [gpu_pipeline_task.cpp:77] gpu_pipeline_task: operator 'HASH_GROUP_BY' (id=4) output batch 0 column count mismatch: got 13, expected 10
[2026-09-08 05:18:07.545] [warning] [gpu_pipeline_task.cpp:77] gpu_pipeline_task: operator 'HASH_GROUP_BY' (id=4) output batch 0 column count mismatch: got 13, expected 10
[2026-09-08 05:18:07.545] [warning] [gpu_pipeline_task.cpp:77] gpu_pipeline_task: operator 'HASH_GROUP_BY' (id=4) output batch 0 column count mismatch: got 13, expected 10
[2026-09-08 05:18:07.565] [warning] [gpu_pipeline_task.cpp:77] gpu_pipeline_task: operator 'HASH_GROUP_BY' (id=4) output batch 0 column count mismatch: got 13, expected 10
[2026-09-08 05:18:07.574] [warning] [gpu_pipeline_task.cpp:77] gpu_pipeline_task: operator 'HASH_GROUP_BY' (id=4) output batch 0 column count mismatch: got 13, expected 10
[2026-09-08 05:18:07.575] [warning] [gpu_pipeline_task.cpp:77] gpu_pipeline_task: operator 'HASH_GROUP_BY' (id=4) output batch 0 column count mismatch: got 13, expected 10
[2026-09-08 05:18:07.587] [warning] [gpu_pipeline_task.cpp:77] gpu_pipeline_task: operator 'HASH_GROUP_BY' (id=4) output batch 0 column count mismatch: got 13, expected 10
[2026-09-08 05:18:07.592] [warning] [gpu_pipeline_task.cpp:77] gpu_pipeline_task: operator 'HASH_GROUP_BY' (id=4) output batch 0 column count mismatch: got 13, expected 10
[2026-09-08 05:18:07.594] [warning] [gpu_pipeline_task.cpp:77] gpu_pipeline_task: operator 'HASH_GROUP_BY' (id=4) output batch 0 column count mismatch: got 13, expected 10
[2026-09-08 05:18:07.595] [warning] [gpu_pipeline_task.cpp:77] gpu_pipeline_task: operator 'HASH_GROUP_BY' (id=4) output batch 0 column count mismatch: got 13, expected 10
[2026-09-08 05:18:07.596] [warning] [gpu_pipeline_task.cpp:77] gpu_pipeline_task: operator 'HASH_GROUP_BY' (id=4) output batch 0 column count mismatch: got 13, expected 10
[2026-09-08 05:18:07.619] [warning] [gpu_pipeline_task.cpp:77] gpu_pipeline_task: operator 'HASH_GROUP_BY' (id=4) output batch 0 column count mismatch: got 13, expected 10
[2026-09-08 05:18:07.627] [warning] [gpu_pipeline_task.cpp:77] gpu_pipeline_task: operator 'HASH_GROUP_BY' (id=4) output batch 0 column count mismatch: got 13, expected 10
[2026-09-08 05:18:07.639] [warning] [gpu_pipeline_task.cpp:77] gpu_pipeline_task: operator 'HASH_GROUP_BY' (id=4) output batch 0 column count mismatch: got 13, expected 10
[2026-09-08 05:18:07.644] [warning] [gpu_pipeline_task.cpp:77] gpu_pipeline_task: operator 'HASH_GROUP_BY' (id=4) output batch 0 column count mismatch: got 13, expected 10
[2026-09-08 05:18:07.648] [warning] [gpu_pipeline_task.cpp:77] gpu_pipeline_task: operator 'HASH_GROUP_BY' (id=4) output batch 0 column count mismatch: got 13, expected 10
[2026-09-08 05:18:07.651] [warning] [gpu_pipeline_task.cpp:77] gpu_pipeline_task: operator 'HASH_GROUP_BY' (id=4) output batch 0 column count mismatch: got 13, expected 10
[2026-09-08 05:18:07.659] [warning] [gpu_pipeline_task.cpp:77] gpu_pipeline_task: operator 'HASH_GROUP_BY' (id=4) output batch 0 column count mismatch: got 13, expected 10
[2026-09-08 05:18:07.659] [warning] [gpu_pipeline_task.cpp:77] gpu_pipeline_task: operator 'HASH_GROUP_BY' (id=4) output batch 0 column count mismatch: got 13, expected 10
[2026-09-08 05:18:07.670] [warning] [gpu_pipeline_task.cpp:77] gpu_pipeline_task: operator 'HASH_GROUP_BY' (id=4) output batch 0 column count mismatch: got 13, expected 10
[2026-09-08 05:18:07.671] [warning] [gpu_pipeline_task.cpp:77] gpu_pipeline_task: operator 'HASH_GROUP_BY' (id=4) output batch 0 column count mismatch: got 13, expected 10
[2026-09-08 05:18:07.681] [warning] [gpu_pipeline_task.cpp:77] gpu_pipeline_task: operator 'HASH_GROUP_BY' (id=4) output batch 0 column count mismatch: got 13, expected 10
[2026-09-08 05:18:07.682] [warning] [gpu_pipeline_task.cpp:77] gpu_pipeline_task: operator 'HASH_GROUP_BY' (id=4) output batch 0 column count mismatch: got 13, expected 10
[2026-09-08 05:18:07.689] [warning] [gpu_pipeline_task.cpp:77] gpu_pipeline_task: operator 'HASH_GROUP_BY' (id=4) output batch 0 column count mismatch: got 13, expected 10
[2026-09-08 05:18:07.695] [warning] [gpu_pipeline_task.cpp:77] gpu_pipeline_task: operator 'HASH_GROUP_BY' (id=4) output batch 0 column count mismatch: got 13, expected 10
[2026-09-08 05:18:07.696] [warning] [gpu_pipeline_task.cpp:77] gpu_pipeline_task: operator 'HASH_GROUP_BY' (id=4) output batch 0 column count mismatch: got 13, expected 10
[2026-09-08 05:18:07.712] [warning] [gpu_pipeline_task.cpp:77] gpu_pipeline_task: operator 'HASH_GROUP_BY' (id=4) output batch 0 column count mismatch: got 13, expected 10
[2026-09-08 05:18:07.720] [warning] [gpu_pipeline_task.cpp:77] gpu_pipeline_task: operator 'HASH_GROUP_BY' (id=4) output batch 0 column count mismatch: got 13, expected 10
[2026-09-08 05:18:07.720] [warning] [gpu_pipeline_task.cpp:77] gpu_pipeline_task: operator 'HASH_GROUP_BY' (id=4) output batch 0 column count mismatch: got 13, expected 10
[2026-09-08 05:18:07.725] [warning] [gpu_pipeline_task.cpp:77] gpu_pipeline_task: operator 'HASH_GROUP_BY' (id=4) output batch 0 column count mismatch: got 13, expected 10
[2026-09-08 05:18:07.725] [warning] [gpu_pipeline_task.cpp:77] gpu_pipeline_task: operator 'HASH_GROUP_BY' (id=4) output batch 0 column count mismatch: got 13, expected 10
[2026-09-08 05:18:07.735] [warning] [gpu_pipeline_task.cpp:77] gpu_pipeline_task: operator 'HASH_GROUP_BY' (id=4) output batch 0 column count mismatch: got 13, expected 10
[2026-09-08 05:18:07.735] [warning] [gpu_pipeline_task.cpp:77] gpu_pipeline_task: operator 'HASH_GROUP_BY' (id=4) output batch 0 column count mismatch: got 13, expected 10
[2026-09-08 05:18:07.755] [warning] [gpu_pipeline_task.cpp:77] gpu_pipeline_task: operator 'HASH_GROUP_BY' (id=4) output batch 0 column count mismatch: got 13, expected 10
[2026-09-08 05:18:07.769] [warning] [gpu_pipeline_task.cpp:77] gpu_pipeline_task: operator 'HASH_GROUP_BY' (id=4) output batch 0 column count mismatch: got 13, expected 10
[2026-09-08 05:18:07.770] [warning] [gpu_pipeline_task.cpp:77] gpu_pipeline_task: operator 'HASH_GROUP_BY' (id=4) output batch 0 column count mismatch: got 13, expected 10
[2026-09-08 05:18:07.773] [warning] [gpu_pipeline_task.cpp:77] gpu_pipeline_task: operator 'HASH_GROUP_BY' (id=4) output batch 0 column count mismatch: got 13, expected 10
[2026-09-08 05:18:07.774] [warning] [gpu_pipeline_task.cpp:77] gpu_pipeline_task: operator 'HASH_GROUP_BY' (id=4) output batch 0 column count mismatch: got 13, expected 10
[2026-09-08 05:18:07.779] [warning] [gpu_pipeline_task.cpp:77] gpu_pipeline_task: operator 'HASH_GROUP_BY' (id=4) output batch 0 column count mismatch: got 13, expected 10
[2026-09-08 05:18:07.787] [warning] [gpu_pipeline_task.cpp:77] gpu_pipeline_task: operator 'HASH_GROUP_BY' (id=4) output batch 0 column count mismatch: got 13, expected 10
[2026-09-08 05:18:07.788] [warning] [gpu_pipeline_task.cpp:77] gpu_pipeline_task: operator 'HASH_GROUP_BY' (id=4) output batch 0 column count mismatch: got 13, expected 10
[2026-09-08 05:18:07.790] [warning] [gpu_pipeline_task.cpp:77] gpu_pipeline_task: operator 'HASH_GROUP_BY' (id=4) output batch 0 column count mismatch: got 13, expected 10
[2026-09-08 05:18:07.792] [warning] [gpu_pipeline_task.cpp:77] gpu_pipeline_task: operator 'HASH_GROUP_BY' (id=4) output batch 0 column count mismatch: got 13, expected 10
[2026-09-08 05:18:07.792] [warning] [gpu_pipeline_task.cpp:77] gpu_pipeline_task: operator 'PARTITION' (id=5) output batch 0 column count mismatch: got 13, expected 10
[2026-09-08 05:18:07.792] [warning] [gpu_pipeline_task.cpp:77] gpu_pipeline_task: operator 'PARTITION' (id=5) output batch 0 column count mismatch: got 13, expected 10
[2026-09-08 05:18:07.792] [warning] [gpu_pipeline_task.cpp:77] gpu_pipeline_task: operator 'PARTITION' (id=5) output batch 0 column count mismatch: got 13, expected 10
[2026-09-08 05:18:07.792] [warning] [gpu_pipeline_task.cpp:77] gpu_pipeline_task: operator 'PARTITION' (id=5) output batch 0 column count mismatch: got 13, expected 10
[2026-09-08 05:18:07.792] [warning] [gpu_pipeline_task.cpp:77] gpu_pipeline_task: operator 'PARTITION' (id=5) output batch 0 column count mismatch: got 13, expected 10
[2026-09-08 05:18:07.792] [warning] [gpu_pipeline_task.cpp:77] gpu_pipeline_task: operator 'PARTITION' (id=5) output batch 0 column count mismatch: got 13, expected 10
[2026-09-08 05:18:07.792] [warning] [gpu_pipeline_task.cpp:77] gpu_pipeline_task: operator 'PARTITION' (id=5) output batch 0 column count mismatch: got 13, expected 10
[2026-09-08 05:18:07.792] [warning] [gpu_pipeline_task.cpp:77] gpu_pipeline_task: operator 'PARTITION' (id=5) output batch 0 column count mismatch: got 13, expected 10
[2026-09-08 05:18:07.792] [warning] [gpu_pipeline_task.cpp:77] gpu_pipeline_task: operator 'PARTITION' (id=5) output batch 0 column count mismatch: got 13, expected 10
[2026-09-08 05:18:07.792] [warning] [gpu_pipeline_task.cpp:77] gpu_pipeline_task: operator 'PARTITION' (id=5) output batch 0 column count mismatch: got 13, expected 10
[2026-09-08 05:18:07.792] [warning] [gpu_pipeline_task.cpp:77] gpu_pipeline_task: operator 'PARTITION' (id=5) output batch 0 column count mismatch: got 13, expected 10
[2026-09-08 05:18:07.792] [warning] [gpu_pipeline_task.cpp:77] gpu_pipeline_task: operator 'PARTITION' (id=5) output batch 0 column count mismatch: got 13, expected 10
[2026-09-08 05:18:07.792] [warning] [gpu_pipeline_task.cpp:77] gpu_pipeline_task: operator 'PARTITION' (id=5) output batch 0 column count mismatch: got 13, expected 10
[2026-09-08 05:18:07.792] [warning] [gpu_pipeline_task.cpp:77] gpu_pipeline_task: operator 'PARTITION' (id=5) output batch 0 column count mismatch: got 13, expected 10
[2026-09-08 05:18:07.792] [warning] [gpu_pipeline_task.cpp:77] gpu_pipeline_task: operator 'PARTITION' (id=5) output batch 0 column count mismatch: got 13, expected 10
[2026-09-08 05:18:07.792] [warning] [gpu_pipeline_task.cpp:77] gpu_pipeline_task: operator 'PARTITION' (id=5) output batch 0 column count mismatch: got 13, expected 10
[2026-09-08 05:18:07.792] [warning] [gpu_pipeline_task.cpp:77] gpu_pipeline_task: operator 'PARTITION' (id=5) output batch 0 column count mismatch: got 13, expected 10
[2026-09-08 05:18:07.792] [warning] [gpu_pipeline_task.cpp:77] gpu_pipeline_task: operator 'PARTITION' (id=5) output batch 0 column count mismatch: got 13, expected 10
[2026-09-08 05:18:07.792] [warning] [gpu_pipeline_task.cpp:77] gpu_pipeline_task: operator 'PARTITION' (id=5) output batch 0 column count mismatch: got 13, expected 10
[2026-09-08 05:18:07.792] [warning] [gpu_pipeline_task.cpp:77] gpu_pipeline_task: operator 'PARTITION' (id=5) output batch 0 column count mismatch: got 13, expected 10
[2026-09-08 05:18:07.792] [warning] [gpu_pipeline_task.cpp:77] gpu_pipeline_task: operator 'PARTITION' (id=5) output batch 0 column count mismatch: got 13, expected 10
[2026-09-08 05:18:07.792] [warning] [gpu_pipeline_task.cpp:77] gpu_pipeline_task: operator 'PARTITION' (id=5) output batch 0 column count mismatch: got 13, expected 10
[2026-09-08 05:18:07.792] [warning] [gpu_pipeline_task.cpp:77] gpu_pipeline_task: operator 'PARTITION' (id=5) output batch 0 column count mismatch: got 13, expected 10
[2026-09-08 05:18:07.792] [warning] [gpu_pipeline_task.cpp:77] gpu_pipeline_task: operator 'PARTITION' (id=5) output batch 0 column count mismatch: got 13, expected 10
[2026-09-08 05:18:07.792] [warning] [gpu_pipeline_task.cpp:77] gpu_pipeline_task: operator 'PARTITION' (id=5) output batch 0 column count mismatch: got 13, expected 10
[2026-09-08 05:18:07.792] [warning] [gpu_pipeline_task.cpp:77] gpu_pipeline_task: operator 'PARTITION' (id=5) output batch 0 column count mismatch: got 13, expected 10
[2026-09-08 05:18:07.792] [warning] [gpu_pipeline_task.cpp:77] gpu_pipeline_task: operator 'PARTITION' (id=5) output batch 0 column count mismatch: got 13, expected 10
[2026-09-08 05:18:07.792] [warning] [gpu_pipeline_task.cpp:77] gpu_pipeline_task: operator 'PARTITION' (id=5) output batch 0 column count mismatch: got 13, expected 10
[2026-09-08 05:18:07.792] [warning] [gpu_pipeline_task.cpp:77] gpu_pipeline_task: operator 'PARTITION' (id=5) output batch 0 column count mismatch: got 13, expected 10
[2026-09-08 05:18:07.792] [warning] [gpu_pipeline_task.cpp:77] gpu_pipeline_task: operator 'PARTITION' (id=5) output batch 0 column count mismatch: got 13, expected 10
[2026-09-08 05:18:07.792] [warning] [gpu_pipeline_task.cpp:77] gpu_pipeline_task: operator 'PARTITION' (id=5) output batch 0 column count mismatch: got 13, expected 10
[2026-09-08 05:18:07.792] [warning] [gpu_pipeline_task.cpp:77] gpu_pipeline_task: operator 'PARTITION' (id=5) output batch 0 column count mismatch: got 13, expected 10
[2026-09-08 05:18:07.792] [warning] [gpu_pipeline_task.cpp:77] gpu_pipeline_task: operator 'PARTITION' (id=5) output batch 0 column count mismatch: got 13, expected 10
[2026-09-08 05:18:07.792] [warning] [gpu_pipeline_task.cpp:77] gpu_pipeline_task: operator 'PARTITION' (id=5) output batch 0 column count mismatch: got 13, expected 10
[2026-09-08 05:18:07.792] [warning] [gpu_pipeline_task.cpp:77] gpu_pipeline_task: operator 'PARTITION' (id=5) output batch 0 column count mismatch: got 13, expected 10
[2026-09-08 05:18:07.792] [warning] [gpu_pipeline_task.cpp:77] gpu_pipeline_task: operator 'PARTITION' (id=5) output batch 0 column count mismatch: got 13, expected 10
[2026-09-08 05:18:07.792] [warning] [gpu_pipeline_task.cpp:77] gpu_pipeline_task: operator 'PARTITION' (id=5) output batch 0 column count mismatch: got 13, expected 10
[2026-09-08 05:18:07.792] [warning] [gpu_pipeline_task.cpp:77] gpu_pipeline_task: operator 'PARTITION' (id=5) output batch 0 column count mismatch: got 13, expected 10
[2026-09-08 05:18:07.792] [warning] [gpu_pipeline_task.cpp:77] gpu_pipeline_task: operator 'PARTITION' (id=5) output batch 0 column count mismatch: got 13, expected 10
[2026-09-08 05:18:07.792] [warning] [gpu_pipeline_task.cpp:77] gpu_pipeline_task: operator 'PARTITION' (id=5) output batch 0 column count mismatch: got 13, expected 10
[2026-09-08 05:18:07.792] [warning] [gpu_pipeline_task.cpp:77] gpu_pipeline_task: operator 'PARTITION' (id=5) output batch 0 column count mismatch: got 13, expected 10
[2026-09-08 05:18:07.792] [warning] [gpu_pipeline_task.cpp:77] gpu_pipeline_task: operator 'PARTITION' (id=5) output batch 0 column count mismatch: got 13, expected 10
[2026-09-08 05:18:07.793] [warning] [gpu_pipeline_task.cpp:77] gpu_pipeline_task: operator 'PARTITION' (id=5) output batch 0 column count mismatch: got 13, expected 10
[2026-09-08 05:18:07.793] [warning] [gpu_pipeline_task.cpp:77] gpu_pipeline_task: operator 'PARTITION' (id=5) output batch 0 column count mismatch: got 13, expected 10
[2026-09-08 05:18:07.793] [warning] [gpu_pipeline_task.cpp:77] gpu_pipeline_task: operator 'PARTITION' (id=5) output batch 0 column count mismatch: got 13, expected 10
[2026-09-08 05:18:07.793] [warning] [gpu_pipeline_task.cpp:77] gpu_pipeline_task: operator 'PARTITION' (id=5) output batch 0 column count mismatch: got 13, expected 10
[2026-09-08 05:18:07.793] [warning] [gpu_pipeline_task.cpp:77] gpu_pipeline_task: operator 'PARTITION' (id=5) output batch 0 column count mismatch: got 13, expected 10
[2026-09-08 05:18:07.793] [warning] [gpu_pipeline_task.cpp:77] gpu_pipeline_task: operator 'PARTITION' (id=5) output batch 0 column count mismatch: got 13, expected 10
[2026-09-08 05:18:07.793] [warning] [gpu_pipeline_task.cpp:77] gpu_pipeline_task: operator 'PARTITION' (id=5) output batch 0 column count mismatch: got 13, expected 10
[2026-09-08 05:18:07.793] [warning] [gpu_pipeline_task.cpp:77] gpu_pipeline_task: operator 'PARTITION' (id=5) output batch 0 column count mismatch: got 13, expected 10
[2026-09-08 05:18:07.793] [warning] [gpu_pipeline_task.cpp:77] gpu_pipeline_task: operator 'PARTITION' (id=5) output batch 0 column count mismatch: got 13, expected 10
[2026-09-08 05:18:07.793] [warning] [gpu_pipeline_task.cpp:77] gpu_pipeline_task: operator 'PARTITION' (id=5) output batch 0 column count mismatch: got 13, expected 10
[2026-09-08 05:18:07.793] [warning] [gpu_pipeline_task.cpp:77] gpu_pipeline_task: operator 'PARTITION' (id=5) output batch 0 column count mismatch: got 13, expected 10
[2026-09-08 05:18:07.793] [warning] [gpu_pipeline_task.cpp:77] gpu_pipeline_task: operator 'PARTITION' (id=5) output batch 0 column count mismatch: got 13, expected 10
[2026-09-08 05:18:07.793] [warning] [gpu_pipeline_task.cpp:77] gpu_pipeline_task: operator 'PARTITION' (id=5) output batch 0 column count mismatch: got 13, expected 10
[2026-09-08 05:18:07.793] [warning] [gpu_pipeline_task.cpp:77] gpu_pipeline_task: operator 'PARTITION' (id=5) output batch 0 column count mismatch: got 13, expected 10
[2026-09-08 05:18:07.793] [warning] [gpu_pipeline_task.cpp:77] gpu_pipeline_task: operator 'PARTITION' (id=5) output batch 0 column count mismatch: got 13, expected 10
[2026-09-08 05:18:07.793] [warning] [gpu_pipeline_task.cpp:77] gpu_pipeline_task: operator 'PARTITION' (id=5) output batch 0 column count mismatch: got 13, expected 10
[2026-09-08 05:18:07.793] [warning] [gpu_pipeline_task.cpp:77] gpu_pipeline_task: operator 'PARTITION' (id=5) output batch 0 column count mismatch: got 13, expected 10
[2026-09-08 05:18:07.793] [warning] [gpu_pipeline_task.cpp:77] gpu_pipeline_task: operator 'PARTITION' (id=5) output batch 0 column count mismatch: got 13, expected 10
[2026-09-08 05:18:07.793] [warning] [gpu_pipeline_task.cpp:77] gpu_pipeline_task: operator 'PARTITION' (id=5) output batch 0 column count mismatch: got 13, expected 10
[2026-09-08 05:18:07.793] [warning] [gpu_pipeline_task.cpp:77] gpu_pipeline_task: operator 'PARTITION' (id=5) output batch 0 column count mismatch: got 13, expected 10
[2026-09-08 05:18:07.793] [warning] [gpu_pipeline_task.cpp:77] gpu_pipeline_task: operator 'PARTITION' (id=5) output batch 0 column count mismatch: got 13, expected 10
[2026-09-08 05:18:07.793] [warning] [gpu_pipeline_task.cpp:77] gpu_pipeline_task: operator 'PARTITION' (id=5) output batch 0 column count mismatch: got 13, expected 10
[2026-09-08 05:18:07.793] [warning] [gpu_pipeline_task.cpp:77] gpu_pipeline_task: operator 'PARTITION' (id=5) output batch 0 column count mismatch: got 13, expected 10
[2026-09-08 05:18:07.793] [warning] [gpu_pipeline_task.cpp:77] gpu_pipeline_task: operator 'PARTITION' (id=5) output batch 0 column count mismatch: got 13, expected 10
[2026-09-08 05:18:07.793] [warning] [gpu_pipeline_task.cpp:77] gpu_pipeline_task: operator 'PARTITION' (id=5) output batch 0 column count mismatch: got 13, expected 10
[2026-09-08 05:18:07.793] [warning] [gpu_pipeline_task.cpp:77] gpu_pipeline_task: operator 'PARTITION' (id=5) output batch 0 column count mismatch: got 13, expected 10
[2026-09-08 05:18:07.793] [warning] [gpu_pipeline_task.cpp:77] gpu_pipeline_task: operator 'PARTITION' (id=5) output batch 0 column count mismatch: got 13, expected 10
[2026-09-08 05:18:07.793] [warning] [gpu_pipeline_task.cpp:77] gpu_pipeline_task: operator 'PARTITION' (id=5) output batch 0 column count mismatch: got 13, expected 10
[2026-09-08 05:18:07.793] [warning] [gpu_pipeline_task.cpp:77] gpu_pipeline_task: operator 'PARTITION' (id=5) output batch 0 column count mismatch: got 13, expected 10
[2026-09-08 05:18:07.793] [warning] [gpu_pipeline_task.cpp:77] gpu_pipeline_task: operator 'PARTITION' (id=5) output batch 0 column count mismatch: got 13, expected 10
[2026-09-08 05:18:07.793] [warning] [gpu_pipeline_task.cpp:77] gpu_pipeline_task: operator 'PARTITION' (id=5) output batch 0 column count mismatch: got 13, expected 10
[2026-09-08 05:18:07.793] [warning] [gpu_pipeline_task.cpp:77] gpu_pipeline_task: operator 'PARTITION' (id=5) output batch 0 column count mismatch: got 13, expected 10
[2026-09-08 05:18:07.793] [warning] [gpu_pipeline_task.cpp:77] gpu_pipeline_task: operator 'PARTITION' (id=5) output batch 0 column count mismatch: got 13, expected 10
[2026-09-08 05:18:07.793] [warning] [gpu_pipeline_task.cpp:77] gpu_pipeline_task: operator 'PARTITION' (id=5) output batch 0 column count mismatch: got 13, expected 10
[2026-09-08 05:18:07.793] [warning] [gpu_pipeline_task.cpp:77] gpu_pipeline_task: operator 'PARTITION' (id=5) output batch 0 column count mismatch: got 13, expected 10
[2026-09-08 05:18:07.793] [warning] [gpu_pipeline_task.cpp:77] gpu_pipeline_task: operator 'PARTITION' (id=5) output batch 0 column count mismatch: got 13, expected 10
[2026-09-08 05:18:07.793] [warning] [gpu_pipeline_task.cpp:77] gpu_pipeline_task: operator 'PARTITION' (id=5) output batch 0 column count mismatch: got 13, expected 10
[2026-09-08 05:18:07.793] [warning] [gpu_pipeline_task.cpp:77] gpu_pipeline_task: operator 'PARTITION' (id=5) output batch 0 column count mismatch: got 13, expected 10
[2026-09-08 05:18:07.793] [warning] [gpu_pipeline_task.cpp:77] gpu_pipeline_task: operator 'PARTITION' (id=5) output batch 0 column count mismatch: got 13, expected 10
[2026-09-08 05:18:07.793] [warning] [gpu_pipeline_task.cpp:77] gpu_pipeline_task: operator 'PARTITION' (id=5) output batch 0 column count mismatch: got 13, expected 10
[2026-09-08 05:18:07.793] [warning] [gpu_pipeline_task.cpp:77] gpu_pipeline_task: operator 'PARTITION' (id=5) output batch 0 column count mismatch: got 13, expected 10
[2026-09-08 05:18:07.798] [info] [gpu_pipeline_executor.cpp:129] GPU Pipeline Executor: task queue interrupted, stopping manager loop
[2026-09-08 05:18:07.798] [info] [sirius_context.cpp:405] QueryEnd
[2026-09-08 05:18:07.798] [info] [memory_prefetcher.cpp:72] [memory_prefetcher] stopping: prefetched 34 batches / 8253435516 bytes (stops: headroom=0 reservation=0, skips: lock=0 draining=4, errors=0)
[2026-09-08 05:18:07.798] [info] [sirius_context.cpp:256] [host_pool] HOST:0 QueryEnd instance=0xfef5f1960360 connection=1 window=4 query=13 allocated=55901683712 bytes peak=55968792576 bytes free_blocks=2303
[2026-09-08 05:18:07.798] [info] [sirius_context.cpp:271] [gpu_pool] GPU:0 QueryEnd instance=0xfef5f1960360 connection=1 window=4 query=13 allocated=0 bytes peak=123060638503 bytes reserved=0 bytes
[2026-09-08 05:18:07.798] [info] [sirius_context.cpp:521] [window] end instance=0xfef5f1960360 connection=1 window=4 query=13 outcome=ok
[2026-09-08 05:18:07.798] [info] [physical_sirius_execution.cpp:327] Transparent GPU execution: query completed
[2026-09-08 05:18:07.815] [info] [sirius_context.cpp:329] QueryBegin: instance=0xfef5f1960360 connection=1 query=14 SQL: CALL unpin_table('lineitem')
[2026-09-08 05:18:07.816] [info] [sirius_context.cpp:329] QueryBegin: instance=0xfef5f1960360 connection=1 query=15 SQL: CALL pin_table('/datasets/tpch_sf1000_sorted/part/*.parquet', tier='host', name='part', cols=['p_partkey','p_mfgr','p_size','p_type'])
[2026-09-08 05:18:07.816] [info] [sirius_context.cpp:521] [window] begin instance=0xfef5f1960360 connection=1 window=5 query=15 outcome=-
[2026-09-08 05:18:07.816] [info] [sirius_context.cpp:256] [host_pool] HOST:0 QueryBegin instance=0xfef5f1960360 connection=1 window=5 query=15 allocated=17448304640 bytes peak=55968792576 bytes free_blocks=2876
[2026-09-08 05:18:07.816] [info] [sirius_context.cpp:271] [gpu_pool] GPU:0 QueryBegin instance=0xfef5f1960360 connection=1 window=5 query=15 allocated=0 bytes peak=123060638503 bytes reserved=0 bytes
[2026-09-08 05:18:07.816] [info] [sirius_context.cpp:389] QueryBegin: pin_table
[2026-09-08 05:18:07.818] [warning] [sirius_extension.cpp:1430] [pin_table] 'part': pin_table_compression is enabled but no plan file was found in '/home/nvidia/joost/sirius-zonemap/bench/sf1000-repro/plans'; pinning uncompressed
[2026-09-08 05:18:07.921] [info] [sirius_context.cpp:405] QueryEnd
[2026-09-08 05:18:07.921] [info] [sirius_context.cpp:256] [host_pool] HOST:0 QueryEnd instance=0xfef5f1960360 connection=1 window=5 query=15 allocated=27380416512 bytes peak=55968792576 bytes free_blocks=2728
[2026-09-08 05:18:07.921] [info] [sirius_context.cpp:271] [gpu_pool] GPU:0 QueryEnd instance=0xfef5f1960360 connection=1 window=5 query=15 allocated=0 bytes peak=123060638503 bytes reserved=0 bytes
[2026-09-08 05:18:07.921] [info] [sirius_context.cpp:521] [window] end instance=0xfef5f1960360 connection=1 window=5 query=15 outcome=ok
[2026-09-08 05:18:07.922] [info] [sirius_context.cpp:329] QueryBegin: instance=0xfef5f1960360 connection=1 query=16 SQL: CALL pin_table('/datasets/tpch_sf1000_sorted/supplier/*.parquet', tier='host', name='supplier', cols=['s_suppkey','s_acctbal','s_name','s_address','s_phone','s_comment','s_nationkey'])
[2026-09-08 05:18:07.922] [info] [sirius_context.cpp:521] [window] begin instance=0xfef5f1960360 connection=1 window=6 query=16 outcome=-
[2026-09-08 05:18:07.922] [info] [sirius_context.cpp:256] [host_pool] HOST:0 QueryBegin instance=0xfef5f1960360 connection=1 window=6 query=16 allocated=27380416512 bytes peak=55968792576 bytes free_blocks=2728
[2026-09-08 05:18:07.922] [info] [sirius_context.cpp:271] [gpu_pool] GPU:0 QueryBegin instance=0xfef5f1960360 connection=1 window=6 query=16 allocated=0 bytes peak=123060638503 bytes reserved=0 bytes
[2026-09-08 05:18:07.922] [info] [sirius_context.cpp:389] QueryBegin: pin_table
[2026-09-08 05:18:07.922] [warning] [sirius_extension.cpp:1430] [pin_table] 'supplier': pin_table_compression is enabled but no plan file was found in '/home/nvidia/joost/sirius-zonemap/bench/sf1000-repro/plans'; pinning uncompressed
[2026-09-08 05:18:07.970] [info] [sirius_context.cpp:405] QueryEnd
[2026-09-08 05:18:07.970] [info] [sirius_context.cpp:256] [host_pool] HOST:0 QueryEnd instance=0xfef5f1960360 connection=1 window=6 query=16 allocated=28856811520 bytes peak=55968792576 bytes free_blocks=2706
[2026-09-08 05:18:07.970] [info] [sirius_context.cpp:271] [gpu_pool] GPU:0 QueryEnd instance=0xfef5f1960360 connection=1 window=6 query=16 allocated=0 bytes peak=123060638503 bytes reserved=0 bytes
[2026-09-08 05:18:07.970] [info] [sirius_context.cpp:521] [window] end instance=0xfef5f1960360 connection=1 window=6 query=16 outcome=ok
[2026-09-08 05:18:07.970] [info] [sirius_context.cpp:329] QueryBegin: instance=0xfef5f1960360 connection=1 query=17 SQL: CALL pin_table('/datasets/tpch_sf1000_sorted/partsupp/*.parquet', tier='host', name='partsupp', cols=['ps_partkey','ps_suppkey','ps_supplycost'])
[2026-09-08 05:18:07.971] [info] [sirius_context.cpp:521] [window] begin instance=0xfef5f1960360 connection=1 window=7 query=17 outcome=-
[2026-09-08 05:18:07.971] [info] [sirius_context.cpp:256] [host_pool] HOST:0 QueryBegin instance=0xfef5f1960360 connection=1 window=7 query=17 allocated=28856811520 bytes peak=55968792576 bytes free_blocks=2706
[2026-09-08 05:18:07.971] [info] [sirius_context.cpp:271] [gpu_pool] GPU:0 QueryBegin instance=0xfef5f1960360 connection=1 window=7 query=17 allocated=0 bytes peak=123060638503 bytes reserved=0 bytes
[2026-09-08 05:18:07.971] [info] [sirius_context.cpp:389] QueryBegin: pin_table
[2026-09-08 05:18:07.972] [warning] [sirius_extension.cpp:1430] [pin_table] 'partsupp': pin_table_compression is enabled but no plan file was found in '/home/nvidia/joost/sirius-zonemap/bench/sf1000-repro/plans'; pinning uncompressed
[2026-09-08 05:18:08.305] [info] [sirius_context.cpp:405] QueryEnd
[2026-09-08 05:18:08.305] [info] [sirius_context.cpp:256] [host_pool] HOST:0 QueryEnd instance=0xfef5f1960360 connection=1 window=7 query=17 allocated=38990249984 bytes peak=55968792576 bytes free_blocks=2555
[2026-09-08 05:18:08.305] [info] [sirius_context.cpp:271] [gpu_pool] GPU:0 QueryEnd instance=0xfef5f1960360 connection=1 window=7 query=17 allocated=0 bytes peak=123060638503 bytes reserved=0 bytes
[2026-09-08 05:18:08.305] [info] [sirius_context.cpp:521] [window] end instance=0xfef5f1960360 connection=1 window=7 query=17 outcome=ok
[2026-09-08 05:18:08.305] [info] [sirius_context.cpp:329] QueryBegin: instance=0xfef5f1960360 connection=1 query=18 SQL: CALL pin_table('/datasets/tpch_sf1000_sorted/nation/*.parquet', tier='host', name='nation', cols=['n_nationkey','n_name','n_regionkey'])
[2026-09-08 05:18:08.306] [info] [sirius_context.cpp:521] [window] begin instance=0xfef5f1960360 connection=1 window=8 query=18 outcome=-
[2026-09-08 05:18:08.306] [info] [sirius_context.cpp:256] [host_pool] HOST:0 QueryBegin instance=0xfef5f1960360 connection=1 window=8 query=18 allocated=38990249984 bytes peak=55968792576 bytes free_blocks=2555
[2026-09-08 05:18:08.306] [info] [sirius_context.cpp:271] [gpu_pool] GPU:0 QueryBegin instance=0xfef5f1960360 connection=1 window=8 query=18 allocated=0 bytes peak=123060638503 bytes reserved=0 bytes
[2026-09-08 05:18:08.306] [info] [sirius_context.cpp:389] QueryBegin: pin_table
[2026-09-08 05:18:08.306] [warning] [sirius_extension.cpp:1430] [pin_table] 'nation': pin_table_compression is enabled but no plan file was found in '/home/nvidia/joost/sirius-zonemap/bench/sf1000-repro/plans'; pinning uncompressed
[2026-09-08 05:18:08.343] [info] [sirius_extension.cpp:1478] [late-mat] pin 'nation': column 'n_nationkey' proven distinct table-wide (per-chunk)
[2026-09-08 05:18:08.343] [info] [sirius_extension.cpp:1478] [late-mat] pin 'nation': column 'n_name' proven distinct table-wide (per-chunk)
[2026-09-08 05:18:08.343] [info] [sirius_context.cpp:405] QueryEnd
[2026-09-08 05:18:08.343] [info] [sirius_context.cpp:256] [host_pool] HOST:0 QueryEnd instance=0xfef5f1960360 connection=1 window=8 query=18 allocated=39057358848 bytes peak=55968792576 bytes free_blocks=2554
[2026-09-08 05:18:08.343] [info] [sirius_context.cpp:271] [gpu_pool] GPU:0 QueryEnd instance=0xfef5f1960360 connection=1 window=8 query=18 allocated=0 bytes peak=123060638503 bytes reserved=0 bytes
[2026-09-08 05:18:08.343] [info] [sirius_context.cpp:521] [window] end instance=0xfef5f1960360 connection=1 window=8 query=18 outcome=ok
[2026-09-08 05:18:08.343] [info] [sirius_context.cpp:329] QueryBegin: instance=0xfef5f1960360 connection=1 query=19 SQL: CALL pin_table('/datasets/tpch_sf1000_sorted/region/*.parquet', tier='host', name='region', cols=['r_regionkey','r_name'])
[2026-09-08 05:18:08.344] [info] [sirius_context.cpp:521] [window] begin instance=0xfef5f1960360 connection=1 window=9 query=19 outcome=-
[2026-09-08 05:18:08.344] [info] [sirius_context.cpp:256] [host_pool] HOST:0 QueryBegin instance=0xfef5f1960360 connection=1 window=9 query=19 allocated=39057358848 bytes peak=55968792576 bytes free_blocks=2554
[2026-09-08 05:18:08.344] [info] [sirius_context.cpp:271] [gpu_pool] GPU:0 QueryBegin instance=0xfef5f1960360 connection=1 window=9 query=19 allocated=0 bytes peak=123060638503 bytes reserved=0 bytes
[2026-09-08 05:18:08.344] [info] [sirius_context.cpp:389] QueryBegin: pin_table
[2026-09-08 05:18:08.344] [warning] [sirius_extension.cpp:1430] [pin_table] 'region': pin_table_compression is enabled but no plan file was found in '/home/nvidia/joost/sirius-zonemap/bench/sf1000-repro/plans'; pinning uncompressed
[2026-09-08 05:18:08.346] [info] [sirius_context.cpp:405] QueryEnd
[2026-09-08 05:18:08.346] [info] [sirius_context.cpp:256] [host_pool] HOST:0 QueryEnd instance=0xfef5f1960360 connection=1 window=9 query=19 allocated=39124467712 bytes peak=55968792576 bytes free_blocks=2553
[2026-09-08 05:18:08.346] [info] [sirius_context.cpp:271] [gpu_pool] GPU:0 QueryEnd instance=0xfef5f1960360 connection=1 window=9 query=19 allocated=0 bytes peak=123060638503 bytes reserved=0 bytes
[2026-09-08 05:18:08.346] [info] [sirius_context.cpp:521] [window] end instance=0xfef5f1960360 connection=1 window=9 query=19 outcome=ok
[2026-09-08 05:18:08.346] [info] [sirius_context.cpp:329] QueryBegin: instance=0xfef5f1960360 connection=1 query=20 SQL: CALL sirius_set_query_label('q2_iter0')
[2026-09-08 05:18:08.347] [info] [sirius_context.cpp:329] QueryBegin: instance=0xfef5f1960360 connection=1 query=21 SQL: SET gpu_execution = true;
