[2026-09-08 04:17:05.619] [info] [sirius_context.cpp:329] QueryBegin: instance=0xe1f9f1960370 connection=1 query=304 SQL: select s.s_name, s.s_address from supplier s, nation n where s.s_suppkey in ( select ps.ps_suppkey from partsupp ps where ps. ps_partkey in ( select p.p_partkey from part p where p.p_name like 'antique%' ) and ps.ps_availqty > ( select 0.5 * sum(l.l_quantity) from lineitem l where l.l_partkey = ps.ps_partkey and l.l_suppkey = ps.ps_suppkey and l.l_shipdate >= date '1993-01-01' and l.l_shipdate < date '1994-01-01' ) ) and s.s_nationkey = n.n_nationkey and n.n_name = 'KENYA' order by s.s_name
[2026-09-08 04:17:05.634] [info] [sirius_plan_comparison_join.cpp:646] [sirius_plan_comparison_join] Wired hash join with 1 dynamic-filter probe target(s) (1 scan-bound, 0 join-edge; evidence=filtered; build est 199999968 rows).
[2026-09-08 04:17:05.635] [info] [sirius_plan_comparison_join.cpp:646] [sirius_plan_comparison_join] Wired hash join with 1 dynamic-filter probe target(s) (1 scan-bound, 0 join-edge; evidence=opaque; build est 0 rows).
[2026-09-08 04:17:05.635] [info] [sirius_plan_comparison_join.cpp:646] [sirius_plan_comparison_join] Wired hash join with 1 dynamic-filter probe target(s) (1 scan-bound, 0 join-edge; evidence=filtered; build est 25 rows).
[2026-09-08 04:17:05.635] [info] [sirius_context.cpp:1467] Transparent execution: Sirius physical plan generated successfully
[2026-09-08 04:17:05.635] [info] [sirius_context.cpp:1495] Transparent execution: physical plan replaced with GPU operator
[2026-09-08 04:17:05.635] [info] [physical_sirius_execution.cpp:157] Transparent GPU execution: executing query
[2026-09-08 04:17:05.635] [info] [sirius_context.cpp:521] [window] begin instance=0xe1f9f1960370 connection=1 window=124 query=304 outcome=-
[2026-09-08 04:17:05.635] [info] [sirius_context.cpp:256] [host_pool] HOST:0 QueryBegin instance=0xe1f9f1960370 connection=1 window=124 query=304 allocated=17515413504 bytes peak=45432700928 bytes free_blocks=2875
[2026-09-08 04:17:05.635] [info] [sirius_context.cpp:271] [gpu_pool] GPU:0 QueryBegin instance=0xe1f9f1960370 connection=1 window=124 query=304 allocated=66794805248 bytes peak=254818874163 bytes reserved=0 bytes
[2026-09-08 04:17:05.635] [info] [sirius_context.cpp:389] QueryBegin: transparent_execution
[2026-09-08 04:17:05.639] [info] [sirius_plan_comparison_join.cpp:646] [sirius_plan_comparison_join] Wired hash join with 1 dynamic-filter probe target(s) (1 scan-bound, 0 join-edge; evidence=filtered; build est 199999968 rows).
[2026-09-08 04:17:05.640] [info] [sirius_plan_comparison_join.cpp:646] [sirius_plan_comparison_join] Wired hash join with 1 dynamic-filter probe target(s) (1 scan-bound, 0 join-edge; evidence=opaque; build est 0 rows).
[2026-09-08 04:17:05.640] [info] [sirius_plan_comparison_join.cpp:646] [sirius_plan_comparison_join] Wired hash join with 1 dynamic-filter probe target(s) (1 scan-bound, 0 join-edge; evidence=filtered; build est 25 rows).
[2026-09-08 04:17:05.640] [info] [sirius_engine.cpp:265] [gpu_alloc] query allocated 1 GPU(s): [0]
[2026-09-08 04:17:05.641] [info] [sirius_engine.cpp:318] Query Plan:
=== Pipeline Overview ===
Pipeline #0: GPU_SCAN (id=0)
  Output: -> PARTITION [port: default, barrier: FULL]
Pipeline #1: PARTITION (id=1)
  Input: <- Pipeline #0 [on: PARTITION (id=1), port: default, barrier: FULL]
  Dependencies: Pipeline #0
  Output: -> CONCAT [port: default, barrier: PARTIAL]
Pipeline #2: CONCAT (id=2)
  Input: <- Pipeline #1 [on: CONCAT (id=2), port: default, barrier: PARTIAL]
  Dependencies: Pipeline #1
  Output: -> HASH_JOIN [port: build, barrier: PARTIAL]
Pipeline #3: GPU_SCAN (id=3) -> DYNAMIC_FILTER (id=4)
  Output: -> PARTITION [port: default, barrier: PARTIAL]
Pipeline #4: PARTITION (id=5)
  Input: <- Pipeline #3 [on: PARTITION (id=5), port: default, barrier: PARTIAL]
  Dependencies: Pipeline #3
  Output: -> CONCAT [port: default, barrier: PARTIAL]
Pipeline #5: CONCAT (id=6)
  Input: <- Pipeline #4 [on: CONCAT (id=6), port: default, barrier: PARTIAL]
  Dependencies: Pipeline #4
  Output: -> HASH_JOIN [port: default, barrier: PARTIAL]
Pipeline #6: HASH_JOIN (id=7)
  Input: <- Pipeline #2 [on: HASH_JOIN (id=7), port: build, barrier: PARTIAL]
  Input: <- Pipeline #5 [on: HASH_JOIN (id=7), port: default, barrier: PARTIAL]
  Dependencies: Pipeline #2, Pipeline #5
  Output: -> PARTITION [port: default, barrier: FULL]
Pipeline #7: PARTITION (id=8)
  Input: <- Pipeline #6 [on: PARTITION (id=8), port: default, barrier: FULL]
  Dependencies: Pipeline #6
  Output: -> CONCAT [port: default, barrier: PARTIAL]
Pipeline #8: CONCAT (id=9)
  Input: <- Pipeline #7 [on: CONCAT (id=9), port: default, barrier: PARTIAL]
  Dependencies: Pipeline #7
  Output: -> HASH_JOIN [port: build, barrier: PARTIAL]
Pipeline #9: GPU_SCAN (id=10)
  Output: -> PARTITION [port: default, barrier: FULL]
Pipeline #10: PARTITION (id=11)
  Input: <- Pipeline #9 [on: PARTITION (id=11), port: default, barrier: FULL]
  Dependencies: Pipeline #9
  Output: -> CONCAT [port: default, barrier: PARTIAL]
Pipeline #11: CONCAT (id=12)
  Input: <- Pipeline #10 [on: CONCAT (id=12), port: default, barrier: PARTIAL]
  Dependencies: Pipeline #10
  Output: -> HASH_JOIN [port: build, barrier: PARTIAL]
Pipeline #12: GPU_SCAN (id=13) -> DYNAMIC_FILTER (id=14)
  Output: -> PARTITION [port: default, barrier: PARTIAL]
Pipeline #13: PARTITION (id=15)
  Input: <- Pipeline #12 [on: PARTITION (id=15), port: default, barrier: PARTIAL]
  Dependencies: Pipeline #12
  Output: -> CONCAT [port: default, barrier: PARTIAL]
Pipeline #14: CONCAT (id=16)
  Input: <- Pipeline #13 [on: CONCAT (id=16), port: default, barrier: PARTIAL]
  Dependencies: Pipeline #13
  Output: -> HASH_JOIN [port: default, barrier: PARTIAL]
Pipeline #15: HASH_JOIN (id=17) -> PROJECTION (id=18) -> LEFT_DELIM_JOIN (id=19)
  Input: <- Pipeline #11 [on: HASH_JOIN (id=17), port: build, barrier: PARTIAL]
  Input: <- Pipeline #14 [on: HASH_JOIN (id=17), port: default, barrier: PARTIAL]
  Dependencies: Pipeline #11, Pipeline #14
  Output: -> COLUMN_DATA_SCAN [port: default, barrier: FULL]
  Output: -> HASH_GROUP_BY [port: default, barrier: FULL]
Pipeline #16: HASH_GROUP_BY (id=20)
  Input: <- Pipeline #15 [on: HASH_GROUP_BY (id=20), port: default, barrier: FULL]
  Dependencies: Pipeline #15
  Output: -> PARTITION [port: default, barrier: FULL]
Pipeline #17: PARTITION (id=21)
  Input: <- Pipeline #16 [on: PARTITION (id=21), port: default, barrier: FULL]
  Dependencies: Pipeline #16
  Output: -> MERGE_GROUP_BY [port: default, barrier: FULL]
Pipeline #18: MERGE_GROUP_BY (id=22)
  Input: <- Pipeline #17 [on: MERGE_GROUP_BY (id=22), port: default, barrier: FULL]
  Dependencies: Pipeline #17
  Output: -> PARTITION [port: default, barrier: FULL]
Pipeline #19: PARTITION (id=23)
  Input: <- Pipeline #18 [on: PARTITION (id=23), port: default, barrier: FULL]
  Dependencies: Pipeline #18
  Output: -> CONCAT [port: default, barrier: PARTIAL]
Pipeline #20: CONCAT (id=24)
  Input: <- Pipeline #19 [on: CONCAT (id=24), port: default, barrier: PARTIAL]
  Dependencies: Pipeline #19
  Output: -> HASH_JOIN [port: build, barrier: PARTIAL]
Pipeline #21: GPU_SCAN (id=25) -> DYNAMIC_FILTER (id=26)
  Output: -> PARTITION [port: default, barrier: PARTIAL]
Pipeline #22: PARTITION (id=27)
  Input: <- Pipeline #21 [on: PARTITION (id=27), port: default, barrier: PARTIAL]
  Dependencies: Pipeline #21
  Output: -> CONCAT [port: default, barrier: PARTIAL]
Pipeline #23: CONCAT (id=28)
  Input: <- Pipeline #22 [on: CONCAT (id=28), port: default, barrier: PARTIAL]
  Dependencies: Pipeline #22
  Output: -> HASH_JOIN [port: default, barrier: PARTIAL]
Pipeline #24: HASH_JOIN (id=29) -> PROJECTION (id=30) -> PROJECTION (id=31) -> HASH_GROUP_BY (id=32)
  Input: <- Pipeline #20 [on: HASH_JOIN (id=29), port: build, barrier: PARTIAL]
  Input: <- Pipeline #23 [on: HASH_JOIN (id=29), port: default, barrier: PARTIAL]
  Dependencies: Pipeline #20, Pipeline #23
  Output: -> PARTITION [port: default, barrier: FULL]
Pipeline #25: PARTITION (id=33)
  Input: <- Pipeline #24 [on: PARTITION (id=33), port: default, barrier: FULL]
  Dependencies: Pipeline #24
  Output: -> MERGE_GROUP_BY [port: default, barrier: FULL]
Pipeline #26: MERGE_GROUP_BY (id=34) -> PROJECTION (id=35)
  Input: <- Pipeline #25 [on: MERGE_GROUP_BY (id=34), port: default, barrier: FULL]
  Dependencies: Pipeline #25
  Output: -> PARTITION [port: default, barrier: FULL]
Pipeline #27: PARTITION (id=36)
  Input: <- Pipeline #26 [on: PARTITION (id=36), port: default, barrier: FULL]
  Dependencies: Pipeline #26
  Output: -> CONCAT [port: default, barrier: PARTIAL]
Pipeline #28: CONCAT (id=37)
  Input: <- Pipeline #27 [on: CONCAT (id=37), port: default, barrier: PARTIAL]
  Dependencies: Pipeline #27
  Output: -> HASH_JOIN [port: build, barrier: PARTIAL]
Pipeline #29: COLUMN_DATA_SCAN (id=38)
  Input: <- Pipeline #15 [on: COLUMN_DATA_SCAN (id=38), port: default, barrier: FULL]
  Dependencies: Pipeline #15
  Output: -> PARTITION [port: default, barrier: PARTIAL]
Pipeline #30: PARTITION (id=39)
  Input: <- Pipeline #29 [on: PARTITION (id=39), port: default, barrier: PARTIAL]
  Dependencies: Pipeline #29
  Output: -> CONCAT [port: default, barrier: PARTIAL]
Pipeline #31: CONCAT (id=40)
  Input: <- Pipeline #30 [on: CONCAT (id=40), port: default, barrier: PARTIAL]
  Dependencies: Pipeline #30
  Output: -> HASH_JOIN [port: default, barrier: PARTIAL]
Pipeline #32: HASH_JOIN (id=41) -> FILTER (id=42)
  Input: <- Pipeline #28 [on: HASH_JOIN (id=41), port: build, barrier: PARTIAL]
  Input: <- Pipeline #31 [on: HASH_JOIN (id=41), port: default, barrier: PARTIAL]
  Dependencies: Pipeline #28, Pipeline #31
  Output: -> PARTITION [port: default, barrier: FULL]
Pipeline #33: PARTITION (id=43)
  Input: <- Pipeline #32 [on: PARTITION (id=43), port: default, barrier: FULL]
  Dependencies: Pipeline #32
  Output: -> CONCAT [port: default, barrier: PARTIAL]
Pipeline #34: CONCAT (id=44)
  Input: <- Pipeline #33 [on: CONCAT (id=44), port: default, barrier: PARTIAL]
  Dependencies: Pipeline #33
  Output: -> HASH_JOIN [port: default, barrier: PARTIAL]
Pipeline #35: HASH_JOIN (id=45) -> ORDER_BY (id=46)
  Input: <- Pipeline #34 [on: HASH_JOIN (id=45), port: default, barrier: PARTIAL]
  Input: <- Pipeline #8 [on: HASH_JOIN (id=45), port: build, barrier: PARTIAL]
  Dependencies: Pipeline #8, Pipeline #34
  Output: -> SORT_SAMPLE [port: default, barrier: PIPELINE]
Pipeline #36: SORT_SAMPLE (id=47) -> SORT_PARTITION (id=48)
  Input: <- Pipeline #35 [on: SORT_SAMPLE (id=47), port: default, barrier: PIPELINE]
  Dependencies: Pipeline #35
  Output: -> MERGE_SORT [port: default, barrier: FULL]
Pipeline #37: MERGE_SORT (id=49)
  Input: <- Pipeline #36 [on: MERGE_SORT (id=49), port: default, barrier: FULL]
  Dependencies: Pipeline #36
  Output: -> RESULT_COLLECTOR [port: default, barrier: FULL]
Pipeline #38: RESULT_COLLECTOR (id=50)
  Input: <- Pipeline #37 [on: RESULT_COLLECTOR (id=50), port: default, barrier: FULL]
  Dependencies: Pipeline #37

=== Query Plan DAG ===
┌──────────────────────────┐                                                                                                                                            
│ Pipeline #38             │                                                                                                                                            
│ RESULT_COLLECTOR (id=50) │                                                                                                                                            
│ Input(#37): FULL         │                                                                                                                                            
└────────────┬─────────────┘                                                                                                                                            
             │                                                                                                                                                          
┌──────────────────────────┐                                                                                                                                            
│ Pipeline #37             │                                                                                                                                            
│ MERGE_SORT (id=49)       │                                                                                                                                            
│ Input(#36): FULL         │                                                                                                                                            
└────────────┬─────────────┘                                                                                                                                            
             │                                                                                                                                                          
┌──────────────────────────┐                                                                                                                                            
│ Pipeline #36             │                                                                                                                                            
│ SORT_PARTITION (id=48)   │                                                                                                                                            
│ SORT_SAMPLE (id=47)      │                                                                                                                                            
│ Input(#35): PIPELINE     │                                                                                                                                            
└────────────┬─────────────┘                                                                                                                                            
             │                                                                                                                                                          
┌──────────────────────────┐                                                                                                                                            
│ Pipeline #35             │                                                                                                                                            
│ ORDER_BY (id=46)         │                                                                                                                                            
│ HASH_JOIN (id=45)        │                                                                                                                                            
│   type: RIGHT_SEMI       │                                                                                                                                            
│ Input(#34): PARTIAL      │                                                                                                                                            
│ Input(#8): PARTIAL       │                                                                                                                                            
└────────────┬─────────────┘                                                                                                                                            
             ┌───────────────────────────────────────────────────────┐                                                                                                  
             │                                                       │                                                                                                  
┌──────────────────────────┐                            ┌──────────────────────────┐                                                                                    
│ Pipeline #8              │                            │ Pipeline #34             │                                                                                    
│ CONCAT (id=9)            │                            │ CONCAT (id=44)           │                                                                                    
│ Input(#7): PARTIAL       │                            │ Input(#33): PARTIAL      │                                                                                    
└────────────┬─────────────┘                            └────────────┬─────────────┘                                                                                    
             │                                                       │                                                                                                  
┌──────────────────────────┐                            ┌──────────────────────────┐                                                                                    
│ Pipeline #7              │                            │ Pipeline #33             │                                                                                    
│ PARTITION (id=8)         │                            │ PARTITION (id=43)        │                                                                                    
│ Input(#6): FULL          │                            │ Input(#32): FULL         │                                                                                    
└────────────┬─────────────┘                            └────────────┬─────────────┘                                                                                    
             │                                                       │                                                                                                  
┌──────────────────────────┐                            ┌──────────────────────────┐                                                                                    
│ Pipeline #6              │                            │ Pipeline #32             │                                                                                    
│ HASH_JOIN (id=7)         │                            │ FILTER (id=42)           │                                                                                    
│   type: INNER            │                            │ HASH_JOIN (id=41)        │                                                                                    
│ Input(#2): PARTIAL       │                            │   type: LEFT             │                                                                                    
│ Input(#5): PARTIAL       │                            │ Input(#28): PARTIAL      │                                                                                    
│                          │                            │ Input(#31): PARTIAL      │                                                                                    
└────────────┬─────────────┘                            └────────────┬─────────────┘                                                                                    
             ┌───────────────────────────┐                           ┌───────────────────────────────────────────────────────────────────────────────────┐              
             │                           │                           │                                                                                   │              
┌──────────────────────────┐┌──────────────────────────┐┌──────────────────────────┐                                                        ┌──────────────────────────┐
│ Pipeline #2              ││ Pipeline #5              ││ Pipeline #28             │                                                        │ Pipeline #31             │
│ CONCAT (id=2)            ││ CONCAT (id=6)            ││ CONCAT (id=37)           │                                                        │ CONCAT (id=40)           │
│ Input(#1): PARTIAL       ││ Input(#4): PARTIAL       ││ Input(#27): PARTIAL      │                                                        │ Input(#30): PARTIAL      │
└────────────┬─────────────┘└────────────┬─────────────┘└────────────┬─────────────┘                                                        └────────────┬─────────────┘
             │                           │                           │                                                                                   │              
┌──────────────────────────┐┌──────────────────────────┐┌──────────────────────────┐                                                        ┌──────────────────────────┐
│ Pipeline #1              ││ Pipeline #4              ││ Pipeline #27             │                                                        │ Pipeline #30             │
│ PARTITION (id=1)         ││ PARTITION (id=5)         ││ PARTITION (id=36)        │                                                        │ PARTITION (id=39)        │
│ Input(#0): FULL          ││ Input(#3): PARTIAL       ││ Input(#26): FULL         │                                                        │ Input(#29): PARTIAL      │
└────────────┬─────────────┘└────────────┬─────────────┘└────────────┬─────────────┘                                                        └────────────┬─────────────┘
             │                           │                           │                                                                                   │              
┌──────────────────────────┐┌──────────────────────────┐┌──────────────────────────┐                                                        ┌──────────────────────────┐
│ Pipeline #0              ││ Pipeline #3              ││ Pipeline #26             │                                                        │ Pipeline #29             │
│ GPU_SCAN (id=0)          ││ DYNAMIC_FILTER (id=4)    ││ PROJECTION (id=35)       │                                                        │ COLUMN_DATA_SCAN (id=38) │
│                          ││ GPU_SCAN (id=3)          ││ MERGE_GROUP_BY (id=34)   │                                                        │ Input(#15): FULL         │
│                          ││                          ││ Input(#25): FULL         │                                                        │                          │
└──────────────────────────┘└──────────────────────────┘└────────────┬─────────────┘                                                        └────────────┬─────────────┘
                                                                     │                                                                                   │              
                                                        ┌──────────────────────────┐                                                        ┌──────────────────────────┐
                                                        │ Pipeline #25             │                                                        │ (-> Pipeline #15)        │
                                                        │ PARTITION (id=33)        │                                                        │                          │
                                                        │ Input(#24): FULL         │                                                        │                          │
                                                        └────────────┬─────────────┘                                                        └────────────┬─────────────┘
                                                                     │                                                                                                  
                                                        ┌──────────────────────────┐                                                                                    
                                                        │ Pipeline #24             │                                                                                    
                                                        │ HASH_GROUP_BY (id=32)    │                                                                                    
                                                        │ PROJECTION (id=31)       │                                                                                    
                                                        │ PROJECTION (id=30)       │                                                                                    
                                                        │ HASH_JOIN (id=29)        │                                                                                    
                                                        │   type: INNER            │                                                                                    
                                                        │ Input(#20): PARTIAL      │                                                                                    
                                                        │ Input(#23): PARTIAL      │                                                                                    
                                                        └────────────┬─────────────┘                                                                                    
                                                                     ┌───────────────────────────────────────────────────────┐                                          
                                                                     │                                                       │                                          
                                                        ┌──────────────────────────┐                            ┌──────────────────────────┐                            
                                                        │ Pipeline #20             │                            │ Pipeline #23             │                            
                                                        │ CONCAT (id=24)           │                            │ CONCAT (id=28)           │                            
                                                        │ Input(#19): PARTIAL      │                            │ Input(#22): PARTIAL      │                            
                                                        └────────────┬─────────────┘                            └────────────┬─────────────┘                            
                                                                     │                                                       │                                          
                                                        ┌──────────────────────────┐                            ┌──────────────────────────┐                            
                                                        │ Pipeline #19             │                            │ Pipeline #22             │                            
                                                        │ PARTITION (id=23)        │                            │ PARTITION (id=27)        │                            
                                                        │ Input(#18): FULL         │                            │ Input(#21): PARTIAL      │                            
                                                        └────────────┬─────────────┘                            └────────────┬─────────────┘                            
                                                                     │                                                       │                                          
                                                        ┌──────────────────────────┐                            ┌──────────────────────────┐                            
                                                        │ Pipeline #18             │                            │ Pipeline #21             │                            
                                                        │ MERGE_GROUP_BY (id=22)   │                            │ DYNAMIC_FILTER (id=26)   │                            
                                                        │ Input(#17): FULL         │                            │ GPU_SCAN (id=25)         │                            
                                                        └────────────┬─────────────┘                            └──────────────────────────┘                            
                                                                     │                                                                                                  
                                                        ┌──────────────────────────┐                                                                                    
                                                        │ Pipeline #17             │                                                                                    
                                                        │ PARTITION (id=21)        │                                                                                    
                                                        │ Input(#16): FULL         │                                                                                    
                                                        └────────────┬─────────────┘                                                                                    
                                                                     │                                                                                                  
                                                        ┌──────────────────────────┐                                                                                    
                                                        │ Pipeline #16             │                                                                                    
                                                        │ HASH_GROUP_BY (id=20)    │                                                                                    
                                                        │ Input(#15): FULL         │                                                                                    
                                                        └────────────┬─────────────┘                                                                                    
                                                                     │                                                                                                  
                                                        ┌──────────────────────────┐                                                                                    
                                                        │ Pipeline #15             │                                                                                    
                                                        │ LEFT_DELIM_JOIN (id=19)  │                                                                                    
                                                        │ PROJECTION (id=18)       │                                                                                    
                                                        │ HASH_JOIN (id=17)        │                                                                                    
                                                        │   type: SEMI             │                                                                                    
                                                        │ Input(#11): PARTIAL      │                                                                                    
                                                        │ Input(#14): PARTIAL      │                                                                                    
                                                        └────────────┬─────────────┘                                                                                    
                                                                     ┌───────────────────────────┐                                                                      
                                                                     │                           │                                                                      
                                                        ┌──────────────────────────┐┌──────────────────────────┐                                                        
                                                        │ Pipeline #11             ││ Pipeline #14             │                                                        
                                                        │ CONCAT (id=12)           ││ CONCAT (id=16)           │                                                        
                                                        │ Input(#10): PARTIAL      ││ Input(#13): PARTIAL      │                                                        
                                                        └────────────┬─────────────┘└────────────┬─────────────┘                                                        
                                                                     │                           │                                                                      
                                                        ┌──────────────────────────┐┌──────────────────────────┐                                                        
                                                        │ Pipeline #10             ││ Pipeline #13             │                                                        
                                                        │ PARTITION (id=11)        ││ PARTITION (id=15)        │                                                        
                                                        │ Input(#9): FULL          ││ Input(#12): PARTIAL      │                                                        
                                                        └────────────┬─────────────┘└────────────┬─────────────┘                                                        
                                                                     │                           │                                                                      
                                                        ┌──────────────────────────┐┌──────────────────────────┐                                                        
                                                        │ Pipeline #9              ││ Pipeline #12             │                                                        
                                                        │ GPU_SCAN (id=10)         ││ DYNAMIC_FILTER (id=14)   │                                                        
                                                        │                          ││ GPU_SCAN (id=13)         │                                                        
                                                        └──────────────────────────┘└──────────────────────────┘                                                        

[2026-09-08 04:17:05.641] [info] [sirius_engine.cpp:186] query 124 telemetry_query=01a080bc65e87980af706e93dc4d5949
[2026-09-08 04:17:05.641] [info] [sirius_scan_manager.cpp:2999] [sirius_scan_manager] assigned pinned entry 'nation' to operator '0'
[2026-09-08 04:17:05.641] [info] [sirius_scan_manager.cpp:2999] [sirius_scan_manager] assigned pinned entry 'supplier' to operator '3'
[2026-09-08 04:17:05.641] [info] [sirius_scan_manager.cpp:2999] [sirius_scan_manager] assigned pinned entry 'part' to operator '10'
[2026-09-08 04:17:05.641] [info] [sirius_scan_manager.cpp:2999] [sirius_scan_manager] assigned pinned entry 'partsupp' to operator '13'
[2026-09-08 04:17:05.641] [info] [sirius_scan_manager.cpp:2882] [sirius_scan_manager] zone-map pruning for pinned entry 'lineitem' (GPU tier): 3/16 chunks pruned, serving 13
[2026-09-08 04:17:05.641] [info] [sirius_scan_manager.cpp:2999] [sirius_scan_manager] assigned pinned entry 'lineitem' to operator '25'
[2026-09-08 04:17:05.641] [info] [sirius_scan_manager.cpp:897] [late-mat] operator 0: 1 column(s) withheld — a partition hashes them
[2026-09-08 04:17:05.641] [info] [sirius_scan_manager.cpp:897] [late-mat] operator 3: 2 column(s) withheld — a partition hashes them
[2026-09-08 04:17:05.641] [info] [sirius_scan_manager.cpp:897] [late-mat] operator 10: 1 column(s) withheld — a partition hashes them
[2026-09-08 04:17:05.641] [info] [sirius_scan_manager.cpp:897] [late-mat] operator 13: 1 column(s) withheld — a partition hashes them
[2026-09-08 04:17:05.641] [info] [sirius_scan_manager.cpp:823] [late-mat] operator 25: not deferring — the scan restricts rows and its pin is compressed, so the surviving rows are decided inside the decode
[2026-09-08 04:17:05.641] [info] [memory_prefetcher.cpp:59] [memory_prefetcher] started: 3 threads, 5 connectors, min_free_fraction=0.40
[2026-09-08 04:17:05.642] [info] [dynamic_filter_publisher.cpp:297] [sirius_physical_hash_join] Pushed 1 dynamic filter(s) across 1 active target(s) of 1 wired target(s) (1 build rows, 1 bound keys of 1 admitted).
[2026-09-08 04:17:05.643] [warning] [sirius_physical_partition.cpp:375] slot_for_device: device_id 0 not found in active GPU list, falling back to slot 0
[2026-09-08 04:17:05.657] [info] [dynamic_filter_publisher.cpp:297] [sirius_physical_hash_join] Pushed 1 dynamic filter(s) across 1 active target(s) of 1 wired target(s) (2174140 build rows, 1 bound keys of 1 admitted).
[2026-09-08 04:17:05.665] [warning] [sirius_physical_partition.cpp:375] slot_for_device: device_id 0 not found in active GPU list, falling back to slot 0
[2026-09-08 04:17:05.665] [warning] [sirius_physical_partition.cpp:375] slot_for_device: device_id 0 not found in active GPU list, falling back to slot 0
[2026-09-08 04:17:05.668] [info] [dynamic_filter_publisher.cpp:297] [sirius_physical_hash_join] Pushed 2 dynamic filter(s) across 1 active target(s) of 1 wired target(s) (8696560 build rows, 2 bound keys of 2 admitted).
[2026-09-08 04:17:05.716] [warning] [sirius_physical_partition.cpp:375] slot_for_device: device_id 0 not found in active GPU list, falling back to slot 0
[2026-09-08 04:17:05.716] [warning] [sirius_physical_partition.cpp:375] slot_for_device: device_id 0 not found in active GPU list, falling back to slot 0
[2026-09-08 04:17:05.716] [warning] [sirius_physical_partition.cpp:375] slot_for_device: device_id 0 not found in active GPU list, falling back to slot 0
[2026-09-08 04:17:05.716] [warning] [sirius_physical_partition.cpp:375] slot_for_device: device_id 0 not found in active GPU list, falling back to slot 0
[2026-09-08 04:17:05.716] [warning] [sirius_physical_partition.cpp:375] slot_for_device: device_id 0 not found in active GPU list, falling back to slot 0
[2026-09-08 04:17:05.716] [warning] [sirius_physical_partition.cpp:375] slot_for_device: device_id 0 not found in active GPU list, falling back to slot 0
[2026-09-08 04:17:05.716] [warning] [sirius_physical_partition.cpp:375] slot_for_device: device_id 0 not found in active GPU list, falling back to slot 0
[2026-09-08 04:17:05.716] [warning] [sirius_physical_partition.cpp:375] slot_for_device: device_id 0 not found in active GPU list, falling back to slot 0
[2026-09-08 04:17:05.717] [warning] [sirius_physical_partition.cpp:375] slot_for_device: device_id 0 not found in active GPU list, falling back to slot 0
[2026-09-08 04:17:05.718] [warning] [sirius_physical_partition.cpp:375] slot_for_device: device_id 0 not found in active GPU list, falling back to slot 0
[2026-09-08 04:17:05.718] [warning] [sirius_physical_partition.cpp:375] slot_for_device: device_id 0 not found in active GPU list, falling back to slot 0
[2026-09-08 04:17:05.718] [warning] [sirius_physical_partition.cpp:375] slot_for_device: device_id 0 not found in active GPU list, falling back to slot 0
[2026-09-08 04:17:05.719] [warning] [sirius_physical_partition.cpp:375] slot_for_device: device_id 0 not found in active GPU list, falling back to slot 0
[2026-09-08 04:17:05.733] [info] [gpu_pipeline_executor.cpp:129] GPU Pipeline Executor: task queue interrupted, stopping manager loop
[2026-09-08 04:17:05.733] [info] [sirius_context.cpp:405] QueryEnd
[2026-09-08 04:17:05.733] [info] [memory_prefetcher.cpp:72] [memory_prefetcher] stopping: prefetched 0 batches / 0 bytes (stops: headroom=0 reservation=0, skips: lock=0 draining=147, errors=0)
[2026-09-08 04:17:05.733] [info] [sirius_context.cpp:256] [host_pool] HOST:0 QueryEnd instance=0xe1f9f1960370 connection=1 window=124 query=304 allocated=17515413504 bytes peak=45432700928 bytes free_blocks=2875
[2026-09-08 04:17:05.733] [info] [sirius_context.cpp:271] [gpu_pool] GPU:0 QueryEnd instance=0xe1f9f1960370 connection=1 window=124 query=304 allocated=66794805248 bytes peak=254818874163 bytes reserved=0 bytes
[2026-09-08 04:17:05.733] [info] [sirius_context.cpp:521] [window] end instance=0xe1f9f1960370 connection=1 window=124 query=304 outcome=ok
[2026-09-08 04:17:05.733] [info] [physical_sirius_execution.cpp:327] Transparent GPU execution: query completed
[2026-09-08 04:17:05.816] [info] [sirius_context.cpp:329] QueryBegin: instance=0xe1f9f1960370 connection=1 query=305 SQL: CALL sirius_set_query_label('q20_iter1')
[2026-09-08 04:17:05.816] [info] [sirius_context.cpp:329] QueryBegin: instance=0xe1f9f1960370 connection=1 query=306 SQL: SET gpu_execution = true;
[2026-09-08 04:17:05.816] [info] [sirius_context.cpp:329] QueryBegin: instance=0xe1f9f1960370 connection=1 query=307 SQL: select s.s_name, s.s_address from supplier s, nation n where s.s_suppkey in ( select ps.ps_suppkey from partsupp ps where ps. ps_partkey in ( select p.p_partkey from part p where p.p_name like 'antique%' ) and ps.ps_availqty > ( select 0.5 * sum(l.l_quantity) from lineitem l where l.l_partkey = ps.ps_partkey and l.l_suppkey = ps.ps_suppkey and l.l_shipdate >= date '1993-01-01' and l.l_shipdate < date '1994-01-01' ) ) and s.s_nationkey = n.n_nationkey and n.n_name = 'KENYA' order by s.s_name
[2026-09-08 04:17:05.830] [info] [sirius_plan_comparison_join.cpp:646] [sirius_plan_comparison_join] Wired hash join with 1 dynamic-filter probe target(s) (1 scan-bound, 0 join-edge; evidence=filtered; build est 199999968 rows).
[2026-09-08 04:17:05.830] [info] [sirius_plan_comparison_join.cpp:646] [sirius_plan_comparison_join] Wired hash join with 1 dynamic-filter probe target(s) (1 scan-bound, 0 join-edge; evidence=opaque; build est 0 rows).
[2026-09-08 04:17:05.831] [info] [sirius_plan_comparison_join.cpp:646] [sirius_plan_comparison_join] Wired hash join with 1 dynamic-filter probe target(s) (1 scan-bound, 0 join-edge; evidence=filtered; build est 25 rows).
[2026-09-08 04:17:05.831] [info] [sirius_context.cpp:1467] Transparent execution: Sirius physical plan generated successfully
[2026-09-08 04:17:05.831] [info] [sirius_context.cpp:1495] Transparent execution: physical plan replaced with GPU operator
[2026-09-08 04:17:05.831] [info] [physical_sirius_execution.cpp:157] Transparent GPU execution: executing query
[2026-09-08 04:17:05.831] [info] [sirius_context.cpp:521] [window] begin instance=0xe1f9f1960370 connection=1 window=125 query=307 outcome=-
[2026-09-08 04:17:05.831] [info] [sirius_context.cpp:256] [host_pool] HOST:0 QueryBegin instance=0xe1f9f1960370 connection=1 window=125 query=307 allocated=17515413504 bytes peak=45432700928 bytes free_blocks=2875
[2026-09-08 04:17:05.831] [info] [sirius_context.cpp:271] [gpu_pool] GPU:0 QueryBegin instance=0xe1f9f1960370 connection=1 window=125 query=307 allocated=66794805248 bytes peak=254818874163 bytes reserved=0 bytes
[2026-09-08 04:17:05.831] [info] [sirius_context.cpp:389] QueryBegin: transparent_execution
[2026-09-08 04:17:05.835] [info] [sirius_plan_comparison_join.cpp:646] [sirius_plan_comparison_join] Wired hash join with 1 dynamic-filter probe target(s) (1 scan-bound, 0 join-edge; evidence=filtered; build est 199999968 rows).
[2026-09-08 04:17:05.835] [info] [sirius_plan_comparison_join.cpp:646] [sirius_plan_comparison_join] Wired hash join with 1 dynamic-filter probe target(s) (1 scan-bound, 0 join-edge; evidence=opaque; build est 0 rows).
[2026-09-08 04:17:05.835] [info] [sirius_plan_comparison_join.cpp:646] [sirius_plan_comparison_join] Wired hash join with 1 dynamic-filter probe target(s) (1 scan-bound, 0 join-edge; evidence=filtered; build est 25 rows).
[2026-09-08 04:17:05.836] [info] [sirius_engine.cpp:265] [gpu_alloc] query allocated 1 GPU(s): [0]
[2026-09-08 04:17:05.836] [info] [sirius_engine.cpp:318] Query Plan:
=== Pipeline Overview ===
Pipeline #0: GPU_SCAN (id=0)
  Output: -> PARTITION [port: default, barrier: FULL]
Pipeline #1: PARTITION (id=1)
  Input: <- Pipeline #0 [on: PARTITION (id=1), port: default, barrier: FULL]
  Dependencies: Pipeline #0
  Output: -> CONCAT [port: default, barrier: PARTIAL]
Pipeline #2: CONCAT (id=2)
  Input: <- Pipeline #1 [on: CONCAT (id=2), port: default, barrier: PARTIAL]
  Dependencies: Pipeline #1
  Output: -> HASH_JOIN [port: build, barrier: PARTIAL]
Pipeline #3: GPU_SCAN (id=3) -> DYNAMIC_FILTER (id=4)
  Output: -> PARTITION [port: default, barrier: PARTIAL]
Pipeline #4: PARTITION (id=5)
  Input: <- Pipeline #3 [on: PARTITION (id=5), port: default, barrier: PARTIAL]
  Dependencies: Pipeline #3
  Output: -> CONCAT [port: default, barrier: PARTIAL]
Pipeline #5: CONCAT (id=6)
  Input: <- Pipeline #4 [on: CONCAT (id=6), port: default, barrier: PARTIAL]
  Dependencies: Pipeline #4
  Output: -> HASH_JOIN [port: default, barrier: PARTIAL]
Pipeline #6: HASH_JOIN (id=7)
  Input: <- Pipeline #2 [on: HASH_JOIN (id=7), port: build, barrier: PARTIAL]
  Input: <- Pipeline #5 [on: HASH_JOIN (id=7), port: default, barrier: PARTIAL]
  Dependencies: Pipeline #2, Pipeline #5
  Output: -> PARTITION [port: default, barrier: FULL]
Pipeline #7: PARTITION (id=8)
  Input: <- Pipeline #6 [on: PARTITION (id=8), port: default, barrier: FULL]
  Dependencies: Pipeline #6
  Output: -> CONCAT [port: default, barrier: PARTIAL]
Pipeline #8: CONCAT (id=9)
  Input: <- Pipeline #7 [on: CONCAT (id=9), port: default, barrier: PARTIAL]
  Dependencies: Pipeline #7
  Output: -> HASH_JOIN [port: build, barrier: PARTIAL]
Pipeline #9: GPU_SCAN (id=10)
  Output: -> PARTITION [port: default, barrier: FULL]
Pipeline #10: PARTITION (id=11)
  Input: <- Pipeline #9 [on: PARTITION (id=11), port: default, barrier: FULL]
  Dependencies: Pipeline #9
  Output: -> CONCAT [port: default, barrier: PARTIAL]
Pipeline #11: CONCAT (id=12)
  Input: <- Pipeline #10 [on: CONCAT (id=12), port: default, barrier: PARTIAL]
  Dependencies: Pipeline #10
  Output: -> HASH_JOIN [port: build, barrier: PARTIAL]
Pipeline #12: GPU_SCAN (id=13) -> DYNAMIC_FILTER (id=14)
  Output: -> PARTITION [port: default, barrier: PARTIAL]
Pipeline #13: PARTITION (id=15)
  Input: <- Pipeline #12 [on: PARTITION (id=15), port: default, barrier: PARTIAL]
  Dependencies: Pipeline #12
  Output: -> CONCAT [port: default, barrier: PARTIAL]
Pipeline #14: CONCAT (id=16)
  Input: <- Pipeline #13 [on: CONCAT (id=16), port: default, barrier: PARTIAL]
  Dependencies: Pipeline #13
  Output: -> HASH_JOIN [port: default, barrier: PARTIAL]
Pipeline #15: HASH_JOIN (id=17) -> PROJECTION (id=18) -> LEFT_DELIM_JOIN (id=19)
  Input: <- Pipeline #11 [on: HASH_JOIN (id=17), port: build, barrier: PARTIAL]
  Input: <- Pipeline #14 [on: HASH_JOIN (id=17), port: default, barrier: PARTIAL]
  Dependencies: Pipeline #11, Pipeline #14
  Output: -> COLUMN_DATA_SCAN [port: default, barrier: FULL]
  Output: -> HASH_GROUP_BY [port: default, barrier: FULL]
Pipeline #16: HASH_GROUP_BY (id=20)
  Input: <- Pipeline #15 [on: HASH_GROUP_BY (id=20), port: default, barrier: FULL]
  Dependencies: Pipeline #15
  Output: -> PARTITION [port: default, barrier: FULL]
Pipeline #17: PARTITION (id=21)
  Input: <- Pipeline #16 [on: PARTITION (id=21), port: default, barrier: FULL]
  Dependencies: Pipeline #16
  Output: -> MERGE_GROUP_BY [port: default, barrier: FULL]
Pipeline #18: MERGE_GROUP_BY (id=22)
  Input: <- Pipeline #17 [on: MERGE_GROUP_BY (id=22), port: default, barrier: FULL]
  Dependencies: Pipeline #17
  Output: -> PARTITION [port: default, barrier: FULL]
Pipeline #19: PARTITION (id=23)
  Input: <- Pipeline #18 [on: PARTITION (id=23), port: default, barrier: FULL]
  Dependencies: Pipeline #18
  Output: -> CONCAT [port: default, barrier: PARTIAL]
Pipeline #20: CONCAT (id=24)
  Input: <- Pipeline #19 [on: CONCAT (id=24), port: default, barrier: PARTIAL]
  Dependencies: Pipeline #19
  Output: -> HASH_JOIN [port: build, barrier: PARTIAL]
Pipeline #21: GPU_SCAN (id=25) -> DYNAMIC_FILTER (id=26)
  Output: -> PARTITION [port: default, barrier: PARTIAL]
Pipeline #22: PARTITION (id=27)
  Input: <- Pipeline #21 [on: PARTITION (id=27), port: default, barrier: PARTIAL]
  Dependencies: Pipeline #21
  Output: -> CONCAT [port: default, barrier: PARTIAL]
Pipeline #23: CONCAT (id=28)
  Input: <- Pipeline #22 [on: CONCAT (id=28), port: default, barrier: PARTIAL]
  Dependencies: Pipeline #22
  Output: -> HASH_JOIN [port: default, barrier: PARTIAL]
Pipeline #24: HASH_JOIN (id=29) -> PROJECTION (id=30) -> PROJECTION (id=31) -> HASH_GROUP_BY (id=32)
  Input: <- Pipeline #20 [on: HASH_JOIN (id=29), port: build, barrier: PARTIAL]
  Input: <- Pipeline #23 [on: HASH_JOIN (id=29), port: default, barrier: PARTIAL]
  Dependencies: Pipeline #20, Pipeline #23
  Output: -> PARTITION [port: default, barrier: FULL]
Pipeline #25: PARTITION (id=33)
  Input: <- Pipeline #24 [on: PARTITION (id=33), port: default, barrier: FULL]
  Dependencies: Pipeline #24
  Output: -> MERGE_GROUP_BY [port: default, barrier: FULL]
Pipeline #26: MERGE_GROUP_BY (id=34) -> PROJECTION (id=35)
  Input: <- Pipeline #25 [on: MERGE_GROUP_BY (id=34), port: default, barrier: FULL]
  Dependencies: Pipeline #25
  Output: -> PARTITION [port: default, barrier: FULL]
Pipeline #27: PARTITION (id=36)
  Input: <- Pipeline #26 [on: PARTITION (id=36), port: default, barrier: FULL]
  Dependencies: Pipeline #26
  Output: -> CONCAT [port: default, barrier: PARTIAL]
Pipeline #28: CONCAT (id=37)
  Input: <- Pipeline #27 [on: CONCAT (id=37), port: default, barrier: PARTIAL]
  Dependencies: Pipeline #27
  Output: -> HASH_JOIN [port: build, barrier: PARTIAL]
Pipeline #29: COLUMN_DATA_SCAN (id=38)
  Input: <- Pipeline #15 [on: COLUMN_DATA_SCAN (id=38), port: default, barrier: FULL]
  Dependencies: Pipeline #15
  Output: -> PARTITION [port: default, barrier: PARTIAL]
Pipeline #30: PARTITION (id=39)
  Input: <- Pipeline #29 [on: PARTITION (id=39), port: default, barrier: PARTIAL]
  Dependencies: Pipeline #29
  Output: -> CONCAT [port: default, barrier: PARTIAL]
Pipeline #31: CONCAT (id=40)
  Input: <- Pipeline #30 [on: CONCAT (id=40), port: default, barrier: PARTIAL]
  Dependencies: Pipeline #30
  Output: -> HASH_JOIN [port: default, barrier: PARTIAL]
Pipeline #32: HASH_JOIN (id=41) -> FILTER (id=42)
  Input: <- Pipeline #28 [on: HASH_JOIN (id=41), port: build, barrier: PARTIAL]
  Input: <- Pipeline #31 [on: HASH_JOIN (id=41), port: default, barrier: PARTIAL]
  Dependencies: Pipeline #28, Pipeline #31
  Output: -> PARTITION [port: default, barrier: FULL]
Pipeline #33: PARTITION (id=43)
  Input: <- Pipeline #32 [on: PARTITION (id=43), port: default, barrier: FULL]
  Dependencies: Pipeline #32
  Output: -> CONCAT [port: default, barrier: PARTIAL]
Pipeline #34: CONCAT (id=44)
  Input: <- Pipeline #33 [on: CONCAT (id=44), port: default, barrier: PARTIAL]
  Dependencies: Pipeline #33
  Output: -> HASH_JOIN [port: default, barrier: PARTIAL]
Pipeline #35: HASH_JOIN (id=45) -> ORDER_BY (id=46)
  Input: <- Pipeline #34 [on: HASH_JOIN (id=45), port: default, barrier: PARTIAL]
  Input: <- Pipeline #8 [on: HASH_JOIN (id=45), port: build, barrier: PARTIAL]
  Dependencies: Pipeline #8, Pipeline #34
  Output: -> SORT_SAMPLE [port: default, barrier: PIPELINE]
Pipeline #36: SORT_SAMPLE (id=47) -> SORT_PARTITION (id=48)
  Input: <- Pipeline #35 [on: SORT_SAMPLE (id=47), port: default, barrier: PIPELINE]
  Dependencies: Pipeline #35
  Output: -> MERGE_SORT [port: default, barrier: FULL]
Pipeline #37: MERGE_SORT (id=49)
  Input: <- Pipeline #36 [on: MERGE_SORT (id=49), port: default, barrier: FULL]
  Dependencies: Pipeline #36
  Output: -> RESULT_COLLECTOR [port: default, barrier: FULL]
Pipeline #38: RESULT_COLLECTOR (id=50)
  Input: <- Pipeline #37 [on: RESULT_COLLECTOR (id=50), port: default, barrier: FULL]
  Dependencies: Pipeline #37

=== Query Plan DAG ===
┌──────────────────────────┐                                                                                                                                            
│ Pipeline #38             │                                                                                                                                            
│ RESULT_COLLECTOR (id=50) │                                                                                                                                            
│ Input(#37): FULL         │                                                                                                                                            
└────────────┬─────────────┘                                                                                                                                            
             │                                                                                                                                                          
┌──────────────────────────┐                                                                                                                                            
│ Pipeline #37             │                                                                                                                                            
│ MERGE_SORT (id=49)       │                                                                                                                                            
│ Input(#36): FULL         │                                                                                                                                            
└────────────┬─────────────┘                                                                                                                                            
             │                                                                                                                                                          
┌──────────────────────────┐                                                                                                                                            
│ Pipeline #36             │                                                                                                                                            
│ SORT_PARTITION (id=48)   │                                                                                                                                            
│ SORT_SAMPLE (id=47)      │                                                                                                                                            
│ Input(#35): PIPELINE     │                                                                                                                                            
└────────────┬─────────────┘                                                                                                                                            
             │                                                                                                                                                          
┌──────────────────────────┐                                                                                                                                            
│ Pipeline #35             │                                                                                                                                            
│ ORDER_BY (id=46)         │                                                                                                                                            
│ HASH_JOIN (id=45)        │                                                                                                                                            
│   type: RIGHT_SEMI       │                                                                                                                                            
│ Input(#34): PARTIAL      │                                                                                                                                            
│ Input(#8): PARTIAL       │                                                                                                                                            
└────────────┬─────────────┘                                                                                                                                            
             ┌───────────────────────────────────────────────────────┐                                                                                                  
             │                                                       │                                                                                                  
┌──────────────────────────┐                            ┌──────────────────────────┐                                                                                    
│ Pipeline #8              │                            │ Pipeline #34             │                                                                                    
│ CONCAT (id=9)            │                            │ CONCAT (id=44)           │                                                                                    
│ Input(#7): PARTIAL       │                            │ Input(#33): PARTIAL      │                                                                                    
└────────────┬─────────────┘                            └────────────┬─────────────┘                                                                                    
             │                                                       │                                                                                                  
┌──────────────────────────┐                            ┌──────────────────────────┐                                                                                    
│ Pipeline #7              │                            │ Pipeline #33             │                                                                                    
│ PARTITION (id=8)         │                            │ PARTITION (id=43)        │                                                                                    
│ Input(#6): FULL          │                            │ Input(#32): FULL         │                                                                                    
└────────────┬─────────────┘                            └────────────┬─────────────┘                                                                                    
             │                                                       │                                                                                                  
┌──────────────────────────┐                            ┌──────────────────────────┐                                                                                    
│ Pipeline #6              │                            │ Pipeline #32             │                                                                                    
│ HASH_JOIN (id=7)         │                            │ FILTER (id=42)           │                                                                                    
│   type: INNER            │                            │ HASH_JOIN (id=41)        │                                                                                    
│ Input(#2): PARTIAL       │                            │   type: LEFT             │                                                                                    
│ Input(#5): PARTIAL       │                            │ Input(#28): PARTIAL      │                                                                                    
│                          │                            │ Input(#31): PARTIAL      │                                                                                    
└────────────┬─────────────┘                            └────────────┬─────────────┘                                                                                    
             ┌───────────────────────────┐                           ┌───────────────────────────────────────────────────────────────────────────────────┐              
             │                           │                           │                                                                                   │              
┌──────────────────────────┐┌──────────────────────────┐┌──────────────────────────┐                                                        ┌──────────────────────────┐
│ Pipeline #2              ││ Pipeline #5              ││ Pipeline #28             │                                                        │ Pipeline #31             │
│ CONCAT (id=2)            ││ CONCAT (id=6)            ││ CONCAT (id=37)           │                                                        │ CONCAT (id=40)           │
│ Input(#1): PARTIAL       ││ Input(#4): PARTIAL       ││ Input(#27): PARTIAL      │                                                        │ Input(#30): PARTIAL      │
└────────────┬─────────────┘└────────────┬─────────────┘└────────────┬─────────────┘                                                        └────────────┬─────────────┘
             │                           │                           │                                                                                   │              
┌──────────────────────────┐┌──────────────────────────┐┌──────────────────────────┐                                                        ┌──────────────────────────┐
│ Pipeline #1              ││ Pipeline #4              ││ Pipeline #27             │                                                        │ Pipeline #30             │
│ PARTITION (id=1)         ││ PARTITION (id=5)         ││ PARTITION (id=36)        │                                                        │ PARTITION (id=39)        │
│ Input(#0): FULL          ││ Input(#3): PARTIAL       ││ Input(#26): FULL         │                                                        │ Input(#29): PARTIAL      │
└────────────┬─────────────┘└────────────┬─────────────┘└────────────┬─────────────┘                                                        └────────────┬─────────────┘
             │                           │                           │                                                                                   │              
┌──────────────────────────┐┌──────────────────────────┐┌──────────────────────────┐                                                        ┌──────────────────────────┐
│ Pipeline #0              ││ Pipeline #3              ││ Pipeline #26             │                                                        │ Pipeline #29             │
│ GPU_SCAN (id=0)          ││ DYNAMIC_FILTER (id=4)    ││ PROJECTION (id=35)       │                                                        │ COLUMN_DATA_SCAN (id=38) │
│                          ││ GPU_SCAN (id=3)          ││ MERGE_GROUP_BY (id=34)   │                                                        │ Input(#15): FULL         │
│                          ││                          ││ Input(#25): FULL         │                                                        │                          │
└──────────────────────────┘└──────────────────────────┘└────────────┬─────────────┘                                                        └────────────┬─────────────┘
                                                                     │                                                                                   │              
                                                        ┌──────────────────────────┐                                                        ┌──────────────────────────┐
                                                        │ Pipeline #25             │                                                        │ (-> Pipeline #15)        │
                                                        │ PARTITION (id=33)        │                                                        │                          │
                                                        │ Input(#24): FULL         │                                                        │                          │
                                                        └────────────┬─────────────┘                                                        └────────────┬─────────────┘
                                                                     │                                                                                                  
                                                        ┌──────────────────────────┐                                                                                    
                                                        │ Pipeline #24             │                                                                                    
                                                        │ HASH_GROUP_BY (id=32)    │                                                                                    
                                                        │ PROJECTION (id=31)       │                                                                                    
                                                        │ PROJECTION (id=30)       │                                                                                    
                                                        │ HASH_JOIN (id=29)        │                                                                                    
                                                        │   type: INNER            │                                                                                    
                                                        │ Input(#20): PARTIAL      │                                                                                    
                                                        │ Input(#23): PARTIAL      │                                                                                    
                                                        └────────────┬─────────────┘                                                                                    
                                                                     ┌───────────────────────────────────────────────────────┐                                          
                                                                     │                                                       │                                          
                                                        ┌──────────────────────────┐                            ┌──────────────────────────┐                            
                                                        │ Pipeline #20             │                            │ Pipeline #23             │                            
                                                        │ CONCAT (id=24)           │                            │ CONCAT (id=28)           │                            
                                                        │ Input(#19): PARTIAL      │                            │ Input(#22): PARTIAL      │                            
                                                        └────────────┬─────────────┘                            └────────────┬─────────────┘                            
                                                                     │                                                       │                                          
                                                        ┌──────────────────────────┐                            ┌──────────────────────────┐                            
                                                        │ Pipeline #19             │                            │ Pipeline #22             │                            
                                                        │ PARTITION (id=23)        │                            │ PARTITION (id=27)        │                            
                                                        │ Input(#18): FULL         │                            │ Input(#21): PARTIAL      │                            
                                                        └────────────┬─────────────┘                            └────────────┬─────────────┘                            
                                                                     │                                                       │                                          
                                                        ┌──────────────────────────┐                            ┌──────────────────────────┐                            
                                                        │ Pipeline #18             │                            │ Pipeline #21             │                            
                                                        │ MERGE_GROUP_BY (id=22)   │                            │ DYNAMIC_FILTER (id=26)   │                            
                                                        │ Input(#17): FULL         │                            │ GPU_SCAN (id=25)         │                            
                                                        └────────────┬─────────────┘                            └──────────────────────────┘                            
                                                                     │                                                                                                  
                                                        ┌──────────────────────────┐                                                                                    
                                                        │ Pipeline #17             │                                                                                    
                                                        │ PARTITION (id=21)        │                                                                                    
                                                        │ Input(#16): FULL         │                                                                                    
                                                        └────────────┬─────────────┘                                                                                    
                                                                     │                                                                                                  
                                                        ┌──────────────────────────┐                                                                                    
                                                        │ Pipeline #16             │                                                                                    
                                                        │ HASH_GROUP_BY (id=20)    │                                                                                    
                                                        │ Input(#15): FULL         │                                                                                    
                                                        └────────────┬─────────────┘                                                                                    
                                                                     │                                                                                                  
                                                        ┌──────────────────────────┐                                                                                    
                                                        │ Pipeline #15             │                                                                                    
                                                        │ LEFT_DELIM_JOIN (id=19)  │                                                                                    
                                                        │ PROJECTION (id=18)       │                                                                                    
                                                        │ HASH_JOIN (id=17)        │                                                                                    
                                                        │   type: SEMI             │                                                                                    
                                                        │ Input(#11): PARTIAL      │                                                                                    
                                                        │ Input(#14): PARTIAL      │                                                                                    
                                                        └────────────┬─────────────┘                                                                                    
                                                                     ┌───────────────────────────┐                                                                      
                                                                     │                           │                                                                      
                                                        ┌──────────────────────────┐┌──────────────────────────┐                                                        
                                                        │ Pipeline #11             ││ Pipeline #14             │                                                        
                                                        │ CONCAT (id=12)           ││ CONCAT (id=16)           │                                                        
                                                        │ Input(#10): PARTIAL      ││ Input(#13): PARTIAL      │                                                        
                                                        └────────────┬─────────────┘└────────────┬─────────────┘                                                        
                                                                     │                           │                                                                      
                                                        ┌──────────────────────────┐┌──────────────────────────┐                                                        
                                                        │ Pipeline #10             ││ Pipeline #13             │                                                        
                                                        │ PARTITION (id=11)        ││ PARTITION (id=15)        │                                                        
                                                        │ Input(#9): FULL          ││ Input(#12): PARTIAL      │                                                        
                                                        └────────────┬─────────────┘└────────────┬─────────────┘                                                        
                                                                     │                           │                                                                      
                                                        ┌──────────────────────────┐┌──────────────────────────┐                                                        
                                                        │ Pipeline #9              ││ Pipeline #12             │                                                        
                                                        │ GPU_SCAN (id=10)         ││ DYNAMIC_FILTER (id=14)   │                                                        
                                                        │                          ││ GPU_SCAN (id=13)         │                                                        
                                                        └──────────────────────────┘└──────────────────────────┘                                                        

[2026-09-08 04:17:05.836] [info] [sirius_engine.cpp:186] query 125 telemetry_query=01a080bc66ac73b081c51da836aff1bb
[2026-09-08 04:17:05.836] [info] [sirius_scan_manager.cpp:2999] [sirius_scan_manager] assigned pinned entry 'nation' to operator '0'
[2026-09-08 04:17:05.836] [info] [sirius_scan_manager.cpp:2999] [sirius_scan_manager] assigned pinned entry 'supplier' to operator '3'
[2026-09-08 04:17:05.836] [info] [sirius_scan_manager.cpp:2999] [sirius_scan_manager] assigned pinned entry 'part' to operator '10'
[2026-09-08 04:17:05.836] [info] [sirius_scan_manager.cpp:2999] [sirius_scan_manager] assigned pinned entry 'partsupp' to operator '13'
[2026-09-08 04:17:05.837] [info] [sirius_scan_manager.cpp:2882] [sirius_scan_manager] zone-map pruning for pinned entry 'lineitem' (GPU tier): 3/16 chunks pruned, serving 13
[2026-09-08 04:17:05.837] [info] [sirius_scan_manager.cpp:2999] [sirius_scan_manager] assigned pinned entry 'lineitem' to operator '25'
[2026-09-08 04:17:05.837] [info] [sirius_scan_manager.cpp:897] [late-mat] operator 0: 1 column(s) withheld — a partition hashes them
[2026-09-08 04:17:05.837] [info] [sirius_scan_manager.cpp:897] [late-mat] operator 3: 2 column(s) withheld — a partition hashes them
[2026-09-08 04:17:05.837] [info] [sirius_scan_manager.cpp:897] [late-mat] operator 10: 1 column(s) withheld — a partition hashes them
[2026-09-08 04:17:05.837] [info] [sirius_scan_manager.cpp:897] [late-mat] operator 13: 1 column(s) withheld — a partition hashes them
[2026-09-08 04:17:05.837] [info] [sirius_scan_manager.cpp:823] [late-mat] operator 25: not deferring — the scan restricts rows and its pin is compressed, so the surviving rows are decided inside the decode
[2026-09-08 04:17:05.837] [info] [memory_prefetcher.cpp:59] [memory_prefetcher] started: 3 threads, 5 connectors, min_free_fraction=0.40
[2026-09-08 04:17:05.838] [info] [dynamic_filter_publisher.cpp:297] [sirius_physical_hash_join] Pushed 1 dynamic filter(s) across 1 active target(s) of 1 wired target(s) (1 build rows, 1 bound keys of 1 admitted).
[2026-09-08 04:17:05.839] [warning] [sirius_physical_partition.cpp:375] slot_for_device: device_id 0 not found in active GPU list, falling back to slot 0
[2026-09-08 04:17:05.844] [info] [dynamic_filter_publisher.cpp:297] [sirius_physical_hash_join] Pushed 1 dynamic filter(s) across 1 active target(s) of 1 wired target(s) (2174140 build rows, 1 bound keys of 1 admitted).
[2026-09-08 04:17:05.852] [warning] [sirius_physical_partition.cpp:375] slot_for_device: device_id 0 not found in active GPU list, falling back to slot 0
[2026-09-08 04:17:05.852] [warning] [sirius_physical_partition.cpp:375] slot_for_device: device_id 0 not found in active GPU list, falling back to slot 0
[2026-09-08 04:17:05.855] [info] [dynamic_filter_publisher.cpp:297] [sirius_physical_hash_join] Pushed 2 dynamic filter(s) across 1 active target(s) of 1 wired target(s) (8696560 build rows, 2 bound keys of 2 admitted).
[2026-09-08 04:17:05.902] [warning] [sirius_physical_partition.cpp:375] slot_for_device: device_id 0 not found in active GPU list, falling back to slot 0
[2026-09-08 04:17:05.902] [warning] [sirius_physical_partition.cpp:375] slot_for_device: device_id 0 not found in active GPU list, falling back to slot 0
[2026-09-08 04:17:05.902] [warning] [sirius_physical_partition.cpp:375] slot_for_device: device_id 0 not found in active GPU list, falling back to slot 0
[2026-09-08 04:17:05.902] [warning] [sirius_physical_partition.cpp:375] slot_for_device: device_id 0 not found in active GPU list, falling back to slot 0
[2026-09-08 04:17:05.902] [warning] [sirius_physical_partition.cpp:375] slot_for_device: device_id 0 not found in active GPU list, falling back to slot 0
[2026-09-08 04:17:05.903] [warning] [sirius_physical_partition.cpp:375] slot_for_device: device_id 0 not found in active GPU list, falling back to slot 0
[2026-09-08 04:17:05.903] [warning] [sirius_physical_partition.cpp:375] slot_for_device: device_id 0 not found in active GPU list, falling back to slot 0
[2026-09-08 04:17:05.903] [warning] [sirius_physical_partition.cpp:375] slot_for_device: device_id 0 not found in active GPU list, falling back to slot 0
[2026-09-08 04:17:05.903] [warning] [sirius_physical_partition.cpp:375] slot_for_device: device_id 0 not found in active GPU list, falling back to slot 0
[2026-09-08 04:17:05.904] [warning] [sirius_physical_partition.cpp:375] slot_for_device: device_id 0 not found in active GPU list, falling back to slot 0
[2026-09-08 04:17:05.905] [warning] [sirius_physical_partition.cpp:375] slot_for_device: device_id 0 not found in active GPU list, falling back to slot 0
[2026-09-08 04:17:05.905] [warning] [sirius_physical_partition.cpp:375] slot_for_device: device_id 0 not found in active GPU list, falling back to slot 0
[2026-09-08 04:17:05.905] [warning] [sirius_physical_partition.cpp:375] slot_for_device: device_id 0 not found in active GPU list, falling back to slot 0
[2026-09-08 04:17:05.919] [info] [gpu_pipeline_executor.cpp:129] GPU Pipeline Executor: task queue interrupted, stopping manager loop
[2026-09-08 04:17:05.919] [info] [sirius_context.cpp:405] QueryEnd
[2026-09-08 04:17:05.919] [info] [memory_prefetcher.cpp:72] [memory_prefetcher] stopping: prefetched 0 batches / 0 bytes (stops: headroom=0 reservation=0, skips: lock=0 draining=99, errors=0)
[2026-09-08 04:17:05.919] [info] [sirius_context.cpp:256] [host_pool] HOST:0 QueryEnd instance=0xe1f9f1960370 connection=1 window=125 query=307 allocated=17515413504 bytes peak=45432700928 bytes free_blocks=2875
[2026-09-08 04:17:05.919] [info] [sirius_context.cpp:271] [gpu_pool] GPU:0 QueryEnd instance=0xe1f9f1960370 connection=1 window=125 query=307 allocated=66794805248 bytes peak=254818874163 bytes reserved=0 bytes
[2026-09-08 04:17:05.919] [info] [sirius_context.cpp:521] [window] end instance=0xe1f9f1960370 connection=1 window=125 query=307 outcome=ok
[2026-09-08 04:17:05.919] [info] [physical_sirius_execution.cpp:327] Transparent GPU execution: query completed
[2026-09-08 04:17:06.018] [info] [sirius_context.cpp:329] QueryBegin: instance=0xe1f9f1960370 connection=1 query=308 SQL: CALL sirius_set_query_label('q20_iter2')
[2026-09-08 04:17:06.019] [info] [sirius_context.cpp:329] QueryBegin: instance=0xe1f9f1960370 connection=1 query=309 SQL: SET gpu_execution = true;
[2026-09-08 04:17:06.019] [info] [sirius_context.cpp:329] QueryBegin: instance=0xe1f9f1960370 connection=1 query=310 SQL: select s.s_name, s.s_address from supplier s, nation n where s.s_suppkey in ( select ps.ps_suppkey from partsupp ps where ps. ps_partkey in ( select p.p_partkey from part p where p.p_name like 'antique%' ) and ps.ps_availqty > ( select 0.5 * sum(l.l_quantity) from lineitem l where l.l_partkey = ps.ps_partkey and l.l_suppkey = ps.ps_suppkey and l.l_shipdate >= date '1993-01-01' and l.l_shipdate < date '1994-01-01' ) ) and s.s_nationkey = n.n_nationkey and n.n_name = 'KENYA' order by s.s_name
[2026-09-08 04:17:06.033] [info] [sirius_plan_comparison_join.cpp:646] [sirius_plan_comparison_join] Wired hash join with 1 dynamic-filter probe target(s) (1 scan-bound, 0 join-edge; evidence=filtered; build est 199999968 rows).
[2026-09-08 04:17:06.033] [info] [sirius_plan_comparison_join.cpp:646] [sirius_plan_comparison_join] Wired hash join with 1 dynamic-filter probe target(s) (1 scan-bound, 0 join-edge; evidence=opaque; build est 0 rows).
[2026-09-08 04:17:06.033] [info] [sirius_plan_comparison_join.cpp:646] [sirius_plan_comparison_join] Wired hash join with 1 dynamic-filter probe target(s) (1 scan-bound, 0 join-edge; evidence=filtered; build est 25 rows).
[2026-09-08 04:17:06.033] [info] [sirius_context.cpp:1467] Transparent execution: Sirius physical plan generated successfully
[2026-09-08 04:17:06.033] [info] [sirius_context.cpp:1495] Transparent execution: physical plan replaced with GPU operator
[2026-09-08 04:17:06.034] [info] [physical_sirius_execution.cpp:157] Transparent GPU execution: executing query
[2026-09-08 04:17:06.034] [info] [sirius_context.cpp:521] [window] begin instance=0xe1f9f1960370 connection=1 window=126 query=310 outcome=-
[2026-09-08 04:17:06.034] [info] [sirius_context.cpp:256] [host_pool] HOST:0 QueryBegin instance=0xe1f9f1960370 connection=1 window=126 query=310 allocated=17515413504 bytes peak=45432700928 bytes free_blocks=2875
[2026-09-08 04:17:06.034] [info] [sirius_context.cpp:271] [gpu_pool] GPU:0 QueryBegin instance=0xe1f9f1960370 connection=1 window=126 query=310 allocated=66794805248 bytes peak=254818874163 bytes reserved=0 bytes
[2026-09-08 04:17:06.034] [info] [sirius_context.cpp:389] QueryBegin: transparent_execution
[2026-09-08 04:17:06.037] [info] [sirius_plan_comparison_join.cpp:646] [sirius_plan_comparison_join] Wired hash join with 1 dynamic-filter probe target(s) (1 scan-bound, 0 join-edge; evidence=filtered; build est 199999968 rows).
[2026-09-08 04:17:06.038] [info] [sirius_plan_comparison_join.cpp:646] [sirius_plan_comparison_join] Wired hash join with 1 dynamic-filter probe target(s) (1 scan-bound, 0 join-edge; evidence=opaque; build est 0 rows).
[2026-09-08 04:17:06.038] [info] [sirius_plan_comparison_join.cpp:646] [sirius_plan_comparison_join] Wired hash join with 1 dynamic-filter probe target(s) (1 scan-bound, 0 join-edge; evidence=filtered; build est 25 rows).
[2026-09-08 04:17:06.038] [info] [sirius_engine.cpp:265] [gpu_alloc] query allocated 1 GPU(s): [0]
[2026-09-08 04:17:06.039] [info] [sirius_engine.cpp:318] Query Plan:
=== Pipeline Overview ===
Pipeline #0: GPU_SCAN (id=0)
  Output: -> PARTITION [port: default, barrier: FULL]
Pipeline #1: PARTITION (id=1)
  Input: <- Pipeline #0 [on: PARTITION (id=1), port: default, barrier: FULL]
  Dependencies: Pipeline #0
  Output: -> CONCAT [port: default, barrier: PARTIAL]
Pipeline #2: CONCAT (id=2)
  Input: <- Pipeline #1 [on: CONCAT (id=2), port: default, barrier: PARTIAL]
  Dependencies: Pipeline #1
  Output: -> HASH_JOIN [port: build, barrier: PARTIAL]
Pipeline #3: GPU_SCAN (id=3) -> DYNAMIC_FILTER (id=4)
  Output: -> PARTITION [port: default, barrier: PARTIAL]
Pipeline #4: PARTITION (id=5)
  Input: <- Pipeline #3 [on: PARTITION (id=5), port: default, barrier: PARTIAL]
  Dependencies: Pipeline #3
  Output: -> CONCAT [port: default, barrier: PARTIAL]
Pipeline #5: CONCAT (id=6)
  Input: <- Pipeline #4 [on: CONCAT (id=6), port: default, barrier: PARTIAL]
  Dependencies: Pipeline #4
  Output: -> HASH_JOIN [port: default, barrier: PARTIAL]
Pipeline #6: HASH_JOIN (id=7)
  Input: <- Pipeline #2 [on: HASH_JOIN (id=7), port: build, barrier: PARTIAL]
  Input: <- Pipeline #5 [on: HASH_JOIN (id=7), port: default, barrier: PARTIAL]
  Dependencies: Pipeline #2, Pipeline #5
  Output: -> PARTITION [port: default, barrier: FULL]
Pipeline #7: PARTITION (id=8)
  Input: <- Pipeline #6 [on: PARTITION (id=8), port: default, barrier: FULL]
  Dependencies: Pipeline #6
  Output: -> CONCAT [port: default, barrier: PARTIAL]
Pipeline #8: CONCAT (id=9)
  Input: <- Pipeline #7 [on: CONCAT (id=9), port: default, barrier: PARTIAL]
  Dependencies: Pipeline #7
  Output: -> HASH_JOIN [port: build, barrier: PARTIAL]
Pipeline #9: GPU_SCAN (id=10)
  Output: -> PARTITION [port: default, barrier: FULL]
Pipeline #10: PARTITION (id=11)
  Input: <- Pipeline #9 [on: PARTITION (id=11), port: default, barrier: FULL]
  Dependencies: Pipeline #9
  Output: -> CONCAT [port: default, barrier: PARTIAL]
Pipeline #11: CONCAT (id=12)
  Input: <- Pipeline #10 [on: CONCAT (id=12), port: default, barrier: PARTIAL]
  Dependencies: Pipeline #10
  Output: -> HASH_JOIN [port: build, barrier: PARTIAL]
Pipeline #12: GPU_SCAN (id=13) -> DYNAMIC_FILTER (id=14)
  Output: -> PARTITION [port: default, barrier: PARTIAL]
Pipeline #13: PARTITION (id=15)
  Input: <- Pipeline #12 [on: PARTITION (id=15), port: default, barrier: PARTIAL]
  Dependencies: Pipeline #12
  Output: -> CONCAT [port: default, barrier: PARTIAL]
Pipeline #14: CONCAT (id=16)
  Input: <- Pipeline #13 [on: CONCAT (id=16), port: default, barrier: PARTIAL]
  Dependencies: Pipeline #13
  Output: -> HASH_JOIN [port: default, barrier: PARTIAL]
Pipeline #15: HASH_JOIN (id=17) -> PROJECTION (id=18) -> LEFT_DELIM_JOIN (id=19)
  Input: <- Pipeline #11 [on: HASH_JOIN (id=17), port: build, barrier: PARTIAL]
  Input: <- Pipeline #14 [on: HASH_JOIN (id=17), port: default, barrier: PARTIAL]
  Dependencies: Pipeline #11, Pipeline #14
  Output: -> COLUMN_DATA_SCAN [port: default, barrier: FULL]
  Output: -> HASH_GROUP_BY [port: default, barrier: FULL]
Pipeline #16: HASH_GROUP_BY (id=20)
  Input: <- Pipeline #15 [on: HASH_GROUP_BY (id=20), port: default, barrier: FULL]
  Dependencies: Pipeline #15
  Output: -> PARTITION [port: default, barrier: FULL]
Pipeline #17: PARTITION (id=21)
  Input: <- Pipeline #16 [on: PARTITION (id=21), port: default, barrier: FULL]
  Dependencies: Pipeline #16
  Output: -> MERGE_GROUP_BY [port: default, barrier: FULL]
Pipeline #18: MERGE_GROUP_BY (id=22)
  Input: <- Pipeline #17 [on: MERGE_GROUP_BY (id=22), port: default, barrier: FULL]
  Dependencies: Pipeline #17
  Output: -> PARTITION [port: default, barrier: FULL]
Pipeline #19: PARTITION (id=23)
  Input: <- Pipeline #18 [on: PARTITION (id=23), port: default, barrier: FULL]
  Dependencies: Pipeline #18
  Output: -> CONCAT [port: default, barrier: PARTIAL]
Pipeline #20: CONCAT (id=24)
  Input: <- Pipeline #19 [on: CONCAT (id=24), port: default, barrier: PARTIAL]
  Dependencies: Pipeline #19
  Output: -> HASH_JOIN [port: build, barrier: PARTIAL]
Pipeline #21: GPU_SCAN (id=25) -> DYNAMIC_FILTER (id=26)
  Output: -> PARTITION [port: default, barrier: PARTIAL]
Pipeline #22: PARTITION (id=27)
  Input: <- Pipeline #21 [on: PARTITION (id=27), port: default, barrier: PARTIAL]
  Dependencies: Pipeline #21
  Output: -> CONCAT [port: default, barrier: PARTIAL]
Pipeline #23: CONCAT (id=28)
  Input: <- Pipeline #22 [on: CONCAT (id=28), port: default, barrier: PARTIAL]
  Dependencies: Pipeline #22
  Output: -> HASH_JOIN [port: default, barrier: PARTIAL]
Pipeline #24: HASH_JOIN (id=29) -> PROJECTION (id=30) -> PROJECTION (id=31) -> HASH_GROUP_BY (id=32)
  Input: <- Pipeline #20 [on: HASH_JOIN (id=29), port: build, barrier: PARTIAL]
  Input: <- Pipeline #23 [on: HASH_JOIN (id=29), port: default, barrier: PARTIAL]
  Dependencies: Pipeline #20, Pipeline #23
  Output: -> PARTITION [port: default, barrier: FULL]
Pipeline #25: PARTITION (id=33)
  Input: <- Pipeline #24 [on: PARTITION (id=33), port: default, barrier: FULL]
  Dependencies: Pipeline #24
  Output: -> MERGE_GROUP_BY [port: default, barrier: FULL]
Pipeline #26: MERGE_GROUP_BY (id=34) -> PROJECTION (id=35)
  Input: <- Pipeline #25 [on: MERGE_GROUP_BY (id=34), port: default, barrier: FULL]
  Dependencies: Pipeline #25
  Output: -> PARTITION [port: default, barrier: FULL]
Pipeline #27: PARTITION (id=36)
  Input: <- Pipeline #26 [on: PARTITION (id=36), port: default, barrier: FULL]
  Dependencies: Pipeline #26
  Output: -> CONCAT [port: default, barrier: PARTIAL]
Pipeline #28: CONCAT (id=37)
  Input: <- Pipeline #27 [on: CONCAT (id=37), port: default, barrier: PARTIAL]
  Dependencies: Pipeline #27
  Output: -> HASH_JOIN [port: build, barrier: PARTIAL]
Pipeline #29: COLUMN_DATA_SCAN (id=38)
  Input: <- Pipeline #15 [on: COLUMN_DATA_SCAN (id=38), port: default, barrier: FULL]
  Dependencies: Pipeline #15
  Output: -> PARTITION [port: default, barrier: PARTIAL]
Pipeline #30: PARTITION (id=39)
  Input: <- Pipeline #29 [on: PARTITION (id=39), port: default, barrier: PARTIAL]
  Dependencies: Pipeline #29
  Output: -> CONCAT [port: default, barrier: PARTIAL]
Pipeline #31: CONCAT (id=40)
  Input: <- Pipeline #30 [on: CONCAT (id=40), port: default, barrier: PARTIAL]
  Dependencies: Pipeline #30
  Output: -> HASH_JOIN [port: default, barrier: PARTIAL]
Pipeline #32: HASH_JOIN (id=41) -> FILTER (id=42)
  Input: <- Pipeline #28 [on: HASH_JOIN (id=41), port: build, barrier: PARTIAL]
  Input: <- Pipeline #31 [on: HASH_JOIN (id=41), port: default, barrier: PARTIAL]
  Dependencies: Pipeline #28, Pipeline #31
  Output: -> PARTITION [port: default, barrier: FULL]
Pipeline #33: PARTITION (id=43)
  Input: <- Pipeline #32 [on: PARTITION (id=43), port: default, barrier: FULL]
  Dependencies: Pipeline #32
  Output: -> CONCAT [port: default, barrier: PARTIAL]
Pipeline #34: CONCAT (id=44)
  Input: <- Pipeline #33 [on: CONCAT (id=44), port: default, barrier: PARTIAL]
  Dependencies: Pipeline #33
  Output: -> HASH_JOIN [port: default, barrier: PARTIAL]
Pipeline #35: HASH_JOIN (id=45) -> ORDER_BY (id=46)
  Input: <- Pipeline #34 [on: HASH_JOIN (id=45), port: default, barrier: PARTIAL]
  Input: <- Pipeline #8 [on: HASH_JOIN (id=45), port: build, barrier: PARTIAL]
  Dependencies: Pipeline #8, Pipeline #34
  Output: -> SORT_SAMPLE [port: default, barrier: PIPELINE]
Pipeline #36: SORT_SAMPLE (id=47) -> SORT_PARTITION (id=48)
  Input: <- Pipeline #35 [on: SORT_SAMPLE (id=47), port: default, barrier: PIPELINE]
  Dependencies: Pipeline #35
  Output: -> MERGE_SORT [port: default, barrier: FULL]
Pipeline #37: MERGE_SORT (id=49)
  Input: <- Pipeline #36 [on: MERGE_SORT (id=49), port: default, barrier: FULL]
  Dependencies: Pipeline #36
  Output: -> RESULT_COLLECTOR [port: default, barrier: FULL]
Pipeline #38: RESULT_COLLECTOR (id=50)
  Input: <- Pipeline #37 [on: RESULT_COLLECTOR (id=50), port: default, barrier: FULL]
  Dependencies: Pipeline #37

=== Query Plan DAG ===
┌──────────────────────────┐                                                                                                                                            
│ Pipeline #38             │                                                                                                                                            
│ RESULT_COLLECTOR (id=50) │                                                                                                                                            
│ Input(#37): FULL         │                                                                                                                                            
└────────────┬─────────────┘                                                                                                                                            
             │                                                                                                                                                          
┌──────────────────────────┐                                                                                                                                            
│ Pipeline #37             │                                                                                                                                            
│ MERGE_SORT (id=49)       │                                                                                                                                            
│ Input(#36): FULL         │                                                                                                                                            
└────────────┬─────────────┘                                                                                                                                            
             │                                                                                                                                                          
┌──────────────────────────┐                                                                                                                                            
│ Pipeline #36             │                                                                                                                                            
│ SORT_PARTITION (id=48)   │                                                                                                                                            
│ SORT_SAMPLE (id=47)      │                                                                                                                                            
│ Input(#35): PIPELINE     │                                                                                                                                            
└────────────┬─────────────┘                                                                                                                                            
             │                                                                                                                                                          
┌──────────────────────────┐                                                                                                                                            
│ Pipeline #35             │                                                                                                                                            
│ ORDER_BY (id=46)         │                                                                                                                                            
│ HASH_JOIN (id=45)        │                                                                                                                                            
│   type: RIGHT_SEMI       │                                                                                                                                            
│ Input(#34): PARTIAL      │                                                                                                                                            
│ Input(#8): PARTIAL       │                                                                                                                                            
└────────────┬─────────────┘                                                                                                                                            
             ┌───────────────────────────────────────────────────────┐                                                                                                  
             │                                                       │                                                                                                  
┌──────────────────────────┐                            ┌──────────────────────────┐                                                                                    
│ Pipeline #8              │                            │ Pipeline #34             │                                                                                    
│ CONCAT (id=9)            │                            │ CONCAT (id=44)           │                                                                                    
│ Input(#7): PARTIAL       │                            │ Input(#33): PARTIAL      │                                                                                    
└────────────┬─────────────┘                            └────────────┬─────────────┘                                                                                    
             │                                                       │                                                                                                  
┌──────────────────────────┐                            ┌──────────────────────────┐                                                                                    
│ Pipeline #7              │                            │ Pipeline #33             │                                                                                    
│ PARTITION (id=8)         │                            │ PARTITION (id=43)        │                                                                                    
│ Input(#6): FULL          │                            │ Input(#32): FULL         │                                                                                    
└────────────┬─────────────┘                            └────────────┬─────────────┘                                                                                    
             │                                                       │                                                                                                  
┌──────────────────────────┐                            ┌──────────────────────────┐                                                                                    
│ Pipeline #6              │                            │ Pipeline #32             │                                                                                    
│ HASH_JOIN (id=7)         │                            │ FILTER (id=42)           │                                                                                    
│   type: INNER            │                            │ HASH_JOIN (id=41)        │                                                                                    
│ Input(#2): PARTIAL       │                            │   type: LEFT             │                                                                                    
│ Input(#5): PARTIAL       │                            │ Input(#28): PARTIAL      │                                                                                    
│                          │                            │ Input(#31): PARTIAL      │                                                                                    
└────────────┬─────────────┘                            └────────────┬─────────────┘                                                                                    
             ┌───────────────────────────┐                           ┌───────────────────────────────────────────────────────────────────────────────────┐              
             │                           │                           │                                                                                   │              
┌──────────────────────────┐┌──────────────────────────┐┌──────────────────────────┐                                                        ┌──────────────────────────┐
│ Pipeline #2              ││ Pipeline #5              ││ Pipeline #28             │                                                        │ Pipeline #31             │
│ CONCAT (id=2)            ││ CONCAT (id=6)            ││ CONCAT (id=37)           │                                                        │ CONCAT (id=40)           │
│ Input(#1): PARTIAL       ││ Input(#4): PARTIAL       ││ Input(#27): PARTIAL      │                                                        │ Input(#30): PARTIAL      │
└────────────┬─────────────┘└────────────┬─────────────┘└────────────┬─────────────┘                                                        └────────────┬─────────────┘
             │                           │                           │                                                                                   │              
┌──────────────────────────┐┌──────────────────────────┐┌──────────────────────────┐                                                        ┌──────────────────────────┐
│ Pipeline #1              ││ Pipeline #4              ││ Pipeline #27             │                                                        │ Pipeline #30             │
│ PARTITION (id=1)         ││ PARTITION (id=5)         ││ PARTITION (id=36)        │                                                        │ PARTITION (id=39)        │
│ Input(#0): FULL          ││ Input(#3): PARTIAL       ││ Input(#26): FULL         │                                                        │ Input(#29): PARTIAL      │
└────────────┬─────────────┘└────────────┬─────────────┘└────────────┬─────────────┘                                                        └────────────┬─────────────┘
             │                           │                           │                                                                                   │              
┌──────────────────────────┐┌──────────────────────────┐┌──────────────────────────┐                                                        ┌──────────────────────────┐
│ Pipeline #0              ││ Pipeline #3              ││ Pipeline #26             │                                                        │ Pipeline #29             │
│ GPU_SCAN (id=0)          ││ DYNAMIC_FILTER (id=4)    ││ PROJECTION (id=35)       │                                                        │ COLUMN_DATA_SCAN (id=38) │
│                          ││ GPU_SCAN (id=3)          ││ MERGE_GROUP_BY (id=34)   │                                                        │ Input(#15): FULL         │
│                          ││                          ││ Input(#25): FULL         │                                                        │                          │
└──────────────────────────┘└──────────────────────────┘└────────────┬─────────────┘                                                        └────────────┬─────────────┘
                                                                     │                                                                                   │              
                                                        ┌──────────────────────────┐                                                        ┌──────────────────────────┐
                                                        │ Pipeline #25             │                                                        │ (-> Pipeline #15)        │
                                                        │ PARTITION (id=33)        │                                                        │                          │
                                                        │ Input(#24): FULL         │                                                        │                          │
                                                        └────────────┬─────────────┘                                                        └────────────┬─────────────┘
                                                                     │                                                                                                  
                                                        ┌──────────────────────────┐                                                                                    
                                                        │ Pipeline #24             │                                                                                    
                                                        │ HASH_GROUP_BY (id=32)    │                                                                                    
                                                        │ PROJECTION (id=31)       │                                                                                    
                                                        │ PROJECTION (id=30)       │                                                                                    
                                                        │ HASH_JOIN (id=29)        │                                                                                    
                                                        │   type: INNER            │                                                                                    
                                                        │ Input(#20): PARTIAL      │                                                                                    
                                                        │ Input(#23): PARTIAL      │                                                                                    
                                                        └────────────┬─────────────┘                                                                                    
                                                                     ┌───────────────────────────────────────────────────────┐                                          
                                                                     │                                                       │                                          
                                                        ┌──────────────────────────┐                            ┌──────────────────────────┐                            
                                                        │ Pipeline #20             │                            │ Pipeline #23             │                            
                                                        │ CONCAT (id=24)           │                            │ CONCAT (id=28)           │                            
                                                        │ Input(#19): PARTIAL      │                            │ Input(#22): PARTIAL      │                            
                                                        └────────────┬─────────────┘                            └────────────┬─────────────┘                            
                                                                     │                                                       │                                          
                                                        ┌──────────────────────────┐                            ┌──────────────────────────┐                            
                                                        │ Pipeline #19             │                            │ Pipeline #22             │                            
                                                        │ PARTITION (id=23)        │                            │ PARTITION (id=27)        │                            
                                                        │ Input(#18): FULL         │                            │ Input(#21): PARTIAL      │                            
                                                        └────────────┬─────────────┘                            └────────────┬─────────────┘                            
                                                                     │                                                       │                                          
                                                        ┌──────────────────────────┐                            ┌──────────────────────────┐                            
                                                        │ Pipeline #18             │                            │ Pipeline #21             │                            
                                                        │ MERGE_GROUP_BY (id=22)   │                            │ DYNAMIC_FILTER (id=26)   │                            
                                                        │ Input(#17): FULL         │                            │ GPU_SCAN (id=25)         │                            
                                                        └────────────┬─────────────┘                            └──────────────────────────┘                            
                                                                     │                                                                                                  
                                                        ┌──────────────────────────┐                                                                                    
                                                        │ Pipeline #17             │                                                                                    
                                                        │ PARTITION (id=21)        │                                                                                    
                                                        │ Input(#16): FULL         │                                                                                    
                                                        └────────────┬─────────────┘                                                                                    
                                                                     │                                                                                                  
                                                        ┌──────────────────────────┐                                                                                    
                                                        │ Pipeline #16             │                                                                                    
                                                        │ HASH_GROUP_BY (id=20)    │                                                                                    
                                                        │ Input(#15): FULL         │                                                                                    
                                                        └────────────┬─────────────┘                                                                                    
                                                                     │                                                                                                  
                                                        ┌──────────────────────────┐                                                                                    
                                                        │ Pipeline #15             │                                                                                    
                                                        │ LEFT_DELIM_JOIN (id=19)  │                                                                                    
                                                        │ PROJECTION (id=18)       │                                                                                    
                                                        │ HASH_JOIN (id=17)        │                                                                                    
                                                        │   type: SEMI             │                                                                                    
                                                        │ Input(#11): PARTIAL      │                                                                                    
                                                        │ Input(#14): PARTIAL      │                                                                                    
                                                        └────────────┬─────────────┘                                                                                    
                                                                     ┌───────────────────────────┐                                                                      
                                                                     │                           │                                                                      
                                                        ┌──────────────────────────┐┌──────────────────────────┐                                                        
                                                        │ Pipeline #11             ││ Pipeline #14             │                                                        
                                                        │ CONCAT (id=12)           ││ CONCAT (id=16)           │                                                        
                                                        │ Input(#10): PARTIAL      ││ Input(#13): PARTIAL      │                                                        
                                                        └────────────┬─────────────┘└────────────┬─────────────┘                                                        
                                                                     │                           │                                                                      
                                                        ┌──────────────────────────┐┌──────────────────────────┐                                                        
                                                        │ Pipeline #10             ││ Pipeline #13             │                                                        
                                                        │ PARTITION (id=11)        ││ PARTITION (id=15)        │                                                        
                                                        │ Input(#9): FULL          ││ Input(#12): PARTIAL      │                                                        
                                                        └────────────┬─────────────┘└────────────┬─────────────┘                                                        
                                                                     │                           │                                                                      
                                                        ┌──────────────────────────┐┌──────────────────────────┐                                                        
                                                        │ Pipeline #9              ││ Pipeline #12             │                                                        
                                                        │ GPU_SCAN (id=10)         ││ DYNAMIC_FILTER (id=14)   │                                                        
                                                        │                          ││ GPU_SCAN (id=13)         │                                                        
                                                        └──────────────────────────┘└──────────────────────────┘                                                        

[2026-09-08 04:17:06.039] [info] [sirius_engine.cpp:186] query 126 telemetry_query=01a080bc677674c180c5611a66818cd0
[2026-09-08 04:17:06.039] [info] [sirius_scan_manager.cpp:2999] [sirius_scan_manager] assigned pinned entry 'nation' to operator '0'
[2026-09-08 04:17:06.039] [info] [sirius_scan_manager.cpp:2999] [sirius_scan_manager] assigned pinned entry 'supplier' to operator '3'
[2026-09-08 04:17:06.039] [info] [sirius_scan_manager.cpp:2999] [sirius_scan_manager] assigned pinned entry 'part' to operator '10'
[2026-09-08 04:17:06.039] [info] [sirius_scan_manager.cpp:2999] [sirius_scan_manager] assigned pinned entry 'partsupp' to operator '13'
[2026-09-08 04:17:06.039] [info] [sirius_scan_manager.cpp:2882] [sirius_scan_manager] zone-map pruning for pinned entry 'lineitem' (GPU tier): 3/16 chunks pruned, serving 13
[2026-09-08 04:17:06.039] [info] [sirius_scan_manager.cpp:2999] [sirius_scan_manager] assigned pinned entry 'lineitem' to operator '25'
[2026-09-08 04:17:06.039] [info] [sirius_scan_manager.cpp:897] [late-mat] operator 0: 1 column(s) withheld — a partition hashes them
[2026-09-08 04:17:06.039] [info] [sirius_scan_manager.cpp:897] [late-mat] operator 3: 2 column(s) withheld — a partition hashes them
[2026-09-08 04:17:06.039] [info] [sirius_scan_manager.cpp:897] [late-mat] operator 10: 1 column(s) withheld — a partition hashes them
[2026-09-08 04:17:06.039] [info] [sirius_scan_manager.cpp:897] [late-mat] operator 13: 1 column(s) withheld — a partition hashes them
[2026-09-08 04:17:06.039] [info] [sirius_scan_manager.cpp:823] [late-mat] operator 25: not deferring — the scan restricts rows and its pin is compressed, so the surviving rows are decided inside the decode
[2026-09-08 04:17:06.039] [info] [memory_prefetcher.cpp:59] [memory_prefetcher] started: 3 threads, 5 connectors, min_free_fraction=0.40
[2026-09-08 04:17:06.040] [info] [dynamic_filter_publisher.cpp:297] [sirius_physical_hash_join] Pushed 1 dynamic filter(s) across 1 active target(s) of 1 wired target(s) (1 build rows, 1 bound keys of 1 admitted).
[2026-09-08 04:17:06.041] [warning] [sirius_physical_partition.cpp:375] slot_for_device: device_id 0 not found in active GPU list, falling back to slot 0
[2026-09-08 04:17:06.046] [info] [dynamic_filter_publisher.cpp:297] [sirius_physical_hash_join] Pushed 1 dynamic filter(s) across 1 active target(s) of 1 wired target(s) (2174140 build rows, 1 bound keys of 1 admitted).
[2026-09-08 04:17:06.054] [warning] [sirius_physical_partition.cpp:375] slot_for_device: device_id 0 not found in active GPU list, falling back to slot 0
[2026-09-08 04:17:06.055] [warning] [sirius_physical_partition.cpp:375] slot_for_device: device_id 0 not found in active GPU list, falling back to slot 0
[2026-09-08 04:17:06.057] [info] [dynamic_filter_publisher.cpp:297] [sirius_physical_hash_join] Pushed 2 dynamic filter(s) across 1 active target(s) of 1 wired target(s) (8696560 build rows, 2 bound keys of 2 admitted).
[2026-09-08 04:17:06.105] [warning] [sirius_physical_partition.cpp:375] slot_for_device: device_id 0 not found in active GPU list, falling back to slot 0
[2026-09-08 04:17:06.105] [warning] [sirius_physical_partition.cpp:375] slot_for_device: device_id 0 not found in active GPU list, falling back to slot 0
[2026-09-08 04:17:06.106] [warning] [sirius_physical_partition.cpp:375] slot_for_device: device_id 0 not found in active GPU list, falling back to slot 0
[2026-09-08 04:17:06.106] [warning] [sirius_physical_partition.cpp:375] slot_for_device: device_id 0 not found in active GPU list, falling back to slot 0
[2026-09-08 04:17:06.106] [warning] [sirius_physical_partition.cpp:375] slot_for_device: device_id 0 not found in active GPU list, falling back to slot 0
[2026-09-08 04:17:06.106] [warning] [sirius_physical_partition.cpp:375] slot_for_device: device_id 0 not found in active GPU list, falling back to slot 0
[2026-09-08 04:17:06.106] [warning] [sirius_physical_partition.cpp:375] slot_for_device: device_id 0 not found in active GPU list, falling back to slot 0
[2026-09-08 04:17:06.106] [warning] [sirius_physical_partition.cpp:375] slot_for_device: device_id 0 not found in active GPU list, falling back to slot 0
[2026-09-08 04:17:06.106] [warning] [sirius_physical_partition.cpp:375] slot_for_device: device_id 0 not found in active GPU list, falling back to slot 0
[2026-09-08 04:17:06.106] [warning] [sirius_physical_partition.cpp:375] slot_for_device: device_id 0 not found in active GPU list, falling back to slot 0
[2026-09-08 04:17:06.107] [warning] [sirius_physical_partition.cpp:375] slot_for_device: device_id 0 not found in active GPU list, falling back to slot 0
[2026-09-08 04:17:06.107] [warning] [sirius_physical_partition.cpp:375] slot_for_device: device_id 0 not found in active GPU list, falling back to slot 0
[2026-09-08 04:17:06.108] [warning] [sirius_physical_partition.cpp:375] slot_for_device: device_id 0 not found in active GPU list, falling back to slot 0
[2026-09-08 04:17:06.122] [info] [gpu_pipeline_executor.cpp:129] GPU Pipeline Executor: task queue interrupted, stopping manager loop
[2026-09-08 04:17:06.122] [info] [sirius_context.cpp:405] QueryEnd
[2026-09-08 04:17:06.122] [info] [memory_prefetcher.cpp:72] [memory_prefetcher] stopping: prefetched 0 batches / 0 bytes (stops: headroom=0 reservation=0, skips: lock=0 draining=99, errors=0)
[2026-09-08 04:17:06.122] [info] [sirius_context.cpp:256] [host_pool] HOST:0 QueryEnd instance=0xe1f9f1960370 connection=1 window=126 query=310 allocated=17515413504 bytes peak=45432700928 bytes free_blocks=2875
[2026-09-08 04:17:06.122] [info] [sirius_context.cpp:271] [gpu_pool] GPU:0 QueryEnd instance=0xe1f9f1960370 connection=1 window=126 query=310 allocated=66794805248 bytes peak=254818874163 bytes reserved=0 bytes
[2026-09-08 04:17:06.122] [info] [sirius_context.cpp:521] [window] end instance=0xe1f9f1960370 connection=1 window=126 query=310 outcome=ok
[2026-09-08 04:17:06.122] [info] [physical_sirius_execution.cpp:327] Transparent GPU execution: query completed
[2026-09-08 04:17:06.216] [info] [sirius_context.cpp:329] QueryBegin: instance=0xe1f9f1960370 connection=1 query=311 SQL: CALL unpin_table('supplier')
[2026-09-08 04:17:06.217] [info] [sirius_context.cpp:329] QueryBegin: instance=0xe1f9f1960370 connection=1 query=312 SQL: CALL unpin_table('partsupp')
[2026-09-08 04:17:06.217] [info] [sirius_context.cpp:329] QueryBegin: instance=0xe1f9f1960370 connection=1 query=313 SQL: CALL unpin_table('part')
[2026-09-08 04:17:06.217] [info] [sirius_context.cpp:329] QueryBegin: instance=0xe1f9f1960370 connection=1 query=314 SQL: CALL unpin_table('lineitem')
[2026-09-08 04:17:06.218] [info] [sirius_context.cpp:329] QueryBegin: instance=0xe1f9f1960370 connection=1 query=315 SQL: CALL unpin_table('nation')
[2026-09-08 04:17:06.219] [info] [sirius_context.cpp:329] QueryBegin: instance=0xe1f9f1960370 connection=1 query=316 SQL: CALL pin_table('/datasets/tpch_sf1000_sorted/supplier/*.parquet', tier='gpu', name='supplier', cols=['s_suppkey','s_nationkey','s_name'])
[2026-09-08 04:17:06.219] [info] [sirius_context.cpp:521] [window] begin instance=0xe1f9f1960370 connection=1 window=127 query=316 outcome=-
[2026-09-08 04:17:06.219] [info] [sirius_context.cpp:256] [host_pool] HOST:0 QueryBegin instance=0xe1f9f1960370 connection=1 window=127 query=316 allocated=17515413504 bytes peak=45432700928 bytes free_blocks=2875
[2026-09-08 04:17:06.219] [info] [sirius_context.cpp:271] [gpu_pool] GPU:0 QueryBegin instance=0xe1f9f1960370 connection=1 window=127 query=316 allocated=0 bytes peak=254818874163 bytes reserved=0 bytes
[2026-09-08 04:17:06.219] [info] [sirius_context.cpp:389] QueryBegin: pin_table
[2026-09-08 04:17:06.219] [warning] [sirius_extension.cpp:1430] [pin_table] 'supplier': pin_table_compression is enabled but no plan file was found in '/home/nvidia/joost/sirius-zonemap/bench/sf1000-repro/plans'; pinning uncompressed
[2026-09-08 04:17:06.229] [info] [sirius_context.cpp:405] QueryEnd
[2026-09-08 04:17:06.229] [info] [sirius_context.cpp:256] [host_pool] HOST:0 QueryEnd instance=0xe1f9f1960370 connection=1 window=127 query=316 allocated=17515413504 bytes peak=45432700928 bytes free_blocks=2875
[2026-09-08 04:17:06.229] [info] [sirius_context.cpp:271] [gpu_pool] GPU:0 QueryEnd instance=0xe1f9f1960370 connection=1 window=127 query=316 allocated=273750528 bytes peak=254818874163 bytes reserved=0 bytes
[2026-09-08 04:17:06.229] [info] [sirius_context.cpp:521] [window] end instance=0xe1f9f1960370 connection=1 window=127 query=316 outcome=ok
[2026-09-08 04:17:06.229] [info] [sirius_context.cpp:329] QueryBegin: instance=0xe1f9f1960370 connection=1 query=317 SQL: CALL pin_table('/datasets/tpch_sf1000_sorted/lineitem/*.parquet', tier='gpu', name='lineitem', cols=['l_suppkey','l_orderkey','l_receiptdate','l_commitdate'])
[2026-09-08 04:17:06.230] [info] [sirius_context.cpp:521] [window] begin instance=0xe1f9f1960370 connection=1 window=128 query=317 outcome=-
[2026-09-08 04:17:06.230] [info] [sirius_context.cpp:256] [host_pool] HOST:0 QueryBegin instance=0xe1f9f1960370 connection=1 window=128 query=317 allocated=17515413504 bytes peak=45432700928 bytes free_blocks=2875
[2026-09-08 04:17:06.230] [info] [sirius_context.cpp:271] [gpu_pool] GPU:0 QueryBegin instance=0xe1f9f1960370 connection=1 window=128 query=317 allocated=273750528 bytes peak=254818874163 bytes reserved=0 bytes
[2026-09-08 04:17:06.230] [info] [sirius_context.cpp:389] QueryBegin: pin_table
[2026-09-08 04:17:06.230] [info] [sirius_extension.cpp:1420] [pin_table] 'lineitem' tier=gpu: compressing with plan for 4 column(s)
[2026-09-08 04:17:10.596] [info] [sirius_context.cpp:405] QueryEnd
[2026-09-08 04:17:10.596] [info] [sirius_context.cpp:256] [host_pool] HOST:0 QueryEnd instance=0xe1f9f1960370 connection=1 window=128 query=317 allocated=17515413504 bytes peak=45432700928 bytes free_blocks=2875
[2026-09-08 04:17:10.596] [info] [sirius_context.cpp:271] [gpu_pool] GPU:0 QueryEnd instance=0xe1f9f1960370 connection=1 window=128 query=317 allocated=51806886912 bytes peak=254818874163 bytes reserved=0 bytes
[2026-09-08 04:17:10.596] [info] [sirius_context.cpp:521] [window] end instance=0xe1f9f1960370 connection=1 window=128 query=317 outcome=ok
[2026-09-08 04:17:10.597] [info] [sirius_context.cpp:329] QueryBegin: instance=0xe1f9f1960370 connection=1 query=318 SQL: CALL pin_table('/datasets/tpch_sf1000_sorted/orders/*.parquet', tier='gpu', name='orders', cols=['o_orderkey','o_orderstatus'])
[2026-09-08 04:17:10.597] [info] [sirius_context.cpp:521] [window] begin instance=0xe1f9f1960370 connection=1 window=129 query=318 outcome=-
[2026-09-08 04:17:10.597] [info] [sirius_context.cpp:256] [host_pool] HOST:0 QueryBegin instance=0xe1f9f1960370 connection=1 window=129 query=318 allocated=17515413504 bytes peak=45432700928 bytes free_blocks=2875
[2026-09-08 04:17:10.597] [info] [sirius_context.cpp:271] [gpu_pool] GPU:0 QueryBegin instance=0xe1f9f1960370 connection=1 window=129 query=318 allocated=51806886912 bytes peak=254818874163 bytes reserved=0 bytes
[2026-09-08 04:17:10.597] [info] [sirius_context.cpp:389] QueryBegin: pin_table
[2026-09-08 04:17:10.598] [info] [sirius_extension.cpp:1420] [pin_table] 'orders' tier=gpu: compressing with plan for 2 column(s)
[2026-09-08 04:17:10.823] [warning] [pin_table.cpp:841] [materialize_all_batches_compressed] compression failed: dictionary_compressor: column size exceeds maximum; pinning the remainder of this table uncompressed (the failure latches compression off for every later chunk)
[2026-09-08 04:17:11.160] [info] [sirius_context.cpp:405] QueryEnd
[2026-09-08 04:17:11.161] [info] [sirius_context.cpp:256] [host_pool] HOST:0 QueryEnd instance=0xe1f9f1960370 connection=1 window=129 query=318 allocated=17515413504 bytes peak=45432700928 bytes free_blocks=2875
[2026-09-08 04:17:11.161] [info] [sirius_context.cpp:271] [gpu_pool] GPU:0 QueryEnd instance=0xe1f9f1960370 connection=1 window=129 query=318 allocated=71681887744 bytes peak=254818874163 bytes reserved=0 bytes
[2026-09-08 04:17:11.161] [info] [sirius_context.cpp:521] [window] end instance=0xe1f9f1960370 connection=1 window=129 query=318 outcome=ok
[2026-09-08 04:17:11.161] [info] [sirius_context.cpp:329] QueryBegin: instance=0xe1f9f1960370 connection=1 query=319 SQL: CALL pin_table('/datasets/tpch_sf1000_sorted/nation/*.parquet', tier='gpu', name='nation', cols=['n_nationkey','n_name'])
[2026-09-08 04:17:11.161] [info] [sirius_context.cpp:521] [window] begin instance=0xe1f9f1960370 connection=1 window=130 query=319 outcome=-
[2026-09-08 04:17:11.161] [info] [sirius_context.cpp:256] [host_pool] HOST:0 QueryBegin instance=0xe1f9f1960370 connection=1 window=130 query=319 allocated=17515413504 bytes peak=45432700928 bytes free_blocks=2875
[2026-09-08 04:17:11.161] [info] [sirius_context.cpp:271] [gpu_pool] GPU:0 QueryBegin instance=0xe1f9f1960370 connection=1 window=130 query=319 allocated=71681887744 bytes peak=254818874163 bytes reserved=0 bytes
[2026-09-08 04:17:11.161] [info] [sirius_context.cpp:389] QueryBegin: pin_table
[2026-09-08 04:17:11.162] [warning] [sirius_extension.cpp:1430] [pin_table] 'nation': pin_table_compression is enabled but no plan file was found in '/home/nvidia/joost/sirius-zonemap/bench/sf1000-repro/plans'; pinning uncompressed
[2026-09-08 04:17:11.164] [info] [sirius_extension.cpp:1478] [late-mat] pin 'nation': column 'n_nationkey' proven distinct table-wide (per-chunk)
[2026-09-08 04:17:11.164] [info] [sirius_extension.cpp:1478] [late-mat] pin 'nation': column 'n_name' proven distinct table-wide (per-chunk)
[2026-09-08 04:17:11.164] [info] [sirius_context.cpp:405] QueryEnd
[2026-09-08 04:17:11.164] [info] [sirius_context.cpp:256] [host_pool] HOST:0 QueryEnd instance=0xe1f9f1960370 connection=1 window=130 query=319 allocated=17515413504 bytes peak=45432700928 bytes free_blocks=2875
[2026-09-08 04:17:11.165] [info] [sirius_context.cpp:271] [gpu_pool] GPU:0 QueryEnd instance=0xe1f9f1960370 connection=1 window=130 query=319 allocated=71681889024 bytes peak=254818874163 bytes reserved=0 bytes
[2026-09-08 04:17:11.165] [info] [sirius_context.cpp:521] [window] end instance=0xe1f9f1960370 connection=1 window=130 query=319 outcome=ok
[2026-09-08 04:17:11.165] [info] [sirius_context.cpp:329] QueryBegin: instance=0xe1f9f1960370 connection=1 query=320 SQL: CALL sirius_set_query_label('q21_iter0')
[2026-09-08 04:17:11.165] [info] [sirius_context.cpp:329] QueryBegin: instance=0xe1f9f1960370 connection=1 query=321 SQL: SET gpu_execution = true;
