[2026-09-08 05:16:35.258] [info] [sirius_context.cpp:329] QueryBegin: instance=0xee8161960380 connection=1 query=144 SQL: select nation, o_year, sum(amount) as sum_profit from ( select n.n_name as nation, extract(year from o.o_orderdate) as o_year, l.l_extendedprice * (1 - l.l_discount) - ps.ps_supplycost * l.l_quantity as amount from part p, supplier s, lineitem l, partsupp ps, orders o, nation n where s.s_suppkey = l.l_suppkey and ps.ps_suppkey = l.l_suppkey and ps.ps_partkey = l.l_partkey and p.p_partkey = l.l_partkey and o.o_orderkey = l.l_orderkey and s.s_nationkey = n.n_nationkey and p.p_name like '%yellow%' ) as profit group by nation, o_year order by nation, o_year desc
[2026-09-08 05:16:35.278] [info] [sirius_plan_comparison_join.cpp:646] [sirius_plan_comparison_join] Wired hash join with 1 dynamic-filter probe target(s) (1 scan-bound, 0 join-edge; evidence=filtered; build est 199999968 rows).
[2026-09-08 05:16:35.278] [info] [sirius_plan_comparison_join.cpp:662] [sirius_plan_comparison_join] Not wiring dynamic filter(s): build side carries neither filter nor opaque-build evidence (build est 1513881600 rows).
[2026-09-08 05:16:35.278] [info] [sirius_plan_comparison_join.cpp:662] [sirius_plan_comparison_join] Not wiring dynamic filter(s): build side carries neither filter nor opaque-build evidence (build est 25 rows).
[2026-09-08 05:16:35.278] [info] [sirius_plan_comparison_join.cpp:662] [sirius_plan_comparison_join] Not wiring dynamic filter(s): build side carries neither filter nor opaque-build evidence (build est 10000000 rows).
[2026-09-08 05:16:35.278] [info] [sirius_plan_comparison_join.cpp:662] [sirius_plan_comparison_join] Not wiring dynamic filter(s): build side carries neither filter nor opaque-build evidence (build est 799997952 rows).
[2026-09-08 05:16:35.279] [info] [sirius_context.cpp:1467] Transparent execution: Sirius physical plan generated successfully
[2026-09-08 05:16:35.279] [info] [sirius_context.cpp:1495] Transparent execution: physical plan replaced with GPU operator
[2026-09-08 05:16:35.279] [info] [physical_sirius_execution.cpp:157] Transparent GPU execution: executing query
[2026-09-08 05:16:35.279] [info] [sirius_context.cpp:521] [window] begin instance=0xee8161960380 connection=1 window=61 query=144 outcome=-
[2026-09-08 05:16:35.279] [info] [sirius_context.cpp:256] [host_pool] HOST:0 QueryBegin instance=0xee8161960380 connection=1 window=61 query=144 allocated=137304735744 bytes peak=137304735744 bytes free_blocks=1090
[2026-09-08 05:16:35.279] [info] [sirius_context.cpp:271] [gpu_pool] GPU:0 QueryBegin instance=0xee8161960380 connection=1 window=61 query=144 allocated=0 bytes peak=252963939840 bytes reserved=0 bytes
[2026-09-08 05:16:35.279] [info] [sirius_context.cpp:389] QueryBegin: transparent_execution
[2026-09-08 05:16:35.285] [info] [sirius_plan_comparison_join.cpp:646] [sirius_plan_comparison_join] Wired hash join with 1 dynamic-filter probe target(s) (1 scan-bound, 0 join-edge; evidence=filtered; build est 199999968 rows).
[2026-09-08 05:16:35.285] [info] [sirius_plan_comparison_join.cpp:662] [sirius_plan_comparison_join] Not wiring dynamic filter(s): build side carries neither filter nor opaque-build evidence (build est 1513881600 rows).
[2026-09-08 05:16:35.285] [info] [sirius_plan_comparison_join.cpp:662] [sirius_plan_comparison_join] Not wiring dynamic filter(s): build side carries neither filter nor opaque-build evidence (build est 25 rows).
[2026-09-08 05:16:35.285] [info] [sirius_plan_comparison_join.cpp:662] [sirius_plan_comparison_join] Not wiring dynamic filter(s): build side carries neither filter nor opaque-build evidence (build est 10000000 rows).
[2026-09-08 05:16:35.285] [info] [sirius_plan_comparison_join.cpp:662] [sirius_plan_comparison_join] Not wiring dynamic filter(s): build side carries neither filter nor opaque-build evidence (build est 799997952 rows).
[2026-09-08 05:16:35.286] [info] [sirius_engine.cpp:265] [gpu_alloc] query allocated 1 GPU(s): [0]
[2026-09-08 05:16:35.286] [info] [sirius_engine.cpp:318] Query Plan:
=== Pipeline Overview ===
Pipeline #0: GPU_SCAN (id=0)
  Output: -> PARTITION [port: default, barrier: FULL]
Pipeline #1: PARTITION (id=1)
  Input: <- Pipeline #0 [on: PARTITION (id=1), port: default, barrier: FULL]
  Dependencies: Pipeline #0
  Output: -> CONCAT [port: default, barrier: PARTIAL]
Pipeline #2: CONCAT (id=2)
  Input: <- Pipeline #1 [on: CONCAT (id=2), port: default, barrier: PARTIAL]
  Dependencies: Pipeline #1
  Output: -> HASH_JOIN [port: build, barrier: PARTIAL]
Pipeline #3: GPU_SCAN (id=3)
  Output: -> PARTITION [port: default, barrier: PARTIAL]
Pipeline #4: PARTITION (id=4)
  Input: <- Pipeline #3 [on: PARTITION (id=4), port: default, barrier: PARTIAL]
  Dependencies: Pipeline #3
  Output: -> CONCAT [port: default, barrier: PARTIAL]
Pipeline #5: CONCAT (id=5)
  Input: <- Pipeline #4 [on: CONCAT (id=5), port: default, barrier: PARTIAL]
  Dependencies: Pipeline #4
  Output: -> HASH_JOIN [port: default, barrier: PARTIAL]
Pipeline #6: HASH_JOIN (id=6)
  Input: <- Pipeline #2 [on: HASH_JOIN (id=6), port: build, barrier: PARTIAL]
  Input: <- Pipeline #5 [on: HASH_JOIN (id=6), port: default, barrier: PARTIAL]
  Dependencies: Pipeline #2, Pipeline #5
  Output: -> PARTITION [port: default, barrier: FULL]
Pipeline #7: PARTITION (id=7)
  Input: <- Pipeline #6 [on: PARTITION (id=7), port: default, barrier: FULL]
  Dependencies: Pipeline #6
  Output: -> CONCAT [port: default, barrier: PARTIAL]
Pipeline #8: CONCAT (id=8)
  Input: <- Pipeline #7 [on: CONCAT (id=8), port: default, barrier: PARTIAL]
  Dependencies: Pipeline #7
  Output: -> HASH_JOIN [port: build, barrier: PARTIAL]
Pipeline #9: GPU_SCAN (id=9)
  Output: -> PARTITION [port: default, barrier: PARTIAL]
Pipeline #10: PARTITION (id=10)
  Input: <- Pipeline #9 [on: PARTITION (id=10), port: default, barrier: PARTIAL]
  Dependencies: Pipeline #9
  Output: -> CONCAT [port: default, barrier: PARTIAL]
Pipeline #11: CONCAT (id=11)
  Input: <- Pipeline #10 [on: CONCAT (id=11), port: default, barrier: PARTIAL]
  Dependencies: Pipeline #10
  Output: -> HASH_JOIN [port: default, barrier: PARTIAL]
Pipeline #12: HASH_JOIN (id=12)
  Input: <- Pipeline #8 [on: HASH_JOIN (id=12), port: build, barrier: PARTIAL]
  Input: <- Pipeline #11 [on: HASH_JOIN (id=12), port: default, barrier: PARTIAL]
  Dependencies: Pipeline #8, Pipeline #11
  Output: -> PARTITION [port: default, barrier: FULL]
Pipeline #13: PARTITION (id=13)
  Input: <- Pipeline #12 [on: PARTITION (id=13), port: default, barrier: FULL]
  Dependencies: Pipeline #12
  Output: -> CONCAT [port: default, barrier: PARTIAL]
Pipeline #14: CONCAT (id=14)
  Input: <- Pipeline #13 [on: CONCAT (id=14), port: default, barrier: PARTIAL]
  Dependencies: Pipeline #13
  Output: -> HASH_JOIN [port: build, barrier: PARTIAL]
Pipeline #15: GPU_SCAN (id=15)
  Output: -> PARTITION [port: default, barrier: FULL]
Pipeline #16: PARTITION (id=16)
  Input: <- Pipeline #15 [on: PARTITION (id=16), port: default, barrier: FULL]
  Dependencies: Pipeline #15
  Output: -> CONCAT [port: default, barrier: PARTIAL]
Pipeline #17: CONCAT (id=17)
  Input: <- Pipeline #16 [on: CONCAT (id=17), port: default, barrier: PARTIAL]
  Dependencies: Pipeline #16
  Output: -> HASH_JOIN [port: build, barrier: PARTIAL]
Pipeline #18: GPU_SCAN (id=18)
  Output: -> PARTITION [port: default, barrier: FULL]
Pipeline #19: PARTITION (id=19)
  Input: <- Pipeline #18 [on: PARTITION (id=19), port: default, barrier: FULL]
  Dependencies: Pipeline #18
  Output: -> CONCAT [port: default, barrier: PARTIAL]
Pipeline #20: CONCAT (id=20)
  Input: <- Pipeline #19 [on: CONCAT (id=20), port: default, barrier: PARTIAL]
  Dependencies: Pipeline #19
  Output: -> HASH_JOIN [port: build, barrier: PARTIAL]
Pipeline #21: GPU_SCAN (id=21) -> DYNAMIC_FILTER (id=22)
  Output: -> PARTITION [port: default, barrier: PARTIAL]
Pipeline #22: PARTITION (id=23)
  Input: <- Pipeline #21 [on: PARTITION (id=23), port: default, barrier: PARTIAL]
  Dependencies: Pipeline #21
  Output: -> CONCAT [port: default, barrier: PARTIAL]
Pipeline #23: CONCAT (id=24)
  Input: <- Pipeline #22 [on: CONCAT (id=24), port: default, barrier: PARTIAL]
  Dependencies: Pipeline #22
  Output: -> HASH_JOIN [port: default, barrier: PARTIAL]
Pipeline #24: HASH_JOIN (id=25)
  Input: <- Pipeline #20 [on: HASH_JOIN (id=25), port: build, barrier: PARTIAL]
  Input: <- Pipeline #23 [on: HASH_JOIN (id=25), port: default, barrier: PARTIAL]
  Dependencies: Pipeline #20, Pipeline #23
  Output: -> PARTITION [port: default, barrier: PARTIAL]
Pipeline #25: PARTITION (id=26)
  Input: <- Pipeline #24 [on: PARTITION (id=26), port: default, barrier: PARTIAL]
  Dependencies: Pipeline #24
  Output: -> CONCAT [port: default, barrier: PARTIAL]
Pipeline #26: CONCAT (id=27)
  Input: <- Pipeline #25 [on: CONCAT (id=27), port: default, barrier: PARTIAL]
  Dependencies: Pipeline #25
  Output: -> HASH_JOIN [port: default, barrier: PARTIAL]
Pipeline #27: HASH_JOIN (id=28)
  Input: <- Pipeline #17 [on: HASH_JOIN (id=28), port: build, barrier: PARTIAL]
  Input: <- Pipeline #26 [on: HASH_JOIN (id=28), port: default, barrier: PARTIAL]
  Dependencies: Pipeline #17, Pipeline #26
  Output: -> PARTITION [port: default, barrier: PARTIAL]
Pipeline #28: PARTITION (id=29)
  Input: <- Pipeline #27 [on: PARTITION (id=29), port: default, barrier: PARTIAL]
  Dependencies: Pipeline #27
  Output: -> CONCAT [port: default, barrier: PARTIAL]
Pipeline #29: CONCAT (id=30)
  Input: <- Pipeline #28 [on: CONCAT (id=30), port: default, barrier: PARTIAL]
  Dependencies: Pipeline #28
  Output: -> HASH_JOIN [port: default, barrier: PARTIAL]
Pipeline #30: HASH_JOIN (id=31) -> PROJECTION (id=32) -> HASH_GROUP_BY (id=33)
  Input: <- Pipeline #14 [on: HASH_JOIN (id=31), port: build, barrier: PARTIAL]
  Input: <- Pipeline #29 [on: HASH_JOIN (id=31), port: default, barrier: PARTIAL]
  Dependencies: Pipeline #14, Pipeline #29
  Output: -> PARTITION [port: default, barrier: FULL]
Pipeline #31: PARTITION (id=34)
  Input: <- Pipeline #30 [on: PARTITION (id=34), port: default, barrier: FULL]
  Dependencies: Pipeline #30
  Output: -> MERGE_GROUP_BY [port: default, barrier: FULL]
Pipeline #32: MERGE_GROUP_BY (id=35) -> ORDER_BY (id=36)
  Input: <- Pipeline #31 [on: MERGE_GROUP_BY (id=35), port: default, barrier: FULL]
  Dependencies: Pipeline #31
  Output: -> SORT_SAMPLE [port: default, barrier: PIPELINE]
Pipeline #33: SORT_SAMPLE (id=37) -> SORT_PARTITION (id=38)
  Input: <- Pipeline #32 [on: SORT_SAMPLE (id=37), port: default, barrier: PIPELINE]
  Dependencies: Pipeline #32
  Output: -> MERGE_SORT [port: default, barrier: FULL]
Pipeline #34: MERGE_SORT (id=39)
  Input: <- Pipeline #33 [on: MERGE_SORT (id=39), port: default, barrier: FULL]
  Dependencies: Pipeline #33
  Output: -> RESULT_COLLECTOR [port: default, barrier: FULL]
Pipeline #35: RESULT_COLLECTOR (id=40)
  Input: <- Pipeline #34 [on: RESULT_COLLECTOR (id=40), port: default, barrier: FULL]
  Dependencies: Pipeline #34

=== Query Plan DAG ===
┌──────────────────────────┐                                                                                                                                            
│ Pipeline #35             │                                                                                                                                            
│ RESULT_COLLECTOR (id=40) │                                                                                                                                            
│ Input(#34): FULL         │                                                                                                                                            
└────────────┬─────────────┘                                                                                                                                            
             │                                                                                                                                                          
┌──────────────────────────┐                                                                                                                                            
│ Pipeline #34             │                                                                                                                                            
│ MERGE_SORT (id=39)       │                                                                                                                                            
│ Input(#33): FULL         │                                                                                                                                            
└────────────┬─────────────┘                                                                                                                                            
             │                                                                                                                                                          
┌──────────────────────────┐                                                                                                                                            
│ Pipeline #33             │                                                                                                                                            
│ SORT_PARTITION (id=38)   │                                                                                                                                            
│ SORT_SAMPLE (id=37)      │                                                                                                                                            
│ Input(#32): PIPELINE     │                                                                                                                                            
└────────────┬─────────────┘                                                                                                                                            
             │                                                                                                                                                          
┌──────────────────────────┐                                                                                                                                            
│ Pipeline #32             │                                                                                                                                            
│ ORDER_BY (id=36)         │                                                                                                                                            
│ MERGE_GROUP_BY (id=35)   │                                                                                                                                            
│ Input(#31): FULL         │                                                                                                                                            
└────────────┬─────────────┘                                                                                                                                            
             │                                                                                                                                                          
┌──────────────────────────┐                                                                                                                                            
│ Pipeline #31             │                                                                                                                                            
│ PARTITION (id=34)        │                                                                                                                                            
│ Input(#30): FULL         │                                                                                                                                            
└────────────┬─────────────┘                                                                                                                                            
             │                                                                                                                                                          
┌──────────────────────────┐                                                                                                                                            
│ Pipeline #30             │                                                                                                                                            
│ HASH_GROUP_BY (id=33)    │                                                                                                                                            
│ PROJECTION (id=32)       │                                                                                                                                            
│ HASH_JOIN (id=31)        │                                                                                                                                            
│   type: INNER            │                                                                                                                                            
│ Input(#14): PARTIAL      │                                                                                                                                            
│ Input(#29): PARTIAL      │                                                                                                                                            
└────────────┬─────────────┘                                                                                                                                            
             ┌───────────────────────────────────────────────────────────────────────────────────┐                                                                      
             │                                                                                   │                                                                      
┌──────────────────────────┐                                                        ┌──────────────────────────┐                                                        
│ Pipeline #14             │                                                        │ Pipeline #29             │                                                        
│ CONCAT (id=14)           │                                                        │ CONCAT (id=30)           │                                                        
│ Input(#13): PARTIAL      │                                                        │ Input(#28): PARTIAL      │                                                        
└────────────┬─────────────┘                                                        └────────────┬─────────────┘                                                        
             │                                                                                   │                                                                      
┌──────────────────────────┐                                                        ┌──────────────────────────┐                                                        
│ Pipeline #13             │                                                        │ Pipeline #28             │                                                        
│ PARTITION (id=13)        │                                                        │ PARTITION (id=29)        │                                                        
│ Input(#12): FULL         │                                                        │ Input(#27): PARTIAL      │                                                        
└────────────┬─────────────┘                                                        └────────────┬─────────────┘                                                        
             │                                                                                   │                                                                      
┌──────────────────────────┐                                                        ┌──────────────────────────┐                                                        
│ Pipeline #12             │                                                        │ Pipeline #27             │                                                        
│ HASH_JOIN (id=12)        │                                                        │ HASH_JOIN (id=28)        │                                                        
│   type: INNER            │                                                        │   type: INNER            │                                                        
│ Input(#8): PARTIAL       │                                                        │ Input(#17): PARTIAL      │                                                        
│ Input(#11): PARTIAL      │                                                        │ Input(#26): PARTIAL      │                                                        
└────────────┬─────────────┘                                                        └────────────┬─────────────┘                                                        
             ┌───────────────────────────────────────────────────────┐                           ┌───────────────────────────┐                                          
             │                                                       │                           │                           │                                          
┌──────────────────────────┐                            ┌──────────────────────────┐┌──────────────────────────┐┌──────────────────────────┐                            
│ Pipeline #8              │                            │ Pipeline #11             ││ Pipeline #17             ││ Pipeline #26             │                            
│ CONCAT (id=8)            │                            │ CONCAT (id=11)           ││ CONCAT (id=17)           ││ CONCAT (id=27)           │                            
│ Input(#7): PARTIAL       │                            │ Input(#10): PARTIAL      ││ Input(#16): PARTIAL      ││ Input(#25): PARTIAL      │                            
└────────────┬─────────────┘                            └────────────┬─────────────┘└────────────┬─────────────┘└────────────┬─────────────┘                            
             │                                                       │                           │                           │                                          
┌──────────────────────────┐                            ┌──────────────────────────┐┌──────────────────────────┐┌──────────────────────────┐                            
│ Pipeline #7              │                            │ Pipeline #10             ││ Pipeline #16             ││ Pipeline #25             │                            
│ PARTITION (id=7)         │                            │ PARTITION (id=10)        ││ PARTITION (id=16)        ││ PARTITION (id=26)        │                            
│ Input(#6): FULL          │                            │ Input(#9): PARTIAL       ││ Input(#15): FULL         ││ Input(#24): PARTIAL      │                            
└────────────┬─────────────┘                            └────────────┬─────────────┘└────────────┬─────────────┘└────────────┬─────────────┘                            
             │                                                       │                           │                           │                                          
┌──────────────────────────┐                            ┌──────────────────────────┐┌──────────────────────────┐┌──────────────────────────┐                            
│ Pipeline #6              │                            │ Pipeline #9              ││ Pipeline #15             ││ Pipeline #24             │                            
│ HASH_JOIN (id=6)         │                            │ GPU_SCAN (id=9)          ││ GPU_SCAN (id=15)         ││ HASH_JOIN (id=25)        │                            
│   type: INNER            │                            │                          ││                          ││   type: INNER            │                            
│ Input(#2): PARTIAL       │                            │                          ││                          ││ Input(#20): PARTIAL      │                            
│ Input(#5): PARTIAL       │                            │                          ││                          ││ Input(#23): PARTIAL      │                            
└────────────┬─────────────┘                            └──────────────────────────┘└──────────────────────────┘└────────────┬─────────────┘                            
             ┌───────────────────────────┐                                                                                   ┌───────────────────────────┐              
             │                           │                                                                                   │                           │              
┌──────────────────────────┐┌──────────────────────────┐                                                        ┌──────────────────────────┐┌──────────────────────────┐
│ Pipeline #2              ││ Pipeline #5              │                                                        │ Pipeline #20             ││ Pipeline #23             │
│ CONCAT (id=2)            ││ CONCAT (id=5)            │                                                        │ CONCAT (id=20)           ││ CONCAT (id=24)           │
│ Input(#1): PARTIAL       ││ Input(#4): PARTIAL       │                                                        │ Input(#19): PARTIAL      ││ Input(#22): PARTIAL      │
└────────────┬─────────────┘└────────────┬─────────────┘                                                        └────────────┬─────────────┘└────────────┬─────────────┘
             │                           │                                                                                   │                           │              
┌──────────────────────────┐┌──────────────────────────┐                                                        ┌──────────────────────────┐┌──────────────────────────┐
│ Pipeline #1              ││ Pipeline #4              │                                                        │ Pipeline #19             ││ Pipeline #22             │
│ PARTITION (id=1)         ││ PARTITION (id=4)         │                                                        │ PARTITION (id=19)        ││ PARTITION (id=23)        │
│ Input(#0): FULL          ││ Input(#3): PARTIAL       │                                                        │ Input(#18): FULL         ││ Input(#21): PARTIAL      │
└────────────┬─────────────┘└────────────┬─────────────┘                                                        └────────────┬─────────────┘└────────────┬─────────────┘
             │                           │                                                                                   │                           │              
┌──────────────────────────┐┌──────────────────────────┐                                                        ┌──────────────────────────┐┌──────────────────────────┐
│ Pipeline #0              ││ Pipeline #3              │                                                        │ Pipeline #18             ││ Pipeline #21             │
│ GPU_SCAN (id=0)          ││ GPU_SCAN (id=3)          │                                                        │ GPU_SCAN (id=18)         ││ DYNAMIC_FILTER (id=22)   │
│                          ││                          │                                                        │                          ││ GPU_SCAN (id=21)         │
└──────────────────────────┘└──────────────────────────┘                                                        └──────────────────────────┘└──────────────────────────┘

[2026-09-08 05:16:35.286] [info] [sirius_engine.cpp:186] query 61 telemetry_query=01a080f2ddd67ac0ba9e5f5facefce56
[2026-09-08 05:16:35.286] [info] [sirius_scan_manager.cpp:2999] [sirius_scan_manager] assigned pinned entry 'nation' to operator '0'
[2026-09-08 05:16:35.286] [info] [sirius_scan_manager.cpp:2999] [sirius_scan_manager] assigned pinned entry 'supplier' to operator '3'
[2026-09-08 05:16:35.287] [info] [sirius_scan_manager.cpp:2999] [sirius_scan_manager] assigned pinned entry 'partsupp' to operator '9'
[2026-09-08 05:16:35.287] [info] [sirius_scan_manager.cpp:2999] [sirius_scan_manager] assigned pinned entry 'orders' to operator '15'
[2026-09-08 05:16:35.287] [info] [sirius_scan_manager.cpp:2999] [sirius_scan_manager] assigned pinned entry 'part' to operator '18'
[2026-09-08 05:16:35.287] [info] [sirius_scan_manager.cpp:2999] [sirius_scan_manager] assigned pinned entry 'lineitem' to operator '21'
[2026-09-08 05:16:35.287] [info] [sirius_scan_manager.cpp:823] [late-mat] operator 0: not deferring — the pinned entry is not device-resident
[2026-09-08 05:16:35.287] [info] [sirius_scan_manager.cpp:823] [late-mat] operator 3: not deferring — the pinned entry is not device-resident
[2026-09-08 05:16:35.287] [info] [sirius_scan_manager.cpp:823] [late-mat] operator 9: not deferring — the pinned entry is not device-resident
[2026-09-08 05:16:35.287] [info] [sirius_scan_manager.cpp:823] [late-mat] operator 15: not deferring — the pinned entry is not device-resident
[2026-09-08 05:16:35.287] [info] [sirius_scan_manager.cpp:823] [late-mat] operator 18: not deferring — the pinned entry is not device-resident
[2026-09-08 05:16:35.287] [info] [sirius_scan_manager.cpp:823] [late-mat] operator 21: not deferring — the pinned entry is not device-resident
[2026-09-08 05:16:35.288] [info] [memory_prefetcher.cpp:59] [memory_prefetcher] started: 3 threads, 6 connectors, min_free_fraction=0.40
[2026-09-08 05:16:35.289] [warning] [sirius_physical_partition.cpp:375] slot_for_device: device_id 0 not found in active GPU list, falling back to slot 0
[2026-09-08 05:16:35.374] [warning] [sirius_physical_partition.cpp:375] slot_for_device: device_id 0 not found in active GPU list, falling back to slot 0
[2026-09-08 05:16:35.374] [warning] [sirius_physical_partition.cpp:375] slot_for_device: device_id 0 not found in active GPU list, falling back to slot 0
[2026-09-08 05:16:35.699] [info] [dynamic_filter_publisher.cpp:297] [sirius_physical_hash_join] Pushed 1 dynamic filter(s) across 1 active target(s) of 1 wired target(s) (10870459 build rows, 1 bound keys of 1 admitted).
[2026-09-08 05:16:35.872] [warning] [sirius_physical_partition.cpp:375] slot_for_device: device_id 0 not found in active GPU list, falling back to slot 0
[2026-09-08 05:16:35.872] [warning] [sirius_physical_partition.cpp:375] slot_for_device: device_id 0 not found in active GPU list, falling back to slot 0
[2026-09-08 05:16:35.872] [warning] [sirius_physical_partition.cpp:375] slot_for_device: device_id 0 not found in active GPU list, falling back to slot 0
[2026-09-08 05:16:35.872] [warning] [sirius_physical_partition.cpp:375] slot_for_device: device_id 0 not found in active GPU list, falling back to slot 0
[2026-09-08 05:16:35.872] [warning] [sirius_physical_partition.cpp:375] slot_for_device: device_id 0 not found in active GPU list, falling back to slot 0
[2026-09-08 05:16:35.872] [warning] [sirius_physical_partition.cpp:375] slot_for_device: device_id 0 not found in active GPU list, falling back to slot 0
[2026-09-08 05:16:35.872] [warning] [sirius_physical_partition.cpp:375] slot_for_device: device_id 0 not found in active GPU list, falling back to slot 0
[2026-09-08 05:16:35.872] [warning] [sirius_physical_partition.cpp:375] slot_for_device: device_id 0 not found in active GPU list, falling back to slot 0
[2026-09-08 05:16:35.872] [warning] [sirius_physical_partition.cpp:375] slot_for_device: device_id 0 not found in active GPU list, falling back to slot 0
[2026-09-08 05:16:35.872] [warning] [sirius_physical_partition.cpp:375] slot_for_device: device_id 0 not found in active GPU list, falling back to slot 0
[2026-09-08 05:16:35.872] [warning] [sirius_physical_partition.cpp:375] slot_for_device: device_id 0 not found in active GPU list, falling back to slot 0
[2026-09-08 05:16:35.872] [warning] [sirius_physical_partition.cpp:375] slot_for_device: device_id 0 not found in active GPU list, falling back to slot 0
[2026-09-08 05:16:35.872] [warning] [sirius_physical_partition.cpp:375] slot_for_device: device_id 0 not found in active GPU list, falling back to slot 0
[2026-09-08 05:16:35.872] [warning] [sirius_physical_partition.cpp:375] slot_for_device: device_id 0 not found in active GPU list, falling back to slot 0
[2026-09-08 05:16:35.872] [warning] [sirius_physical_partition.cpp:375] slot_for_device: device_id 0 not found in active GPU list, falling back to slot 0
[2026-09-08 05:16:35.872] [warning] [sirius_physical_partition.cpp:375] slot_for_device: device_id 0 not found in active GPU list, falling back to slot 0
[2026-09-08 05:16:35.872] [warning] [sirius_physical_partition.cpp:375] slot_for_device: device_id 0 not found in active GPU list, falling back to slot 0
[2026-09-08 05:16:35.872] [warning] [sirius_physical_partition.cpp:375] slot_for_device: device_id 0 not found in active GPU list, falling back to slot 0
[2026-09-08 05:16:35.873] [warning] [sirius_physical_partition.cpp:375] slot_for_device: device_id 0 not found in active GPU list, falling back to slot 0
[2026-09-08 05:16:35.873] [warning] [sirius_physical_partition.cpp:375] slot_for_device: device_id 0 not found in active GPU list, falling back to slot 0
[2026-09-08 05:16:35.873] [warning] [sirius_physical_partition.cpp:375] slot_for_device: device_id 0 not found in active GPU list, falling back to slot 0
[2026-09-08 05:16:35.873] [warning] [sirius_physical_partition.cpp:375] slot_for_device: device_id 0 not found in active GPU list, falling back to slot 0
[2026-09-08 05:16:35.873] [warning] [sirius_physical_partition.cpp:375] slot_for_device: device_id 0 not found in active GPU list, falling back to slot 0
[2026-09-08 05:16:35.873] [warning] [sirius_physical_partition.cpp:375] slot_for_device: device_id 0 not found in active GPU list, falling back to slot 0
[2026-09-08 05:16:35.876] [warning] [sirius_physical_partition.cpp:375] slot_for_device: device_id 0 not found in active GPU list, falling back to slot 0
[2026-09-08 05:16:35.888] [warning] [sirius_physical_partition.cpp:375] slot_for_device: device_id 0 not found in active GPU list, falling back to slot 0
[2026-09-08 05:16:35.888] [warning] [sirius_physical_partition.cpp:375] slot_for_device: device_id 0 not found in active GPU list, falling back to slot 0
[2026-09-08 05:16:35.895] [warning] [sirius_physical_partition.cpp:375] slot_for_device: device_id 0 not found in active GPU list, falling back to slot 0
[2026-09-08 05:16:35.903] [warning] [sirius_physical_partition.cpp:375] slot_for_device: device_id 0 not found in active GPU list, falling back to slot 0
[2026-09-08 05:16:35.911] [warning] [sirius_physical_partition.cpp:375] slot_for_device: device_id 0 not found in active GPU list, falling back to slot 0
[2026-09-08 05:16:35.961] [warning] [sirius_physical_partition.cpp:375] slot_for_device: device_id 0 not found in active GPU list, falling back to slot 0
[2026-09-08 05:16:36.000] [warning] [sirius_physical_hash_join.cpp:1185] In sirius_physical_hash_join:get_next_task_input_data_for_build_probe: no schedulable partition (build/probe already drained) in operator 28
[2026-09-08 05:16:36.207] [warning] [sirius_physical_hash_join.cpp:1185] In sirius_physical_hash_join:get_next_task_input_data_for_build_probe: no schedulable partition (build/probe already drained) in operator 31
[2026-09-08 05:16:36.510] [info] [gpu_pipeline_executor.cpp:129] GPU Pipeline Executor: task queue interrupted, stopping manager loop
[2026-09-08 05:16:36.511] [info] [sirius_context.cpp:405] QueryEnd
[2026-09-08 05:16:36.511] [info] [memory_prefetcher.cpp:72] [memory_prefetcher] stopping: prefetched 26 batches / 77127797453 bytes (stops: headroom=65 reservation=0, skips: lock=0 draining=99, errors=0)
[2026-09-08 05:16:36.511] [info] [sirius_context.cpp:256] [host_pool] HOST:0 QueryEnd instance=0xee8161960380 connection=1 window=61 query=144 allocated=137304735744 bytes peak=174080393216 bytes free_blocks=1090
[2026-09-08 05:16:36.511] [info] [sirius_context.cpp:271] [gpu_pool] GPU:0 QueryEnd instance=0xee8161960380 connection=1 window=61 query=144 allocated=0 bytes peak=252963939840 bytes reserved=0 bytes
[2026-09-08 05:16:36.511] [info] [sirius_context.cpp:521] [window] end instance=0xee8161960380 connection=1 window=61 query=144 outcome=ok
[2026-09-08 05:16:36.511] [info] [physical_sirius_execution.cpp:327] Transparent GPU execution: query completed
[2026-09-08 05:16:36.514] [info] [sirius_context.cpp:329] QueryBegin: instance=0xee8161960380 connection=1 query=145 SQL: CALL sirius_set_query_label('q9_iter1')
[2026-09-08 05:16:36.514] [info] [sirius_context.cpp:329] QueryBegin: instance=0xee8161960380 connection=1 query=146 SQL: SET gpu_execution = true;
[2026-09-08 05:16:36.514] [info] [sirius_context.cpp:329] QueryBegin: instance=0xee8161960380 connection=1 query=147 SQL: select nation, o_year, sum(amount) as sum_profit from ( select n.n_name as nation, extract(year from o.o_orderdate) as o_year, l.l_extendedprice * (1 - l.l_discount) - ps.ps_supplycost * l.l_quantity as amount from part p, supplier s, lineitem l, partsupp ps, orders o, nation n where s.s_suppkey = l.l_suppkey and ps.ps_suppkey = l.l_suppkey and ps.ps_partkey = l.l_partkey and p.p_partkey = l.l_partkey and o.o_orderkey = l.l_orderkey and s.s_nationkey = n.n_nationkey and p.p_name like '%yellow%' ) as profit group by nation, o_year order by nation, o_year desc
[2026-09-08 05:16:36.534] [info] [sirius_plan_comparison_join.cpp:646] [sirius_plan_comparison_join] Wired hash join with 1 dynamic-filter probe target(s) (1 scan-bound, 0 join-edge; evidence=filtered; build est 199999968 rows).
[2026-09-08 05:16:36.534] [info] [sirius_plan_comparison_join.cpp:662] [sirius_plan_comparison_join] Not wiring dynamic filter(s): build side carries neither filter nor opaque-build evidence (build est 1513881600 rows).
[2026-09-08 05:16:36.534] [info] [sirius_plan_comparison_join.cpp:662] [sirius_plan_comparison_join] Not wiring dynamic filter(s): build side carries neither filter nor opaque-build evidence (build est 25 rows).
[2026-09-08 05:16:36.534] [info] [sirius_plan_comparison_join.cpp:662] [sirius_plan_comparison_join] Not wiring dynamic filter(s): build side carries neither filter nor opaque-build evidence (build est 10000000 rows).
[2026-09-08 05:16:36.534] [info] [sirius_plan_comparison_join.cpp:662] [sirius_plan_comparison_join] Not wiring dynamic filter(s): build side carries neither filter nor opaque-build evidence (build est 799997952 rows).
[2026-09-08 05:16:36.535] [info] [sirius_context.cpp:1467] Transparent execution: Sirius physical plan generated successfully
[2026-09-08 05:16:36.535] [info] [sirius_context.cpp:1495] Transparent execution: physical plan replaced with GPU operator
[2026-09-08 05:16:36.535] [info] [physical_sirius_execution.cpp:157] Transparent GPU execution: executing query
[2026-09-08 05:16:36.535] [info] [sirius_context.cpp:521] [window] begin instance=0xee8161960380 connection=1 window=62 query=147 outcome=-
[2026-09-08 05:16:36.535] [info] [sirius_context.cpp:256] [host_pool] HOST:0 QueryBegin instance=0xee8161960380 connection=1 window=62 query=147 allocated=137304735744 bytes peak=174080393216 bytes free_blocks=1090
[2026-09-08 05:16:36.535] [info] [sirius_context.cpp:271] [gpu_pool] GPU:0 QueryBegin instance=0xee8161960380 connection=1 window=62 query=147 allocated=0 bytes peak=252963939840 bytes reserved=0 bytes
[2026-09-08 05:16:36.535] [info] [sirius_context.cpp:389] QueryBegin: transparent_execution
[2026-09-08 05:16:36.541] [info] [sirius_plan_comparison_join.cpp:646] [sirius_plan_comparison_join] Wired hash join with 1 dynamic-filter probe target(s) (1 scan-bound, 0 join-edge; evidence=filtered; build est 199999968 rows).
[2026-09-08 05:16:36.541] [info] [sirius_plan_comparison_join.cpp:662] [sirius_plan_comparison_join] Not wiring dynamic filter(s): build side carries neither filter nor opaque-build evidence (build est 1513881600 rows).
[2026-09-08 05:16:36.541] [info] [sirius_plan_comparison_join.cpp:662] [sirius_plan_comparison_join] Not wiring dynamic filter(s): build side carries neither filter nor opaque-build evidence (build est 25 rows).
[2026-09-08 05:16:36.541] [info] [sirius_plan_comparison_join.cpp:662] [sirius_plan_comparison_join] Not wiring dynamic filter(s): build side carries neither filter nor opaque-build evidence (build est 10000000 rows).
[2026-09-08 05:16:36.541] [info] [sirius_plan_comparison_join.cpp:662] [sirius_plan_comparison_join] Not wiring dynamic filter(s): build side carries neither filter nor opaque-build evidence (build est 799997952 rows).
[2026-09-08 05:16:36.542] [info] [sirius_engine.cpp:265] [gpu_alloc] query allocated 1 GPU(s): [0]
[2026-09-08 05:16:36.542] [info] [sirius_engine.cpp:318] Query Plan:
=== Pipeline Overview ===
Pipeline #0: GPU_SCAN (id=0)
  Output: -> PARTITION [port: default, barrier: FULL]
Pipeline #1: PARTITION (id=1)
  Input: <- Pipeline #0 [on: PARTITION (id=1), port: default, barrier: FULL]
  Dependencies: Pipeline #0
  Output: -> CONCAT [port: default, barrier: PARTIAL]
Pipeline #2: CONCAT (id=2)
  Input: <- Pipeline #1 [on: CONCAT (id=2), port: default, barrier: PARTIAL]
  Dependencies: Pipeline #1
  Output: -> HASH_JOIN [port: build, barrier: PARTIAL]
Pipeline #3: GPU_SCAN (id=3)
  Output: -> PARTITION [port: default, barrier: PARTIAL]
Pipeline #4: PARTITION (id=4)
  Input: <- Pipeline #3 [on: PARTITION (id=4), port: default, barrier: PARTIAL]
  Dependencies: Pipeline #3
  Output: -> CONCAT [port: default, barrier: PARTIAL]
Pipeline #5: CONCAT (id=5)
  Input: <- Pipeline #4 [on: CONCAT (id=5), port: default, barrier: PARTIAL]
  Dependencies: Pipeline #4
  Output: -> HASH_JOIN [port: default, barrier: PARTIAL]
Pipeline #6: HASH_JOIN (id=6)
  Input: <- Pipeline #2 [on: HASH_JOIN (id=6), port: build, barrier: PARTIAL]
  Input: <- Pipeline #5 [on: HASH_JOIN (id=6), port: default, barrier: PARTIAL]
  Dependencies: Pipeline #2, Pipeline #5
  Output: -> PARTITION [port: default, barrier: FULL]
Pipeline #7: PARTITION (id=7)
  Input: <- Pipeline #6 [on: PARTITION (id=7), port: default, barrier: FULL]
  Dependencies: Pipeline #6
  Output: -> CONCAT [port: default, barrier: PARTIAL]
Pipeline #8: CONCAT (id=8)
  Input: <- Pipeline #7 [on: CONCAT (id=8), port: default, barrier: PARTIAL]
  Dependencies: Pipeline #7
  Output: -> HASH_JOIN [port: build, barrier: PARTIAL]
Pipeline #9: GPU_SCAN (id=9)
  Output: -> PARTITION [port: default, barrier: PARTIAL]
Pipeline #10: PARTITION (id=10)
  Input: <- Pipeline #9 [on: PARTITION (id=10), port: default, barrier: PARTIAL]
  Dependencies: Pipeline #9
  Output: -> CONCAT [port: default, barrier: PARTIAL]
Pipeline #11: CONCAT (id=11)
  Input: <- Pipeline #10 [on: CONCAT (id=11), port: default, barrier: PARTIAL]
  Dependencies: Pipeline #10
  Output: -> HASH_JOIN [port: default, barrier: PARTIAL]
Pipeline #12: HASH_JOIN (id=12)
  Input: <- Pipeline #8 [on: HASH_JOIN (id=12), port: build, barrier: PARTIAL]
  Input: <- Pipeline #11 [on: HASH_JOIN (id=12), port: default, barrier: PARTIAL]
  Dependencies: Pipeline #8, Pipeline #11
  Output: -> PARTITION [port: default, barrier: FULL]
Pipeline #13: PARTITION (id=13)
  Input: <- Pipeline #12 [on: PARTITION (id=13), port: default, barrier: FULL]
  Dependencies: Pipeline #12
  Output: -> CONCAT [port: default, barrier: PARTIAL]
Pipeline #14: CONCAT (id=14)
  Input: <- Pipeline #13 [on: CONCAT (id=14), port: default, barrier: PARTIAL]
  Dependencies: Pipeline #13
  Output: -> HASH_JOIN [port: build, barrier: PARTIAL]
Pipeline #15: GPU_SCAN (id=15)
  Output: -> PARTITION [port: default, barrier: FULL]
Pipeline #16: PARTITION (id=16)
  Input: <- Pipeline #15 [on: PARTITION (id=16), port: default, barrier: FULL]
  Dependencies: Pipeline #15
  Output: -> CONCAT [port: default, barrier: PARTIAL]
Pipeline #17: CONCAT (id=17)
  Input: <- Pipeline #16 [on: CONCAT (id=17), port: default, barrier: PARTIAL]
  Dependencies: Pipeline #16
  Output: -> HASH_JOIN [port: build, barrier: PARTIAL]
Pipeline #18: GPU_SCAN (id=18)
  Output: -> PARTITION [port: default, barrier: FULL]
Pipeline #19: PARTITION (id=19)
  Input: <- Pipeline #18 [on: PARTITION (id=19), port: default, barrier: FULL]
  Dependencies: Pipeline #18
  Output: -> CONCAT [port: default, barrier: PARTIAL]
Pipeline #20: CONCAT (id=20)
  Input: <- Pipeline #19 [on: CONCAT (id=20), port: default, barrier: PARTIAL]
  Dependencies: Pipeline #19
  Output: -> HASH_JOIN [port: build, barrier: PARTIAL]
Pipeline #21: GPU_SCAN (id=21) -> DYNAMIC_FILTER (id=22)
  Output: -> PARTITION [port: default, barrier: PARTIAL]
Pipeline #22: PARTITION (id=23)
  Input: <- Pipeline #21 [on: PARTITION (id=23), port: default, barrier: PARTIAL]
  Dependencies: Pipeline #21
  Output: -> CONCAT [port: default, barrier: PARTIAL]
Pipeline #23: CONCAT (id=24)
  Input: <- Pipeline #22 [on: CONCAT (id=24), port: default, barrier: PARTIAL]
  Dependencies: Pipeline #22
  Output: -> HASH_JOIN [port: default, barrier: PARTIAL]
Pipeline #24: HASH_JOIN (id=25)
  Input: <- Pipeline #20 [on: HASH_JOIN (id=25), port: build, barrier: PARTIAL]
  Input: <- Pipeline #23 [on: HASH_JOIN (id=25), port: default, barrier: PARTIAL]
  Dependencies: Pipeline #20, Pipeline #23
  Output: -> PARTITION [port: default, barrier: PARTIAL]
Pipeline #25: PARTITION (id=26)
  Input: <- Pipeline #24 [on: PARTITION (id=26), port: default, barrier: PARTIAL]
  Dependencies: Pipeline #24
  Output: -> CONCAT [port: default, barrier: PARTIAL]
Pipeline #26: CONCAT (id=27)
  Input: <- Pipeline #25 [on: CONCAT (id=27), port: default, barrier: PARTIAL]
  Dependencies: Pipeline #25
  Output: -> HASH_JOIN [port: default, barrier: PARTIAL]
Pipeline #27: HASH_JOIN (id=28)
  Input: <- Pipeline #17 [on: HASH_JOIN (id=28), port: build, barrier: PARTIAL]
  Input: <- Pipeline #26 [on: HASH_JOIN (id=28), port: default, barrier: PARTIAL]
  Dependencies: Pipeline #17, Pipeline #26
  Output: -> PARTITION [port: default, barrier: PARTIAL]
Pipeline #28: PARTITION (id=29)
  Input: <- Pipeline #27 [on: PARTITION (id=29), port: default, barrier: PARTIAL]
  Dependencies: Pipeline #27
  Output: -> CONCAT [port: default, barrier: PARTIAL]
Pipeline #29: CONCAT (id=30)
  Input: <- Pipeline #28 [on: CONCAT (id=30), port: default, barrier: PARTIAL]
  Dependencies: Pipeline #28
  Output: -> HASH_JOIN [port: default, barrier: PARTIAL]
Pipeline #30: HASH_JOIN (id=31) -> PROJECTION (id=32) -> HASH_GROUP_BY (id=33)
  Input: <- Pipeline #14 [on: HASH_JOIN (id=31), port: build, barrier: PARTIAL]
  Input: <- Pipeline #29 [on: HASH_JOIN (id=31), port: default, barrier: PARTIAL]
  Dependencies: Pipeline #14, Pipeline #29
  Output: -> PARTITION [port: default, barrier: FULL]
Pipeline #31: PARTITION (id=34)
  Input: <- Pipeline #30 [on: PARTITION (id=34), port: default, barrier: FULL]
  Dependencies: Pipeline #30
  Output: -> MERGE_GROUP_BY [port: default, barrier: FULL]
Pipeline #32: MERGE_GROUP_BY (id=35) -> ORDER_BY (id=36)
  Input: <- Pipeline #31 [on: MERGE_GROUP_BY (id=35), port: default, barrier: FULL]
  Dependencies: Pipeline #31
  Output: -> SORT_SAMPLE [port: default, barrier: PIPELINE]
Pipeline #33: SORT_SAMPLE (id=37) -> SORT_PARTITION (id=38)
  Input: <- Pipeline #32 [on: SORT_SAMPLE (id=37), port: default, barrier: PIPELINE]
  Dependencies: Pipeline #32
  Output: -> MERGE_SORT [port: default, barrier: FULL]
Pipeline #34: MERGE_SORT (id=39)
  Input: <- Pipeline #33 [on: MERGE_SORT (id=39), port: default, barrier: FULL]
  Dependencies: Pipeline #33
  Output: -> RESULT_COLLECTOR [port: default, barrier: FULL]
Pipeline #35: RESULT_COLLECTOR (id=40)
  Input: <- Pipeline #34 [on: RESULT_COLLECTOR (id=40), port: default, barrier: FULL]
  Dependencies: Pipeline #34

=== Query Plan DAG ===
┌──────────────────────────┐                                                                                                                                            
│ Pipeline #35             │                                                                                                                                            
│ RESULT_COLLECTOR (id=40) │                                                                                                                                            
│ Input(#34): FULL         │                                                                                                                                            
└────────────┬─────────────┘                                                                                                                                            
             │                                                                                                                                                          
┌──────────────────────────┐                                                                                                                                            
│ Pipeline #34             │                                                                                                                                            
│ MERGE_SORT (id=39)       │                                                                                                                                            
│ Input(#33): FULL         │                                                                                                                                            
└────────────┬─────────────┘                                                                                                                                            
             │                                                                                                                                                          
┌──────────────────────────┐                                                                                                                                            
│ Pipeline #33             │                                                                                                                                            
│ SORT_PARTITION (id=38)   │                                                                                                                                            
│ SORT_SAMPLE (id=37)      │                                                                                                                                            
│ Input(#32): PIPELINE     │                                                                                                                                            
└────────────┬─────────────┘                                                                                                                                            
             │                                                                                                                                                          
┌──────────────────────────┐                                                                                                                                            
│ Pipeline #32             │                                                                                                                                            
│ ORDER_BY (id=36)         │                                                                                                                                            
│ MERGE_GROUP_BY (id=35)   │                                                                                                                                            
│ Input(#31): FULL         │                                                                                                                                            
└────────────┬─────────────┘                                                                                                                                            
             │                                                                                                                                                          
┌──────────────────────────┐                                                                                                                                            
│ Pipeline #31             │                                                                                                                                            
│ PARTITION (id=34)        │                                                                                                                                            
│ Input(#30): FULL         │                                                                                                                                            
└────────────┬─────────────┘                                                                                                                                            
             │                                                                                                                                                          
┌──────────────────────────┐                                                                                                                                            
│ Pipeline #30             │                                                                                                                                            
│ HASH_GROUP_BY (id=33)    │                                                                                                                                            
│ PROJECTION (id=32)       │                                                                                                                                            
│ HASH_JOIN (id=31)        │                                                                                                                                            
│   type: INNER            │                                                                                                                                            
│ Input(#14): PARTIAL      │                                                                                                                                            
│ Input(#29): PARTIAL      │                                                                                                                                            
└────────────┬─────────────┘                                                                                                                                            
             ┌───────────────────────────────────────────────────────────────────────────────────┐                                                                      
             │                                                                                   │                                                                      
┌──────────────────────────┐                                                        ┌──────────────────────────┐                                                        
│ Pipeline #14             │                                                        │ Pipeline #29             │                                                        
│ CONCAT (id=14)           │                                                        │ CONCAT (id=30)           │                                                        
│ Input(#13): PARTIAL      │                                                        │ Input(#28): PARTIAL      │                                                        
└────────────┬─────────────┘                                                        └────────────┬─────────────┘                                                        
             │                                                                                   │                                                                      
┌──────────────────────────┐                                                        ┌──────────────────────────┐                                                        
│ Pipeline #13             │                                                        │ Pipeline #28             │                                                        
│ PARTITION (id=13)        │                                                        │ PARTITION (id=29)        │                                                        
│ Input(#12): FULL         │                                                        │ Input(#27): PARTIAL      │                                                        
└────────────┬─────────────┘                                                        └────────────┬─────────────┘                                                        
             │                                                                                   │                                                                      
┌──────────────────────────┐                                                        ┌──────────────────────────┐                                                        
│ Pipeline #12             │                                                        │ Pipeline #27             │                                                        
│ HASH_JOIN (id=12)        │                                                        │ HASH_JOIN (id=28)        │                                                        
│   type: INNER            │                                                        │   type: INNER            │                                                        
│ Input(#8): PARTIAL       │                                                        │ Input(#17): PARTIAL      │                                                        
│ Input(#11): PARTIAL      │                                                        │ Input(#26): PARTIAL      │                                                        
└────────────┬─────────────┘                                                        └────────────┬─────────────┘                                                        
             ┌───────────────────────────────────────────────────────┐                           ┌───────────────────────────┐                                          
             │                                                       │                           │                           │                                          
┌──────────────────────────┐                            ┌──────────────────────────┐┌──────────────────────────┐┌──────────────────────────┐                            
│ Pipeline #8              │                            │ Pipeline #11             ││ Pipeline #17             ││ Pipeline #26             │                            
│ CONCAT (id=8)            │                            │ CONCAT (id=11)           ││ CONCAT (id=17)           ││ CONCAT (id=27)           │                            
│ Input(#7): PARTIAL       │                            │ Input(#10): PARTIAL      ││ Input(#16): PARTIAL      ││ Input(#25): PARTIAL      │                            
└────────────┬─────────────┘                            └────────────┬─────────────┘└────────────┬─────────────┘└────────────┬─────────────┘                            
             │                                                       │                           │                           │                                          
┌──────────────────────────┐                            ┌──────────────────────────┐┌──────────────────────────┐┌──────────────────────────┐                            
│ Pipeline #7              │                            │ Pipeline #10             ││ Pipeline #16             ││ Pipeline #25             │                            
│ PARTITION (id=7)         │                            │ PARTITION (id=10)        ││ PARTITION (id=16)        ││ PARTITION (id=26)        │                            
│ Input(#6): FULL          │                            │ Input(#9): PARTIAL       ││ Input(#15): FULL         ││ Input(#24): PARTIAL      │                            
└────────────┬─────────────┘                            └────────────┬─────────────┘└────────────┬─────────────┘└────────────┬─────────────┘                            
             │                                                       │                           │                           │                                          
┌──────────────────────────┐                            ┌──────────────────────────┐┌──────────────────────────┐┌──────────────────────────┐                            
│ Pipeline #6              │                            │ Pipeline #9              ││ Pipeline #15             ││ Pipeline #24             │                            
│ HASH_JOIN (id=6)         │                            │ GPU_SCAN (id=9)          ││ GPU_SCAN (id=15)         ││ HASH_JOIN (id=25)        │                            
│   type: INNER            │                            │                          ││                          ││   type: INNER            │                            
│ Input(#2): PARTIAL       │                            │                          ││                          ││ Input(#20): PARTIAL      │                            
│ Input(#5): PARTIAL       │                            │                          ││                          ││ Input(#23): PARTIAL      │                            
└────────────┬─────────────┘                            └──────────────────────────┘└──────────────────────────┘└────────────┬─────────────┘                            
             ┌───────────────────────────┐                                                                                   ┌───────────────────────────┐              
             │                           │                                                                                   │                           │              
┌──────────────────────────┐┌──────────────────────────┐                                                        ┌──────────────────────────┐┌──────────────────────────┐
│ Pipeline #2              ││ Pipeline #5              │                                                        │ Pipeline #20             ││ Pipeline #23             │
│ CONCAT (id=2)            ││ CONCAT (id=5)            │                                                        │ CONCAT (id=20)           ││ CONCAT (id=24)           │
│ Input(#1): PARTIAL       ││ Input(#4): PARTIAL       │                                                        │ Input(#19): PARTIAL      ││ Input(#22): PARTIAL      │
└────────────┬─────────────┘└────────────┬─────────────┘                                                        └────────────┬─────────────┘└────────────┬─────────────┘
             │                           │                                                                                   │                           │              
┌──────────────────────────┐┌──────────────────────────┐                                                        ┌──────────────────────────┐┌──────────────────────────┐
│ Pipeline #1              ││ Pipeline #4              │                                                        │ Pipeline #19             ││ Pipeline #22             │
│ PARTITION (id=1)         ││ PARTITION (id=4)         │                                                        │ PARTITION (id=19)        ││ PARTITION (id=23)        │
│ Input(#0): FULL          ││ Input(#3): PARTIAL       │                                                        │ Input(#18): FULL         ││ Input(#21): PARTIAL      │
└────────────┬─────────────┘└────────────┬─────────────┘                                                        └────────────┬─────────────┘└────────────┬─────────────┘
             │                           │                                                                                   │                           │              
┌──────────────────────────┐┌──────────────────────────┐                                                        ┌──────────────────────────┐┌──────────────────────────┐
│ Pipeline #0              ││ Pipeline #3              │                                                        │ Pipeline #18             ││ Pipeline #21             │
│ GPU_SCAN (id=0)          ││ GPU_SCAN (id=3)          │                                                        │ GPU_SCAN (id=18)         ││ DYNAMIC_FILTER (id=22)   │
│                          ││                          │                                                        │                          ││ GPU_SCAN (id=21)         │
└──────────────────────────┘└──────────────────────────┘                                                        └──────────────────────────┘└──────────────────────────┘

[2026-09-08 05:16:36.542] [info] [sirius_engine.cpp:186] query 62 telemetry_query=01a080f2e2be7191b2349b4040bab8fe
[2026-09-08 05:16:36.542] [info] [sirius_scan_manager.cpp:2999] [sirius_scan_manager] assigned pinned entry 'nation' to operator '0'
[2026-09-08 05:16:36.542] [info] [sirius_scan_manager.cpp:2999] [sirius_scan_manager] assigned pinned entry 'supplier' to operator '3'
[2026-09-08 05:16:36.543] [info] [sirius_scan_manager.cpp:2999] [sirius_scan_manager] assigned pinned entry 'partsupp' to operator '9'
[2026-09-08 05:16:36.543] [info] [sirius_scan_manager.cpp:2999] [sirius_scan_manager] assigned pinned entry 'orders' to operator '15'
[2026-09-08 05:16:36.543] [info] [sirius_scan_manager.cpp:2999] [sirius_scan_manager] assigned pinned entry 'part' to operator '18'
[2026-09-08 05:16:36.543] [info] [sirius_scan_manager.cpp:2999] [sirius_scan_manager] assigned pinned entry 'lineitem' to operator '21'
[2026-09-08 05:16:36.543] [info] [sirius_scan_manager.cpp:823] [late-mat] operator 0: not deferring — the pinned entry is not device-resident
[2026-09-08 05:16:36.543] [info] [sirius_scan_manager.cpp:823] [late-mat] operator 3: not deferring — the pinned entry is not device-resident
[2026-09-08 05:16:36.543] [info] [sirius_scan_manager.cpp:823] [late-mat] operator 9: not deferring — the pinned entry is not device-resident
[2026-09-08 05:16:36.543] [info] [sirius_scan_manager.cpp:823] [late-mat] operator 15: not deferring — the pinned entry is not device-resident
[2026-09-08 05:16:36.543] [info] [sirius_scan_manager.cpp:823] [late-mat] operator 18: not deferring — the pinned entry is not device-resident
[2026-09-08 05:16:36.543] [info] [sirius_scan_manager.cpp:823] [late-mat] operator 21: not deferring — the pinned entry is not device-resident
[2026-09-08 05:16:36.543] [info] [memory_prefetcher.cpp:59] [memory_prefetcher] started: 3 threads, 6 connectors, min_free_fraction=0.40
[2026-09-08 05:16:36.559] [warning] [sirius_physical_partition.cpp:375] slot_for_device: device_id 0 not found in active GPU list, falling back to slot 0
[2026-09-08 05:16:36.638] [warning] [sirius_physical_partition.cpp:375] slot_for_device: device_id 0 not found in active GPU list, falling back to slot 0
[2026-09-08 05:16:36.638] [warning] [sirius_physical_partition.cpp:375] slot_for_device: device_id 0 not found in active GPU list, falling back to slot 0
[2026-09-08 05:16:36.638] [warning] [sirius_physical_hash_join.cpp:1185] In sirius_physical_hash_join:get_next_task_input_data_for_build_probe: no schedulable partition (build/probe already drained) in operator 12
[2026-09-08 05:16:36.972] [info] [dynamic_filter_publisher.cpp:297] [sirius_physical_hash_join] Pushed 1 dynamic filter(s) across 1 active target(s) of 1 wired target(s) (10870459 build rows, 1 bound keys of 1 admitted).
[2026-09-08 05:16:37.136] [warning] [sirius_physical_partition.cpp:375] slot_for_device: device_id 0 not found in active GPU list, falling back to slot 0
[2026-09-08 05:16:37.136] [warning] [sirius_physical_partition.cpp:375] slot_for_device: device_id 0 not found in active GPU list, falling back to slot 0
[2026-09-08 05:16:37.136] [warning] [sirius_physical_partition.cpp:375] slot_for_device: device_id 0 not found in active GPU list, falling back to slot 0
[2026-09-08 05:16:37.136] [warning] [sirius_physical_partition.cpp:375] slot_for_device: device_id 0 not found in active GPU list, falling back to slot 0
[2026-09-08 05:16:37.136] [warning] [sirius_physical_partition.cpp:375] slot_for_device: device_id 0 not found in active GPU list, falling back to slot 0
[2026-09-08 05:16:37.136] [warning] [sirius_physical_partition.cpp:375] slot_for_device: device_id 0 not found in active GPU list, falling back to slot 0
[2026-09-08 05:16:37.136] [warning] [sirius_physical_partition.cpp:375] slot_for_device: device_id 0 not found in active GPU list, falling back to slot 0
[2026-09-08 05:16:37.136] [warning] [sirius_physical_partition.cpp:375] slot_for_device: device_id 0 not found in active GPU list, falling back to slot 0
[2026-09-08 05:16:37.136] [warning] [sirius_physical_partition.cpp:375] slot_for_device: device_id 0 not found in active GPU list, falling back to slot 0
[2026-09-08 05:16:37.136] [warning] [sirius_physical_partition.cpp:375] slot_for_device: device_id 0 not found in active GPU list, falling back to slot 0
[2026-09-08 05:16:37.136] [warning] [sirius_physical_partition.cpp:375] slot_for_device: device_id 0 not found in active GPU list, falling back to slot 0
[2026-09-08 05:16:37.136] [warning] [sirius_physical_partition.cpp:375] slot_for_device: device_id 0 not found in active GPU list, falling back to slot 0
[2026-09-08 05:16:37.136] [warning] [sirius_physical_partition.cpp:375] slot_for_device: device_id 0 not found in active GPU list, falling back to slot 0
[2026-09-08 05:16:37.136] [warning] [sirius_physical_partition.cpp:375] slot_for_device: device_id 0 not found in active GPU list, falling back to slot 0
[2026-09-08 05:16:37.136] [warning] [sirius_physical_partition.cpp:375] slot_for_device: device_id 0 not found in active GPU list, falling back to slot 0
[2026-09-08 05:16:37.136] [warning] [sirius_physical_partition.cpp:375] slot_for_device: device_id 0 not found in active GPU list, falling back to slot 0
[2026-09-08 05:16:37.136] [warning] [sirius_physical_partition.cpp:375] slot_for_device: device_id 0 not found in active GPU list, falling back to slot 0
[2026-09-08 05:16:37.136] [warning] [sirius_physical_partition.cpp:375] slot_for_device: device_id 0 not found in active GPU list, falling back to slot 0
[2026-09-08 05:16:37.136] [warning] [sirius_physical_partition.cpp:375] slot_for_device: device_id 0 not found in active GPU list, falling back to slot 0
[2026-09-08 05:16:37.136] [warning] [sirius_physical_partition.cpp:375] slot_for_device: device_id 0 not found in active GPU list, falling back to slot 0
[2026-09-08 05:16:37.137] [warning] [sirius_physical_partition.cpp:375] slot_for_device: device_id 0 not found in active GPU list, falling back to slot 0
[2026-09-08 05:16:37.137] [warning] [sirius_physical_partition.cpp:375] slot_for_device: device_id 0 not found in active GPU list, falling back to slot 0
[2026-09-08 05:16:37.137] [warning] [sirius_physical_partition.cpp:375] slot_for_device: device_id 0 not found in active GPU list, falling back to slot 0
[2026-09-08 05:16:37.137] [warning] [sirius_physical_partition.cpp:375] slot_for_device: device_id 0 not found in active GPU list, falling back to slot 0
[2026-09-08 05:16:37.144] [warning] [sirius_physical_partition.cpp:375] slot_for_device: device_id 0 not found in active GPU list, falling back to slot 0
[2026-09-08 05:16:37.152] [warning] [sirius_physical_partition.cpp:375] slot_for_device: device_id 0 not found in active GPU list, falling back to slot 0
[2026-09-08 05:16:37.160] [warning] [sirius_physical_partition.cpp:375] slot_for_device: device_id 0 not found in active GPU list, falling back to slot 0
[2026-09-08 05:16:37.168] [warning] [sirius_physical_partition.cpp:375] slot_for_device: device_id 0 not found in active GPU list, falling back to slot 0
[2026-09-08 05:16:37.176] [warning] [sirius_physical_partition.cpp:375] slot_for_device: device_id 0 not found in active GPU list, falling back to slot 0
[2026-09-08 05:16:37.180] [warning] [sirius_physical_partition.cpp:375] slot_for_device: device_id 0 not found in active GPU list, falling back to slot 0
[2026-09-08 05:16:37.231] [warning] [sirius_physical_partition.cpp:375] slot_for_device: device_id 0 not found in active GPU list, falling back to slot 0
[2026-09-08 05:16:37.273] [warning] [sirius_physical_hash_join.cpp:1185] In sirius_physical_hash_join:get_next_task_input_data_for_build_probe: no schedulable partition (build/probe already drained) in operator 28
[2026-09-08 05:16:37.478] [warning] [sirius_physical_hash_join.cpp:1185] In sirius_physical_hash_join:get_next_task_input_data_for_build_probe: no schedulable partition (build/probe already drained) in operator 31
[2026-09-08 05:16:37.787] [info] [gpu_pipeline_executor.cpp:129] GPU Pipeline Executor: task queue interrupted, stopping manager loop
[2026-09-08 05:16:37.787] [info] [sirius_context.cpp:405] QueryEnd
[2026-09-08 05:16:37.787] [info] [memory_prefetcher.cpp:72] [memory_prefetcher] stopping: prefetched 28 batches / 83248941013 bytes (stops: headroom=124 reservation=0, skips: lock=0 draining=135, errors=0)
[2026-09-08 05:16:37.787] [info] [sirius_context.cpp:256] [host_pool] HOST:0 QueryEnd instance=0xee8161960380 connection=1 window=62 query=147 allocated=137304735744 bytes peak=174080393216 bytes free_blocks=1090
[2026-09-08 05:16:37.787] [info] [sirius_context.cpp:271] [gpu_pool] GPU:0 QueryEnd instance=0xee8161960380 connection=1 window=62 query=147 allocated=0 bytes peak=252963939840 bytes reserved=0 bytes
[2026-09-08 05:16:37.787] [info] [sirius_context.cpp:521] [window] end instance=0xee8161960380 connection=1 window=62 query=147 outcome=ok
[2026-09-08 05:16:37.787] [info] [physical_sirius_execution.cpp:327] Transparent GPU execution: query completed
[2026-09-08 05:16:37.806] [info] [sirius_context.cpp:329] QueryBegin: instance=0xee8161960380 connection=1 query=148 SQL: CALL sirius_set_query_label('q9_iter2')
[2026-09-08 05:16:37.806] [info] [sirius_context.cpp:329] QueryBegin: instance=0xee8161960380 connection=1 query=149 SQL: SET gpu_execution = true;
[2026-09-08 05:16:37.806] [info] [sirius_context.cpp:329] QueryBegin: instance=0xee8161960380 connection=1 query=150 SQL: select nation, o_year, sum(amount) as sum_profit from ( select n.n_name as nation, extract(year from o.o_orderdate) as o_year, l.l_extendedprice * (1 - l.l_discount) - ps.ps_supplycost * l.l_quantity as amount from part p, supplier s, lineitem l, partsupp ps, orders o, nation n where s.s_suppkey = l.l_suppkey and ps.ps_suppkey = l.l_suppkey and ps.ps_partkey = l.l_partkey and p.p_partkey = l.l_partkey and o.o_orderkey = l.l_orderkey and s.s_nationkey = n.n_nationkey and p.p_name like '%yellow%' ) as profit group by nation, o_year order by nation, o_year desc
[2026-09-08 05:16:37.826] [info] [sirius_plan_comparison_join.cpp:646] [sirius_plan_comparison_join] Wired hash join with 1 dynamic-filter probe target(s) (1 scan-bound, 0 join-edge; evidence=filtered; build est 199999968 rows).
[2026-09-08 05:16:37.826] [info] [sirius_plan_comparison_join.cpp:662] [sirius_plan_comparison_join] Not wiring dynamic filter(s): build side carries neither filter nor opaque-build evidence (build est 1513881600 rows).
[2026-09-08 05:16:37.827] [info] [sirius_plan_comparison_join.cpp:662] [sirius_plan_comparison_join] Not wiring dynamic filter(s): build side carries neither filter nor opaque-build evidence (build est 25 rows).
[2026-09-08 05:16:37.827] [info] [sirius_plan_comparison_join.cpp:662] [sirius_plan_comparison_join] Not wiring dynamic filter(s): build side carries neither filter nor opaque-build evidence (build est 10000000 rows).
[2026-09-08 05:16:37.827] [info] [sirius_plan_comparison_join.cpp:662] [sirius_plan_comparison_join] Not wiring dynamic filter(s): build side carries neither filter nor opaque-build evidence (build est 799997952 rows).
[2026-09-08 05:16:37.827] [info] [sirius_context.cpp:1467] Transparent execution: Sirius physical plan generated successfully
[2026-09-08 05:16:37.827] [info] [sirius_context.cpp:1495] Transparent execution: physical plan replaced with GPU operator
[2026-09-08 05:16:37.827] [info] [physical_sirius_execution.cpp:157] Transparent GPU execution: executing query
[2026-09-08 05:16:37.827] [info] [sirius_context.cpp:521] [window] begin instance=0xee8161960380 connection=1 window=63 query=150 outcome=-
[2026-09-08 05:16:37.827] [info] [sirius_context.cpp:256] [host_pool] HOST:0 QueryBegin instance=0xee8161960380 connection=1 window=63 query=150 allocated=137304735744 bytes peak=174080393216 bytes free_blocks=1090
[2026-09-08 05:16:37.827] [info] [sirius_context.cpp:271] [gpu_pool] GPU:0 QueryBegin instance=0xee8161960380 connection=1 window=63 query=150 allocated=0 bytes peak=252963939840 bytes reserved=0 bytes
[2026-09-08 05:16:37.827] [info] [sirius_context.cpp:389] QueryBegin: transparent_execution
[2026-09-08 05:16:37.833] [info] [sirius_plan_comparison_join.cpp:646] [sirius_plan_comparison_join] Wired hash join with 1 dynamic-filter probe target(s) (1 scan-bound, 0 join-edge; evidence=filtered; build est 199999968 rows).
[2026-09-08 05:16:37.833] [info] [sirius_plan_comparison_join.cpp:662] [sirius_plan_comparison_join] Not wiring dynamic filter(s): build side carries neither filter nor opaque-build evidence (build est 1513881600 rows).
[2026-09-08 05:16:37.834] [info] [sirius_plan_comparison_join.cpp:662] [sirius_plan_comparison_join] Not wiring dynamic filter(s): build side carries neither filter nor opaque-build evidence (build est 25 rows).
[2026-09-08 05:16:37.834] [info] [sirius_plan_comparison_join.cpp:662] [sirius_plan_comparison_join] Not wiring dynamic filter(s): build side carries neither filter nor opaque-build evidence (build est 10000000 rows).
[2026-09-08 05:16:37.834] [info] [sirius_plan_comparison_join.cpp:662] [sirius_plan_comparison_join] Not wiring dynamic filter(s): build side carries neither filter nor opaque-build evidence (build est 799997952 rows).
[2026-09-08 05:16:37.834] [info] [sirius_engine.cpp:265] [gpu_alloc] query allocated 1 GPU(s): [0]
[2026-09-08 05:16:37.835] [info] [sirius_engine.cpp:318] Query Plan:
=== Pipeline Overview ===
Pipeline #0: GPU_SCAN (id=0)
  Output: -> PARTITION [port: default, barrier: FULL]
Pipeline #1: PARTITION (id=1)
  Input: <- Pipeline #0 [on: PARTITION (id=1), port: default, barrier: FULL]
  Dependencies: Pipeline #0
  Output: -> CONCAT [port: default, barrier: PARTIAL]
Pipeline #2: CONCAT (id=2)
  Input: <- Pipeline #1 [on: CONCAT (id=2), port: default, barrier: PARTIAL]
  Dependencies: Pipeline #1
  Output: -> HASH_JOIN [port: build, barrier: PARTIAL]
Pipeline #3: GPU_SCAN (id=3)
  Output: -> PARTITION [port: default, barrier: PARTIAL]
Pipeline #4: PARTITION (id=4)
  Input: <- Pipeline #3 [on: PARTITION (id=4), port: default, barrier: PARTIAL]
  Dependencies: Pipeline #3
  Output: -> CONCAT [port: default, barrier: PARTIAL]
Pipeline #5: CONCAT (id=5)
  Input: <- Pipeline #4 [on: CONCAT (id=5), port: default, barrier: PARTIAL]
  Dependencies: Pipeline #4
  Output: -> HASH_JOIN [port: default, barrier: PARTIAL]
Pipeline #6: HASH_JOIN (id=6)
  Input: <- Pipeline #2 [on: HASH_JOIN (id=6), port: build, barrier: PARTIAL]
  Input: <- Pipeline #5 [on: HASH_JOIN (id=6), port: default, barrier: PARTIAL]
  Dependencies: Pipeline #2, Pipeline #5
  Output: -> PARTITION [port: default, barrier: FULL]
Pipeline #7: PARTITION (id=7)
  Input: <- Pipeline #6 [on: PARTITION (id=7), port: default, barrier: FULL]
  Dependencies: Pipeline #6
  Output: -> CONCAT [port: default, barrier: PARTIAL]
Pipeline #8: CONCAT (id=8)
  Input: <- Pipeline #7 [on: CONCAT (id=8), port: default, barrier: PARTIAL]
  Dependencies: Pipeline #7
  Output: -> HASH_JOIN [port: build, barrier: PARTIAL]
Pipeline #9: GPU_SCAN (id=9)
  Output: -> PARTITION [port: default, barrier: PARTIAL]
Pipeline #10: PARTITION (id=10)
  Input: <- Pipeline #9 [on: PARTITION (id=10), port: default, barrier: PARTIAL]
  Dependencies: Pipeline #9
  Output: -> CONCAT [port: default, barrier: PARTIAL]
Pipeline #11: CONCAT (id=11)
  Input: <- Pipeline #10 [on: CONCAT (id=11), port: default, barrier: PARTIAL]
  Dependencies: Pipeline #10
  Output: -> HASH_JOIN [port: default, barrier: PARTIAL]
Pipeline #12: HASH_JOIN (id=12)
  Input: <- Pipeline #8 [on: HASH_JOIN (id=12), port: build, barrier: PARTIAL]
  Input: <- Pipeline #11 [on: HASH_JOIN (id=12), port: default, barrier: PARTIAL]
  Dependencies: Pipeline #8, Pipeline #11
  Output: -> PARTITION [port: default, barrier: FULL]
Pipeline #13: PARTITION (id=13)
  Input: <- Pipeline #12 [on: PARTITION (id=13), port: default, barrier: FULL]
  Dependencies: Pipeline #12
  Output: -> CONCAT [port: default, barrier: PARTIAL]
Pipeline #14: CONCAT (id=14)
  Input: <- Pipeline #13 [on: CONCAT (id=14), port: default, barrier: PARTIAL]
  Dependencies: Pipeline #13
  Output: -> HASH_JOIN [port: build, barrier: PARTIAL]
Pipeline #15: GPU_SCAN (id=15)
  Output: -> PARTITION [port: default, barrier: FULL]
Pipeline #16: PARTITION (id=16)
  Input: <- Pipeline #15 [on: PARTITION (id=16), port: default, barrier: FULL]
  Dependencies: Pipeline #15
  Output: -> CONCAT [port: default, barrier: PARTIAL]
Pipeline #17: CONCAT (id=17)
  Input: <- Pipeline #16 [on: CONCAT (id=17), port: default, barrier: PARTIAL]
  Dependencies: Pipeline #16
  Output: -> HASH_JOIN [port: build, barrier: PARTIAL]
Pipeline #18: GPU_SCAN (id=18)
  Output: -> PARTITION [port: default, barrier: FULL]
Pipeline #19: PARTITION (id=19)
  Input: <- Pipeline #18 [on: PARTITION (id=19), port: default, barrier: FULL]
  Dependencies: Pipeline #18
  Output: -> CONCAT [port: default, barrier: PARTIAL]
Pipeline #20: CONCAT (id=20)
  Input: <- Pipeline #19 [on: CONCAT (id=20), port: default, barrier: PARTIAL]
  Dependencies: Pipeline #19
  Output: -> HASH_JOIN [port: build, barrier: PARTIAL]
Pipeline #21: GPU_SCAN (id=21) -> DYNAMIC_FILTER (id=22)
  Output: -> PARTITION [port: default, barrier: PARTIAL]
Pipeline #22: PARTITION (id=23)
  Input: <- Pipeline #21 [on: PARTITION (id=23), port: default, barrier: PARTIAL]
  Dependencies: Pipeline #21
  Output: -> CONCAT [port: default, barrier: PARTIAL]
Pipeline #23: CONCAT (id=24)
  Input: <- Pipeline #22 [on: CONCAT (id=24), port: default, barrier: PARTIAL]
  Dependencies: Pipeline #22
  Output: -> HASH_JOIN [port: default, barrier: PARTIAL]
Pipeline #24: HASH_JOIN (id=25)
  Input: <- Pipeline #20 [on: HASH_JOIN (id=25), port: build, barrier: PARTIAL]
  Input: <- Pipeline #23 [on: HASH_JOIN (id=25), port: default, barrier: PARTIAL]
  Dependencies: Pipeline #20, Pipeline #23
  Output: -> PARTITION [port: default, barrier: PARTIAL]
Pipeline #25: PARTITION (id=26)
  Input: <- Pipeline #24 [on: PARTITION (id=26), port: default, barrier: PARTIAL]
  Dependencies: Pipeline #24
  Output: -> CONCAT [port: default, barrier: PARTIAL]
Pipeline #26: CONCAT (id=27)
  Input: <- Pipeline #25 [on: CONCAT (id=27), port: default, barrier: PARTIAL]
  Dependencies: Pipeline #25
  Output: -> HASH_JOIN [port: default, barrier: PARTIAL]
Pipeline #27: HASH_JOIN (id=28)
  Input: <- Pipeline #17 [on: HASH_JOIN (id=28), port: build, barrier: PARTIAL]
  Input: <- Pipeline #26 [on: HASH_JOIN (id=28), port: default, barrier: PARTIAL]
  Dependencies: Pipeline #17, Pipeline #26
  Output: -> PARTITION [port: default, barrier: PARTIAL]
Pipeline #28: PARTITION (id=29)
  Input: <- Pipeline #27 [on: PARTITION (id=29), port: default, barrier: PARTIAL]
  Dependencies: Pipeline #27
  Output: -> CONCAT [port: default, barrier: PARTIAL]
Pipeline #29: CONCAT (id=30)
  Input: <- Pipeline #28 [on: CONCAT (id=30), port: default, barrier: PARTIAL]
  Dependencies: Pipeline #28
  Output: -> HASH_JOIN [port: default, barrier: PARTIAL]
Pipeline #30: HASH_JOIN (id=31) -> PROJECTION (id=32) -> HASH_GROUP_BY (id=33)
  Input: <- Pipeline #14 [on: HASH_JOIN (id=31), port: build, barrier: PARTIAL]
  Input: <- Pipeline #29 [on: HASH_JOIN (id=31), port: default, barrier: PARTIAL]
  Dependencies: Pipeline #14, Pipeline #29
  Output: -> PARTITION [port: default, barrier: FULL]
Pipeline #31: PARTITION (id=34)
  Input: <- Pipeline #30 [on: PARTITION (id=34), port: default, barrier: FULL]
  Dependencies: Pipeline #30
  Output: -> MERGE_GROUP_BY [port: default, barrier: FULL]
Pipeline #32: MERGE_GROUP_BY (id=35) -> ORDER_BY (id=36)
  Input: <- Pipeline #31 [on: MERGE_GROUP_BY (id=35), port: default, barrier: FULL]
  Dependencies: Pipeline #31
  Output: -> SORT_SAMPLE [port: default, barrier: PIPELINE]
Pipeline #33: SORT_SAMPLE (id=37) -> SORT_PARTITION (id=38)
  Input: <- Pipeline #32 [on: SORT_SAMPLE (id=37), port: default, barrier: PIPELINE]
  Dependencies: Pipeline #32
  Output: -> MERGE_SORT [port: default, barrier: FULL]
Pipeline #34: MERGE_SORT (id=39)
  Input: <- Pipeline #33 [on: MERGE_SORT (id=39), port: default, barrier: FULL]
  Dependencies: Pipeline #33
  Output: -> RESULT_COLLECTOR [port: default, barrier: FULL]
Pipeline #35: RESULT_COLLECTOR (id=40)
  Input: <- Pipeline #34 [on: RESULT_COLLECTOR (id=40), port: default, barrier: FULL]
  Dependencies: Pipeline #34

=== Query Plan DAG ===
┌──────────────────────────┐                                                                                                                                            
│ Pipeline #35             │                                                                                                                                            
│ RESULT_COLLECTOR (id=40) │                                                                                                                                            
│ Input(#34): FULL         │                                                                                                                                            
└────────────┬─────────────┘                                                                                                                                            
             │                                                                                                                                                          
┌──────────────────────────┐                                                                                                                                            
│ Pipeline #34             │                                                                                                                                            
│ MERGE_SORT (id=39)       │                                                                                                                                            
│ Input(#33): FULL         │                                                                                                                                            
└────────────┬─────────────┘                                                                                                                                            
             │                                                                                                                                                          
┌──────────────────────────┐                                                                                                                                            
│ Pipeline #33             │                                                                                                                                            
│ SORT_PARTITION (id=38)   │                                                                                                                                            
│ SORT_SAMPLE (id=37)      │                                                                                                                                            
│ Input(#32): PIPELINE     │                                                                                                                                            
└────────────┬─────────────┘                                                                                                                                            
             │                                                                                                                                                          
┌──────────────────────────┐                                                                                                                                            
│ Pipeline #32             │                                                                                                                                            
│ ORDER_BY (id=36)         │                                                                                                                                            
│ MERGE_GROUP_BY (id=35)   │                                                                                                                                            
│ Input(#31): FULL         │                                                                                                                                            
└────────────┬─────────────┘                                                                                                                                            
             │                                                                                                                                                          
┌──────────────────────────┐                                                                                                                                            
│ Pipeline #31             │                                                                                                                                            
│ PARTITION (id=34)        │                                                                                                                                            
│ Input(#30): FULL         │                                                                                                                                            
└────────────┬─────────────┘                                                                                                                                            
             │                                                                                                                                                          
┌──────────────────────────┐                                                                                                                                            
│ Pipeline #30             │                                                                                                                                            
│ HASH_GROUP_BY (id=33)    │                                                                                                                                            
│ PROJECTION (id=32)       │                                                                                                                                            
│ HASH_JOIN (id=31)        │                                                                                                                                            
│   type: INNER            │                                                                                                                                            
│ Input(#14): PARTIAL      │                                                                                                                                            
│ Input(#29): PARTIAL      │                                                                                                                                            
└────────────┬─────────────┘                                                                                                                                            
             ┌───────────────────────────────────────────────────────────────────────────────────┐                                                                      
             │                                                                                   │                                                                      
┌──────────────────────────┐                                                        ┌──────────────────────────┐                                                        
│ Pipeline #14             │                                                        │ Pipeline #29             │                                                        
│ CONCAT (id=14)           │                                                        │ CONCAT (id=30)           │                                                        
│ Input(#13): PARTIAL      │                                                        │ Input(#28): PARTIAL      │                                                        
└────────────┬─────────────┘                                                        └────────────┬─────────────┘                                                        
             │                                                                                   │                                                                      
┌──────────────────────────┐                                                        ┌──────────────────────────┐                                                        
│ Pipeline #13             │                                                        │ Pipeline #28             │                                                        
│ PARTITION (id=13)        │                                                        │ PARTITION (id=29)        │                                                        
│ Input(#12): FULL         │                                                        │ Input(#27): PARTIAL      │                                                        
└────────────┬─────────────┘                                                        └────────────┬─────────────┘                                                        
             │                                                                                   │                                                                      
┌──────────────────────────┐                                                        ┌──────────────────────────┐                                                        
│ Pipeline #12             │                                                        │ Pipeline #27             │                                                        
│ HASH_JOIN (id=12)        │                                                        │ HASH_JOIN (id=28)        │                                                        
│   type: INNER            │                                                        │   type: INNER            │                                                        
│ Input(#8): PARTIAL       │                                                        │ Input(#17): PARTIAL      │                                                        
│ Input(#11): PARTIAL      │                                                        │ Input(#26): PARTIAL      │                                                        
└────────────┬─────────────┘                                                        └────────────┬─────────────┘                                                        
             ┌───────────────────────────────────────────────────────┐                           ┌───────────────────────────┐                                          
             │                                                       │                           │                           │                                          
┌──────────────────────────┐                            ┌──────────────────────────┐┌──────────────────────────┐┌──────────────────────────┐                            
│ Pipeline #8              │                            │ Pipeline #11             ││ Pipeline #17             ││ Pipeline #26             │                            
│ CONCAT (id=8)            │                            │ CONCAT (id=11)           ││ CONCAT (id=17)           ││ CONCAT (id=27)           │                            
│ Input(#7): PARTIAL       │                            │ Input(#10): PARTIAL      ││ Input(#16): PARTIAL      ││ Input(#25): PARTIAL      │                            
└────────────┬─────────────┘                            └────────────┬─────────────┘└────────────┬─────────────┘└────────────┬─────────────┘                            
             │                                                       │                           │                           │                                          
┌──────────────────────────┐                            ┌──────────────────────────┐┌──────────────────────────┐┌──────────────────────────┐                            
│ Pipeline #7              │                            │ Pipeline #10             ││ Pipeline #16             ││ Pipeline #25             │                            
│ PARTITION (id=7)         │                            │ PARTITION (id=10)        ││ PARTITION (id=16)        ││ PARTITION (id=26)        │                            
│ Input(#6): FULL          │                            │ Input(#9): PARTIAL       ││ Input(#15): FULL         ││ Input(#24): PARTIAL      │                            
└────────────┬─────────────┘                            └────────────┬─────────────┘└────────────┬─────────────┘└────────────┬─────────────┘                            
             │                                                       │                           │                           │                                          
┌──────────────────────────┐                            ┌──────────────────────────┐┌──────────────────────────┐┌──────────────────────────┐                            
│ Pipeline #6              │                            │ Pipeline #9              ││ Pipeline #15             ││ Pipeline #24             │                            
│ HASH_JOIN (id=6)         │                            │ GPU_SCAN (id=9)          ││ GPU_SCAN (id=15)         ││ HASH_JOIN (id=25)        │                            
│   type: INNER            │                            │                          ││                          ││   type: INNER            │                            
│ Input(#2): PARTIAL       │                            │                          ││                          ││ Input(#20): PARTIAL      │                            
│ Input(#5): PARTIAL       │                            │                          ││                          ││ Input(#23): PARTIAL      │                            
└────────────┬─────────────┘                            └──────────────────────────┘└──────────────────────────┘└────────────┬─────────────┘                            
             ┌───────────────────────────┐                                                                                   ┌───────────────────────────┐              
             │                           │                                                                                   │                           │              
┌──────────────────────────┐┌──────────────────────────┐                                                        ┌──────────────────────────┐┌──────────────────────────┐
│ Pipeline #2              ││ Pipeline #5              │                                                        │ Pipeline #20             ││ Pipeline #23             │
│ CONCAT (id=2)            ││ CONCAT (id=5)            │                                                        │ CONCAT (id=20)           ││ CONCAT (id=24)           │
│ Input(#1): PARTIAL       ││ Input(#4): PARTIAL       │                                                        │ Input(#19): PARTIAL      ││ Input(#22): PARTIAL      │
└────────────┬─────────────┘└────────────┬─────────────┘                                                        └────────────┬─────────────┘└────────────┬─────────────┘
             │                           │                                                                                   │                           │              
┌──────────────────────────┐┌──────────────────────────┐                                                        ┌──────────────────────────┐┌──────────────────────────┐
│ Pipeline #1              ││ Pipeline #4              │                                                        │ Pipeline #19             ││ Pipeline #22             │
│ PARTITION (id=1)         ││ PARTITION (id=4)         │                                                        │ PARTITION (id=19)        ││ PARTITION (id=23)        │
│ Input(#0): FULL          ││ Input(#3): PARTIAL       │                                                        │ Input(#18): FULL         ││ Input(#21): PARTIAL      │
└────────────┬─────────────┘└────────────┬─────────────┘                                                        └────────────┬─────────────┘└────────────┬─────────────┘
             │                           │                                                                                   │                           │              
┌──────────────────────────┐┌──────────────────────────┐                                                        ┌──────────────────────────┐┌──────────────────────────┐
│ Pipeline #0              ││ Pipeline #3              │                                                        │ Pipeline #18             ││ Pipeline #21             │
│ GPU_SCAN (id=0)          ││ GPU_SCAN (id=3)          │                                                        │ GPU_SCAN (id=18)         ││ DYNAMIC_FILTER (id=22)   │
│                          ││                          │                                                        │                          ││ GPU_SCAN (id=21)         │
└──────────────────────────┘└──────────────────────────┘                                                        └──────────────────────────┘└──────────────────────────┘

[2026-09-08 05:16:37.835] [info] [sirius_engine.cpp:186] query 63 telemetry_query=01a080f2e7ca741291a2762c1a84da88
[2026-09-08 05:16:37.835] [info] [sirius_scan_manager.cpp:2999] [sirius_scan_manager] assigned pinned entry 'nation' to operator '0'
[2026-09-08 05:16:37.835] [info] [sirius_scan_manager.cpp:2999] [sirius_scan_manager] assigned pinned entry 'supplier' to operator '3'
[2026-09-08 05:16:37.835] [info] [sirius_scan_manager.cpp:2999] [sirius_scan_manager] assigned pinned entry 'partsupp' to operator '9'
[2026-09-08 05:16:37.835] [info] [sirius_scan_manager.cpp:2999] [sirius_scan_manager] assigned pinned entry 'orders' to operator '15'
[2026-09-08 05:16:37.835] [info] [sirius_scan_manager.cpp:2999] [sirius_scan_manager] assigned pinned entry 'part' to operator '18'
[2026-09-08 05:16:37.835] [info] [sirius_scan_manager.cpp:2999] [sirius_scan_manager] assigned pinned entry 'lineitem' to operator '21'
[2026-09-08 05:16:37.835] [info] [sirius_scan_manager.cpp:823] [late-mat] operator 0: not deferring — the pinned entry is not device-resident
[2026-09-08 05:16:37.835] [info] [sirius_scan_manager.cpp:823] [late-mat] operator 3: not deferring — the pinned entry is not device-resident
[2026-09-08 05:16:37.835] [info] [sirius_scan_manager.cpp:823] [late-mat] operator 9: not deferring — the pinned entry is not device-resident
[2026-09-08 05:16:37.835] [info] [sirius_scan_manager.cpp:823] [late-mat] operator 15: not deferring — the pinned entry is not device-resident
[2026-09-08 05:16:37.835] [info] [sirius_scan_manager.cpp:823] [late-mat] operator 18: not deferring — the pinned entry is not device-resident
[2026-09-08 05:16:37.835] [info] [sirius_scan_manager.cpp:823] [late-mat] operator 21: not deferring — the pinned entry is not device-resident
[2026-09-08 05:16:37.835] [info] [memory_prefetcher.cpp:59] [memory_prefetcher] started: 3 threads, 6 connectors, min_free_fraction=0.40
[2026-09-08 05:16:37.836] [warning] [sirius_physical_partition.cpp:375] slot_for_device: device_id 0 not found in active GPU list, falling back to slot 0
[2026-09-08 05:16:37.922] [warning] [sirius_physical_partition.cpp:375] slot_for_device: device_id 0 not found in active GPU list, falling back to slot 0
[2026-09-08 05:16:37.922] [warning] [sirius_physical_partition.cpp:375] slot_for_device: device_id 0 not found in active GPU list, falling back to slot 0
[2026-09-08 05:16:37.922] [warning] [sirius_physical_hash_join.cpp:1185] In sirius_physical_hash_join:get_next_task_input_data_for_build_probe: no schedulable partition (build/probe already drained) in operator 12
[2026-09-08 05:16:38.253] [info] [dynamic_filter_publisher.cpp:297] [sirius_physical_hash_join] Pushed 1 dynamic filter(s) across 1 active target(s) of 1 wired target(s) (10870459 build rows, 1 bound keys of 1 admitted).
[2026-09-08 05:16:38.383] [warning] [sirius_physical_partition.cpp:375] slot_for_device: device_id 0 not found in active GPU list, falling back to slot 0
[2026-09-08 05:16:38.383] [warning] [sirius_physical_partition.cpp:375] slot_for_device: device_id 0 not found in active GPU list, falling back to slot 0
[2026-09-08 05:16:38.383] [warning] [sirius_physical_partition.cpp:375] slot_for_device: device_id 0 not found in active GPU list, falling back to slot 0
[2026-09-08 05:16:38.383] [warning] [sirius_physical_partition.cpp:375] slot_for_device: device_id 0 not found in active GPU list, falling back to slot 0
[2026-09-08 05:16:38.383] [warning] [sirius_physical_partition.cpp:375] slot_for_device: device_id 0 not found in active GPU list, falling back to slot 0
[2026-09-08 05:16:38.383] [warning] [sirius_physical_partition.cpp:375] slot_for_device: device_id 0 not found in active GPU list, falling back to slot 0
[2026-09-08 05:16:38.383] [warning] [sirius_physical_partition.cpp:375] slot_for_device: device_id 0 not found in active GPU list, falling back to slot 0
[2026-09-08 05:16:38.383] [warning] [sirius_physical_partition.cpp:375] slot_for_device: device_id 0 not found in active GPU list, falling back to slot 0
[2026-09-08 05:16:38.383] [warning] [sirius_physical_partition.cpp:375] slot_for_device: device_id 0 not found in active GPU list, falling back to slot 0
[2026-09-08 05:16:38.383] [warning] [sirius_physical_partition.cpp:375] slot_for_device: device_id 0 not found in active GPU list, falling back to slot 0
[2026-09-08 05:16:38.384] [warning] [sirius_physical_partition.cpp:375] slot_for_device: device_id 0 not found in active GPU list, falling back to slot 0
[2026-09-08 05:16:38.384] [warning] [sirius_physical_partition.cpp:375] slot_for_device: device_id 0 not found in active GPU list, falling back to slot 0
[2026-09-08 05:16:38.384] [warning] [sirius_physical_partition.cpp:375] slot_for_device: device_id 0 not found in active GPU list, falling back to slot 0
[2026-09-08 05:16:38.384] [warning] [sirius_physical_partition.cpp:375] slot_for_device: device_id 0 not found in active GPU list, falling back to slot 0
[2026-09-08 05:16:38.384] [warning] [sirius_physical_partition.cpp:375] slot_for_device: device_id 0 not found in active GPU list, falling back to slot 0
[2026-09-08 05:16:38.384] [warning] [sirius_physical_partition.cpp:375] slot_for_device: device_id 0 not found in active GPU list, falling back to slot 0
[2026-09-08 05:16:38.384] [warning] [sirius_physical_partition.cpp:375] slot_for_device: device_id 0 not found in active GPU list, falling back to slot 0
[2026-09-08 05:16:38.384] [warning] [sirius_physical_partition.cpp:375] slot_for_device: device_id 0 not found in active GPU list, falling back to slot 0
[2026-09-08 05:16:38.384] [warning] [sirius_physical_partition.cpp:375] slot_for_device: device_id 0 not found in active GPU list, falling back to slot 0
[2026-09-08 05:16:38.384] [warning] [sirius_physical_partition.cpp:375] slot_for_device: device_id 0 not found in active GPU list, falling back to slot 0
[2026-09-08 05:16:38.384] [warning] [sirius_physical_partition.cpp:375] slot_for_device: device_id 0 not found in active GPU list, falling back to slot 0
[2026-09-08 05:16:38.384] [warning] [sirius_physical_partition.cpp:375] slot_for_device: device_id 0 not found in active GPU list, falling back to slot 0
[2026-09-08 05:16:38.384] [warning] [sirius_physical_partition.cpp:375] slot_for_device: device_id 0 not found in active GPU list, falling back to slot 0
[2026-09-08 05:16:38.384] [warning] [sirius_physical_partition.cpp:375] slot_for_device: device_id 0 not found in active GPU list, falling back to slot 0
[2026-09-08 05:16:38.391] [warning] [sirius_physical_partition.cpp:375] slot_for_device: device_id 0 not found in active GPU list, falling back to slot 0
[2026-09-08 05:16:38.399] [warning] [sirius_physical_partition.cpp:375] slot_for_device: device_id 0 not found in active GPU list, falling back to slot 0
[2026-09-08 05:16:38.408] [warning] [sirius_physical_partition.cpp:375] slot_for_device: device_id 0 not found in active GPU list, falling back to slot 0
[2026-09-08 05:16:38.416] [warning] [sirius_physical_partition.cpp:375] slot_for_device: device_id 0 not found in active GPU list, falling back to slot 0
[2026-09-08 05:16:38.424] [warning] [sirius_physical_partition.cpp:375] slot_for_device: device_id 0 not found in active GPU list, falling back to slot 0
[2026-09-08 05:16:38.428] [warning] [sirius_physical_partition.cpp:375] slot_for_device: device_id 0 not found in active GPU list, falling back to slot 0
[2026-09-08 05:16:38.479] [warning] [sirius_physical_partition.cpp:375] slot_for_device: device_id 0 not found in active GPU list, falling back to slot 0
[2026-09-08 05:16:38.518] [warning] [sirius_physical_hash_join.cpp:1185] In sirius_physical_hash_join:get_next_task_input_data_for_build_probe: no schedulable partition (build/probe already drained) in operator 28
[2026-09-08 05:16:38.683] [warning] [sirius_physical_hash_join.cpp:1185] In sirius_physical_hash_join:get_next_task_input_data_for_build_probe: no schedulable partition (build/probe already drained) in operator 31
[2026-09-08 05:16:38.934] [info] [gpu_pipeline_executor.cpp:129] GPU Pipeline Executor: task queue interrupted, stopping manager loop
[2026-09-08 05:16:38.934] [info] [sirius_context.cpp:405] QueryEnd
[2026-09-08 05:16:38.934] [info] [memory_prefetcher.cpp:72] [memory_prefetcher] stopping: prefetched 25 batches / 74067001001 bytes (stops: headroom=92 reservation=0, skips: lock=0 draining=77, errors=0)
[2026-09-08 05:16:38.934] [info] [sirius_context.cpp:256] [host_pool] HOST:0 QueryEnd instance=0xee8161960380 connection=1 window=63 query=150 allocated=137304735744 bytes peak=174080393216 bytes free_blocks=1090
[2026-09-08 05:16:38.934] [info] [sirius_context.cpp:271] [gpu_pool] GPU:0 QueryEnd instance=0xee8161960380 connection=1 window=63 query=150 allocated=0 bytes peak=252963939840 bytes reserved=0 bytes
[2026-09-08 05:16:38.934] [info] [sirius_context.cpp:521] [window] end instance=0xee8161960380 connection=1 window=63 query=150 outcome=ok
[2026-09-08 05:16:38.934] [info] [physical_sirius_execution.cpp:327] Transparent GPU execution: query completed
[2026-09-08 05:16:38.948] [info] [sirius_context.cpp:329] QueryBegin: instance=0xee8161960380 connection=1 query=151 SQL: CALL unpin_table('part')
[2026-09-08 05:16:38.949] [info] [sirius_context.cpp:329] QueryBegin: instance=0xee8161960380 connection=1 query=152 SQL: CALL unpin_table('supplier')
[2026-09-08 05:16:38.949] [info] [sirius_context.cpp:329] QueryBegin: instance=0xee8161960380 connection=1 query=153 SQL: CALL unpin_table('lineitem')
[2026-09-08 05:16:38.950] [info] [sirius_context.cpp:329] QueryBegin: instance=0xee8161960380 connection=1 query=154 SQL: CALL unpin_table('partsupp')
[2026-09-08 05:16:38.950] [info] [sirius_context.cpp:329] QueryBegin: instance=0xee8161960380 connection=1 query=155 SQL: CALL unpin_table('orders')
[2026-09-08 05:16:38.950] [info] [sirius_context.cpp:329] QueryBegin: instance=0xee8161960380 connection=1 query=156 SQL: CALL unpin_table('nation')
[2026-09-08 05:16:38.951] [info] [sirius_context.cpp:329] QueryBegin: instance=0xee8161960380 connection=1 query=157 SQL: CALL pin_table('/datasets/tpch_sf1000_sorted/customer/*.parquet', tier='host', name='customer', cols=['c_custkey','c_name','c_acctbal','c_address','c_phone','c_comment','c_nationkey'])
[2026-09-08 05:16:38.951] [info] [sirius_context.cpp:521] [window] begin instance=0xee8161960380 connection=1 window=64 query=157 outcome=-
[2026-09-08 05:16:38.951] [info] [sirius_context.cpp:256] [host_pool] HOST:0 QueryBegin instance=0xee8161960380 connection=1 window=64 query=157 allocated=17515413504 bytes peak=174080393216 bytes free_blocks=2875
[2026-09-08 05:16:38.951] [info] [sirius_context.cpp:271] [gpu_pool] GPU:0 QueryBegin instance=0xee8161960380 connection=1 window=64 query=157 allocated=0 bytes peak=252963939840 bytes reserved=0 bytes
[2026-09-08 05:16:38.951] [info] [sirius_context.cpp:389] QueryBegin: pin_table
[2026-09-08 05:16:38.951] [warning] [sirius_extension.cpp:1430] [pin_table] 'customer': pin_table_compression is enabled but no plan file was found in '/home/nvidia/joost/sirius-zonemap/bench/sf1000-repro/plans'; pinning uncompressed
[2026-09-08 05:16:39.623] [info] [sirius_extension.cpp:1478] [late-mat] pin 'customer': column 'c_custkey' proven distinct table-wide (per-chunk)
[2026-09-08 05:16:39.623] [info] [sirius_context.cpp:405] QueryEnd
[2026-09-08 05:16:39.623] [info] [sirius_context.cpp:256] [host_pool] HOST:0 QueryEnd instance=0xee8161960380 connection=1 window=64 query=157 allocated=41741713408 bytes peak=174080393216 bytes free_blocks=2514
[2026-09-08 05:16:39.623] [info] [sirius_context.cpp:271] [gpu_pool] GPU:0 QueryEnd instance=0xee8161960380 connection=1 window=64 query=157 allocated=0 bytes peak=252963939840 bytes reserved=0 bytes
[2026-09-08 05:16:39.623] [info] [sirius_context.cpp:521] [window] end instance=0xee8161960380 connection=1 window=64 query=157 outcome=ok
[2026-09-08 05:16:39.623] [info] [sirius_context.cpp:329] QueryBegin: instance=0xee8161960380 connection=1 query=158 SQL: CALL pin_table('/datasets/tpch_sf1000_sorted/orders/*.parquet', tier='host', name='orders', cols=['o_custkey','o_orderkey','o_orderdate'])
[2026-09-08 05:16:39.624] [info] [sirius_context.cpp:521] [window] begin instance=0xee8161960380 connection=1 window=65 query=158 outcome=-
[2026-09-08 05:16:39.624] [info] [sirius_context.cpp:256] [host_pool] HOST:0 QueryBegin instance=0xee8161960380 connection=1 window=65 query=158 allocated=41741713408 bytes peak=174080393216 bytes free_blocks=2514
[2026-09-08 05:16:39.624] [info] [sirius_context.cpp:271] [gpu_pool] GPU:0 QueryBegin instance=0xee8161960380 connection=1 window=65 query=158 allocated=0 bytes peak=252963939840 bytes reserved=0 bytes
[2026-09-08 05:16:39.624] [info] [sirius_context.cpp:389] QueryBegin: pin_table
[2026-09-08 05:16:39.624] [info] [sirius_extension.cpp:1420] [pin_table] 'orders' tier=host: compressing with plan for 3 column(s)
[2026-09-08 05:16:40.534] [info] [sirius_context.cpp:405] QueryEnd
[2026-09-08 05:16:40.534] [info] [sirius_context.cpp:256] [host_pool] HOST:0 QueryEnd instance=0xee8161960380 connection=1 window=65 query=158 allocated=53351546880 bytes peak=174080393216 bytes free_blocks=2341
[2026-09-08 05:16:40.534] [info] [sirius_context.cpp:271] [gpu_pool] GPU:0 QueryEnd instance=0xee8161960380 connection=1 window=65 query=158 allocated=0 bytes peak=252963939840 bytes reserved=0 bytes
[2026-09-08 05:16:40.534] [info] [sirius_context.cpp:521] [window] end instance=0xee8161960380 connection=1 window=65 query=158 outcome=ok
[2026-09-08 05:16:40.534] [info] [sirius_context.cpp:329] QueryBegin: instance=0xee8161960380 connection=1 query=159 SQL: CALL pin_table('/datasets/tpch_sf1000_sorted/lineitem/*.parquet', tier='host', name='lineitem', cols=['l_orderkey','l_extendedprice','l_discount','l_returnflag'])
[2026-09-08 05:16:40.535] [info] [sirius_context.cpp:521] [window] begin instance=0xee8161960380 connection=1 window=66 query=159 outcome=-
[2026-09-08 05:16:40.535] [info] [sirius_context.cpp:256] [host_pool] HOST:0 QueryBegin instance=0xee8161960380 connection=1 window=66 query=159 allocated=53351546880 bytes peak=174080393216 bytes free_blocks=2341
[2026-09-08 05:16:40.535] [info] [sirius_context.cpp:271] [gpu_pool] GPU:0 QueryBegin instance=0xee8161960380 connection=1 window=66 query=159 allocated=0 bytes peak=252963939840 bytes reserved=0 bytes
[2026-09-08 05:16:40.535] [info] [sirius_context.cpp:389] QueryBegin: pin_table
[2026-09-08 05:16:40.535] [info] [sirius_extension.cpp:1420] [pin_table] 'lineitem' tier=host: compressing with plan for 4 column(s)
[2026-09-08 05:16:40.739] [warning] [pin_table.cpp:673] [materialize_pin_to_host] compression failed: dictionary_compressor: column size exceeds maximum; pinning the remainder of this table uncompressed (the failure latches compression off for every later chunk). This pin narrowed carriers before compression (l_extendedprice, l_discount); a plan block with a width-explicit op (bitextract/bitjoin) is authored against the native element width and cannot encode a narrowed column
[2026-09-08 05:16:45.307] [info] [sirius_context.cpp:405] QueryEnd
[2026-09-08 05:16:45.307] [info] [sirius_context.cpp:256] [host_pool] HOST:0 QueryEnd instance=0xee8161960380 connection=1 window=66 query=159 allocated=182871654400 bytes peak=182871654400 bytes free_blocks=411
[2026-09-08 05:16:45.307] [info] [sirius_context.cpp:271] [gpu_pool] GPU:0 QueryEnd instance=0xee8161960380 connection=1 window=66 query=159 allocated=0 bytes peak=252963939840 bytes reserved=0 bytes
[2026-09-08 05:16:45.307] [info] [sirius_context.cpp:521] [window] end instance=0xee8161960380 connection=1 window=66 query=159 outcome=ok
[2026-09-08 05:16:45.308] [info] [sirius_context.cpp:329] QueryBegin: instance=0xee8161960380 connection=1 query=160 SQL: CALL pin_table('/datasets/tpch_sf1000_sorted/nation/*.parquet', tier='host', name='nation', cols=['n_nationkey','n_name'])
[2026-09-08 05:16:45.308] [info] [sirius_context.cpp:521] [window] begin instance=0xee8161960380 connection=1 window=67 query=160 outcome=-
[2026-09-08 05:16:45.308] [info] [sirius_context.cpp:256] [host_pool] HOST:0 QueryBegin instance=0xee8161960380 connection=1 window=67 query=160 allocated=182871654400 bytes peak=182871654400 bytes free_blocks=411
[2026-09-08 05:16:45.308] [info] [sirius_context.cpp:271] [gpu_pool] GPU:0 QueryBegin instance=0xee8161960380 connection=1 window=67 query=160 allocated=0 bytes peak=252963939840 bytes reserved=0 bytes
[2026-09-08 05:16:45.308] [info] [sirius_context.cpp:389] QueryBegin: pin_table
[2026-09-08 05:16:45.308] [warning] [sirius_extension.cpp:1430] [pin_table] 'nation': pin_table_compression is enabled but no plan file was found in '/home/nvidia/joost/sirius-zonemap/bench/sf1000-repro/plans'; pinning uncompressed
[2026-09-08 05:16:45.311] [info] [sirius_extension.cpp:1478] [late-mat] pin 'nation': column 'n_nationkey' proven distinct table-wide (per-chunk)
[2026-09-08 05:16:45.311] [info] [sirius_extension.cpp:1478] [late-mat] pin 'nation': column 'n_name' proven distinct table-wide (per-chunk)
[2026-09-08 05:16:45.311] [info] [sirius_context.cpp:405] QueryEnd
[2026-09-08 05:16:45.311] [info] [sirius_context.cpp:256] [host_pool] HOST:0 QueryEnd instance=0xee8161960380 connection=1 window=67 query=160 allocated=182938763264 bytes peak=182938763264 bytes free_blocks=410
[2026-09-08 05:16:45.311] [info] [sirius_context.cpp:271] [gpu_pool] GPU:0 QueryEnd instance=0xee8161960380 connection=1 window=67 query=160 allocated=0 bytes peak=252963939840 bytes reserved=0 bytes
[2026-09-08 05:16:45.311] [info] [sirius_context.cpp:521] [window] end instance=0xee8161960380 connection=1 window=67 query=160 outcome=ok
[2026-09-08 05:16:45.311] [info] [sirius_context.cpp:329] QueryBegin: instance=0xee8161960380 connection=1 query=161 SQL: CALL sirius_set_query_label('q10_iter0')
[2026-09-08 05:16:45.312] [info] [sirius_context.cpp:329] QueryBegin: instance=0xee8161960380 connection=1 query=162 SQL: SET gpu_execution = true;
