[2026-09-08 05:53:39.974] [info] [sirius_context.cpp:329] QueryBegin: instance=0xbbc78d5621e0 connection=1 query=7 SQL: select l_returnflag, l_linestatus, sum(l_quantity) as sum_qty, sum(l_extendedprice) as sum_base_price, sum(l_extendedprice * (1 - l_discount)) as sum_disc_price, sum(l_extendedprice * (1 - l_discount) * (1 + l_tax)) as sum_charge, avg(l_quantity) as avg_qty, avg(l_extendedprice) as avg_price, avg(l_discount) as avg_disc, count(*) as count_order from lineitem where l_shipdate <= date '1995-08-19' group by l_returnflag, l_linestatus order by l_returnflag, l_linestatus
[2026-09-08 05:53:39.981] [info] [sirius_context.cpp:1467] Transparent execution: Sirius physical plan generated successfully
[2026-09-08 05:53:39.981] [info] [sirius_context.cpp:1495] Transparent execution: physical plan replaced with GPU operator
[2026-09-08 05:53:39.982] [info] [physical_sirius_execution.cpp:157] Transparent GPU execution: executing query
[2026-09-08 05:53:39.982] [info] [sirius_context.cpp:521] [window] begin instance=0xbbc78d5621e0 connection=1 window=2 query=7 outcome=-
[2026-09-08 05:53:39.982] [info] [sirius_context.cpp:256] [host_pool] HOST:0 QueryBegin instance=0xbbc78d5621e0 connection=1 window=2 query=7 allocated=55834574848 bytes peak=55834574848 bytes free_blocks=2304
[2026-09-08 05:53:39.982] [info] [sirius_context.cpp:271] [gpu_pool] GPU:0 QueryBegin instance=0xbbc78d5621e0 connection=1 window=2 query=7 allocated=0 bytes peak=743270144 bytes reserved=0 bytes
[2026-09-08 05:53:39.982] [info] [sirius_context.cpp:389] QueryBegin: transparent_execution
[2026-09-08 05:53:39.984] [info] [sirius_engine.cpp:265] [gpu_alloc] query allocated 1 GPU(s): [0]
[2026-09-08 05:53:39.984] [info] [sirius_engine.cpp:318] Query Plan:
=== Pipeline Overview ===
Pipeline #0: GPU_SCAN (id=0) -> PROJECTION (id=1) -> PROJECTION (id=2) -> PROJECTION (id=3) -> HASH_GROUP_BY (id=4)
  Output: -> PARTITION [port: default, barrier: FULL]
Pipeline #1: PARTITION (id=5)
  Input: <- Pipeline #0 [on: PARTITION (id=5), port: default, barrier: FULL]
  Dependencies: Pipeline #0
  Output: -> MERGE_GROUP_BY [port: default, barrier: FULL]
Pipeline #2: MERGE_GROUP_BY (id=6) -> ORDER_BY (id=7)
  Input: <- Pipeline #1 [on: MERGE_GROUP_BY (id=6), port: default, barrier: FULL]
  Dependencies: Pipeline #1
  Output: -> SORT_SAMPLE [port: default, barrier: PIPELINE]
Pipeline #3: SORT_SAMPLE (id=8) -> SORT_PARTITION (id=9)
  Input: <- Pipeline #2 [on: SORT_SAMPLE (id=8), port: default, barrier: PIPELINE]
  Dependencies: Pipeline #2
  Output: -> MERGE_SORT [port: default, barrier: FULL]
Pipeline #4: MERGE_SORT (id=10)
  Input: <- Pipeline #3 [on: MERGE_SORT (id=10), port: default, barrier: FULL]
  Dependencies: Pipeline #3
  Output: -> RESULT_COLLECTOR [port: default, barrier: FULL]
Pipeline #5: RESULT_COLLECTOR (id=11)
  Input: <- Pipeline #4 [on: RESULT_COLLECTOR (id=11), port: default, barrier: FULL]
  Dependencies: Pipeline #4

=== Query Plan DAG ===
┌──────────────────────────┐
│ Pipeline #5              │
│ RESULT_COLLECTOR (id=11) │
│ Input(#4): FULL          │
└────────────┬─────────────┘
             │              
┌──────────────────────────┐
│ Pipeline #4              │
│ MERGE_SORT (id=10)       │
│ Input(#3): FULL          │
└────────────┬─────────────┘
             │              
┌──────────────────────────┐
│ Pipeline #3              │
│ SORT_PARTITION (id=9)    │
│ SORT_SAMPLE (id=8)       │
│ Input(#2): PIPELINE      │
└────────────┬─────────────┘
             │              
┌──────────────────────────┐
│ Pipeline #2              │
│ ORDER_BY (id=7)          │
│ MERGE_GROUP_BY (id=6)    │
│ Input(#1): FULL          │
└────────────┬─────────────┘
             │              
┌──────────────────────────┐
│ Pipeline #1              │
│ PARTITION (id=5)         │
│ Input(#0): FULL          │
└────────────┬─────────────┘
             │              
┌──────────────────────────┐
│ Pipeline #0              │
│ HASH_GROUP_BY (id=4)     │
│ PROJECTION (id=3)        │
│ PROJECTION (id=2)        │
│ PROJECTION (id=1)        │
│ GPU_SCAN (id=0)          │
└──────────────────────────┘

[2026-09-08 05:53:39.984] [info] [sirius_engine.cpp:186] query 2 telemetry_query=01a08114d01075419bf0d2b231bbc487
[2026-09-08 05:53:39.985] [info] [sirius_scan_manager.cpp:2999] [sirius_scan_manager] assigned pinned entry 'lineitem' to operator '0'
[2026-09-08 05:53:39.985] [info] [sirius_scan_manager.cpp:823] [late-mat] operator 0: not deferring — the pinned entry is not device-resident
[2026-09-08 05:53:39.985] [info] [memory_prefetcher.cpp:59] [memory_prefetcher] started: 3 threads, 1 connectors, min_free_fraction=0.40
[2026-09-08 05:53:40.043] [warning] [gpu_pipeline_task.cpp:77] gpu_pipeline_task: operator 'HASH_GROUP_BY' (id=4) output batch 0 column count mismatch: got 13, expected 10
[2026-09-08 05:53:40.044] [warning] [gpu_pipeline_task.cpp:77] gpu_pipeline_task: operator 'HASH_GROUP_BY' (id=4) output batch 0 column count mismatch: got 13, expected 10
[2026-09-08 05:53:40.044] [warning] [gpu_pipeline_task.cpp:77] gpu_pipeline_task: operator 'HASH_GROUP_BY' (id=4) output batch 0 column count mismatch: got 13, expected 10
[2026-09-08 05:53:40.045] [warning] [gpu_pipeline_task.cpp:77] gpu_pipeline_task: operator 'HASH_GROUP_BY' (id=4) output batch 0 column count mismatch: got 13, expected 10
[2026-09-08 05:53:40.045] [warning] [gpu_pipeline_task.cpp:77] gpu_pipeline_task: operator 'HASH_GROUP_BY' (id=4) output batch 0 column count mismatch: got 13, expected 10
[2026-09-08 05:53:40.045] [warning] [gpu_pipeline_task.cpp:77] gpu_pipeline_task: operator 'HASH_GROUP_BY' (id=4) output batch 0 column count mismatch: got 13, expected 10
[2026-09-08 05:53:40.045] [warning] [gpu_pipeline_task.cpp:77] gpu_pipeline_task: operator 'HASH_GROUP_BY' (id=4) output batch 0 column count mismatch: got 13, expected 10
[2026-09-08 05:53:40.045] [warning] [gpu_pipeline_task.cpp:77] gpu_pipeline_task: operator 'HASH_GROUP_BY' (id=4) output batch 0 column count mismatch: got 13, expected 10
[2026-09-08 05:53:40.060] [warning] [gpu_pipeline_task.cpp:77] gpu_pipeline_task: operator 'HASH_GROUP_BY' (id=4) output batch 0 column count mismatch: got 13, expected 10
[2026-09-08 05:53:40.061] [warning] [gpu_pipeline_task.cpp:77] gpu_pipeline_task: operator 'HASH_GROUP_BY' (id=4) output batch 0 column count mismatch: got 13, expected 10
[2026-09-08 05:53:40.063] [warning] [gpu_pipeline_task.cpp:77] gpu_pipeline_task: operator 'HASH_GROUP_BY' (id=4) output batch 0 column count mismatch: got 13, expected 10
[2026-09-08 05:53:40.064] [warning] [gpu_pipeline_task.cpp:77] gpu_pipeline_task: operator 'HASH_GROUP_BY' (id=4) output batch 0 column count mismatch: got 13, expected 10
[2026-09-08 05:53:40.067] [warning] [gpu_pipeline_task.cpp:77] gpu_pipeline_task: operator 'HASH_GROUP_BY' (id=4) output batch 0 column count mismatch: got 13, expected 10
[2026-09-08 05:53:40.067] [warning] [gpu_pipeline_task.cpp:77] gpu_pipeline_task: operator 'HASH_GROUP_BY' (id=4) output batch 0 column count mismatch: got 13, expected 10
[2026-09-08 05:53:40.069] [warning] [gpu_pipeline_task.cpp:77] gpu_pipeline_task: operator 'HASH_GROUP_BY' (id=4) output batch 0 column count mismatch: got 13, expected 10
[2026-09-08 05:53:40.069] [warning] [gpu_pipeline_task.cpp:77] gpu_pipeline_task: operator 'HASH_GROUP_BY' (id=4) output batch 0 column count mismatch: got 13, expected 10
[2026-09-08 05:53:40.077] [warning] [gpu_pipeline_task.cpp:77] gpu_pipeline_task: operator 'HASH_GROUP_BY' (id=4) output batch 0 column count mismatch: got 13, expected 10
[2026-09-08 05:53:40.077] [warning] [gpu_pipeline_task.cpp:77] gpu_pipeline_task: operator 'HASH_GROUP_BY' (id=4) output batch 0 column count mismatch: got 13, expected 10
[2026-09-08 05:53:40.078] [warning] [gpu_pipeline_task.cpp:77] gpu_pipeline_task: operator 'HASH_GROUP_BY' (id=4) output batch 0 column count mismatch: got 13, expected 10
[2026-09-08 05:53:40.079] [warning] [gpu_pipeline_task.cpp:77] gpu_pipeline_task: operator 'HASH_GROUP_BY' (id=4) output batch 0 column count mismatch: got 13, expected 10
[2026-09-08 05:53:40.079] [warning] [gpu_pipeline_task.cpp:77] gpu_pipeline_task: operator 'HASH_GROUP_BY' (id=4) output batch 0 column count mismatch: got 13, expected 10
[2026-09-08 05:53:40.080] [warning] [gpu_pipeline_task.cpp:77] gpu_pipeline_task: operator 'HASH_GROUP_BY' (id=4) output batch 0 column count mismatch: got 13, expected 10
[2026-09-08 05:53:40.080] [warning] [gpu_pipeline_task.cpp:77] gpu_pipeline_task: operator 'HASH_GROUP_BY' (id=4) output batch 0 column count mismatch: got 13, expected 10
[2026-09-08 05:53:40.082] [warning] [gpu_pipeline_task.cpp:77] gpu_pipeline_task: operator 'HASH_GROUP_BY' (id=4) output batch 0 column count mismatch: got 13, expected 10
[2026-09-08 05:53:40.082] [warning] [gpu_pipeline_task.cpp:77] gpu_pipeline_task: operator 'HASH_GROUP_BY' (id=4) output batch 0 column count mismatch: got 13, expected 10
[2026-09-08 05:53:40.082] [warning] [gpu_pipeline_task.cpp:77] gpu_pipeline_task: operator 'HASH_GROUP_BY' (id=4) output batch 0 column count mismatch: got 13, expected 10
[2026-09-08 05:53:40.083] [warning] [gpu_pipeline_task.cpp:77] gpu_pipeline_task: operator 'HASH_GROUP_BY' (id=4) output batch 0 column count mismatch: got 13, expected 10
[2026-09-08 05:53:40.084] [warning] [gpu_pipeline_task.cpp:77] gpu_pipeline_task: operator 'HASH_GROUP_BY' (id=4) output batch 0 column count mismatch: got 13, expected 10
[2026-09-08 05:53:40.095] [warning] [gpu_pipeline_task.cpp:77] gpu_pipeline_task: operator 'HASH_GROUP_BY' (id=4) output batch 0 column count mismatch: got 13, expected 10
[2026-09-08 05:53:40.096] [warning] [gpu_pipeline_task.cpp:77] gpu_pipeline_task: operator 'HASH_GROUP_BY' (id=4) output batch 0 column count mismatch: got 13, expected 10
[2026-09-08 05:53:40.098] [warning] [gpu_pipeline_task.cpp:77] gpu_pipeline_task: operator 'HASH_GROUP_BY' (id=4) output batch 0 column count mismatch: got 13, expected 10
[2026-09-08 05:53:40.101] [warning] [gpu_pipeline_task.cpp:77] gpu_pipeline_task: operator 'HASH_GROUP_BY' (id=4) output batch 0 column count mismatch: got 13, expected 10
[2026-09-08 05:53:40.101] [warning] [gpu_pipeline_task.cpp:77] gpu_pipeline_task: operator 'HASH_GROUP_BY' (id=4) output batch 0 column count mismatch: got 13, expected 10
[2026-09-08 05:53:40.101] [warning] [gpu_pipeline_task.cpp:77] gpu_pipeline_task: operator 'HASH_GROUP_BY' (id=4) output batch 0 column count mismatch: got 13, expected 10
[2026-09-08 05:53:40.104] [warning] [gpu_pipeline_task.cpp:77] gpu_pipeline_task: operator 'HASH_GROUP_BY' (id=4) output batch 0 column count mismatch: got 13, expected 10
[2026-09-08 05:53:40.106] [warning] [gpu_pipeline_task.cpp:77] gpu_pipeline_task: operator 'HASH_GROUP_BY' (id=4) output batch 0 column count mismatch: got 13, expected 10
[2026-09-08 05:53:40.107] [warning] [gpu_pipeline_task.cpp:77] gpu_pipeline_task: operator 'HASH_GROUP_BY' (id=4) output batch 0 column count mismatch: got 13, expected 10
[2026-09-08 05:53:40.107] [warning] [gpu_pipeline_task.cpp:77] gpu_pipeline_task: operator 'HASH_GROUP_BY' (id=4) output batch 0 column count mismatch: got 13, expected 10
[2026-09-08 05:53:40.108] [warning] [gpu_pipeline_task.cpp:77] gpu_pipeline_task: operator 'HASH_GROUP_BY' (id=4) output batch 0 column count mismatch: got 13, expected 10
[2026-09-08 05:53:40.108] [warning] [gpu_pipeline_task.cpp:77] gpu_pipeline_task: operator 'HASH_GROUP_BY' (id=4) output batch 0 column count mismatch: got 13, expected 10
[2026-09-08 05:53:40.109] [warning] [gpu_pipeline_task.cpp:77] gpu_pipeline_task: operator 'HASH_GROUP_BY' (id=4) output batch 0 column count mismatch: got 13, expected 10
[2026-09-08 05:53:40.110] [warning] [gpu_pipeline_task.cpp:77] gpu_pipeline_task: operator 'HASH_GROUP_BY' (id=4) output batch 0 column count mismatch: got 13, expected 10
[2026-09-08 05:53:40.110] [warning] [gpu_pipeline_task.cpp:77] gpu_pipeline_task: operator 'HASH_GROUP_BY' (id=4) output batch 0 column count mismatch: got 13, expected 10
[2026-09-08 05:53:40.110] [warning] [gpu_pipeline_task.cpp:77] gpu_pipeline_task: operator 'HASH_GROUP_BY' (id=4) output batch 0 column count mismatch: got 13, expected 10
[2026-09-08 05:53:40.111] [warning] [gpu_pipeline_task.cpp:77] gpu_pipeline_task: operator 'HASH_GROUP_BY' (id=4) output batch 0 column count mismatch: got 13, expected 10
[2026-09-08 05:53:40.111] [warning] [gpu_pipeline_task.cpp:77] gpu_pipeline_task: operator 'HASH_GROUP_BY' (id=4) output batch 0 column count mismatch: got 13, expected 10
[2026-09-08 05:53:40.112] [warning] [gpu_pipeline_task.cpp:77] gpu_pipeline_task: operator 'HASH_GROUP_BY' (id=4) output batch 0 column count mismatch: got 13, expected 10
[2026-09-08 05:53:40.113] [warning] [gpu_pipeline_task.cpp:77] gpu_pipeline_task: operator 'HASH_GROUP_BY' (id=4) output batch 0 column count mismatch: got 13, expected 10
[2026-09-08 05:53:40.114] [warning] [gpu_pipeline_task.cpp:77] gpu_pipeline_task: operator 'HASH_GROUP_BY' (id=4) output batch 0 column count mismatch: got 13, expected 10
[2026-09-08 05:53:40.115] [warning] [gpu_pipeline_task.cpp:77] gpu_pipeline_task: operator 'HASH_GROUP_BY' (id=4) output batch 0 column count mismatch: got 13, expected 10
[2026-09-08 05:53:40.115] [warning] [gpu_pipeline_task.cpp:77] gpu_pipeline_task: operator 'HASH_GROUP_BY' (id=4) output batch 0 column count mismatch: got 13, expected 10
[2026-09-08 05:53:40.115] [warning] [gpu_pipeline_task.cpp:77] gpu_pipeline_task: operator 'HASH_GROUP_BY' (id=4) output batch 0 column count mismatch: got 13, expected 10
[2026-09-08 05:53:40.116] [warning] [gpu_pipeline_task.cpp:77] gpu_pipeline_task: operator 'HASH_GROUP_BY' (id=4) output batch 0 column count mismatch: got 13, expected 10
[2026-09-08 05:53:40.117] [warning] [gpu_pipeline_task.cpp:77] gpu_pipeline_task: operator 'HASH_GROUP_BY' (id=4) output batch 0 column count mismatch: got 13, expected 10
[2026-09-08 05:53:40.117] [warning] [gpu_pipeline_task.cpp:77] gpu_pipeline_task: operator 'HASH_GROUP_BY' (id=4) output batch 0 column count mismatch: got 13, expected 10
[2026-09-08 05:53:40.118] [warning] [gpu_pipeline_task.cpp:77] gpu_pipeline_task: operator 'HASH_GROUP_BY' (id=4) output batch 0 column count mismatch: got 13, expected 10
[2026-09-08 05:53:40.120] [warning] [gpu_pipeline_task.cpp:77] gpu_pipeline_task: operator 'HASH_GROUP_BY' (id=4) output batch 0 column count mismatch: got 13, expected 10
[2026-09-08 05:53:40.120] [warning] [gpu_pipeline_task.cpp:77] gpu_pipeline_task: operator 'HASH_GROUP_BY' (id=4) output batch 0 column count mismatch: got 13, expected 10
[2026-09-08 05:53:40.120] [warning] [gpu_pipeline_task.cpp:77] gpu_pipeline_task: operator 'HASH_GROUP_BY' (id=4) output batch 0 column count mismatch: got 13, expected 10
[2026-09-08 05:53:40.121] [warning] [gpu_pipeline_task.cpp:77] gpu_pipeline_task: operator 'HASH_GROUP_BY' (id=4) output batch 0 column count mismatch: got 13, expected 10
[2026-09-08 05:53:40.122] [warning] [gpu_pipeline_task.cpp:77] gpu_pipeline_task: operator 'HASH_GROUP_BY' (id=4) output batch 0 column count mismatch: got 13, expected 10
[2026-09-08 05:53:40.122] [warning] [gpu_pipeline_task.cpp:77] gpu_pipeline_task: operator 'HASH_GROUP_BY' (id=4) output batch 0 column count mismatch: got 13, expected 10
[2026-09-08 05:53:40.123] [warning] [gpu_pipeline_task.cpp:77] gpu_pipeline_task: operator 'HASH_GROUP_BY' (id=4) output batch 0 column count mismatch: got 13, expected 10
[2026-09-08 05:53:40.123] [warning] [gpu_pipeline_task.cpp:77] gpu_pipeline_task: operator 'HASH_GROUP_BY' (id=4) output batch 0 column count mismatch: got 13, expected 10
[2026-09-08 05:53:40.125] [warning] [gpu_pipeline_task.cpp:77] gpu_pipeline_task: operator 'HASH_GROUP_BY' (id=4) output batch 0 column count mismatch: got 13, expected 10
[2026-09-08 05:53:40.125] [warning] [gpu_pipeline_task.cpp:77] gpu_pipeline_task: operator 'HASH_GROUP_BY' (id=4) output batch 0 column count mismatch: got 13, expected 10
[2026-09-08 05:53:40.126] [warning] [gpu_pipeline_task.cpp:77] gpu_pipeline_task: operator 'HASH_GROUP_BY' (id=4) output batch 0 column count mismatch: got 13, expected 10
[2026-09-08 05:53:40.126] [warning] [gpu_pipeline_task.cpp:77] gpu_pipeline_task: operator 'HASH_GROUP_BY' (id=4) output batch 0 column count mismatch: got 13, expected 10
[2026-09-08 05:53:40.126] [warning] [gpu_pipeline_task.cpp:77] gpu_pipeline_task: operator 'HASH_GROUP_BY' (id=4) output batch 0 column count mismatch: got 13, expected 10
[2026-09-08 05:53:40.127] [warning] [gpu_pipeline_task.cpp:77] gpu_pipeline_task: operator 'HASH_GROUP_BY' (id=4) output batch 0 column count mismatch: got 13, expected 10
[2026-09-08 05:53:40.127] [warning] [gpu_pipeline_task.cpp:77] gpu_pipeline_task: operator 'HASH_GROUP_BY' (id=4) output batch 0 column count mismatch: got 13, expected 10
[2026-09-08 05:53:40.128] [warning] [gpu_pipeline_task.cpp:77] gpu_pipeline_task: operator 'HASH_GROUP_BY' (id=4) output batch 0 column count mismatch: got 13, expected 10
[2026-09-08 05:53:40.129] [warning] [gpu_pipeline_task.cpp:77] gpu_pipeline_task: operator 'HASH_GROUP_BY' (id=4) output batch 0 column count mismatch: got 13, expected 10
[2026-09-08 05:53:40.130] [warning] [gpu_pipeline_task.cpp:77] gpu_pipeline_task: operator 'HASH_GROUP_BY' (id=4) output batch 0 column count mismatch: got 13, expected 10
[2026-09-08 05:53:40.130] [warning] [gpu_pipeline_task.cpp:77] gpu_pipeline_task: operator 'HASH_GROUP_BY' (id=4) output batch 0 column count mismatch: got 13, expected 10
[2026-09-08 05:53:40.131] [warning] [gpu_pipeline_task.cpp:77] gpu_pipeline_task: operator 'HASH_GROUP_BY' (id=4) output batch 0 column count mismatch: got 13, expected 10
[2026-09-08 05:53:40.132] [warning] [gpu_pipeline_task.cpp:77] gpu_pipeline_task: operator 'HASH_GROUP_BY' (id=4) output batch 0 column count mismatch: got 13, expected 10
[2026-09-08 05:53:40.132] [warning] [gpu_pipeline_task.cpp:77] gpu_pipeline_task: operator 'HASH_GROUP_BY' (id=4) output batch 0 column count mismatch: got 13, expected 10
[2026-09-08 05:53:40.133] [warning] [gpu_pipeline_task.cpp:77] gpu_pipeline_task: operator 'HASH_GROUP_BY' (id=4) output batch 0 column count mismatch: got 13, expected 10
[2026-09-08 05:53:40.133] [warning] [gpu_pipeline_task.cpp:77] gpu_pipeline_task: operator 'HASH_GROUP_BY' (id=4) output batch 0 column count mismatch: got 13, expected 10
[2026-09-08 05:53:40.134] [warning] [gpu_pipeline_task.cpp:77] gpu_pipeline_task: operator 'HASH_GROUP_BY' (id=4) output batch 0 column count mismatch: got 13, expected 10
[2026-09-08 05:53:40.135] [warning] [gpu_pipeline_task.cpp:77] gpu_pipeline_task: operator 'HASH_GROUP_BY' (id=4) output batch 0 column count mismatch: got 13, expected 10
[2026-09-08 05:53:40.135] [warning] [gpu_pipeline_task.cpp:77] gpu_pipeline_task: operator 'HASH_GROUP_BY' (id=4) output batch 0 column count mismatch: got 13, expected 10
[2026-09-08 05:53:40.136] [warning] [gpu_pipeline_task.cpp:77] gpu_pipeline_task: operator 'HASH_GROUP_BY' (id=4) output batch 0 column count mismatch: got 13, expected 10
[2026-09-08 05:53:40.136] [warning] [gpu_pipeline_task.cpp:77] gpu_pipeline_task: operator 'HASH_GROUP_BY' (id=4) output batch 0 column count mismatch: got 13, expected 10
[2026-09-08 05:53:40.137] [warning] [gpu_pipeline_task.cpp:77] gpu_pipeline_task: operator 'HASH_GROUP_BY' (id=4) output batch 0 column count mismatch: got 13, expected 10
[2026-09-08 05:53:40.148] [warning] [gpu_pipeline_task.cpp:77] gpu_pipeline_task: operator 'HASH_GROUP_BY' (id=4) output batch 0 column count mismatch: got 13, expected 10
[2026-09-08 05:53:40.149] [warning] [gpu_pipeline_task.cpp:77] gpu_pipeline_task: operator 'HASH_GROUP_BY' (id=4) output batch 0 column count mismatch: got 13, expected 10
[2026-09-08 05:53:40.151] [warning] [gpu_pipeline_task.cpp:77] gpu_pipeline_task: operator 'HASH_GROUP_BY' (id=4) output batch 0 column count mismatch: got 13, expected 10
[2026-09-08 05:53:40.155] [warning] [gpu_pipeline_task.cpp:77] gpu_pipeline_task: operator 'HASH_GROUP_BY' (id=4) output batch 0 column count mismatch: got 13, expected 10
[2026-09-08 05:53:40.155] [warning] [gpu_pipeline_task.cpp:77] gpu_pipeline_task: operator 'HASH_GROUP_BY' (id=4) output batch 0 column count mismatch: got 13, expected 10
[2026-09-08 05:53:40.155] [warning] [gpu_pipeline_task.cpp:77] gpu_pipeline_task: operator 'HASH_GROUP_BY' (id=4) output batch 0 column count mismatch: got 13, expected 10
[2026-09-08 05:53:40.158] [warning] [gpu_pipeline_task.cpp:77] gpu_pipeline_task: operator 'HASH_GROUP_BY' (id=4) output batch 0 column count mismatch: got 13, expected 10
[2026-09-08 05:53:40.158] [warning] [gpu_pipeline_task.cpp:77] gpu_pipeline_task: operator 'HASH_GROUP_BY' (id=4) output batch 0 column count mismatch: got 13, expected 10
[2026-09-08 05:53:40.163] [warning] [gpu_pipeline_task.cpp:77] gpu_pipeline_task: operator 'HASH_GROUP_BY' (id=4) output batch 0 column count mismatch: got 13, expected 10
[2026-09-08 05:53:40.163] [warning] [gpu_pipeline_task.cpp:77] gpu_pipeline_task: operator 'HASH_GROUP_BY' (id=4) output batch 0 column count mismatch: got 13, expected 10
[2026-09-08 05:53:40.166] [warning] [gpu_pipeline_task.cpp:77] gpu_pipeline_task: operator 'HASH_GROUP_BY' (id=4) output batch 0 column count mismatch: got 13, expected 10
[2026-09-08 05:53:40.172] [warning] [gpu_pipeline_task.cpp:77] gpu_pipeline_task: operator 'HASH_GROUP_BY' (id=4) output batch 0 column count mismatch: got 13, expected 10
[2026-09-08 05:53:40.174] [warning] [gpu_pipeline_task.cpp:77] gpu_pipeline_task: operator 'HASH_GROUP_BY' (id=4) output batch 0 column count mismatch: got 13, expected 10
[2026-09-08 05:53:40.175] [warning] [gpu_pipeline_task.cpp:77] gpu_pipeline_task: operator 'HASH_GROUP_BY' (id=4) output batch 0 column count mismatch: got 13, expected 10
[2026-09-08 05:53:40.175] [warning] [gpu_pipeline_task.cpp:77] gpu_pipeline_task: operator 'HASH_GROUP_BY' (id=4) output batch 0 column count mismatch: got 13, expected 10
[2026-09-08 05:53:40.179] [warning] [gpu_pipeline_task.cpp:77] gpu_pipeline_task: operator 'HASH_GROUP_BY' (id=4) output batch 0 column count mismatch: got 13, expected 10
[2026-09-08 05:53:40.180] [warning] [gpu_pipeline_task.cpp:77] gpu_pipeline_task: operator 'HASH_GROUP_BY' (id=4) output batch 0 column count mismatch: got 13, expected 10
[2026-09-08 05:53:40.182] [warning] [gpu_pipeline_task.cpp:77] gpu_pipeline_task: operator 'HASH_GROUP_BY' (id=4) output batch 0 column count mismatch: got 13, expected 10
[2026-09-08 05:53:40.184] [warning] [gpu_pipeline_task.cpp:77] gpu_pipeline_task: operator 'HASH_GROUP_BY' (id=4) output batch 0 column count mismatch: got 13, expected 10
[2026-09-08 05:53:40.189] [warning] [gpu_pipeline_task.cpp:77] gpu_pipeline_task: operator 'HASH_GROUP_BY' (id=4) output batch 0 column count mismatch: got 13, expected 10
[2026-09-08 05:53:40.191] [warning] [gpu_pipeline_task.cpp:77] gpu_pipeline_task: operator 'HASH_GROUP_BY' (id=4) output batch 0 column count mismatch: got 13, expected 10
[2026-09-08 05:53:40.191] [warning] [gpu_pipeline_task.cpp:77] gpu_pipeline_task: operator 'HASH_GROUP_BY' (id=4) output batch 0 column count mismatch: got 13, expected 10
[2026-09-08 05:53:40.191] [warning] [gpu_pipeline_task.cpp:77] gpu_pipeline_task: operator 'HASH_GROUP_BY' (id=4) output batch 0 column count mismatch: got 13, expected 10
[2026-09-08 05:53:40.196] [warning] [gpu_pipeline_task.cpp:77] gpu_pipeline_task: operator 'HASH_GROUP_BY' (id=4) output batch 0 column count mismatch: got 13, expected 10
[2026-09-08 05:53:40.197] [warning] [gpu_pipeline_task.cpp:77] gpu_pipeline_task: operator 'HASH_GROUP_BY' (id=4) output batch 0 column count mismatch: got 13, expected 10
[2026-09-08 05:53:40.197] [warning] [gpu_pipeline_task.cpp:77] gpu_pipeline_task: operator 'HASH_GROUP_BY' (id=4) output batch 0 column count mismatch: got 13, expected 10
[2026-09-08 05:53:40.199] [warning] [gpu_pipeline_task.cpp:77] gpu_pipeline_task: operator 'HASH_GROUP_BY' (id=4) output batch 0 column count mismatch: got 13, expected 10
[2026-09-08 05:53:40.201] [warning] [gpu_pipeline_task.cpp:77] gpu_pipeline_task: operator 'HASH_GROUP_BY' (id=4) output batch 0 column count mismatch: got 13, expected 10
[2026-09-08 05:53:40.202] [warning] [gpu_pipeline_task.cpp:77] gpu_pipeline_task: operator 'HASH_GROUP_BY' (id=4) output batch 0 column count mismatch: got 13, expected 10
[2026-09-08 05:53:40.203] [warning] [gpu_pipeline_task.cpp:77] gpu_pipeline_task: operator 'HASH_GROUP_BY' (id=4) output batch 0 column count mismatch: got 13, expected 10
[2026-09-08 05:53:40.203] [warning] [gpu_pipeline_task.cpp:77] gpu_pipeline_task: operator 'HASH_GROUP_BY' (id=4) output batch 0 column count mismatch: got 13, expected 10
[2026-09-08 05:53:40.203] [warning] [gpu_pipeline_task.cpp:77] gpu_pipeline_task: operator 'HASH_GROUP_BY' (id=4) output batch 0 column count mismatch: got 13, expected 10
[2026-09-08 05:53:40.204] [warning] [gpu_pipeline_task.cpp:77] gpu_pipeline_task: operator 'HASH_GROUP_BY' (id=4) output batch 0 column count mismatch: got 13, expected 10
[2026-09-08 05:53:40.205] [warning] [gpu_pipeline_task.cpp:77] gpu_pipeline_task: operator 'HASH_GROUP_BY' (id=4) output batch 0 column count mismatch: got 13, expected 10
[2026-09-08 05:53:40.206] [warning] [gpu_pipeline_task.cpp:77] gpu_pipeline_task: operator 'HASH_GROUP_BY' (id=4) output batch 0 column count mismatch: got 13, expected 10
[2026-09-08 05:53:40.206] [warning] [gpu_pipeline_task.cpp:77] gpu_pipeline_task: operator 'HASH_GROUP_BY' (id=4) output batch 0 column count mismatch: got 13, expected 10
[2026-09-08 05:53:40.207] [warning] [gpu_pipeline_task.cpp:77] gpu_pipeline_task: operator 'HASH_GROUP_BY' (id=4) output batch 0 column count mismatch: got 13, expected 10
[2026-09-08 05:53:40.208] [warning] [gpu_pipeline_task.cpp:77] gpu_pipeline_task: operator 'HASH_GROUP_BY' (id=4) output batch 0 column count mismatch: got 13, expected 10
[2026-09-08 05:53:40.217] [warning] [gpu_pipeline_task.cpp:77] gpu_pipeline_task: operator 'HASH_GROUP_BY' (id=4) output batch 0 column count mismatch: got 13, expected 10
[2026-09-08 05:53:40.219] [warning] [gpu_pipeline_task.cpp:77] gpu_pipeline_task: operator 'HASH_GROUP_BY' (id=4) output batch 0 column count mismatch: got 13, expected 10
[2026-09-08 05:53:40.222] [warning] [gpu_pipeline_task.cpp:77] gpu_pipeline_task: operator 'HASH_GROUP_BY' (id=4) output batch 0 column count mismatch: got 13, expected 10
[2026-09-08 05:53:40.224] [warning] [gpu_pipeline_task.cpp:77] gpu_pipeline_task: operator 'HASH_GROUP_BY' (id=4) output batch 0 column count mismatch: got 13, expected 10
[2026-09-08 05:53:40.224] [warning] [gpu_pipeline_task.cpp:77] gpu_pipeline_task: operator 'HASH_GROUP_BY' (id=4) output batch 0 column count mismatch: got 13, expected 10
[2026-09-08 05:53:40.226] [warning] [gpu_pipeline_task.cpp:77] gpu_pipeline_task: operator 'HASH_GROUP_BY' (id=4) output batch 0 column count mismatch: got 13, expected 10
[2026-09-08 05:53:40.227] [warning] [gpu_pipeline_task.cpp:77] gpu_pipeline_task: operator 'HASH_GROUP_BY' (id=4) output batch 0 column count mismatch: got 13, expected 10
[2026-09-08 05:53:40.228] [warning] [gpu_pipeline_task.cpp:77] gpu_pipeline_task: operator 'HASH_GROUP_BY' (id=4) output batch 0 column count mismatch: got 13, expected 10
[2026-09-08 05:53:40.229] [warning] [gpu_pipeline_task.cpp:77] gpu_pipeline_task: operator 'HASH_GROUP_BY' (id=4) output batch 0 column count mismatch: got 13, expected 10
[2026-09-08 05:53:40.229] [warning] [gpu_pipeline_task.cpp:77] gpu_pipeline_task: operator 'HASH_GROUP_BY' (id=4) output batch 0 column count mismatch: got 13, expected 10
[2026-09-08 05:53:40.231] [warning] [gpu_pipeline_task.cpp:77] gpu_pipeline_task: operator 'HASH_GROUP_BY' (id=4) output batch 0 column count mismatch: got 13, expected 10
[2026-09-08 05:53:40.233] [warning] [gpu_pipeline_task.cpp:77] gpu_pipeline_task: operator 'HASH_GROUP_BY' (id=4) output batch 0 column count mismatch: got 13, expected 10
[2026-09-08 05:53:40.233] [warning] [gpu_pipeline_task.cpp:77] gpu_pipeline_task: operator 'HASH_GROUP_BY' (id=4) output batch 0 column count mismatch: got 13, expected 10
[2026-09-08 05:53:40.234] [warning] [gpu_pipeline_task.cpp:77] gpu_pipeline_task: operator 'HASH_GROUP_BY' (id=4) output batch 0 column count mismatch: got 13, expected 10
[2026-09-08 05:53:40.234] [warning] [gpu_pipeline_task.cpp:77] gpu_pipeline_task: operator 'HASH_GROUP_BY' (id=4) output batch 0 column count mismatch: got 13, expected 10
[2026-09-08 05:53:40.234] [warning] [gpu_pipeline_task.cpp:77] gpu_pipeline_task: operator 'HASH_GROUP_BY' (id=4) output batch 0 column count mismatch: got 13, expected 10
[2026-09-08 05:53:40.234] [warning] [gpu_pipeline_task.cpp:77] gpu_pipeline_task: operator 'HASH_GROUP_BY' (id=4) output batch 0 column count mismatch: got 13, expected 10
[2026-09-08 05:53:40.234] [warning] [gpu_pipeline_task.cpp:77] gpu_pipeline_task: operator 'HASH_GROUP_BY' (id=4) output batch 0 column count mismatch: got 13, expected 10
[2026-09-08 05:53:40.236] [warning] [gpu_pipeline_task.cpp:77] gpu_pipeline_task: operator 'HASH_GROUP_BY' (id=4) output batch 0 column count mismatch: got 13, expected 10
[2026-09-08 05:53:40.238] [warning] [gpu_pipeline_task.cpp:77] gpu_pipeline_task: operator 'HASH_GROUP_BY' (id=4) output batch 0 column count mismatch: got 13, expected 10
[2026-09-08 05:53:40.251] [warning] [gpu_pipeline_task.cpp:77] gpu_pipeline_task: operator 'HASH_GROUP_BY' (id=4) output batch 0 column count mismatch: got 13, expected 10
[2026-09-08 05:53:40.251] [warning] [gpu_pipeline_task.cpp:77] gpu_pipeline_task: operator 'HASH_GROUP_BY' (id=4) output batch 0 column count mismatch: got 13, expected 10
[2026-09-08 05:53:40.253] [warning] [gpu_pipeline_task.cpp:77] gpu_pipeline_task: operator 'HASH_GROUP_BY' (id=4) output batch 0 column count mismatch: got 13, expected 10
[2026-09-08 05:53:40.254] [warning] [gpu_pipeline_task.cpp:77] gpu_pipeline_task: operator 'HASH_GROUP_BY' (id=4) output batch 0 column count mismatch: got 13, expected 10
[2026-09-08 05:53:40.255] [warning] [gpu_pipeline_task.cpp:77] gpu_pipeline_task: operator 'HASH_GROUP_BY' (id=4) output batch 0 column count mismatch: got 13, expected 10
[2026-09-08 05:53:40.256] [warning] [gpu_pipeline_task.cpp:77] gpu_pipeline_task: operator 'HASH_GROUP_BY' (id=4) output batch 0 column count mismatch: got 13, expected 10
[2026-09-08 05:53:40.261] [warning] [gpu_pipeline_task.cpp:77] gpu_pipeline_task: operator 'HASH_GROUP_BY' (id=4) output batch 0 column count mismatch: got 13, expected 10
[2026-09-08 05:53:40.265] [warning] [gpu_pipeline_task.cpp:77] gpu_pipeline_task: operator 'HASH_GROUP_BY' (id=4) output batch 0 column count mismatch: got 13, expected 10
[2026-09-08 05:53:40.267] [warning] [gpu_pipeline_task.cpp:77] gpu_pipeline_task: operator 'HASH_GROUP_BY' (id=4) output batch 0 column count mismatch: got 13, expected 10
[2026-09-08 05:53:40.268] [warning] [gpu_pipeline_task.cpp:77] gpu_pipeline_task: operator 'HASH_GROUP_BY' (id=4) output batch 0 column count mismatch: got 13, expected 10
[2026-09-08 05:53:40.269] [warning] [gpu_pipeline_task.cpp:77] gpu_pipeline_task: operator 'HASH_GROUP_BY' (id=4) output batch 0 column count mismatch: got 13, expected 10
[2026-09-08 05:53:40.272] [warning] [gpu_pipeline_task.cpp:77] gpu_pipeline_task: operator 'HASH_GROUP_BY' (id=4) output batch 0 column count mismatch: got 13, expected 10
[2026-09-08 05:53:40.275] [warning] [gpu_pipeline_task.cpp:77] gpu_pipeline_task: operator 'HASH_GROUP_BY' (id=4) output batch 0 column count mismatch: got 13, expected 10
[2026-09-08 05:53:40.278] [warning] [gpu_pipeline_task.cpp:77] gpu_pipeline_task: operator 'HASH_GROUP_BY' (id=4) output batch 0 column count mismatch: got 13, expected 10
[2026-09-08 05:53:40.280] [warning] [gpu_pipeline_task.cpp:77] gpu_pipeline_task: operator 'HASH_GROUP_BY' (id=4) output batch 0 column count mismatch: got 13, expected 10
[2026-09-08 05:53:40.280] [warning] [gpu_pipeline_task.cpp:77] gpu_pipeline_task: operator 'HASH_GROUP_BY' (id=4) output batch 0 column count mismatch: got 13, expected 10
[2026-09-08 05:53:40.280] [warning] [gpu_pipeline_task.cpp:77] gpu_pipeline_task: operator 'HASH_GROUP_BY' (id=4) output batch 0 column count mismatch: got 13, expected 10
[2026-09-08 05:53:40.282] [warning] [gpu_pipeline_task.cpp:77] gpu_pipeline_task: operator 'HASH_GROUP_BY' (id=4) output batch 0 column count mismatch: got 13, expected 10
[2026-09-08 05:53:40.284] [warning] [gpu_pipeline_task.cpp:77] gpu_pipeline_task: operator 'HASH_GROUP_BY' (id=4) output batch 0 column count mismatch: got 13, expected 10
[2026-09-08 05:53:40.284] [warning] [gpu_pipeline_task.cpp:77] gpu_pipeline_task: operator 'HASH_GROUP_BY' (id=4) output batch 0 column count mismatch: got 13, expected 10
[2026-09-08 05:53:40.284] [warning] [gpu_pipeline_task.cpp:77] gpu_pipeline_task: operator 'HASH_GROUP_BY' (id=4) output batch 0 column count mismatch: got 13, expected 10
[2026-09-08 05:53:40.284] [warning] [gpu_pipeline_task.cpp:77] gpu_pipeline_task: operator 'HASH_GROUP_BY' (id=4) output batch 0 column count mismatch: got 13, expected 10
[2026-09-08 05:53:40.285] [warning] [gpu_pipeline_task.cpp:77] gpu_pipeline_task: operator 'HASH_GROUP_BY' (id=4) output batch 0 column count mismatch: got 13, expected 10
[2026-09-08 05:53:40.285] [warning] [gpu_pipeline_task.cpp:77] gpu_pipeline_task: operator 'HASH_GROUP_BY' (id=4) output batch 0 column count mismatch: got 13, expected 10
[2026-09-08 05:53:40.287] [warning] [gpu_pipeline_task.cpp:77] gpu_pipeline_task: operator 'HASH_GROUP_BY' (id=4) output batch 0 column count mismatch: got 13, expected 10
[2026-09-08 05:53:40.287] [warning] [gpu_pipeline_task.cpp:77] gpu_pipeline_task: operator 'HASH_GROUP_BY' (id=4) output batch 0 column count mismatch: got 13, expected 10
[2026-09-08 05:53:40.289] [warning] [gpu_pipeline_task.cpp:77] gpu_pipeline_task: operator 'HASH_GROUP_BY' (id=4) output batch 0 column count mismatch: got 13, expected 10
[2026-09-08 05:53:40.290] [warning] [gpu_pipeline_task.cpp:77] gpu_pipeline_task: operator 'HASH_GROUP_BY' (id=4) output batch 0 column count mismatch: got 13, expected 10
[2026-09-08 05:53:40.298] [warning] [gpu_pipeline_task.cpp:77] gpu_pipeline_task: operator 'HASH_GROUP_BY' (id=4) output batch 0 column count mismatch: got 13, expected 10
[2026-09-08 05:53:40.300] [warning] [gpu_pipeline_task.cpp:77] gpu_pipeline_task: operator 'HASH_GROUP_BY' (id=4) output batch 0 column count mismatch: got 13, expected 10
[2026-09-08 05:53:40.303] [warning] [gpu_pipeline_task.cpp:77] gpu_pipeline_task: operator 'HASH_GROUP_BY' (id=4) output batch 0 column count mismatch: got 13, expected 10
[2026-09-08 05:53:40.304] [warning] [gpu_pipeline_task.cpp:77] gpu_pipeline_task: operator 'HASH_GROUP_BY' (id=4) output batch 0 column count mismatch: got 13, expected 10
[2026-09-08 05:53:40.306] [warning] [gpu_pipeline_task.cpp:77] gpu_pipeline_task: operator 'HASH_GROUP_BY' (id=4) output batch 0 column count mismatch: got 13, expected 10
[2026-09-08 05:53:40.308] [warning] [gpu_pipeline_task.cpp:77] gpu_pipeline_task: operator 'HASH_GROUP_BY' (id=4) output batch 0 column count mismatch: got 13, expected 10
[2026-09-08 05:53:40.308] [warning] [gpu_pipeline_task.cpp:77] gpu_pipeline_task: operator 'HASH_GROUP_BY' (id=4) output batch 0 column count mismatch: got 13, expected 10
[2026-09-08 05:53:40.312] [warning] [gpu_pipeline_task.cpp:77] gpu_pipeline_task: operator 'HASH_GROUP_BY' (id=4) output batch 0 column count mismatch: got 13, expected 10
[2026-09-08 05:53:40.315] [warning] [gpu_pipeline_task.cpp:77] gpu_pipeline_task: operator 'HASH_GROUP_BY' (id=4) output batch 0 column count mismatch: got 13, expected 10
[2026-09-08 05:53:40.319] [warning] [gpu_pipeline_task.cpp:77] gpu_pipeline_task: operator 'HASH_GROUP_BY' (id=4) output batch 0 column count mismatch: got 13, expected 10
[2026-09-08 05:53:40.320] [warning] [gpu_pipeline_task.cpp:77] gpu_pipeline_task: operator 'HASH_GROUP_BY' (id=4) output batch 0 column count mismatch: got 13, expected 10
[2026-09-08 05:53:40.323] [warning] [gpu_pipeline_task.cpp:77] gpu_pipeline_task: operator 'HASH_GROUP_BY' (id=4) output batch 0 column count mismatch: got 13, expected 10
[2026-09-08 05:53:40.323] [warning] [gpu_pipeline_task.cpp:77] gpu_pipeline_task: operator 'HASH_GROUP_BY' (id=4) output batch 0 column count mismatch: got 13, expected 10
[2026-09-08 05:53:40.324] [warning] [gpu_pipeline_task.cpp:77] gpu_pipeline_task: operator 'HASH_GROUP_BY' (id=4) output batch 0 column count mismatch: got 13, expected 10
[2026-09-08 05:53:40.326] [warning] [gpu_pipeline_task.cpp:77] gpu_pipeline_task: operator 'HASH_GROUP_BY' (id=4) output batch 0 column count mismatch: got 13, expected 10
[2026-09-08 05:53:40.330] [warning] [gpu_pipeline_task.cpp:77] gpu_pipeline_task: operator 'HASH_GROUP_BY' (id=4) output batch 0 column count mismatch: got 13, expected 10
[2026-09-08 05:53:40.330] [warning] [gpu_pipeline_task.cpp:77] gpu_pipeline_task: operator 'HASH_GROUP_BY' (id=4) output batch 0 column count mismatch: got 13, expected 10
[2026-09-08 05:53:40.331] [warning] [gpu_pipeline_task.cpp:77] gpu_pipeline_task: operator 'HASH_GROUP_BY' (id=4) output batch 0 column count mismatch: got 13, expected 10
[2026-09-08 05:53:40.331] [warning] [gpu_pipeline_task.cpp:77] gpu_pipeline_task: operator 'HASH_GROUP_BY' (id=4) output batch 0 column count mismatch: got 13, expected 10
[2026-09-08 05:53:40.332] [warning] [gpu_pipeline_task.cpp:77] gpu_pipeline_task: operator 'HASH_GROUP_BY' (id=4) output batch 0 column count mismatch: got 13, expected 10
[2026-09-08 05:53:40.333] [warning] [gpu_pipeline_task.cpp:77] gpu_pipeline_task: operator 'HASH_GROUP_BY' (id=4) output batch 0 column count mismatch: got 13, expected 10
[2026-09-08 05:53:40.335] [warning] [gpu_pipeline_task.cpp:77] gpu_pipeline_task: operator 'HASH_GROUP_BY' (id=4) output batch 0 column count mismatch: got 13, expected 10
[2026-09-08 05:53:40.335] [warning] [gpu_pipeline_task.cpp:77] gpu_pipeline_task: operator 'HASH_GROUP_BY' (id=4) output batch 0 column count mismatch: got 13, expected 10
[2026-09-08 05:53:40.335] [warning] [gpu_pipeline_task.cpp:77] gpu_pipeline_task: operator 'HASH_GROUP_BY' (id=4) output batch 0 column count mismatch: got 13, expected 10
[2026-09-08 05:53:40.336] [warning] [gpu_pipeline_task.cpp:77] gpu_pipeline_task: operator 'HASH_GROUP_BY' (id=4) output batch 0 column count mismatch: got 13, expected 10
[2026-09-08 05:53:40.336] [warning] [gpu_pipeline_task.cpp:77] gpu_pipeline_task: operator 'HASH_GROUP_BY' (id=4) output batch 0 column count mismatch: got 13, expected 10
[2026-09-08 05:53:40.338] [warning] [gpu_pipeline_task.cpp:77] gpu_pipeline_task: operator 'HASH_GROUP_BY' (id=4) output batch 0 column count mismatch: got 13, expected 10
[2026-09-08 05:53:40.338] [warning] [gpu_pipeline_task.cpp:77] gpu_pipeline_task: operator 'HASH_GROUP_BY' (id=4) output batch 0 column count mismatch: got 13, expected 10
[2026-09-08 05:53:40.339] [warning] [gpu_pipeline_task.cpp:77] gpu_pipeline_task: operator 'HASH_GROUP_BY' (id=4) output batch 0 column count mismatch: got 13, expected 10
[2026-09-08 05:53:40.351] [warning] [gpu_pipeline_task.cpp:77] gpu_pipeline_task: operator 'HASH_GROUP_BY' (id=4) output batch 0 column count mismatch: got 13, expected 10
[2026-09-08 05:53:40.351] [warning] [gpu_pipeline_task.cpp:77] gpu_pipeline_task: operator 'HASH_GROUP_BY' (id=4) output batch 0 column count mismatch: got 13, expected 10
[2026-09-08 05:53:40.354] [warning] [gpu_pipeline_task.cpp:77] gpu_pipeline_task: operator 'HASH_GROUP_BY' (id=4) output batch 0 column count mismatch: got 13, expected 10
[2026-09-08 05:53:40.354] [warning] [gpu_pipeline_task.cpp:77] gpu_pipeline_task: operator 'HASH_GROUP_BY' (id=4) output batch 0 column count mismatch: got 13, expected 10
[2026-09-08 05:53:40.356] [warning] [gpu_pipeline_task.cpp:77] gpu_pipeline_task: operator 'HASH_GROUP_BY' (id=4) output batch 0 column count mismatch: got 13, expected 10
[2026-09-08 05:53:40.358] [warning] [gpu_pipeline_task.cpp:77] gpu_pipeline_task: operator 'HASH_GROUP_BY' (id=4) output batch 0 column count mismatch: got 13, expected 10
[2026-09-08 05:53:40.360] [warning] [gpu_pipeline_task.cpp:77] gpu_pipeline_task: operator 'HASH_GROUP_BY' (id=4) output batch 0 column count mismatch: got 13, expected 10
[2026-09-08 05:53:40.363] [warning] [gpu_pipeline_task.cpp:77] gpu_pipeline_task: operator 'HASH_GROUP_BY' (id=4) output batch 0 column count mismatch: got 13, expected 10
[2026-09-08 05:53:40.367] [warning] [gpu_pipeline_task.cpp:77] gpu_pipeline_task: operator 'HASH_GROUP_BY' (id=4) output batch 0 column count mismatch: got 13, expected 10
[2026-09-08 05:53:40.368] [warning] [gpu_pipeline_task.cpp:77] gpu_pipeline_task: operator 'HASH_GROUP_BY' (id=4) output batch 0 column count mismatch: got 13, expected 10
[2026-09-08 05:53:40.370] [warning] [gpu_pipeline_task.cpp:77] gpu_pipeline_task: operator 'HASH_GROUP_BY' (id=4) output batch 0 column count mismatch: got 13, expected 10
[2026-09-08 05:53:40.371] [warning] [gpu_pipeline_task.cpp:77] gpu_pipeline_task: operator 'HASH_GROUP_BY' (id=4) output batch 0 column count mismatch: got 13, expected 10
[2026-09-08 05:53:40.376] [warning] [gpu_pipeline_task.cpp:77] gpu_pipeline_task: operator 'HASH_GROUP_BY' (id=4) output batch 0 column count mismatch: got 13, expected 10
[2026-09-08 05:53:40.376] [warning] [gpu_pipeline_task.cpp:77] gpu_pipeline_task: operator 'HASH_GROUP_BY' (id=4) output batch 0 column count mismatch: got 13, expected 10
[2026-09-08 05:53:40.378] [warning] [gpu_pipeline_task.cpp:77] gpu_pipeline_task: operator 'HASH_GROUP_BY' (id=4) output batch 0 column count mismatch: got 13, expected 10
[2026-09-08 05:53:40.381] [warning] [gpu_pipeline_task.cpp:77] gpu_pipeline_task: operator 'HASH_GROUP_BY' (id=4) output batch 0 column count mismatch: got 13, expected 10
[2026-09-08 05:53:40.381] [warning] [gpu_pipeline_task.cpp:77] gpu_pipeline_task: operator 'HASH_GROUP_BY' (id=4) output batch 0 column count mismatch: got 13, expected 10
[2026-09-08 05:53:40.383] [warning] [gpu_pipeline_task.cpp:77] gpu_pipeline_task: operator 'HASH_GROUP_BY' (id=4) output batch 0 column count mismatch: got 13, expected 10
[2026-09-08 05:53:40.383] [warning] [gpu_pipeline_task.cpp:77] gpu_pipeline_task: operator 'HASH_GROUP_BY' (id=4) output batch 0 column count mismatch: got 13, expected 10
[2026-09-08 05:53:40.385] [warning] [gpu_pipeline_task.cpp:77] gpu_pipeline_task: operator 'HASH_GROUP_BY' (id=4) output batch 0 column count mismatch: got 13, expected 10
[2026-09-08 05:53:40.385] [warning] [gpu_pipeline_task.cpp:77] gpu_pipeline_task: operator 'HASH_GROUP_BY' (id=4) output batch 0 column count mismatch: got 13, expected 10
[2026-09-08 05:53:40.386] [warning] [gpu_pipeline_task.cpp:77] gpu_pipeline_task: operator 'HASH_GROUP_BY' (id=4) output batch 0 column count mismatch: got 13, expected 10
[2026-09-08 05:53:40.387] [warning] [gpu_pipeline_task.cpp:77] gpu_pipeline_task: operator 'HASH_GROUP_BY' (id=4) output batch 0 column count mismatch: got 13, expected 10
[2026-09-08 05:53:40.387] [warning] [gpu_pipeline_task.cpp:77] gpu_pipeline_task: operator 'HASH_GROUP_BY' (id=4) output batch 0 column count mismatch: got 13, expected 10
[2026-09-08 05:53:40.387] [warning] [gpu_pipeline_task.cpp:77] gpu_pipeline_task: operator 'HASH_GROUP_BY' (id=4) output batch 0 column count mismatch: got 13, expected 10
[2026-09-08 05:53:40.387] [warning] [gpu_pipeline_task.cpp:77] gpu_pipeline_task: operator 'HASH_GROUP_BY' (id=4) output batch 0 column count mismatch: got 13, expected 10
[2026-09-08 05:53:40.388] [warning] [gpu_pipeline_task.cpp:77] gpu_pipeline_task: operator 'HASH_GROUP_BY' (id=4) output batch 0 column count mismatch: got 13, expected 10
[2026-09-08 05:53:40.390] [warning] [gpu_pipeline_task.cpp:77] gpu_pipeline_task: operator 'HASH_GROUP_BY' (id=4) output batch 0 column count mismatch: got 13, expected 10
[2026-09-08 05:53:40.391] [warning] [gpu_pipeline_task.cpp:77] gpu_pipeline_task: operator 'HASH_GROUP_BY' (id=4) output batch 0 column count mismatch: got 13, expected 10
[2026-09-08 05:53:40.392] [warning] [gpu_pipeline_task.cpp:77] gpu_pipeline_task: operator 'HASH_GROUP_BY' (id=4) output batch 0 column count mismatch: got 13, expected 10
[2026-09-08 05:53:40.392] [warning] [gpu_pipeline_task.cpp:77] gpu_pipeline_task: operator 'HASH_GROUP_BY' (id=4) output batch 0 column count mismatch: got 13, expected 10
[2026-09-08 05:53:40.393] [warning] [gpu_pipeline_task.cpp:77] gpu_pipeline_task: operator 'HASH_GROUP_BY' (id=4) output batch 0 column count mismatch: got 13, expected 10
[2026-09-08 05:53:40.393] [warning] [gpu_pipeline_task.cpp:77] gpu_pipeline_task: operator 'HASH_GROUP_BY' (id=4) output batch 0 column count mismatch: got 13, expected 10
[2026-09-08 05:53:40.393] [warning] [gpu_pipeline_task.cpp:77] gpu_pipeline_task: operator 'HASH_GROUP_BY' (id=4) output batch 0 column count mismatch: got 13, expected 10
[2026-09-08 05:53:40.394] [warning] [gpu_pipeline_task.cpp:77] gpu_pipeline_task: operator 'HASH_GROUP_BY' (id=4) output batch 0 column count mismatch: got 13, expected 10
[2026-09-08 05:53:40.396] [warning] [gpu_pipeline_task.cpp:77] gpu_pipeline_task: operator 'HASH_GROUP_BY' (id=4) output batch 0 column count mismatch: got 13, expected 10
[2026-09-08 05:53:40.397] [warning] [gpu_pipeline_task.cpp:77] gpu_pipeline_task: operator 'HASH_GROUP_BY' (id=4) output batch 0 column count mismatch: got 13, expected 10
[2026-09-08 05:53:40.398] [warning] [gpu_pipeline_task.cpp:77] gpu_pipeline_task: operator 'HASH_GROUP_BY' (id=4) output batch 0 column count mismatch: got 13, expected 10
[2026-09-08 05:53:40.400] [warning] [gpu_pipeline_task.cpp:77] gpu_pipeline_task: operator 'HASH_GROUP_BY' (id=4) output batch 0 column count mismatch: got 13, expected 10
[2026-09-08 05:53:40.410] [warning] [gpu_pipeline_task.cpp:77] gpu_pipeline_task: operator 'HASH_GROUP_BY' (id=4) output batch 0 column count mismatch: got 13, expected 10
[2026-09-08 05:53:40.412] [warning] [gpu_pipeline_task.cpp:77] gpu_pipeline_task: operator 'HASH_GROUP_BY' (id=4) output batch 0 column count mismatch: got 13, expected 10
[2026-09-08 05:53:40.413] [warning] [gpu_pipeline_task.cpp:77] gpu_pipeline_task: operator 'HASH_GROUP_BY' (id=4) output batch 0 column count mismatch: got 13, expected 10
[2026-09-08 05:53:40.414] [warning] [gpu_pipeline_task.cpp:77] gpu_pipeline_task: operator 'HASH_GROUP_BY' (id=4) output batch 0 column count mismatch: got 13, expected 10
[2026-09-08 05:53:40.415] [warning] [gpu_pipeline_task.cpp:77] gpu_pipeline_task: operator 'HASH_GROUP_BY' (id=4) output batch 0 column count mismatch: got 13, expected 10
[2026-09-08 05:53:40.417] [warning] [gpu_pipeline_task.cpp:77] gpu_pipeline_task: operator 'HASH_GROUP_BY' (id=4) output batch 0 column count mismatch: got 13, expected 10
[2026-09-08 05:53:40.421] [warning] [gpu_pipeline_task.cpp:77] gpu_pipeline_task: operator 'HASH_GROUP_BY' (id=4) output batch 0 column count mismatch: got 13, expected 10
[2026-09-08 05:53:40.422] [warning] [gpu_pipeline_task.cpp:77] gpu_pipeline_task: operator 'HASH_GROUP_BY' (id=4) output batch 0 column count mismatch: got 13, expected 10
[2026-09-08 05:53:40.426] [warning] [gpu_pipeline_task.cpp:77] gpu_pipeline_task: operator 'HASH_GROUP_BY' (id=4) output batch 0 column count mismatch: got 13, expected 10
[2026-09-08 05:53:40.426] [warning] [gpu_pipeline_task.cpp:77] gpu_pipeline_task: operator 'HASH_GROUP_BY' (id=4) output batch 0 column count mismatch: got 13, expected 10
[2026-09-08 05:53:40.430] [warning] [gpu_pipeline_task.cpp:77] gpu_pipeline_task: operator 'HASH_GROUP_BY' (id=4) output batch 0 column count mismatch: got 13, expected 10
[2026-09-08 05:53:40.430] [warning] [gpu_pipeline_task.cpp:77] gpu_pipeline_task: operator 'HASH_GROUP_BY' (id=4) output batch 0 column count mismatch: got 13, expected 10
[2026-09-08 05:53:40.434] [warning] [gpu_pipeline_task.cpp:77] gpu_pipeline_task: operator 'HASH_GROUP_BY' (id=4) output batch 0 column count mismatch: got 13, expected 10
[2026-09-08 05:53:40.434] [warning] [gpu_pipeline_task.cpp:77] gpu_pipeline_task: operator 'HASH_GROUP_BY' (id=4) output batch 0 column count mismatch: got 13, expected 10
[2026-09-08 05:53:40.438] [warning] [gpu_pipeline_task.cpp:77] gpu_pipeline_task: operator 'HASH_GROUP_BY' (id=4) output batch 0 column count mismatch: got 13, expected 10
[2026-09-08 05:53:40.439] [warning] [gpu_pipeline_task.cpp:77] gpu_pipeline_task: operator 'HASH_GROUP_BY' (id=4) output batch 0 column count mismatch: got 13, expected 10
[2026-09-08 05:53:40.439] [warning] [gpu_pipeline_task.cpp:77] gpu_pipeline_task: operator 'HASH_GROUP_BY' (id=4) output batch 0 column count mismatch: got 13, expected 10
[2026-09-08 05:53:40.439] [warning] [gpu_pipeline_task.cpp:77] gpu_pipeline_task: operator 'HASH_GROUP_BY' (id=4) output batch 0 column count mismatch: got 13, expected 10
[2026-09-08 05:53:40.442] [warning] [gpu_pipeline_task.cpp:77] gpu_pipeline_task: operator 'HASH_GROUP_BY' (id=4) output batch 0 column count mismatch: got 13, expected 10
[2026-09-08 05:53:40.443] [warning] [gpu_pipeline_task.cpp:77] gpu_pipeline_task: operator 'HASH_GROUP_BY' (id=4) output batch 0 column count mismatch: got 13, expected 10
[2026-09-08 05:53:40.443] [warning] [gpu_pipeline_task.cpp:77] gpu_pipeline_task: operator 'HASH_GROUP_BY' (id=4) output batch 0 column count mismatch: got 13, expected 10
[2026-09-08 05:53:40.443] [warning] [gpu_pipeline_task.cpp:77] gpu_pipeline_task: operator 'HASH_GROUP_BY' (id=4) output batch 0 column count mismatch: got 13, expected 10
[2026-09-08 05:53:40.444] [warning] [gpu_pipeline_task.cpp:77] gpu_pipeline_task: operator 'HASH_GROUP_BY' (id=4) output batch 0 column count mismatch: got 13, expected 10
[2026-09-08 05:53:40.444] [warning] [gpu_pipeline_task.cpp:77] gpu_pipeline_task: operator 'HASH_GROUP_BY' (id=4) output batch 0 column count mismatch: got 13, expected 10
[2026-09-08 05:53:40.445] [warning] [gpu_pipeline_task.cpp:77] gpu_pipeline_task: operator 'HASH_GROUP_BY' (id=4) output batch 0 column count mismatch: got 13, expected 10
[2026-09-08 05:53:40.447] [warning] [gpu_pipeline_task.cpp:77] gpu_pipeline_task: operator 'HASH_GROUP_BY' (id=4) output batch 0 column count mismatch: got 13, expected 10
[2026-09-08 05:53:40.448] [warning] [gpu_pipeline_task.cpp:77] gpu_pipeline_task: operator 'HASH_GROUP_BY' (id=4) output batch 0 column count mismatch: got 13, expected 10
[2026-09-08 05:53:40.450] [warning] [gpu_pipeline_task.cpp:77] gpu_pipeline_task: operator 'HASH_GROUP_BY' (id=4) output batch 0 column count mismatch: got 13, expected 10
[2026-09-08 05:53:40.459] [warning] [gpu_pipeline_task.cpp:77] gpu_pipeline_task: operator 'HASH_GROUP_BY' (id=4) output batch 0 column count mismatch: got 13, expected 10
[2026-09-08 05:53:40.459] [warning] [gpu_pipeline_task.cpp:77] gpu_pipeline_task: operator 'HASH_GROUP_BY' (id=4) output batch 0 column count mismatch: got 13, expected 10
[2026-09-08 05:53:40.462] [warning] [gpu_pipeline_task.cpp:77] gpu_pipeline_task: operator 'HASH_GROUP_BY' (id=4) output batch 0 column count mismatch: got 13, expected 10
[2026-09-08 05:53:40.462] [warning] [gpu_pipeline_task.cpp:77] gpu_pipeline_task: operator 'HASH_GROUP_BY' (id=4) output batch 0 column count mismatch: got 13, expected 10
[2026-09-08 05:53:40.464] [warning] [gpu_pipeline_task.cpp:77] gpu_pipeline_task: operator 'HASH_GROUP_BY' (id=4) output batch 0 column count mismatch: got 13, expected 10
[2026-09-08 05:53:40.469] [warning] [gpu_pipeline_task.cpp:77] gpu_pipeline_task: operator 'HASH_GROUP_BY' (id=4) output batch 0 column count mismatch: got 13, expected 10
[2026-09-08 05:53:40.469] [warning] [gpu_pipeline_task.cpp:77] gpu_pipeline_task: operator 'HASH_GROUP_BY' (id=4) output batch 0 column count mismatch: got 13, expected 10
[2026-09-08 05:53:40.471] [warning] [gpu_pipeline_task.cpp:77] gpu_pipeline_task: operator 'HASH_GROUP_BY' (id=4) output batch 0 column count mismatch: got 13, expected 10
[2026-09-08 05:53:40.473] [warning] [gpu_pipeline_task.cpp:77] gpu_pipeline_task: operator 'HASH_GROUP_BY' (id=4) output batch 0 column count mismatch: got 13, expected 10
[2026-09-08 05:53:40.473] [warning] [gpu_pipeline_task.cpp:77] gpu_pipeline_task: operator 'HASH_GROUP_BY' (id=4) output batch 0 column count mismatch: got 13, expected 10
[2026-09-08 05:53:40.475] [warning] [gpu_pipeline_task.cpp:77] gpu_pipeline_task: operator 'HASH_GROUP_BY' (id=4) output batch 0 column count mismatch: got 13, expected 10
[2026-09-08 05:53:40.482] [warning] [gpu_pipeline_task.cpp:77] gpu_pipeline_task: operator 'HASH_GROUP_BY' (id=4) output batch 0 column count mismatch: got 13, expected 10
[2026-09-08 05:53:40.486] [warning] [gpu_pipeline_task.cpp:77] gpu_pipeline_task: operator 'HASH_GROUP_BY' (id=4) output batch 0 column count mismatch: got 13, expected 10
[2026-09-08 05:53:40.486] [warning] [gpu_pipeline_task.cpp:77] gpu_pipeline_task: operator 'HASH_GROUP_BY' (id=4) output batch 0 column count mismatch: got 13, expected 10
[2026-09-08 05:53:40.486] [warning] [gpu_pipeline_task.cpp:77] gpu_pipeline_task: operator 'HASH_GROUP_BY' (id=4) output batch 0 column count mismatch: got 13, expected 10
[2026-09-08 05:53:40.489] [warning] [gpu_pipeline_task.cpp:77] gpu_pipeline_task: operator 'HASH_GROUP_BY' (id=4) output batch 0 column count mismatch: got 13, expected 10
[2026-09-08 05:53:40.490] [warning] [gpu_pipeline_task.cpp:77] gpu_pipeline_task: operator 'HASH_GROUP_BY' (id=4) output batch 0 column count mismatch: got 13, expected 10
[2026-09-08 05:53:40.490] [warning] [gpu_pipeline_task.cpp:77] gpu_pipeline_task: operator 'HASH_GROUP_BY' (id=4) output batch 0 column count mismatch: got 13, expected 10
[2026-09-08 05:53:40.492] [warning] [gpu_pipeline_task.cpp:77] gpu_pipeline_task: operator 'HASH_GROUP_BY' (id=4) output batch 0 column count mismatch: got 13, expected 10
[2026-09-08 05:53:40.498] [warning] [gpu_pipeline_task.cpp:77] gpu_pipeline_task: operator 'HASH_GROUP_BY' (id=4) output batch 0 column count mismatch: got 13, expected 10
[2026-09-08 05:53:40.502] [warning] [gpu_pipeline_task.cpp:77] gpu_pipeline_task: operator 'HASH_GROUP_BY' (id=4) output batch 0 column count mismatch: got 13, expected 10
[2026-09-08 05:53:40.504] [warning] [gpu_pipeline_task.cpp:77] gpu_pipeline_task: operator 'HASH_GROUP_BY' (id=4) output batch 0 column count mismatch: got 13, expected 10
[2026-09-08 05:53:40.504] [warning] [gpu_pipeline_task.cpp:77] gpu_pipeline_task: operator 'HASH_GROUP_BY' (id=4) output batch 0 column count mismatch: got 13, expected 10
[2026-09-08 05:53:40.507] [warning] [gpu_pipeline_task.cpp:77] gpu_pipeline_task: operator 'HASH_GROUP_BY' (id=4) output batch 0 column count mismatch: got 13, expected 10
[2026-09-08 05:53:40.507] [warning] [gpu_pipeline_task.cpp:77] gpu_pipeline_task: operator 'HASH_GROUP_BY' (id=4) output batch 0 column count mismatch: got 13, expected 10
[2026-09-08 05:53:40.510] [warning] [gpu_pipeline_task.cpp:77] gpu_pipeline_task: operator 'HASH_GROUP_BY' (id=4) output batch 0 column count mismatch: got 13, expected 10
[2026-09-08 05:53:40.514] [warning] [gpu_pipeline_task.cpp:77] gpu_pipeline_task: operator 'HASH_GROUP_BY' (id=4) output batch 0 column count mismatch: got 13, expected 10
[2026-09-08 05:53:40.516] [warning] [gpu_pipeline_task.cpp:77] gpu_pipeline_task: operator 'HASH_GROUP_BY' (id=4) output batch 0 column count mismatch: got 13, expected 10
[2026-09-08 05:53:40.517] [warning] [gpu_pipeline_task.cpp:77] gpu_pipeline_task: operator 'HASH_GROUP_BY' (id=4) output batch 0 column count mismatch: got 13, expected 10
[2026-09-08 05:53:40.520] [warning] [gpu_pipeline_task.cpp:77] gpu_pipeline_task: operator 'HASH_GROUP_BY' (id=4) output batch 0 column count mismatch: got 13, expected 10
[2026-09-08 05:53:40.521] [warning] [gpu_pipeline_task.cpp:77] gpu_pipeline_task: operator 'HASH_GROUP_BY' (id=4) output batch 0 column count mismatch: got 13, expected 10
[2026-09-08 05:53:40.523] [warning] [gpu_pipeline_task.cpp:77] gpu_pipeline_task: operator 'HASH_GROUP_BY' (id=4) output batch 0 column count mismatch: got 13, expected 10
[2026-09-08 05:53:40.524] [warning] [gpu_pipeline_task.cpp:77] gpu_pipeline_task: operator 'HASH_GROUP_BY' (id=4) output batch 0 column count mismatch: got 13, expected 10
[2026-09-08 05:53:40.529] [warning] [gpu_pipeline_task.cpp:77] gpu_pipeline_task: operator 'HASH_GROUP_BY' (id=4) output batch 0 column count mismatch: got 13, expected 10
[2026-09-08 05:53:40.530] [warning] [gpu_pipeline_task.cpp:77] gpu_pipeline_task: operator 'HASH_GROUP_BY' (id=4) output batch 0 column count mismatch: got 13, expected 10
[2026-09-08 05:53:40.531] [warning] [gpu_pipeline_task.cpp:77] gpu_pipeline_task: operator 'HASH_GROUP_BY' (id=4) output batch 0 column count mismatch: got 13, expected 10
[2026-09-08 05:53:40.533] [warning] [gpu_pipeline_task.cpp:77] gpu_pipeline_task: operator 'HASH_GROUP_BY' (id=4) output batch 0 column count mismatch: got 13, expected 10
[2026-09-08 05:53:40.534] [warning] [gpu_pipeline_task.cpp:77] gpu_pipeline_task: operator 'HASH_GROUP_BY' (id=4) output batch 0 column count mismatch: got 13, expected 10
[2026-09-08 05:53:40.534] [warning] [gpu_pipeline_task.cpp:77] gpu_pipeline_task: operator 'HASH_GROUP_BY' (id=4) output batch 0 column count mismatch: got 13, expected 10
[2026-09-08 05:53:40.535] [warning] [gpu_pipeline_task.cpp:77] gpu_pipeline_task: operator 'HASH_GROUP_BY' (id=4) output batch 0 column count mismatch: got 13, expected 10
[2026-09-08 05:53:40.536] [warning] [gpu_pipeline_task.cpp:77] gpu_pipeline_task: operator 'HASH_GROUP_BY' (id=4) output batch 0 column count mismatch: got 13, expected 10
[2026-09-08 05:53:40.536] [warning] [gpu_pipeline_task.cpp:77] gpu_pipeline_task: operator 'HASH_GROUP_BY' (id=4) output batch 0 column count mismatch: got 13, expected 10
[2026-09-08 05:53:40.537] [warning] [gpu_pipeline_task.cpp:77] gpu_pipeline_task: operator 'HASH_GROUP_BY' (id=4) output batch 0 column count mismatch: got 13, expected 10
[2026-09-08 05:53:40.538] [warning] [gpu_pipeline_task.cpp:77] gpu_pipeline_task: operator 'HASH_GROUP_BY' (id=4) output batch 0 column count mismatch: got 13, expected 10
[2026-09-08 05:53:40.538] [warning] [gpu_pipeline_task.cpp:77] gpu_pipeline_task: operator 'HASH_GROUP_BY' (id=4) output batch 0 column count mismatch: got 13, expected 10
[2026-09-08 05:53:40.539] [warning] [gpu_pipeline_task.cpp:77] gpu_pipeline_task: operator 'HASH_GROUP_BY' (id=4) output batch 0 column count mismatch: got 13, expected 10
[2026-09-08 05:53:40.540] [warning] [gpu_pipeline_task.cpp:77] gpu_pipeline_task: operator 'HASH_GROUP_BY' (id=4) output batch 0 column count mismatch: got 13, expected 10
[2026-09-08 05:53:40.541] [warning] [gpu_pipeline_task.cpp:77] gpu_pipeline_task: operator 'HASH_GROUP_BY' (id=4) output batch 0 column count mismatch: got 13, expected 10
[2026-09-08 05:53:40.542] [warning] [gpu_pipeline_task.cpp:77] gpu_pipeline_task: operator 'HASH_GROUP_BY' (id=4) output batch 0 column count mismatch: got 13, expected 10
[2026-09-08 05:53:40.542] [warning] [gpu_pipeline_task.cpp:77] gpu_pipeline_task: operator 'HASH_GROUP_BY' (id=4) output batch 0 column count mismatch: got 13, expected 10
[2026-09-08 05:53:40.542] [warning] [gpu_pipeline_task.cpp:77] gpu_pipeline_task: operator 'HASH_GROUP_BY' (id=4) output batch 0 column count mismatch: got 13, expected 10
[2026-09-08 05:53:40.543] [warning] [gpu_pipeline_task.cpp:77] gpu_pipeline_task: operator 'HASH_GROUP_BY' (id=4) output batch 0 column count mismatch: got 13, expected 10
[2026-09-08 05:53:40.544] [warning] [gpu_pipeline_task.cpp:77] gpu_pipeline_task: operator 'HASH_GROUP_BY' (id=4) output batch 0 column count mismatch: got 13, expected 10
[2026-09-08 05:53:40.546] [warning] [gpu_pipeline_task.cpp:77] gpu_pipeline_task: operator 'HASH_GROUP_BY' (id=4) output batch 0 column count mismatch: got 13, expected 10
[2026-09-08 05:53:40.546] [warning] [gpu_pipeline_task.cpp:77] gpu_pipeline_task: operator 'HASH_GROUP_BY' (id=4) output batch 0 column count mismatch: got 13, expected 10
[2026-09-08 05:53:40.548] [warning] [gpu_pipeline_task.cpp:77] gpu_pipeline_task: operator 'HASH_GROUP_BY' (id=4) output batch 0 column count mismatch: got 13, expected 10
[2026-09-08 05:53:40.548] [warning] [gpu_pipeline_task.cpp:77] gpu_pipeline_task: operator 'HASH_GROUP_BY' (id=4) output batch 0 column count mismatch: got 13, expected 10
[2026-09-08 05:53:40.548] [warning] [gpu_pipeline_task.cpp:77] gpu_pipeline_task: operator 'HASH_GROUP_BY' (id=4) output batch 0 column count mismatch: got 13, expected 10
[2026-09-08 05:53:40.560] [warning] [gpu_pipeline_task.cpp:77] gpu_pipeline_task: operator 'HASH_GROUP_BY' (id=4) output batch 0 column count mismatch: got 13, expected 10
[2026-09-08 05:53:40.561] [warning] [gpu_pipeline_task.cpp:77] gpu_pipeline_task: operator 'HASH_GROUP_BY' (id=4) output batch 0 column count mismatch: got 13, expected 10
[2026-09-08 05:53:40.562] [warning] [gpu_pipeline_task.cpp:77] gpu_pipeline_task: operator 'HASH_GROUP_BY' (id=4) output batch 0 column count mismatch: got 13, expected 10
[2026-09-08 05:53:40.564] [warning] [gpu_pipeline_task.cpp:77] gpu_pipeline_task: operator 'HASH_GROUP_BY' (id=4) output batch 0 column count mismatch: got 13, expected 10
[2026-09-08 05:53:40.566] [warning] [gpu_pipeline_task.cpp:77] gpu_pipeline_task: operator 'HASH_GROUP_BY' (id=4) output batch 0 column count mismatch: got 13, expected 10
[2026-09-08 05:53:40.566] [warning] [gpu_pipeline_task.cpp:77] gpu_pipeline_task: operator 'HASH_GROUP_BY' (id=4) output batch 0 column count mismatch: got 13, expected 10
[2026-09-08 05:53:40.569] [warning] [gpu_pipeline_task.cpp:77] gpu_pipeline_task: operator 'HASH_GROUP_BY' (id=4) output batch 0 column count mismatch: got 13, expected 10
[2026-09-08 05:53:40.569] [warning] [gpu_pipeline_task.cpp:77] gpu_pipeline_task: operator 'HASH_GROUP_BY' (id=4) output batch 0 column count mismatch: got 13, expected 10
[2026-09-08 05:53:40.569] [warning] [gpu_pipeline_task.cpp:77] gpu_pipeline_task: operator 'HASH_GROUP_BY' (id=4) output batch 0 column count mismatch: got 13, expected 10
[2026-09-08 05:53:40.571] [warning] [gpu_pipeline_task.cpp:77] gpu_pipeline_task: operator 'HASH_GROUP_BY' (id=4) output batch 0 column count mismatch: got 13, expected 10
[2026-09-08 05:53:40.571] [warning] [gpu_pipeline_task.cpp:77] gpu_pipeline_task: operator 'HASH_GROUP_BY' (id=4) output batch 0 column count mismatch: got 13, expected 10
[2026-09-08 05:53:40.571] [warning] [gpu_pipeline_task.cpp:77] gpu_pipeline_task: operator 'HASH_GROUP_BY' (id=4) output batch 0 column count mismatch: got 13, expected 10
[2026-09-08 05:53:40.573] [warning] [gpu_pipeline_task.cpp:77] gpu_pipeline_task: operator 'HASH_GROUP_BY' (id=4) output batch 0 column count mismatch: got 13, expected 10
[2026-09-08 05:53:40.574] [warning] [gpu_pipeline_task.cpp:77] gpu_pipeline_task: operator 'HASH_GROUP_BY' (id=4) output batch 0 column count mismatch: got 13, expected 10
[2026-09-08 05:53:40.575] [warning] [gpu_pipeline_task.cpp:77] gpu_pipeline_task: operator 'HASH_GROUP_BY' (id=4) output batch 0 column count mismatch: got 13, expected 10
[2026-09-08 05:53:40.576] [warning] [gpu_pipeline_task.cpp:77] gpu_pipeline_task: operator 'HASH_GROUP_BY' (id=4) output batch 0 column count mismatch: got 13, expected 10
[2026-09-08 05:53:40.576] [warning] [gpu_pipeline_task.cpp:77] gpu_pipeline_task: operator 'HASH_GROUP_BY' (id=4) output batch 0 column count mismatch: got 13, expected 10
[2026-09-08 05:53:40.577] [warning] [gpu_pipeline_task.cpp:77] gpu_pipeline_task: operator 'HASH_GROUP_BY' (id=4) output batch 0 column count mismatch: got 13, expected 10
[2026-09-08 05:53:40.577] [warning] [gpu_pipeline_task.cpp:77] gpu_pipeline_task: operator 'HASH_GROUP_BY' (id=4) output batch 0 column count mismatch: got 13, expected 10
[2026-09-08 05:53:40.578] [warning] [gpu_pipeline_task.cpp:77] gpu_pipeline_task: operator 'HASH_GROUP_BY' (id=4) output batch 0 column count mismatch: got 13, expected 10
[2026-09-08 05:53:40.580] [warning] [gpu_pipeline_task.cpp:77] gpu_pipeline_task: operator 'HASH_GROUP_BY' (id=4) output batch 0 column count mismatch: got 13, expected 10
[2026-09-08 05:53:40.581] [warning] [gpu_pipeline_task.cpp:77] gpu_pipeline_task: operator 'HASH_GROUP_BY' (id=4) output batch 0 column count mismatch: got 13, expected 10
[2026-09-08 05:53:40.582] [warning] [gpu_pipeline_task.cpp:77] gpu_pipeline_task: operator 'HASH_GROUP_BY' (id=4) output batch 0 column count mismatch: got 13, expected 10
[2026-09-08 05:53:40.583] [warning] [gpu_pipeline_task.cpp:77] gpu_pipeline_task: operator 'HASH_GROUP_BY' (id=4) output batch 0 column count mismatch: got 13, expected 10
[2026-09-08 05:53:40.583] [warning] [gpu_pipeline_task.cpp:77] gpu_pipeline_task: operator 'HASH_GROUP_BY' (id=4) output batch 0 column count mismatch: got 13, expected 10
[2026-09-08 05:53:40.584] [warning] [gpu_pipeline_task.cpp:77] gpu_pipeline_task: operator 'HASH_GROUP_BY' (id=4) output batch 0 column count mismatch: got 13, expected 10
[2026-09-08 05:53:40.584] [warning] [gpu_pipeline_task.cpp:77] gpu_pipeline_task: operator 'HASH_GROUP_BY' (id=4) output batch 0 column count mismatch: got 13, expected 10
[2026-09-08 05:53:40.586] [warning] [gpu_pipeline_task.cpp:77] gpu_pipeline_task: operator 'HASH_GROUP_BY' (id=4) output batch 0 column count mismatch: got 13, expected 10
[2026-09-08 05:53:40.586] [warning] [gpu_pipeline_task.cpp:77] gpu_pipeline_task: operator 'HASH_GROUP_BY' (id=4) output batch 0 column count mismatch: got 13, expected 10
[2026-09-08 05:53:40.599] [warning] [gpu_pipeline_task.cpp:77] gpu_pipeline_task: operator 'HASH_GROUP_BY' (id=4) output batch 0 column count mismatch: got 13, expected 10
[2026-09-08 05:53:40.601] [warning] [gpu_pipeline_task.cpp:77] gpu_pipeline_task: operator 'HASH_GROUP_BY' (id=4) output batch 0 column count mismatch: got 13, expected 10
[2026-09-08 05:53:40.603] [warning] [gpu_pipeline_task.cpp:77] gpu_pipeline_task: operator 'HASH_GROUP_BY' (id=4) output batch 0 column count mismatch: got 13, expected 10
[2026-09-08 05:53:40.603] [warning] [gpu_pipeline_task.cpp:77] gpu_pipeline_task: operator 'HASH_GROUP_BY' (id=4) output batch 0 column count mismatch: got 13, expected 10
[2026-09-08 05:53:40.604] [warning] [gpu_pipeline_task.cpp:77] gpu_pipeline_task: operator 'HASH_GROUP_BY' (id=4) output batch 0 column count mismatch: got 13, expected 10
[2026-09-08 05:53:40.605] [warning] [gpu_pipeline_task.cpp:77] gpu_pipeline_task: operator 'HASH_GROUP_BY' (id=4) output batch 0 column count mismatch: got 13, expected 10
[2026-09-08 05:53:40.608] [warning] [gpu_pipeline_task.cpp:77] gpu_pipeline_task: operator 'HASH_GROUP_BY' (id=4) output batch 0 column count mismatch: got 13, expected 10
[2026-09-08 05:53:40.610] [warning] [gpu_pipeline_task.cpp:77] gpu_pipeline_task: operator 'HASH_GROUP_BY' (id=4) output batch 0 column count mismatch: got 13, expected 10
[2026-09-08 05:53:40.614] [warning] [gpu_pipeline_task.cpp:77] gpu_pipeline_task: operator 'HASH_GROUP_BY' (id=4) output batch 0 column count mismatch: got 13, expected 10
[2026-09-08 05:53:40.617] [warning] [gpu_pipeline_task.cpp:77] gpu_pipeline_task: operator 'HASH_GROUP_BY' (id=4) output batch 0 column count mismatch: got 13, expected 10
[2026-09-08 05:53:40.619] [warning] [gpu_pipeline_task.cpp:77] gpu_pipeline_task: operator 'HASH_GROUP_BY' (id=4) output batch 0 column count mismatch: got 13, expected 10
[2026-09-08 05:53:40.621] [warning] [gpu_pipeline_task.cpp:77] gpu_pipeline_task: operator 'HASH_GROUP_BY' (id=4) output batch 0 column count mismatch: got 13, expected 10
[2026-09-08 05:53:40.622] [warning] [gpu_pipeline_task.cpp:77] gpu_pipeline_task: operator 'HASH_GROUP_BY' (id=4) output batch 0 column count mismatch: got 13, expected 10
[2026-09-08 05:53:40.626] [warning] [gpu_pipeline_task.cpp:77] gpu_pipeline_task: operator 'HASH_GROUP_BY' (id=4) output batch 0 column count mismatch: got 13, expected 10
[2026-09-08 05:53:40.626] [warning] [gpu_pipeline_task.cpp:77] gpu_pipeline_task: operator 'HASH_GROUP_BY' (id=4) output batch 0 column count mismatch: got 13, expected 10
[2026-09-08 05:53:40.626] [warning] [gpu_pipeline_task.cpp:77] gpu_pipeline_task: operator 'HASH_GROUP_BY' (id=4) output batch 0 column count mismatch: got 13, expected 10
[2026-09-08 05:53:40.627] [warning] [gpu_pipeline_task.cpp:77] gpu_pipeline_task: operator 'HASH_GROUP_BY' (id=4) output batch 0 column count mismatch: got 13, expected 10
[2026-09-08 05:53:40.628] [warning] [gpu_pipeline_task.cpp:77] gpu_pipeline_task: operator 'HASH_GROUP_BY' (id=4) output batch 0 column count mismatch: got 13, expected 10
[2026-09-08 05:53:40.629] [warning] [gpu_pipeline_task.cpp:77] gpu_pipeline_task: operator 'HASH_GROUP_BY' (id=4) output batch 0 column count mismatch: got 13, expected 10
[2026-09-08 05:53:40.629] [warning] [gpu_pipeline_task.cpp:77] gpu_pipeline_task: operator 'HASH_GROUP_BY' (id=4) output batch 0 column count mismatch: got 13, expected 10
[2026-09-08 05:53:40.629] [warning] [gpu_pipeline_task.cpp:77] gpu_pipeline_task: operator 'HASH_GROUP_BY' (id=4) output batch 0 column count mismatch: got 13, expected 10
[2026-09-08 05:53:40.630] [warning] [gpu_pipeline_task.cpp:77] gpu_pipeline_task: operator 'HASH_GROUP_BY' (id=4) output batch 0 column count mismatch: got 13, expected 10
[2026-09-08 05:53:40.631] [warning] [gpu_pipeline_task.cpp:77] gpu_pipeline_task: operator 'HASH_GROUP_BY' (id=4) output batch 0 column count mismatch: got 13, expected 10
[2026-09-08 05:53:40.632] [warning] [gpu_pipeline_task.cpp:77] gpu_pipeline_task: operator 'HASH_GROUP_BY' (id=4) output batch 0 column count mismatch: got 13, expected 10
[2026-09-08 05:53:40.633] [warning] [gpu_pipeline_task.cpp:77] gpu_pipeline_task: operator 'HASH_GROUP_BY' (id=4) output batch 0 column count mismatch: got 13, expected 10
[2026-09-08 05:53:40.633] [warning] [gpu_pipeline_task.cpp:77] gpu_pipeline_task: operator 'HASH_GROUP_BY' (id=4) output batch 0 column count mismatch: got 13, expected 10
[2026-09-08 05:53:40.634] [warning] [gpu_pipeline_task.cpp:77] gpu_pipeline_task: operator 'HASH_GROUP_BY' (id=4) output batch 0 column count mismatch: got 13, expected 10
[2026-09-08 05:53:40.635] [warning] [gpu_pipeline_task.cpp:77] gpu_pipeline_task: operator 'HASH_GROUP_BY' (id=4) output batch 0 column count mismatch: got 13, expected 10
[2026-09-08 05:53:40.640] [warning] [gpu_pipeline_task.cpp:77] gpu_pipeline_task: operator 'HASH_GROUP_BY' (id=4) output batch 0 column count mismatch: got 13, expected 10
[2026-09-08 05:53:40.646] [warning] [gpu_pipeline_task.cpp:77] gpu_pipeline_task: operator 'HASH_GROUP_BY' (id=4) output batch 0 column count mismatch: got 13, expected 10
[2026-09-08 05:53:40.648] [warning] [gpu_pipeline_task.cpp:77] gpu_pipeline_task: operator 'HASH_GROUP_BY' (id=4) output batch 0 column count mismatch: got 13, expected 10
[2026-09-08 05:53:40.649] [warning] [gpu_pipeline_task.cpp:77] gpu_pipeline_task: operator 'HASH_GROUP_BY' (id=4) output batch 0 column count mismatch: got 13, expected 10
[2026-09-08 05:53:40.652] [warning] [gpu_pipeline_task.cpp:77] gpu_pipeline_task: operator 'HASH_GROUP_BY' (id=4) output batch 0 column count mismatch: got 13, expected 10
[2026-09-08 05:53:40.652] [warning] [gpu_pipeline_task.cpp:77] gpu_pipeline_task: operator 'HASH_GROUP_BY' (id=4) output batch 0 column count mismatch: got 13, expected 10
[2026-09-08 05:53:40.655] [warning] [gpu_pipeline_task.cpp:77] gpu_pipeline_task: operator 'HASH_GROUP_BY' (id=4) output batch 0 column count mismatch: got 13, expected 10
[2026-09-08 05:53:40.658] [warning] [gpu_pipeline_task.cpp:77] gpu_pipeline_task: operator 'HASH_GROUP_BY' (id=4) output batch 0 column count mismatch: got 13, expected 10
[2026-09-08 05:53:40.660] [warning] [gpu_pipeline_task.cpp:77] gpu_pipeline_task: operator 'HASH_GROUP_BY' (id=4) output batch 0 column count mismatch: got 13, expected 10
[2026-09-08 05:53:40.660] [warning] [gpu_pipeline_task.cpp:77] gpu_pipeline_task: operator 'HASH_GROUP_BY' (id=4) output batch 0 column count mismatch: got 13, expected 10
[2026-09-08 05:53:40.663] [warning] [gpu_pipeline_task.cpp:77] gpu_pipeline_task: operator 'HASH_GROUP_BY' (id=4) output batch 0 column count mismatch: got 13, expected 10
[2026-09-08 05:53:40.667] [warning] [gpu_pipeline_task.cpp:77] gpu_pipeline_task: operator 'HASH_GROUP_BY' (id=4) output batch 0 column count mismatch: got 13, expected 10
[2026-09-08 05:53:40.669] [warning] [gpu_pipeline_task.cpp:77] gpu_pipeline_task: operator 'HASH_GROUP_BY' (id=4) output batch 0 column count mismatch: got 13, expected 10
[2026-09-08 05:53:40.669] [warning] [gpu_pipeline_task.cpp:77] gpu_pipeline_task: operator 'HASH_GROUP_BY' (id=4) output batch 0 column count mismatch: got 13, expected 10
[2026-09-08 05:53:40.671] [warning] [gpu_pipeline_task.cpp:77] gpu_pipeline_task: operator 'HASH_GROUP_BY' (id=4) output batch 0 column count mismatch: got 13, expected 10
[2026-09-08 05:53:40.674] [warning] [gpu_pipeline_task.cpp:77] gpu_pipeline_task: operator 'HASH_GROUP_BY' (id=4) output batch 0 column count mismatch: got 13, expected 10
[2026-09-08 05:53:40.679] [warning] [gpu_pipeline_task.cpp:77] gpu_pipeline_task: operator 'HASH_GROUP_BY' (id=4) output batch 0 column count mismatch: got 13, expected 10
[2026-09-08 05:53:40.680] [warning] [gpu_pipeline_task.cpp:77] gpu_pipeline_task: operator 'HASH_GROUP_BY' (id=4) output batch 0 column count mismatch: got 13, expected 10
[2026-09-08 05:53:40.681] [warning] [gpu_pipeline_task.cpp:77] gpu_pipeline_task: operator 'HASH_GROUP_BY' (id=4) output batch 0 column count mismatch: got 13, expected 10
[2026-09-08 05:53:40.681] [warning] [gpu_pipeline_task.cpp:77] gpu_pipeline_task: operator 'HASH_GROUP_BY' (id=4) output batch 0 column count mismatch: got 13, expected 10
[2026-09-08 05:53:40.682] [warning] [gpu_pipeline_task.cpp:77] gpu_pipeline_task: operator 'HASH_GROUP_BY' (id=4) output batch 0 column count mismatch: got 13, expected 10
[2026-09-08 05:53:40.683] [warning] [gpu_pipeline_task.cpp:77] gpu_pipeline_task: operator 'HASH_GROUP_BY' (id=4) output batch 0 column count mismatch: got 13, expected 10
[2026-09-08 05:53:40.683] [warning] [gpu_pipeline_task.cpp:77] gpu_pipeline_task: operator 'HASH_GROUP_BY' (id=4) output batch 0 column count mismatch: got 13, expected 10
[2026-09-08 05:53:40.685] [warning] [gpu_pipeline_task.cpp:77] gpu_pipeline_task: operator 'HASH_GROUP_BY' (id=4) output batch 0 column count mismatch: got 13, expected 10
[2026-09-08 05:53:40.685] [warning] [gpu_pipeline_task.cpp:77] gpu_pipeline_task: operator 'HASH_GROUP_BY' (id=4) output batch 0 column count mismatch: got 13, expected 10
[2026-09-08 05:53:40.685] [warning] [gpu_pipeline_task.cpp:77] gpu_pipeline_task: operator 'HASH_GROUP_BY' (id=4) output batch 0 column count mismatch: got 13, expected 10
[2026-09-08 05:53:40.685] [warning] [gpu_pipeline_task.cpp:77] gpu_pipeline_task: operator 'HASH_GROUP_BY' (id=4) output batch 0 column count mismatch: got 13, expected 10
[2026-09-08 05:53:40.686] [warning] [gpu_pipeline_task.cpp:77] gpu_pipeline_task: operator 'HASH_GROUP_BY' (id=4) output batch 0 column count mismatch: got 13, expected 10
[2026-09-08 05:53:40.687] [warning] [gpu_pipeline_task.cpp:77] gpu_pipeline_task: operator 'HASH_GROUP_BY' (id=4) output batch 0 column count mismatch: got 13, expected 10
[2026-09-08 05:53:40.688] [warning] [gpu_pipeline_task.cpp:77] gpu_pipeline_task: operator 'HASH_GROUP_BY' (id=4) output batch 0 column count mismatch: got 13, expected 10
[2026-09-08 05:53:40.688] [warning] [gpu_pipeline_task.cpp:77] gpu_pipeline_task: operator 'HASH_GROUP_BY' (id=4) output batch 0 column count mismatch: got 13, expected 10
[2026-09-08 05:53:40.690] [warning] [gpu_pipeline_task.cpp:77] gpu_pipeline_task: operator 'HASH_GROUP_BY' (id=4) output batch 0 column count mismatch: got 13, expected 10
[2026-09-08 05:53:40.690] [warning] [gpu_pipeline_task.cpp:77] gpu_pipeline_task: operator 'HASH_GROUP_BY' (id=4) output batch 0 column count mismatch: got 13, expected 10
[2026-09-08 05:53:40.690] [warning] [gpu_pipeline_task.cpp:77] gpu_pipeline_task: operator 'HASH_GROUP_BY' (id=4) output batch 0 column count mismatch: got 13, expected 10
[2026-09-08 05:53:40.690] [warning] [gpu_pipeline_task.cpp:77] gpu_pipeline_task: operator 'HASH_GROUP_BY' (id=4) output batch 0 column count mismatch: got 13, expected 10
[2026-09-08 05:53:40.691] [warning] [gpu_pipeline_task.cpp:77] gpu_pipeline_task: operator 'HASH_GROUP_BY' (id=4) output batch 0 column count mismatch: got 13, expected 10
[2026-09-08 05:53:40.691] [warning] [gpu_pipeline_task.cpp:77] gpu_pipeline_task: operator 'HASH_GROUP_BY' (id=4) output batch 0 column count mismatch: got 13, expected 10
[2026-09-08 05:53:40.691] [warning] [gpu_pipeline_task.cpp:77] gpu_pipeline_task: operator 'HASH_GROUP_BY' (id=4) output batch 0 column count mismatch: got 13, expected 10
[2026-09-08 05:53:40.694] [warning] [gpu_pipeline_task.cpp:77] gpu_pipeline_task: operator 'HASH_GROUP_BY' (id=4) output batch 0 column count mismatch: got 13, expected 10
[2026-09-08 05:53:40.703] [warning] [gpu_pipeline_task.cpp:77] gpu_pipeline_task: operator 'HASH_GROUP_BY' (id=4) output batch 0 column count mismatch: got 13, expected 10
[2026-09-08 05:53:40.704] [warning] [gpu_pipeline_task.cpp:77] gpu_pipeline_task: operator 'HASH_GROUP_BY' (id=4) output batch 0 column count mismatch: got 13, expected 10
[2026-09-08 05:53:40.704] [warning] [gpu_pipeline_task.cpp:77] gpu_pipeline_task: operator 'HASH_GROUP_BY' (id=4) output batch 0 column count mismatch: got 13, expected 10
[2026-09-08 05:53:40.704] [warning] [gpu_pipeline_task.cpp:77] gpu_pipeline_task: operator 'HASH_GROUP_BY' (id=4) output batch 0 column count mismatch: got 13, expected 10
[2026-09-08 05:53:40.706] [warning] [gpu_pipeline_task.cpp:77] gpu_pipeline_task: operator 'HASH_GROUP_BY' (id=4) output batch 0 column count mismatch: got 13, expected 10
[2026-09-08 05:53:40.709] [warning] [gpu_pipeline_task.cpp:77] gpu_pipeline_task: operator 'HASH_GROUP_BY' (id=4) output batch 0 column count mismatch: got 13, expected 10
[2026-09-08 05:53:40.712] [warning] [gpu_pipeline_task.cpp:77] gpu_pipeline_task: operator 'HASH_GROUP_BY' (id=4) output batch 0 column count mismatch: got 13, expected 10
[2026-09-08 05:53:40.713] [warning] [gpu_pipeline_task.cpp:77] gpu_pipeline_task: operator 'HASH_GROUP_BY' (id=4) output batch 0 column count mismatch: got 13, expected 10
[2026-09-08 05:53:40.715] [warning] [gpu_pipeline_task.cpp:77] gpu_pipeline_task: operator 'HASH_GROUP_BY' (id=4) output batch 0 column count mismatch: got 13, expected 10
[2026-09-08 05:53:40.718] [warning] [gpu_pipeline_task.cpp:77] gpu_pipeline_task: operator 'HASH_GROUP_BY' (id=4) output batch 0 column count mismatch: got 13, expected 10
[2026-09-08 05:53:40.718] [warning] [gpu_pipeline_task.cpp:77] gpu_pipeline_task: operator 'HASH_GROUP_BY' (id=4) output batch 0 column count mismatch: got 13, expected 10
[2026-09-08 05:53:40.719] [warning] [gpu_pipeline_task.cpp:77] gpu_pipeline_task: operator 'HASH_GROUP_BY' (id=4) output batch 0 column count mismatch: got 13, expected 10
[2026-09-08 05:53:40.724] [warning] [gpu_pipeline_task.cpp:77] gpu_pipeline_task: operator 'HASH_GROUP_BY' (id=4) output batch 0 column count mismatch: got 13, expected 10
[2026-09-08 05:53:40.724] [warning] [gpu_pipeline_task.cpp:77] gpu_pipeline_task: operator 'HASH_GROUP_BY' (id=4) output batch 0 column count mismatch: got 13, expected 10
[2026-09-08 05:53:40.727] [warning] [gpu_pipeline_task.cpp:77] gpu_pipeline_task: operator 'HASH_GROUP_BY' (id=4) output batch 0 column count mismatch: got 13, expected 10
[2026-09-08 05:53:40.728] [warning] [gpu_pipeline_task.cpp:77] gpu_pipeline_task: operator 'HASH_GROUP_BY' (id=4) output batch 0 column count mismatch: got 13, expected 10
[2026-09-08 05:53:40.731] [warning] [gpu_pipeline_task.cpp:77] gpu_pipeline_task: operator 'HASH_GROUP_BY' (id=4) output batch 0 column count mismatch: got 13, expected 10
[2026-09-08 05:53:40.732] [warning] [gpu_pipeline_task.cpp:77] gpu_pipeline_task: operator 'HASH_GROUP_BY' (id=4) output batch 0 column count mismatch: got 13, expected 10
[2026-09-08 05:53:40.732] [warning] [gpu_pipeline_task.cpp:77] gpu_pipeline_task: operator 'HASH_GROUP_BY' (id=4) output batch 0 column count mismatch: got 13, expected 10
[2026-09-08 05:53:40.732] [warning] [gpu_pipeline_task.cpp:77] gpu_pipeline_task: operator 'HASH_GROUP_BY' (id=4) output batch 0 column count mismatch: got 13, expected 10
[2026-09-08 05:53:40.733] [warning] [gpu_pipeline_task.cpp:77] gpu_pipeline_task: operator 'HASH_GROUP_BY' (id=4) output batch 0 column count mismatch: got 13, expected 10
[2026-09-08 05:53:40.733] [warning] [gpu_pipeline_task.cpp:77] gpu_pipeline_task: operator 'HASH_GROUP_BY' (id=4) output batch 0 column count mismatch: got 13, expected 10
[2026-09-08 05:53:40.734] [warning] [gpu_pipeline_task.cpp:77] gpu_pipeline_task: operator 'HASH_GROUP_BY' (id=4) output batch 0 column count mismatch: got 13, expected 10
[2026-09-08 05:53:40.736] [warning] [gpu_pipeline_task.cpp:77] gpu_pipeline_task: operator 'HASH_GROUP_BY' (id=4) output batch 0 column count mismatch: got 13, expected 10
[2026-09-08 05:53:40.743] [warning] [gpu_pipeline_task.cpp:77] gpu_pipeline_task: operator 'HASH_GROUP_BY' (id=4) output batch 0 column count mismatch: got 13, expected 10
[2026-09-08 05:53:40.744] [warning] [gpu_pipeline_task.cpp:77] gpu_pipeline_task: operator 'HASH_GROUP_BY' (id=4) output batch 0 column count mismatch: got 13, expected 10
[2026-09-08 05:53:40.744] [warning] [gpu_pipeline_task.cpp:77] gpu_pipeline_task: operator 'HASH_GROUP_BY' (id=4) output batch 0 column count mismatch: got 13, expected 10
[2026-09-08 05:53:40.744] [warning] [gpu_pipeline_task.cpp:77] gpu_pipeline_task: operator 'HASH_GROUP_BY' (id=4) output batch 0 column count mismatch: got 13, expected 10
[2026-09-08 05:53:40.746] [warning] [gpu_pipeline_task.cpp:77] gpu_pipeline_task: operator 'HASH_GROUP_BY' (id=4) output batch 0 column count mismatch: got 13, expected 10
[2026-09-08 05:53:40.749] [warning] [gpu_pipeline_task.cpp:77] gpu_pipeline_task: operator 'HASH_GROUP_BY' (id=4) output batch 0 column count mismatch: got 13, expected 10
[2026-09-08 05:53:40.752] [warning] [gpu_pipeline_task.cpp:77] gpu_pipeline_task: operator 'HASH_GROUP_BY' (id=4) output batch 0 column count mismatch: got 13, expected 10
[2026-09-08 05:53:40.755] [warning] [gpu_pipeline_task.cpp:77] gpu_pipeline_task: operator 'HASH_GROUP_BY' (id=4) output batch 0 column count mismatch: got 13, expected 10
[2026-09-08 05:53:40.757] [warning] [gpu_pipeline_task.cpp:77] gpu_pipeline_task: operator 'HASH_GROUP_BY' (id=4) output batch 0 column count mismatch: got 13, expected 10
[2026-09-08 05:53:40.758] [warning] [gpu_pipeline_task.cpp:77] gpu_pipeline_task: operator 'HASH_GROUP_BY' (id=4) output batch 0 column count mismatch: got 13, expected 10
[2026-09-08 05:53:40.760] [warning] [gpu_pipeline_task.cpp:77] gpu_pipeline_task: operator 'HASH_GROUP_BY' (id=4) output batch 0 column count mismatch: got 13, expected 10
[2026-09-08 05:53:40.761] [warning] [gpu_pipeline_task.cpp:77] gpu_pipeline_task: operator 'HASH_GROUP_BY' (id=4) output batch 0 column count mismatch: got 13, expected 10
[2026-09-08 05:53:40.761] [warning] [gpu_pipeline_task.cpp:77] gpu_pipeline_task: operator 'HASH_GROUP_BY' (id=4) output batch 0 column count mismatch: got 13, expected 10
[2026-09-08 05:53:40.765] [warning] [gpu_pipeline_task.cpp:77] gpu_pipeline_task: operator 'HASH_GROUP_BY' (id=4) output batch 0 column count mismatch: got 13, expected 10
[2026-09-08 05:53:40.766] [warning] [gpu_pipeline_task.cpp:77] gpu_pipeline_task: operator 'HASH_GROUP_BY' (id=4) output batch 0 column count mismatch: got 13, expected 10
[2026-09-08 05:53:40.770] [warning] [gpu_pipeline_task.cpp:77] gpu_pipeline_task: operator 'HASH_GROUP_BY' (id=4) output batch 0 column count mismatch: got 13, expected 10
[2026-09-08 05:53:40.771] [warning] [gpu_pipeline_task.cpp:77] gpu_pipeline_task: operator 'HASH_GROUP_BY' (id=4) output batch 0 column count mismatch: got 13, expected 10
[2026-09-08 05:53:40.774] [warning] [gpu_pipeline_task.cpp:77] gpu_pipeline_task: operator 'HASH_GROUP_BY' (id=4) output batch 0 column count mismatch: got 13, expected 10
[2026-09-08 05:53:40.774] [warning] [gpu_pipeline_task.cpp:77] gpu_pipeline_task: operator 'HASH_GROUP_BY' (id=4) output batch 0 column count mismatch: got 13, expected 10
[2026-09-08 05:53:40.774] [warning] [gpu_pipeline_task.cpp:77] gpu_pipeline_task: operator 'HASH_GROUP_BY' (id=4) output batch 0 column count mismatch: got 13, expected 10
[2026-09-08 05:53:40.775] [warning] [gpu_pipeline_task.cpp:77] gpu_pipeline_task: operator 'HASH_GROUP_BY' (id=4) output batch 0 column count mismatch: got 13, expected 10
[2026-09-08 05:53:40.775] [warning] [gpu_pipeline_task.cpp:77] gpu_pipeline_task: operator 'HASH_GROUP_BY' (id=4) output batch 0 column count mismatch: got 13, expected 10
[2026-09-08 05:53:40.775] [warning] [gpu_pipeline_task.cpp:77] gpu_pipeline_task: operator 'HASH_GROUP_BY' (id=4) output batch 0 column count mismatch: got 13, expected 10
[2026-09-08 05:53:40.776] [warning] [gpu_pipeline_task.cpp:77] gpu_pipeline_task: operator 'HASH_GROUP_BY' (id=4) output batch 0 column count mismatch: got 13, expected 10
[2026-09-08 05:53:40.776] [warning] [gpu_pipeline_task.cpp:77] gpu_pipeline_task: operator 'HASH_GROUP_BY' (id=4) output batch 0 column count mismatch: got 13, expected 10
[2026-09-08 05:53:40.776] [warning] [gpu_pipeline_task.cpp:77] gpu_pipeline_task: operator 'HASH_GROUP_BY' (id=4) output batch 0 column count mismatch: got 13, expected 10
[2026-09-08 05:53:40.776] [warning] [gpu_pipeline_task.cpp:77] gpu_pipeline_task: operator 'HASH_GROUP_BY' (id=4) output batch 0 column count mismatch: got 13, expected 10
[2026-09-08 05:53:40.777] [warning] [gpu_pipeline_task.cpp:77] gpu_pipeline_task: operator 'HASH_GROUP_BY' (id=4) output batch 0 column count mismatch: got 13, expected 10
[2026-09-08 05:53:40.777] [warning] [gpu_pipeline_task.cpp:77] gpu_pipeline_task: operator 'HASH_GROUP_BY' (id=4) output batch 0 column count mismatch: got 13, expected 10
[2026-09-08 05:53:40.777] [warning] [gpu_pipeline_task.cpp:77] gpu_pipeline_task: operator 'HASH_GROUP_BY' (id=4) output batch 0 column count mismatch: got 13, expected 10
[2026-09-08 05:53:40.778] [warning] [gpu_pipeline_task.cpp:77] gpu_pipeline_task: operator 'HASH_GROUP_BY' (id=4) output batch 0 column count mismatch: got 13, expected 10
[2026-09-08 05:53:40.781] [warning] [gpu_pipeline_task.cpp:77] gpu_pipeline_task: operator 'HASH_GROUP_BY' (id=4) output batch 0 column count mismatch: got 13, expected 10
[2026-09-08 05:53:40.781] [warning] [gpu_pipeline_task.cpp:77] gpu_pipeline_task: operator 'HASH_GROUP_BY' (id=4) output batch 0 column count mismatch: got 13, expected 10
[2026-09-08 05:53:40.783] [warning] [gpu_pipeline_task.cpp:77] gpu_pipeline_task: operator 'HASH_GROUP_BY' (id=4) output batch 0 column count mismatch: got 13, expected 10
[2026-09-08 05:53:40.789] [warning] [gpu_pipeline_task.cpp:77] gpu_pipeline_task: operator 'HASH_GROUP_BY' (id=4) output batch 0 column count mismatch: got 13, expected 10
[2026-09-08 05:53:40.789] [warning] [gpu_pipeline_task.cpp:77] gpu_pipeline_task: operator 'HASH_GROUP_BY' (id=4) output batch 0 column count mismatch: got 13, expected 10
[2026-09-08 05:53:40.790] [warning] [gpu_pipeline_task.cpp:77] gpu_pipeline_task: operator 'HASH_GROUP_BY' (id=4) output batch 0 column count mismatch: got 13, expected 10
[2026-09-08 05:53:40.794] [warning] [gpu_pipeline_task.cpp:77] gpu_pipeline_task: operator 'HASH_GROUP_BY' (id=4) output batch 0 column count mismatch: got 13, expected 10
[2026-09-08 05:53:40.794] [warning] [gpu_pipeline_task.cpp:77] gpu_pipeline_task: operator 'HASH_GROUP_BY' (id=4) output batch 0 column count mismatch: got 13, expected 10
[2026-09-08 05:53:40.795] [warning] [gpu_pipeline_task.cpp:77] gpu_pipeline_task: operator 'HASH_GROUP_BY' (id=4) output batch 0 column count mismatch: got 13, expected 10
[2026-09-08 05:53:40.796] [warning] [gpu_pipeline_task.cpp:77] gpu_pipeline_task: operator 'HASH_GROUP_BY' (id=4) output batch 0 column count mismatch: got 13, expected 10
[2026-09-08 05:53:40.799] [warning] [gpu_pipeline_task.cpp:77] gpu_pipeline_task: operator 'HASH_GROUP_BY' (id=4) output batch 0 column count mismatch: got 13, expected 10
[2026-09-08 05:53:40.800] [warning] [gpu_pipeline_task.cpp:77] gpu_pipeline_task: operator 'HASH_GROUP_BY' (id=4) output batch 0 column count mismatch: got 13, expected 10
[2026-09-08 05:53:40.803] [warning] [gpu_pipeline_task.cpp:77] gpu_pipeline_task: operator 'HASH_GROUP_BY' (id=4) output batch 0 column count mismatch: got 13, expected 10
[2026-09-08 05:53:40.803] [warning] [gpu_pipeline_task.cpp:77] gpu_pipeline_task: operator 'HASH_GROUP_BY' (id=4) output batch 0 column count mismatch: got 13, expected 10
[2026-09-08 05:53:40.806] [warning] [gpu_pipeline_task.cpp:77] gpu_pipeline_task: operator 'HASH_GROUP_BY' (id=4) output batch 0 column count mismatch: got 13, expected 10
[2026-09-08 05:53:40.808] [warning] [gpu_pipeline_task.cpp:77] gpu_pipeline_task: operator 'HASH_GROUP_BY' (id=4) output batch 0 column count mismatch: got 13, expected 10
[2026-09-08 05:53:40.810] [warning] [gpu_pipeline_task.cpp:77] gpu_pipeline_task: operator 'HASH_GROUP_BY' (id=4) output batch 0 column count mismatch: got 13, expected 10
[2026-09-08 05:53:40.811] [warning] [gpu_pipeline_task.cpp:77] gpu_pipeline_task: operator 'HASH_GROUP_BY' (id=4) output batch 0 column count mismatch: got 13, expected 10
[2026-09-08 05:53:40.811] [warning] [gpu_pipeline_task.cpp:77] gpu_pipeline_task: operator 'HASH_GROUP_BY' (id=4) output batch 0 column count mismatch: got 13, expected 10
[2026-09-08 05:53:40.811] [warning] [gpu_pipeline_task.cpp:77] gpu_pipeline_task: operator 'HASH_GROUP_BY' (id=4) output batch 0 column count mismatch: got 13, expected 10
[2026-09-08 05:53:40.811] [warning] [gpu_pipeline_task.cpp:77] gpu_pipeline_task: operator 'HASH_GROUP_BY' (id=4) output batch 0 column count mismatch: got 13, expected 10
[2026-09-08 05:53:40.812] [warning] [gpu_pipeline_task.cpp:77] gpu_pipeline_task: operator 'HASH_GROUP_BY' (id=4) output batch 0 column count mismatch: got 13, expected 10
[2026-09-08 05:53:40.812] [warning] [gpu_pipeline_task.cpp:77] gpu_pipeline_task: operator 'HASH_GROUP_BY' (id=4) output batch 0 column count mismatch: got 13, expected 10
[2026-09-08 05:53:40.812] [warning] [gpu_pipeline_task.cpp:77] gpu_pipeline_task: operator 'HASH_GROUP_BY' (id=4) output batch 0 column count mismatch: got 13, expected 10
[2026-09-08 05:53:40.812] [warning] [gpu_pipeline_task.cpp:77] gpu_pipeline_task: operator 'HASH_GROUP_BY' (id=4) output batch 0 column count mismatch: got 13, expected 10
[2026-09-08 05:53:40.813] [warning] [gpu_pipeline_task.cpp:77] gpu_pipeline_task: operator 'HASH_GROUP_BY' (id=4) output batch 0 column count mismatch: got 13, expected 10
[2026-09-08 05:53:40.813] [warning] [gpu_pipeline_task.cpp:77] gpu_pipeline_task: operator 'HASH_GROUP_BY' (id=4) output batch 0 column count mismatch: got 13, expected 10
[2026-09-08 05:53:40.813] [warning] [gpu_pipeline_task.cpp:77] gpu_pipeline_task: operator 'HASH_GROUP_BY' (id=4) output batch 0 column count mismatch: got 13, expected 10
[2026-09-08 05:53:40.813] [warning] [gpu_pipeline_task.cpp:77] gpu_pipeline_task: operator 'HASH_GROUP_BY' (id=4) output batch 0 column count mismatch: got 13, expected 10
[2026-09-08 05:53:40.813] [warning] [gpu_pipeline_task.cpp:77] gpu_pipeline_task: operator 'HASH_GROUP_BY' (id=4) output batch 0 column count mismatch: got 13, expected 10
[2026-09-08 05:53:40.814] [warning] [gpu_pipeline_task.cpp:77] gpu_pipeline_task: operator 'HASH_GROUP_BY' (id=4) output batch 0 column count mismatch: got 13, expected 10
[2026-09-08 05:53:40.814] [warning] [gpu_pipeline_task.cpp:77] gpu_pipeline_task: operator 'HASH_GROUP_BY' (id=4) output batch 0 column count mismatch: got 13, expected 10
[2026-09-08 05:53:40.814] [warning] [gpu_pipeline_task.cpp:77] gpu_pipeline_task: operator 'HASH_GROUP_BY' (id=4) output batch 0 column count mismatch: got 13, expected 10
[2026-09-08 05:53:40.814] [warning] [gpu_pipeline_task.cpp:77] gpu_pipeline_task: operator 'HASH_GROUP_BY' (id=4) output batch 0 column count mismatch: got 13, expected 10
[2026-09-08 05:53:40.814] [warning] [gpu_pipeline_task.cpp:77] gpu_pipeline_task: operator 'HASH_GROUP_BY' (id=4) output batch 0 column count mismatch: got 13, expected 10
[2026-09-08 05:53:40.814] [warning] [gpu_pipeline_task.cpp:77] gpu_pipeline_task: operator 'HASH_GROUP_BY' (id=4) output batch 0 column count mismatch: got 13, expected 10
[2026-09-08 05:53:40.815] [warning] [gpu_pipeline_task.cpp:77] gpu_pipeline_task: operator 'HASH_GROUP_BY' (id=4) output batch 0 column count mismatch: got 13, expected 10
[2026-09-08 05:53:40.815] [warning] [gpu_pipeline_task.cpp:77] gpu_pipeline_task: operator 'HASH_GROUP_BY' (id=4) output batch 0 column count mismatch: got 13, expected 10
[2026-09-08 05:53:40.815] [warning] [gpu_pipeline_task.cpp:77] gpu_pipeline_task: operator 'HASH_GROUP_BY' (id=4) output batch 0 column count mismatch: got 13, expected 10
[2026-09-08 05:53:40.815] [warning] [gpu_pipeline_task.cpp:77] gpu_pipeline_task: operator 'HASH_GROUP_BY' (id=4) output batch 0 column count mismatch: got 13, expected 10
[2026-09-08 05:53:40.815] [warning] [gpu_pipeline_task.cpp:77] gpu_pipeline_task: operator 'HASH_GROUP_BY' (id=4) output batch 0 column count mismatch: got 13, expected 10
[2026-09-08 05:53:40.815] [warning] [gpu_pipeline_task.cpp:77] gpu_pipeline_task: operator 'HASH_GROUP_BY' (id=4) output batch 0 column count mismatch: got 13, expected 10
[2026-09-08 05:53:40.816] [warning] [gpu_pipeline_task.cpp:77] gpu_pipeline_task: operator 'HASH_GROUP_BY' (id=4) output batch 0 column count mismatch: got 13, expected 10
[2026-09-08 05:53:40.816] [warning] [gpu_pipeline_task.cpp:77] gpu_pipeline_task: operator 'HASH_GROUP_BY' (id=4) output batch 0 column count mismatch: got 13, expected 10
[2026-09-08 05:53:40.816] [warning] [gpu_pipeline_task.cpp:77] gpu_pipeline_task: operator 'HASH_GROUP_BY' (id=4) output batch 0 column count mismatch: got 13, expected 10
[2026-09-08 05:53:40.816] [warning] [gpu_pipeline_task.cpp:77] gpu_pipeline_task: operator 'HASH_GROUP_BY' (id=4) output batch 0 column count mismatch: got 13, expected 10
[2026-09-08 05:53:40.816] [warning] [gpu_pipeline_task.cpp:77] gpu_pipeline_task: operator 'HASH_GROUP_BY' (id=4) output batch 0 column count mismatch: got 13, expected 10
[2026-09-08 05:53:40.816] [warning] [gpu_pipeline_task.cpp:77] gpu_pipeline_task: operator 'HASH_GROUP_BY' (id=4) output batch 0 column count mismatch: got 13, expected 10
[2026-09-08 05:53:40.816] [warning] [gpu_pipeline_task.cpp:77] gpu_pipeline_task: operator 'HASH_GROUP_BY' (id=4) output batch 0 column count mismatch: got 13, expected 10
[2026-09-08 05:53:40.817] [warning] [gpu_pipeline_task.cpp:77] gpu_pipeline_task: operator 'HASH_GROUP_BY' (id=4) output batch 0 column count mismatch: got 13, expected 10
[2026-09-08 05:53:40.817] [warning] [gpu_pipeline_task.cpp:77] gpu_pipeline_task: operator 'HASH_GROUP_BY' (id=4) output batch 0 column count mismatch: got 13, expected 10
[2026-09-08 05:53:40.817] [warning] [gpu_pipeline_task.cpp:77] gpu_pipeline_task: operator 'HASH_GROUP_BY' (id=4) output batch 0 column count mismatch: got 13, expected 10
[2026-09-08 05:53:40.817] [warning] [gpu_pipeline_task.cpp:77] gpu_pipeline_task: operator 'HASH_GROUP_BY' (id=4) output batch 0 column count mismatch: got 13, expected 10
[2026-09-08 05:53:40.817] [warning] [gpu_pipeline_task.cpp:77] gpu_pipeline_task: operator 'HASH_GROUP_BY' (id=4) output batch 0 column count mismatch: got 13, expected 10
[2026-09-08 05:53:40.817] [warning] [gpu_pipeline_task.cpp:77] gpu_pipeline_task: operator 'HASH_GROUP_BY' (id=4) output batch 0 column count mismatch: got 13, expected 10
[2026-09-08 05:53:40.817] [warning] [gpu_pipeline_task.cpp:77] gpu_pipeline_task: operator 'HASH_GROUP_BY' (id=4) output batch 0 column count mismatch: got 13, expected 10
[2026-09-08 05:53:40.817] [warning] [gpu_pipeline_task.cpp:77] gpu_pipeline_task: operator 'HASH_GROUP_BY' (id=4) output batch 0 column count mismatch: got 13, expected 10
[2026-09-08 05:53:40.818] [warning] [gpu_pipeline_task.cpp:77] gpu_pipeline_task: operator 'HASH_GROUP_BY' (id=4) output batch 0 column count mismatch: got 13, expected 10
[2026-09-08 05:53:40.818] [warning] [gpu_pipeline_task.cpp:77] gpu_pipeline_task: operator 'HASH_GROUP_BY' (id=4) output batch 0 column count mismatch: got 13, expected 10
[2026-09-08 05:53:40.818] [warning] [gpu_pipeline_task.cpp:77] gpu_pipeline_task: operator 'HASH_GROUP_BY' (id=4) output batch 0 column count mismatch: got 13, expected 10
[2026-09-08 05:53:40.818] [warning] [gpu_pipeline_task.cpp:77] gpu_pipeline_task: operator 'HASH_GROUP_BY' (id=4) output batch 0 column count mismatch: got 13, expected 10
[2026-09-08 05:53:40.818] [warning] [gpu_pipeline_task.cpp:77] gpu_pipeline_task: operator 'HASH_GROUP_BY' (id=4) output batch 0 column count mismatch: got 13, expected 10
[2026-09-08 05:53:40.818] [warning] [gpu_pipeline_task.cpp:77] gpu_pipeline_task: operator 'HASH_GROUP_BY' (id=4) output batch 0 column count mismatch: got 13, expected 10
[2026-09-08 05:53:40.818] [warning] [gpu_pipeline_task.cpp:77] gpu_pipeline_task: operator 'HASH_GROUP_BY' (id=4) output batch 0 column count mismatch: got 13, expected 10
[2026-09-08 05:53:40.819] [warning] [gpu_pipeline_task.cpp:77] gpu_pipeline_task: operator 'HASH_GROUP_BY' (id=4) output batch 0 column count mismatch: got 13, expected 10
[2026-09-08 05:53:40.819] [warning] [gpu_pipeline_task.cpp:77] gpu_pipeline_task: operator 'HASH_GROUP_BY' (id=4) output batch 0 column count mismatch: got 13, expected 10
[2026-09-08 05:53:40.819] [warning] [gpu_pipeline_task.cpp:77] gpu_pipeline_task: operator 'HASH_GROUP_BY' (id=4) output batch 0 column count mismatch: got 13, expected 10
[2026-09-08 05:53:40.819] [warning] [gpu_pipeline_task.cpp:77] gpu_pipeline_task: operator 'HASH_GROUP_BY' (id=4) output batch 0 column count mismatch: got 13, expected 10
[2026-09-08 05:53:40.819] [warning] [gpu_pipeline_task.cpp:77] gpu_pipeline_task: operator 'HASH_GROUP_BY' (id=4) output batch 0 column count mismatch: got 13, expected 10
[2026-09-08 05:53:40.819] [warning] [gpu_pipeline_task.cpp:77] gpu_pipeline_task: operator 'HASH_GROUP_BY' (id=4) output batch 0 column count mismatch: got 13, expected 10
[2026-09-08 05:53:40.819] [warning] [gpu_pipeline_task.cpp:77] gpu_pipeline_task: operator 'HASH_GROUP_BY' (id=4) output batch 0 column count mismatch: got 13, expected 10
[2026-09-08 05:53:40.820] [warning] [gpu_pipeline_task.cpp:77] gpu_pipeline_task: operator 'HASH_GROUP_BY' (id=4) output batch 0 column count mismatch: got 13, expected 10
[2026-09-08 05:53:40.820] [warning] [gpu_pipeline_task.cpp:77] gpu_pipeline_task: operator 'HASH_GROUP_BY' (id=4) output batch 0 column count mismatch: got 13, expected 10
[2026-09-08 05:53:40.820] [warning] [gpu_pipeline_task.cpp:77] gpu_pipeline_task: operator 'HASH_GROUP_BY' (id=4) output batch 0 column count mismatch: got 13, expected 10
[2026-09-08 05:53:40.820] [warning] [gpu_pipeline_task.cpp:77] gpu_pipeline_task: operator 'HASH_GROUP_BY' (id=4) output batch 0 column count mismatch: got 13, expected 10
[2026-09-08 05:53:40.820] [warning] [gpu_pipeline_task.cpp:77] gpu_pipeline_task: operator 'HASH_GROUP_BY' (id=4) output batch 0 column count mismatch: got 13, expected 10
[2026-09-08 05:53:40.820] [warning] [gpu_pipeline_task.cpp:77] gpu_pipeline_task: operator 'HASH_GROUP_BY' (id=4) output batch 0 column count mismatch: got 13, expected 10
[2026-09-08 05:53:40.820] [warning] [gpu_pipeline_task.cpp:77] gpu_pipeline_task: operator 'HASH_GROUP_BY' (id=4) output batch 0 column count mismatch: got 13, expected 10
[2026-09-08 05:53:40.821] [warning] [gpu_pipeline_task.cpp:77] gpu_pipeline_task: operator 'HASH_GROUP_BY' (id=4) output batch 0 column count mismatch: got 13, expected 10
[2026-09-08 05:53:40.821] [warning] [gpu_pipeline_task.cpp:77] gpu_pipeline_task: operator 'HASH_GROUP_BY' (id=4) output batch 0 column count mismatch: got 13, expected 10
[2026-09-08 05:53:40.821] [warning] [gpu_pipeline_task.cpp:77] gpu_pipeline_task: operator 'HASH_GROUP_BY' (id=4) output batch 0 column count mismatch: got 13, expected 10
[2026-09-08 05:53:40.821] [warning] [gpu_pipeline_task.cpp:77] gpu_pipeline_task: operator 'HASH_GROUP_BY' (id=4) output batch 0 column count mismatch: got 13, expected 10
[2026-09-08 05:53:40.821] [warning] [gpu_pipeline_task.cpp:77] gpu_pipeline_task: operator 'HASH_GROUP_BY' (id=4) output batch 0 column count mismatch: got 13, expected 10
[2026-09-08 05:53:40.821] [warning] [gpu_pipeline_task.cpp:77] gpu_pipeline_task: operator 'HASH_GROUP_BY' (id=4) output batch 0 column count mismatch: got 13, expected 10
[2026-09-08 05:53:40.821] [warning] [gpu_pipeline_task.cpp:77] gpu_pipeline_task: operator 'HASH_GROUP_BY' (id=4) output batch 0 column count mismatch: got 13, expected 10
[2026-09-08 05:53:40.821] [warning] [gpu_pipeline_task.cpp:77] gpu_pipeline_task: operator 'HASH_GROUP_BY' (id=4) output batch 0 column count mismatch: got 13, expected 10
[2026-09-08 05:53:40.822] [warning] [gpu_pipeline_task.cpp:77] gpu_pipeline_task: operator 'HASH_GROUP_BY' (id=4) output batch 0 column count mismatch: got 13, expected 10
[2026-09-08 05:53:40.822] [warning] [gpu_pipeline_task.cpp:77] gpu_pipeline_task: operator 'HASH_GROUP_BY' (id=4) output batch 0 column count mismatch: got 13, expected 10
[2026-09-08 05:53:40.822] [warning] [gpu_pipeline_task.cpp:77] gpu_pipeline_task: operator 'HASH_GROUP_BY' (id=4) output batch 0 column count mismatch: got 13, expected 10
[2026-09-08 05:53:40.822] [warning] [gpu_pipeline_task.cpp:77] gpu_pipeline_task: operator 'HASH_GROUP_BY' (id=4) output batch 0 column count mismatch: got 13, expected 10
[2026-09-08 05:53:40.822] [warning] [gpu_pipeline_task.cpp:77] gpu_pipeline_task: operator 'HASH_GROUP_BY' (id=4) output batch 0 column count mismatch: got 13, expected 10
[2026-09-08 05:53:40.822] [warning] [gpu_pipeline_task.cpp:77] gpu_pipeline_task: operator 'HASH_GROUP_BY' (id=4) output batch 0 column count mismatch: got 13, expected 10
[2026-09-08 05:53:40.822] [warning] [gpu_pipeline_task.cpp:77] gpu_pipeline_task: operator 'HASH_GROUP_BY' (id=4) output batch 0 column count mismatch: got 13, expected 10
[2026-09-08 05:53:40.822] [warning] [gpu_pipeline_task.cpp:77] gpu_pipeline_task: operator 'HASH_GROUP_BY' (id=4) output batch 0 column count mismatch: got 13, expected 10
[2026-09-08 05:53:40.822] [warning] [gpu_pipeline_task.cpp:77] gpu_pipeline_task: operator 'HASH_GROUP_BY' (id=4) output batch 0 column count mismatch: got 13, expected 10
[2026-09-08 05:53:40.823] [warning] [gpu_pipeline_task.cpp:77] gpu_pipeline_task: operator 'HASH_GROUP_BY' (id=4) output batch 0 column count mismatch: got 13, expected 10
[2026-09-08 05:53:40.823] [warning] [gpu_pipeline_task.cpp:77] gpu_pipeline_task: operator 'PARTITION' (id=5) output batch 0 column count mismatch: got 13, expected 10
[2026-09-08 05:53:40.823] [warning] [gpu_pipeline_task.cpp:77] gpu_pipeline_task: operator 'PARTITION' (id=5) output batch 0 column count mismatch: got 13, expected 10
[2026-09-08 05:53:40.823] [warning] [gpu_pipeline_task.cpp:77] gpu_pipeline_task: operator 'PARTITION' (id=5) output batch 0 column count mismatch: got 13, expected 10
[2026-09-08 05:53:40.823] [warning] [gpu_pipeline_task.cpp:77] gpu_pipeline_task: operator 'PARTITION' (id=5) output batch 0 column count mismatch: got 13, expected 10
[2026-09-08 05:53:40.823] [warning] [gpu_pipeline_task.cpp:77] gpu_pipeline_task: operator 'PARTITION' (id=5) output batch 0 column count mismatch: got 13, expected 10
[2026-09-08 05:53:40.823] [warning] [gpu_pipeline_task.cpp:77] gpu_pipeline_task: operator 'PARTITION' (id=5) output batch 0 column count mismatch: got 13, expected 10
[2026-09-08 05:53:40.823] [warning] [gpu_pipeline_task.cpp:77] gpu_pipeline_task: operator 'PARTITION' (id=5) output batch 0 column count mismatch: got 13, expected 10
[2026-09-08 05:53:40.823] [warning] [gpu_pipeline_task.cpp:77] gpu_pipeline_task: operator 'PARTITION' (id=5) output batch 0 column count mismatch: got 13, expected 10
[2026-09-08 05:53:40.823] [warning] [gpu_pipeline_task.cpp:77] gpu_pipeline_task: operator 'PARTITION' (id=5) output batch 0 column count mismatch: got 13, expected 10
[2026-09-08 05:53:40.823] [warning] [gpu_pipeline_task.cpp:77] gpu_pipeline_task: operator 'PARTITION' (id=5) output batch 0 column count mismatch: got 13, expected 10
[2026-09-08 05:53:40.823] [warning] [gpu_pipeline_task.cpp:77] gpu_pipeline_task: operator 'PARTITION' (id=5) output batch 0 column count mismatch: got 13, expected 10
[2026-09-08 05:53:40.823] [warning] [gpu_pipeline_task.cpp:77] gpu_pipeline_task: operator 'PARTITION' (id=5) output batch 0 column count mismatch: got 13, expected 10
[2026-09-08 05:53:40.823] [warning] [gpu_pipeline_task.cpp:77] gpu_pipeline_task: operator 'PARTITION' (id=5) output batch 0 column count mismatch: got 13, expected 10
[2026-09-08 05:53:40.823] [warning] [gpu_pipeline_task.cpp:77] gpu_pipeline_task: operator 'PARTITION' (id=5) output batch 0 column count mismatch: got 13, expected 10
[2026-09-08 05:53:40.823] [warning] [gpu_pipeline_task.cpp:77] gpu_pipeline_task: operator 'PARTITION' (id=5) output batch 0 column count mismatch: got 13, expected 10
[2026-09-08 05:53:40.823] [warning] [gpu_pipeline_task.cpp:77] gpu_pipeline_task: operator 'PARTITION' (id=5) output batch 0 column count mismatch: got 13, expected 10
[2026-09-08 05:53:40.823] [warning] [gpu_pipeline_task.cpp:77] gpu_pipeline_task: operator 'PARTITION' (id=5) output batch 0 column count mismatch: got 13, expected 10
[2026-09-08 05:53:40.823] [warning] [gpu_pipeline_task.cpp:77] gpu_pipeline_task: operator 'PARTITION' (id=5) output batch 0 column count mismatch: got 13, expected 10
[2026-09-08 05:53:40.823] [warning] [gpu_pipeline_task.cpp:77] gpu_pipeline_task: operator 'PARTITION' (id=5) output batch 0 column count mismatch: got 13, expected 10
[2026-09-08 05:53:40.823] [warning] [gpu_pipeline_task.cpp:77] gpu_pipeline_task: operator 'PARTITION' (id=5) output batch 0 column count mismatch: got 13, expected 10
[2026-09-08 05:53:40.824] [warning] [gpu_pipeline_task.cpp:77] gpu_pipeline_task: operator 'PARTITION' (id=5) output batch 0 column count mismatch: got 13, expected 10
[2026-09-08 05:53:40.824] [warning] [gpu_pipeline_task.cpp:77] gpu_pipeline_task: operator 'PARTITION' (id=5) output batch 0 column count mismatch: got 13, expected 10
[2026-09-08 05:53:40.824] [warning] [gpu_pipeline_task.cpp:77] gpu_pipeline_task: operator 'PARTITION' (id=5) output batch 0 column count mismatch: got 13, expected 10
[2026-09-08 05:53:40.824] [warning] [gpu_pipeline_task.cpp:77] gpu_pipeline_task: operator 'PARTITION' (id=5) output batch 0 column count mismatch: got 13, expected 10
[2026-09-08 05:53:40.824] [warning] [gpu_pipeline_task.cpp:77] gpu_pipeline_task: operator 'PARTITION' (id=5) output batch 0 column count mismatch: got 13, expected 10
[2026-09-08 05:53:40.824] [warning] [gpu_pipeline_task.cpp:77] gpu_pipeline_task: operator 'PARTITION' (id=5) output batch 0 column count mismatch: got 13, expected 10
[2026-09-08 05:53:40.824] [warning] [gpu_pipeline_task.cpp:77] gpu_pipeline_task: operator 'PARTITION' (id=5) output batch 0 column count mismatch: got 13, expected 10
[2026-09-08 05:53:40.824] [warning] [gpu_pipeline_task.cpp:77] gpu_pipeline_task: operator 'PARTITION' (id=5) output batch 0 column count mismatch: got 13, expected 10
[2026-09-08 05:53:40.824] [warning] [gpu_pipeline_task.cpp:77] gpu_pipeline_task: operator 'PARTITION' (id=5) output batch 0 column count mismatch: got 13, expected 10
[2026-09-08 05:53:40.824] [warning] [gpu_pipeline_task.cpp:77] gpu_pipeline_task: operator 'PARTITION' (id=5) output batch 0 column count mismatch: got 13, expected 10
[2026-09-08 05:53:40.824] [warning] [gpu_pipeline_task.cpp:77] gpu_pipeline_task: operator 'PARTITION' (id=5) output batch 0 column count mismatch: got 13, expected 10
[2026-09-08 05:53:40.824] [warning] [gpu_pipeline_task.cpp:77] gpu_pipeline_task: operator 'PARTITION' (id=5) output batch 0 column count mismatch: got 13, expected 10
[2026-09-08 05:53:40.824] [warning] [gpu_pipeline_task.cpp:77] gpu_pipeline_task: operator 'PARTITION' (id=5) output batch 0 column count mismatch: got 13, expected 10
[2026-09-08 05:53:40.824] [warning] [gpu_pipeline_task.cpp:77] gpu_pipeline_task: operator 'PARTITION' (id=5) output batch 0 column count mismatch: got 13, expected 10
[2026-09-08 05:53:40.824] [warning] [gpu_pipeline_task.cpp:77] gpu_pipeline_task: operator 'PARTITION' (id=5) output batch 0 column count mismatch: got 13, expected 10
[2026-09-08 05:53:40.824] [warning] [gpu_pipeline_task.cpp:77] gpu_pipeline_task: operator 'PARTITION' (id=5) output batch 0 column count mismatch: got 13, expected 10
[2026-09-08 05:53:40.824] [warning] [gpu_pipeline_task.cpp:77] gpu_pipeline_task: operator 'PARTITION' (id=5) output batch 0 column count mismatch: got 13, expected 10
[2026-09-08 05:53:40.824] [warning] [gpu_pipeline_task.cpp:77] gpu_pipeline_task: operator 'PARTITION' (id=5) output batch 0 column count mismatch: got 13, expected 10
[2026-09-08 05:53:40.824] [warning] [gpu_pipeline_task.cpp:77] gpu_pipeline_task: operator 'PARTITION' (id=5) output batch 0 column count mismatch: got 13, expected 10
[2026-09-08 05:53:40.824] [warning] [gpu_pipeline_task.cpp:77] gpu_pipeline_task: operator 'PARTITION' (id=5) output batch 0 column count mismatch: got 13, expected 10
[2026-09-08 05:53:40.824] [warning] [gpu_pipeline_task.cpp:77] gpu_pipeline_task: operator 'PARTITION' (id=5) output batch 0 column count mismatch: got 13, expected 10
[2026-09-08 05:53:40.824] [warning] [gpu_pipeline_task.cpp:77] gpu_pipeline_task: operator 'PARTITION' (id=5) output batch 0 column count mismatch: got 13, expected 10
[2026-09-08 05:53:40.824] [warning] [gpu_pipeline_task.cpp:77] gpu_pipeline_task: operator 'PARTITION' (id=5) output batch 0 column count mismatch: got 13, expected 10
[2026-09-08 05:53:40.824] [warning] [gpu_pipeline_task.cpp:77] gpu_pipeline_task: operator 'PARTITION' (id=5) output batch 0 column count mismatch: got 13, expected 10
[2026-09-08 05:53:40.824] [warning] [gpu_pipeline_task.cpp:77] gpu_pipeline_task: operator 'PARTITION' (id=5) output batch 0 column count mismatch: got 13, expected 10
[2026-09-08 05:53:40.824] [warning] [gpu_pipeline_task.cpp:77] gpu_pipeline_task: operator 'PARTITION' (id=5) output batch 0 column count mismatch: got 13, expected 10
[2026-09-08 05:53:40.824] [warning] [gpu_pipeline_task.cpp:77] gpu_pipeline_task: operator 'PARTITION' (id=5) output batch 0 column count mismatch: got 13, expected 10
[2026-09-08 05:53:40.824] [warning] [gpu_pipeline_task.cpp:77] gpu_pipeline_task: operator 'PARTITION' (id=5) output batch 0 column count mismatch: got 13, expected 10
[2026-09-08 05:53:40.824] [warning] [gpu_pipeline_task.cpp:77] gpu_pipeline_task: operator 'PARTITION' (id=5) output batch 0 column count mismatch: got 13, expected 10
[2026-09-08 05:53:40.824] [warning] [gpu_pipeline_task.cpp:77] gpu_pipeline_task: operator 'PARTITION' (id=5) output batch 0 column count mismatch: got 13, expected 10
[2026-09-08 05:53:40.824] [warning] [gpu_pipeline_task.cpp:77] gpu_pipeline_task: operator 'PARTITION' (id=5) output batch 0 column count mismatch: got 13, expected 10
[2026-09-08 05:53:40.824] [warning] [gpu_pipeline_task.cpp:77] gpu_pipeline_task: operator 'PARTITION' (id=5) output batch 0 column count mismatch: got 13, expected 10
[2026-09-08 05:53:40.824] [warning] [gpu_pipeline_task.cpp:77] gpu_pipeline_task: operator 'PARTITION' (id=5) output batch 0 column count mismatch: got 13, expected 10
[2026-09-08 05:53:40.824] [warning] [gpu_pipeline_task.cpp:77] gpu_pipeline_task: operator 'PARTITION' (id=5) output batch 0 column count mismatch: got 13, expected 10
[2026-09-08 05:53:40.824] [warning] [gpu_pipeline_task.cpp:77] gpu_pipeline_task: operator 'PARTITION' (id=5) output batch 0 column count mismatch: got 13, expected 10
[2026-09-08 05:53:40.824] [warning] [gpu_pipeline_task.cpp:77] gpu_pipeline_task: operator 'PARTITION' (id=5) output batch 0 column count mismatch: got 13, expected 10
[2026-09-08 05:53:40.824] [warning] [gpu_pipeline_task.cpp:77] gpu_pipeline_task: operator 'PARTITION' (id=5) output batch 0 column count mismatch: got 13, expected 10
[2026-09-08 05:53:40.824] [warning] [gpu_pipeline_task.cpp:77] gpu_pipeline_task: operator 'PARTITION' (id=5) output batch 0 column count mismatch: got 13, expected 10
[2026-09-08 05:53:40.824] [warning] [gpu_pipeline_task.cpp:77] gpu_pipeline_task: operator 'PARTITION' (id=5) output batch 0 column count mismatch: got 13, expected 10
[2026-09-08 05:53:40.824] [warning] [gpu_pipeline_task.cpp:77] gpu_pipeline_task: operator 'PARTITION' (id=5) output batch 0 column count mismatch: got 13, expected 10
[2026-09-08 05:53:40.824] [warning] [gpu_pipeline_task.cpp:77] gpu_pipeline_task: operator 'PARTITION' (id=5) output batch 0 column count mismatch: got 13, expected 10
[2026-09-08 05:53:40.824] [warning] [gpu_pipeline_task.cpp:77] gpu_pipeline_task: operator 'PARTITION' (id=5) output batch 0 column count mismatch: got 13, expected 10
[2026-09-08 05:53:40.824] [warning] [gpu_pipeline_task.cpp:77] gpu_pipeline_task: operator 'PARTITION' (id=5) output batch 0 column count mismatch: got 13, expected 10
[2026-09-08 05:53:40.824] [warning] [gpu_pipeline_task.cpp:77] gpu_pipeline_task: operator 'PARTITION' (id=5) output batch 0 column count mismatch: got 13, expected 10
[2026-09-08 05:53:40.824] [warning] [gpu_pipeline_task.cpp:77] gpu_pipeline_task: operator 'PARTITION' (id=5) output batch 0 column count mismatch: got 13, expected 10
[2026-09-08 05:53:40.824] [warning] [gpu_pipeline_task.cpp:77] gpu_pipeline_task: operator 'PARTITION' (id=5) output batch 0 column count mismatch: got 13, expected 10
[2026-09-08 05:53:40.824] [warning] [gpu_pipeline_task.cpp:77] gpu_pipeline_task: operator 'PARTITION' (id=5) output batch 0 column count mismatch: got 13, expected 10
[2026-09-08 05:53:40.824] [warning] [gpu_pipeline_task.cpp:77] gpu_pipeline_task: operator 'PARTITION' (id=5) output batch 0 column count mismatch: got 13, expected 10
[2026-09-08 05:53:40.824] [warning] [gpu_pipeline_task.cpp:77] gpu_pipeline_task: operator 'PARTITION' (id=5) output batch 0 column count mismatch: got 13, expected 10
[2026-09-08 05:53:40.824] [warning] [gpu_pipeline_task.cpp:77] gpu_pipeline_task: operator 'PARTITION' (id=5) output batch 0 column count mismatch: got 13, expected 10
[2026-09-08 05:53:40.824] [warning] [gpu_pipeline_task.cpp:77] gpu_pipeline_task: operator 'PARTITION' (id=5) output batch 0 column count mismatch: got 13, expected 10
[2026-09-08 05:53:40.824] [warning] [gpu_pipeline_task.cpp:77] gpu_pipeline_task: operator 'PARTITION' (id=5) output batch 0 column count mismatch: got 13, expected 10
[2026-09-08 05:53:40.824] [warning] [gpu_pipeline_task.cpp:77] gpu_pipeline_task: operator 'PARTITION' (id=5) output batch 0 column count mismatch: got 13, expected 10
[2026-09-08 05:53:40.824] [warning] [gpu_pipeline_task.cpp:77] gpu_pipeline_task: operator 'PARTITION' (id=5) output batch 0 column count mismatch: got 13, expected 10
[2026-09-08 05:53:40.824] [warning] [gpu_pipeline_task.cpp:77] gpu_pipeline_task: operator 'PARTITION' (id=5) output batch 0 column count mismatch: got 13, expected 10
[2026-09-08 05:53:40.824] [warning] [gpu_pipeline_task.cpp:77] gpu_pipeline_task: operator 'PARTITION' (id=5) output batch 0 column count mismatch: got 13, expected 10
[2026-09-08 05:53:40.824] [warning] [gpu_pipeline_task.cpp:77] gpu_pipeline_task: operator 'PARTITION' (id=5) output batch 0 column count mismatch: got 13, expected 10
[2026-09-08 05:53:40.824] [warning] [gpu_pipeline_task.cpp:77] gpu_pipeline_task: operator 'PARTITION' (id=5) output batch 0 column count mismatch: got 13, expected 10
[2026-09-08 05:53:40.824] [warning] [gpu_pipeline_task.cpp:77] gpu_pipeline_task: operator 'PARTITION' (id=5) output batch 0 column count mismatch: got 13, expected 10
[2026-09-08 05:53:40.824] [warning] [gpu_pipeline_task.cpp:77] gpu_pipeline_task: operator 'PARTITION' (id=5) output batch 0 column count mismatch: got 13, expected 10
[2026-09-08 05:53:40.824] [warning] [gpu_pipeline_task.cpp:77] gpu_pipeline_task: operator 'PARTITION' (id=5) output batch 0 column count mismatch: got 13, expected 10
[2026-09-08 05:53:40.824] [warning] [gpu_pipeline_task.cpp:77] gpu_pipeline_task: operator 'PARTITION' (id=5) output batch 0 column count mismatch: got 13, expected 10
[2026-09-08 05:53:40.824] [warning] [gpu_pipeline_task.cpp:77] gpu_pipeline_task: operator 'PARTITION' (id=5) output batch 0 column count mismatch: got 13, expected 10
[2026-09-08 05:53:40.824] [warning] [gpu_pipeline_task.cpp:77] gpu_pipeline_task: operator 'PARTITION' (id=5) output batch 0 column count mismatch: got 13, expected 10
[2026-09-08 05:53:40.824] [warning] [gpu_pipeline_task.cpp:77] gpu_pipeline_task: operator 'PARTITION' (id=5) output batch 0 column count mismatch: got 13, expected 10
[2026-09-08 05:53:40.824] [warning] [gpu_pipeline_task.cpp:77] gpu_pipeline_task: operator 'PARTITION' (id=5) output batch 0 column count mismatch: got 13, expected 10
[2026-09-08 05:53:40.824] [warning] [gpu_pipeline_task.cpp:77] gpu_pipeline_task: operator 'PARTITION' (id=5) output batch 0 column count mismatch: got 13, expected 10
[2026-09-08 05:53:40.824] [warning] [gpu_pipeline_task.cpp:77] gpu_pipeline_task: operator 'PARTITION' (id=5) output batch 0 column count mismatch: got 13, expected 10
[2026-09-08 05:53:40.824] [warning] [gpu_pipeline_task.cpp:77] gpu_pipeline_task: operator 'PARTITION' (id=5) output batch 0 column count mismatch: got 13, expected 10
[2026-09-08 05:53:40.824] [warning] [gpu_pipeline_task.cpp:77] gpu_pipeline_task: operator 'PARTITION' (id=5) output batch 0 column count mismatch: got 13, expected 10
[2026-09-08 05:53:40.824] [warning] [gpu_pipeline_task.cpp:77] gpu_pipeline_task: operator 'PARTITION' (id=5) output batch 0 column count mismatch: got 13, expected 10
[2026-09-08 05:53:40.824] [warning] [gpu_pipeline_task.cpp:77] gpu_pipeline_task: operator 'PARTITION' (id=5) output batch 0 column count mismatch: got 13, expected 10
[2026-09-08 05:53:40.824] [warning] [gpu_pipeline_task.cpp:77] gpu_pipeline_task: operator 'PARTITION' (id=5) output batch 0 column count mismatch: got 13, expected 10
[2026-09-08 05:53:40.825] [warning] [gpu_pipeline_task.cpp:77] gpu_pipeline_task: operator 'PARTITION' (id=5) output batch 0 column count mismatch: got 13, expected 10
[2026-09-08 05:53:40.825] [warning] [gpu_pipeline_task.cpp:77] gpu_pipeline_task: operator 'PARTITION' (id=5) output batch 0 column count mismatch: got 13, expected 10
[2026-09-08 05:53:40.825] [warning] [gpu_pipeline_task.cpp:77] gpu_pipeline_task: operator 'PARTITION' (id=5) output batch 0 column count mismatch: got 13, expected 10
[2026-09-08 05:53:40.825] [warning] [gpu_pipeline_task.cpp:77] gpu_pipeline_task: operator 'PARTITION' (id=5) output batch 0 column count mismatch: got 13, expected 10
[2026-09-08 05:53:40.825] [warning] [gpu_pipeline_task.cpp:77] gpu_pipeline_task: operator 'PARTITION' (id=5) output batch 0 column count mismatch: got 13, expected 10
[2026-09-08 05:53:40.825] [warning] [gpu_pipeline_task.cpp:77] gpu_pipeline_task: operator 'PARTITION' (id=5) output batch 0 column count mismatch: got 13, expected 10
[2026-09-08 05:53:40.825] [warning] [gpu_pipeline_task.cpp:77] gpu_pipeline_task: operator 'PARTITION' (id=5) output batch 0 column count mismatch: got 13, expected 10
[2026-09-08 05:53:40.825] [warning] [gpu_pipeline_task.cpp:77] gpu_pipeline_task: operator 'PARTITION' (id=5) output batch 0 column count mismatch: got 13, expected 10
[2026-09-08 05:53:40.825] [warning] [gpu_pipeline_task.cpp:77] gpu_pipeline_task: operator 'PARTITION' (id=5) output batch 0 column count mismatch: got 13, expected 10
[2026-09-08 05:53:40.825] [warning] [gpu_pipeline_task.cpp:77] gpu_pipeline_task: operator 'PARTITION' (id=5) output batch 0 column count mismatch: got 13, expected 10
[2026-09-08 05:53:40.825] [warning] [gpu_pipeline_task.cpp:77] gpu_pipeline_task: operator 'PARTITION' (id=5) output batch 0 column count mismatch: got 13, expected 10
[2026-09-08 05:53:40.825] [warning] [gpu_pipeline_task.cpp:77] gpu_pipeline_task: operator 'PARTITION' (id=5) output batch 0 column count mismatch: got 13, expected 10
[2026-09-08 05:53:40.825] [warning] [gpu_pipeline_task.cpp:77] gpu_pipeline_task: operator 'PARTITION' (id=5) output batch 0 column count mismatch: got 13, expected 10
[2026-09-08 05:53:40.825] [warning] [gpu_pipeline_task.cpp:77] gpu_pipeline_task: operator 'PARTITION' (id=5) output batch 0 column count mismatch: got 13, expected 10
[2026-09-08 05:53:40.825] [warning] [gpu_pipeline_task.cpp:77] gpu_pipeline_task: operator 'PARTITION' (id=5) output batch 0 column count mismatch: got 13, expected 10
[2026-09-08 05:53:40.825] [warning] [gpu_pipeline_task.cpp:77] gpu_pipeline_task: operator 'PARTITION' (id=5) output batch 0 column count mismatch: got 13, expected 10
[2026-09-08 05:53:40.825] [warning] [gpu_pipeline_task.cpp:77] gpu_pipeline_task: operator 'PARTITION' (id=5) output batch 0 column count mismatch: got 13, expected 10
[2026-09-08 05:53:40.825] [warning] [gpu_pipeline_task.cpp:77] gpu_pipeline_task: operator 'PARTITION' (id=5) output batch 0 column count mismatch: got 13, expected 10
[2026-09-08 05:53:40.825] [warning] [gpu_pipeline_task.cpp:77] gpu_pipeline_task: operator 'PARTITION' (id=5) output batch 0 column count mismatch: got 13, expected 10
[2026-09-08 05:53:40.825] [warning] [gpu_pipeline_task.cpp:77] gpu_pipeline_task: operator 'PARTITION' (id=5) output batch 0 column count mismatch: got 13, expected 10
[2026-09-08 05:53:40.825] [warning] [gpu_pipeline_task.cpp:77] gpu_pipeline_task: operator 'PARTITION' (id=5) output batch 0 column count mismatch: got 13, expected 10
[2026-09-08 05:53:40.825] [warning] [gpu_pipeline_task.cpp:77] gpu_pipeline_task: operator 'PARTITION' (id=5) output batch 0 column count mismatch: got 13, expected 10
[2026-09-08 05:53:40.825] [warning] [gpu_pipeline_task.cpp:77] gpu_pipeline_task: operator 'PARTITION' (id=5) output batch 0 column count mismatch: got 13, expected 10
[2026-09-08 05:53:40.825] [warning] [gpu_pipeline_task.cpp:77] gpu_pipeline_task: operator 'PARTITION' (id=5) output batch 0 column count mismatch: got 13, expected 10
[2026-09-08 05:53:40.825] [warning] [gpu_pipeline_task.cpp:77] gpu_pipeline_task: operator 'PARTITION' (id=5) output batch 0 column count mismatch: got 13, expected 10
[2026-09-08 05:53:40.825] [warning] [gpu_pipeline_task.cpp:77] gpu_pipeline_task: operator 'PARTITION' (id=5) output batch 0 column count mismatch: got 13, expected 10
[2026-09-08 05:53:40.825] [warning] [gpu_pipeline_task.cpp:77] gpu_pipeline_task: operator 'PARTITION' (id=5) output batch 0 column count mismatch: got 13, expected 10
[2026-09-08 05:53:40.825] [warning] [gpu_pipeline_task.cpp:77] gpu_pipeline_task: operator 'PARTITION' (id=5) output batch 0 column count mismatch: got 13, expected 10
[2026-09-08 05:53:40.825] [warning] [gpu_pipeline_task.cpp:77] gpu_pipeline_task: operator 'PARTITION' (id=5) output batch 0 column count mismatch: got 13, expected 10
[2026-09-08 05:53:40.825] [warning] [gpu_pipeline_task.cpp:77] gpu_pipeline_task: operator 'PARTITION' (id=5) output batch 0 column count mismatch: got 13, expected 10
[2026-09-08 05:53:40.825] [warning] [gpu_pipeline_task.cpp:77] gpu_pipeline_task: operator 'PARTITION' (id=5) output batch 0 column count mismatch: got 13, expected 10
[2026-09-08 05:53:40.825] [warning] [gpu_pipeline_task.cpp:77] gpu_pipeline_task: operator 'PARTITION' (id=5) output batch 0 column count mismatch: got 13, expected 10
[2026-09-08 05:53:40.825] [warning] [gpu_pipeline_task.cpp:77] gpu_pipeline_task: operator 'PARTITION' (id=5) output batch 0 column count mismatch: got 13, expected 10
[2026-09-08 05:53:40.825] [warning] [gpu_pipeline_task.cpp:77] gpu_pipeline_task: operator 'PARTITION' (id=5) output batch 0 column count mismatch: got 13, expected 10
[2026-09-08 05:53:40.825] [warning] [gpu_pipeline_task.cpp:77] gpu_pipeline_task: operator 'PARTITION' (id=5) output batch 0 column count mismatch: got 13, expected 10
[2026-09-08 05:53:40.825] [warning] [gpu_pipeline_task.cpp:77] gpu_pipeline_task: operator 'PARTITION' (id=5) output batch 0 column count mismatch: got 13, expected 10
[2026-09-08 05:53:40.825] [warning] [gpu_pipeline_task.cpp:77] gpu_pipeline_task: operator 'PARTITION' (id=5) output batch 0 column count mismatch: got 13, expected 10
[2026-09-08 05:53:40.825] [warning] [gpu_pipeline_task.cpp:77] gpu_pipeline_task: operator 'PARTITION' (id=5) output batch 0 column count mismatch: got 13, expected 10
[2026-09-08 05:53:40.825] [warning] [gpu_pipeline_task.cpp:77] gpu_pipeline_task: operator 'PARTITION' (id=5) output batch 0 column count mismatch: got 13, expected 10
[2026-09-08 05:53:40.825] [warning] [gpu_pipeline_task.cpp:77] gpu_pipeline_task: operator 'PARTITION' (id=5) output batch 0 column count mismatch: got 13, expected 10
[2026-09-08 05:53:40.825] [warning] [gpu_pipeline_task.cpp:77] gpu_pipeline_task: operator 'PARTITION' (id=5) output batch 0 column count mismatch: got 13, expected 10
[2026-09-08 05:53:40.825] [warning] [gpu_pipeline_task.cpp:77] gpu_pipeline_task: operator 'PARTITION' (id=5) output batch 0 column count mismatch: got 13, expected 10
[2026-09-08 05:53:40.825] [warning] [gpu_pipeline_task.cpp:77] gpu_pipeline_task: operator 'PARTITION' (id=5) output batch 0 column count mismatch: got 13, expected 10
[2026-09-08 05:53:40.825] [warning] [gpu_pipeline_task.cpp:77] gpu_pipeline_task: operator 'PARTITION' (id=5) output batch 0 column count mismatch: got 13, expected 10
[2026-09-08 05:53:40.825] [warning] [gpu_pipeline_task.cpp:77] gpu_pipeline_task: operator 'PARTITION' (id=5) output batch 0 column count mismatch: got 13, expected 10
[2026-09-08 05:53:40.825] [warning] [gpu_pipeline_task.cpp:77] gpu_pipeline_task: operator 'PARTITION' (id=5) output batch 0 column count mismatch: got 13, expected 10
[2026-09-08 05:53:40.825] [warning] [gpu_pipeline_task.cpp:77] gpu_pipeline_task: operator 'PARTITION' (id=5) output batch 0 column count mismatch: got 13, expected 10
[2026-09-08 05:53:40.825] [warning] [gpu_pipeline_task.cpp:77] gpu_pipeline_task: operator 'PARTITION' (id=5) output batch 0 column count mismatch: got 13, expected 10
[2026-09-08 05:53:40.825] [warning] [gpu_pipeline_task.cpp:77] gpu_pipeline_task: operator 'PARTITION' (id=5) output batch 0 column count mismatch: got 13, expected 10
[2026-09-08 05:53:40.825] [warning] [gpu_pipeline_task.cpp:77] gpu_pipeline_task: operator 'PARTITION' (id=5) output batch 0 column count mismatch: got 13, expected 10
[2026-09-08 05:53:40.825] [warning] [gpu_pipeline_task.cpp:77] gpu_pipeline_task: operator 'PARTITION' (id=5) output batch 0 column count mismatch: got 13, expected 10
[2026-09-08 05:53:40.825] [warning] [gpu_pipeline_task.cpp:77] gpu_pipeline_task: operator 'PARTITION' (id=5) output batch 0 column count mismatch: got 13, expected 10
[2026-09-08 05:53:40.825] [warning] [gpu_pipeline_task.cpp:77] gpu_pipeline_task: operator 'PARTITION' (id=5) output batch 0 column count mismatch: got 13, expected 10
[2026-09-08 05:53:40.825] [warning] [gpu_pipeline_task.cpp:77] gpu_pipeline_task: operator 'PARTITION' (id=5) output batch 0 column count mismatch: got 13, expected 10
[2026-09-08 05:53:40.825] [warning] [gpu_pipeline_task.cpp:77] gpu_pipeline_task: operator 'PARTITION' (id=5) output batch 0 column count mismatch: got 13, expected 10
[2026-09-08 05:53:40.825] [warning] [gpu_pipeline_task.cpp:77] gpu_pipeline_task: operator 'PARTITION' (id=5) output batch 0 column count mismatch: got 13, expected 10
[2026-09-08 05:53:40.825] [warning] [gpu_pipeline_task.cpp:77] gpu_pipeline_task: operator 'PARTITION' (id=5) output batch 0 column count mismatch: got 13, expected 10
[2026-09-08 05:53:40.825] [warning] [gpu_pipeline_task.cpp:77] gpu_pipeline_task: operator 'PARTITION' (id=5) output batch 0 column count mismatch: got 13, expected 10
[2026-09-08 05:53:40.825] [warning] [gpu_pipeline_task.cpp:77] gpu_pipeline_task: operator 'PARTITION' (id=5) output batch 0 column count mismatch: got 13, expected 10
[2026-09-08 05:53:40.825] [warning] [gpu_pipeline_task.cpp:77] gpu_pipeline_task: operator 'PARTITION' (id=5) output batch 0 column count mismatch: got 13, expected 10
[2026-09-08 05:53:40.825] [warning] [gpu_pipeline_task.cpp:77] gpu_pipeline_task: operator 'PARTITION' (id=5) output batch 0 column count mismatch: got 13, expected 10
[2026-09-08 05:53:40.825] [warning] [gpu_pipeline_task.cpp:77] gpu_pipeline_task: operator 'PARTITION' (id=5) output batch 0 column count mismatch: got 13, expected 10
[2026-09-08 05:53:40.825] [warning] [gpu_pipeline_task.cpp:77] gpu_pipeline_task: operator 'PARTITION' (id=5) output batch 0 column count mismatch: got 13, expected 10
[2026-09-08 05:53:40.825] [warning] [gpu_pipeline_task.cpp:77] gpu_pipeline_task: operator 'PARTITION' (id=5) output batch 0 column count mismatch: got 13, expected 10
[2026-09-08 05:53:40.825] [warning] [gpu_pipeline_task.cpp:77] gpu_pipeline_task: operator 'PARTITION' (id=5) output batch 0 column count mismatch: got 13, expected 10
[2026-09-08 05:53:40.825] [warning] [gpu_pipeline_task.cpp:77] gpu_pipeline_task: operator 'PARTITION' (id=5) output batch 0 column count mismatch: got 13, expected 10
[2026-09-08 05:53:40.825] [warning] [gpu_pipeline_task.cpp:77] gpu_pipeline_task: operator 'PARTITION' (id=5) output batch 0 column count mismatch: got 13, expected 10
[2026-09-08 05:53:40.825] [warning] [gpu_pipeline_task.cpp:77] gpu_pipeline_task: operator 'PARTITION' (id=5) output batch 0 column count mismatch: got 13, expected 10
[2026-09-08 05:53:40.825] [warning] [gpu_pipeline_task.cpp:77] gpu_pipeline_task: operator 'PARTITION' (id=5) output batch 0 column count mismatch: got 13, expected 10
[2026-09-08 05:53:40.825] [warning] [gpu_pipeline_task.cpp:77] gpu_pipeline_task: operator 'PARTITION' (id=5) output batch 0 column count mismatch: got 13, expected 10
[2026-09-08 05:53:40.826] [warning] [gpu_pipeline_task.cpp:77] gpu_pipeline_task: operator 'PARTITION' (id=5) output batch 0 column count mismatch: got 13, expected 10
[2026-09-08 05:53:40.826] [warning] [gpu_pipeline_task.cpp:77] gpu_pipeline_task: operator 'PARTITION' (id=5) output batch 0 column count mismatch: got 13, expected 10
[2026-09-08 05:53:40.826] [warning] [gpu_pipeline_task.cpp:77] gpu_pipeline_task: operator 'PARTITION' (id=5) output batch 0 column count mismatch: got 13, expected 10
[2026-09-08 05:53:40.826] [warning] [gpu_pipeline_task.cpp:77] gpu_pipeline_task: operator 'PARTITION' (id=5) output batch 0 column count mismatch: got 13, expected 10
[2026-09-08 05:53:40.826] [warning] [gpu_pipeline_task.cpp:77] gpu_pipeline_task: operator 'PARTITION' (id=5) output batch 0 column count mismatch: got 13, expected 10
[2026-09-08 05:53:40.826] [warning] [gpu_pipeline_task.cpp:77] gpu_pipeline_task: operator 'PARTITION' (id=5) output batch 0 column count mismatch: got 13, expected 10
[2026-09-08 05:53:40.826] [warning] [gpu_pipeline_task.cpp:77] gpu_pipeline_task: operator 'PARTITION' (id=5) output batch 0 column count mismatch: got 13, expected 10
[2026-09-08 05:53:40.826] [warning] [gpu_pipeline_task.cpp:77] gpu_pipeline_task: operator 'PARTITION' (id=5) output batch 0 column count mismatch: got 13, expected 10
[2026-09-08 05:53:40.826] [warning] [gpu_pipeline_task.cpp:77] gpu_pipeline_task: operator 'PARTITION' (id=5) output batch 0 column count mismatch: got 13, expected 10
[2026-09-08 05:53:40.826] [warning] [gpu_pipeline_task.cpp:77] gpu_pipeline_task: operator 'PARTITION' (id=5) output batch 0 column count mismatch: got 13, expected 10
[2026-09-08 05:53:40.826] [warning] [gpu_pipeline_task.cpp:77] gpu_pipeline_task: operator 'PARTITION' (id=5) output batch 0 column count mismatch: got 13, expected 10
[2026-09-08 05:53:40.826] [warning] [gpu_pipeline_task.cpp:77] gpu_pipeline_task: operator 'PARTITION' (id=5) output batch 0 column count mismatch: got 13, expected 10
[2026-09-08 05:53:40.826] [warning] [gpu_pipeline_task.cpp:77] gpu_pipeline_task: operator 'PARTITION' (id=5) output batch 0 column count mismatch: got 13, expected 10
[2026-09-08 05:53:40.826] [warning] [gpu_pipeline_task.cpp:77] gpu_pipeline_task: operator 'PARTITION' (id=5) output batch 0 column count mismatch: got 13, expected 10
[2026-09-08 05:53:40.826] [warning] [gpu_pipeline_task.cpp:77] gpu_pipeline_task: operator 'PARTITION' (id=5) output batch 0 column count mismatch: got 13, expected 10
[2026-09-08 05:53:40.826] [warning] [gpu_pipeline_task.cpp:77] gpu_pipeline_task: operator 'PARTITION' (id=5) output batch 0 column count mismatch: got 13, expected 10
[2026-09-08 05:53:40.826] [warning] [gpu_pipeline_task.cpp:77] gpu_pipeline_task: operator 'PARTITION' (id=5) output batch 0 column count mismatch: got 13, expected 10
[2026-09-08 05:53:40.826] [warning] [gpu_pipeline_task.cpp:77] gpu_pipeline_task: operator 'PARTITION' (id=5) output batch 0 column count mismatch: got 13, expected 10
[2026-09-08 05:53:40.826] [warning] [gpu_pipeline_task.cpp:77] gpu_pipeline_task: operator 'PARTITION' (id=5) output batch 0 column count mismatch: got 13, expected 10
[2026-09-08 05:53:40.826] [warning] [gpu_pipeline_task.cpp:77] gpu_pipeline_task: operator 'PARTITION' (id=5) output batch 0 column count mismatch: got 13, expected 10
[2026-09-08 05:53:40.826] [warning] [gpu_pipeline_task.cpp:77] gpu_pipeline_task: operator 'PARTITION' (id=5) output batch 0 column count mismatch: got 13, expected 10
[2026-09-08 05:53:40.826] [warning] [gpu_pipeline_task.cpp:77] gpu_pipeline_task: operator 'PARTITION' (id=5) output batch 0 column count mismatch: got 13, expected 10
[2026-09-08 05:53:40.826] [warning] [gpu_pipeline_task.cpp:77] gpu_pipeline_task: operator 'PARTITION' (id=5) output batch 0 column count mismatch: got 13, expected 10
[2026-09-08 05:53:40.826] [warning] [gpu_pipeline_task.cpp:77] gpu_pipeline_task: operator 'PARTITION' (id=5) output batch 0 column count mismatch: got 13, expected 10
[2026-09-08 05:53:40.826] [warning] [gpu_pipeline_task.cpp:77] gpu_pipeline_task: operator 'PARTITION' (id=5) output batch 0 column count mismatch: got 13, expected 10
[2026-09-08 05:53:40.826] [warning] [gpu_pipeline_task.cpp:77] gpu_pipeline_task: operator 'PARTITION' (id=5) output batch 0 column count mismatch: got 13, expected 10
[2026-09-08 05:53:40.826] [warning] [gpu_pipeline_task.cpp:77] gpu_pipeline_task: operator 'PARTITION' (id=5) output batch 0 column count mismatch: got 13, expected 10
[2026-09-08 05:53:40.826] [warning] [gpu_pipeline_task.cpp:77] gpu_pipeline_task: operator 'PARTITION' (id=5) output batch 0 column count mismatch: got 13, expected 10
[2026-09-08 05:53:40.826] [warning] [gpu_pipeline_task.cpp:77] gpu_pipeline_task: operator 'PARTITION' (id=5) output batch 0 column count mismatch: got 13, expected 10
[2026-09-08 05:53:40.826] [warning] [gpu_pipeline_task.cpp:77] gpu_pipeline_task: operator 'PARTITION' (id=5) output batch 0 column count mismatch: got 13, expected 10
[2026-09-08 05:53:40.826] [warning] [gpu_pipeline_task.cpp:77] gpu_pipeline_task: operator 'PARTITION' (id=5) output batch 0 column count mismatch: got 13, expected 10
[2026-09-08 05:53:40.826] [warning] [gpu_pipeline_task.cpp:77] gpu_pipeline_task: operator 'PARTITION' (id=5) output batch 0 column count mismatch: got 13, expected 10
[2026-09-08 05:53:40.826] [warning] [gpu_pipeline_task.cpp:77] gpu_pipeline_task: operator 'PARTITION' (id=5) output batch 0 column count mismatch: got 13, expected 10
[2026-09-08 05:53:40.826] [warning] [gpu_pipeline_task.cpp:77] gpu_pipeline_task: operator 'PARTITION' (id=5) output batch 0 column count mismatch: got 13, expected 10
[2026-09-08 05:53:40.826] [warning] [gpu_pipeline_task.cpp:77] gpu_pipeline_task: operator 'PARTITION' (id=5) output batch 0 column count mismatch: got 13, expected 10
[2026-09-08 05:53:40.826] [warning] [gpu_pipeline_task.cpp:77] gpu_pipeline_task: operator 'PARTITION' (id=5) output batch 0 column count mismatch: got 13, expected 10
[2026-09-08 05:53:40.826] [warning] [gpu_pipeline_task.cpp:77] gpu_pipeline_task: operator 'PARTITION' (id=5) output batch 0 column count mismatch: got 13, expected 10
[2026-09-08 05:53:40.826] [warning] [gpu_pipeline_task.cpp:77] gpu_pipeline_task: operator 'PARTITION' (id=5) output batch 0 column count mismatch: got 13, expected 10
[2026-09-08 05:53:40.826] [warning] [gpu_pipeline_task.cpp:77] gpu_pipeline_task: operator 'PARTITION' (id=5) output batch 0 column count mismatch: got 13, expected 10
[2026-09-08 05:53:40.826] [warning] [gpu_pipeline_task.cpp:77] gpu_pipeline_task: operator 'PARTITION' (id=5) output batch 0 column count mismatch: got 13, expected 10
[2026-09-08 05:53:40.826] [warning] [gpu_pipeline_task.cpp:77] gpu_pipeline_task: operator 'PARTITION' (id=5) output batch 0 column count mismatch: got 13, expected 10
[2026-09-08 05:53:40.826] [warning] [gpu_pipeline_task.cpp:77] gpu_pipeline_task: operator 'PARTITION' (id=5) output batch 0 column count mismatch: got 13, expected 10
[2026-09-08 05:53:40.826] [warning] [gpu_pipeline_task.cpp:77] gpu_pipeline_task: operator 'PARTITION' (id=5) output batch 0 column count mismatch: got 13, expected 10
[2026-09-08 05:53:40.826] [warning] [gpu_pipeline_task.cpp:77] gpu_pipeline_task: operator 'PARTITION' (id=5) output batch 0 column count mismatch: got 13, expected 10
[2026-09-08 05:53:40.826] [warning] [gpu_pipeline_task.cpp:77] gpu_pipeline_task: operator 'PARTITION' (id=5) output batch 0 column count mismatch: got 13, expected 10
[2026-09-08 05:53:40.826] [warning] [gpu_pipeline_task.cpp:77] gpu_pipeline_task: operator 'PARTITION' (id=5) output batch 0 column count mismatch: got 13, expected 10
[2026-09-08 05:53:40.826] [warning] [gpu_pipeline_task.cpp:77] gpu_pipeline_task: operator 'PARTITION' (id=5) output batch 0 column count mismatch: got 13, expected 10
[2026-09-08 05:53:40.826] [warning] [gpu_pipeline_task.cpp:77] gpu_pipeline_task: operator 'PARTITION' (id=5) output batch 0 column count mismatch: got 13, expected 10
[2026-09-08 05:53:40.826] [warning] [gpu_pipeline_task.cpp:77] gpu_pipeline_task: operator 'PARTITION' (id=5) output batch 0 column count mismatch: got 13, expected 10
[2026-09-08 05:53:40.826] [warning] [gpu_pipeline_task.cpp:77] gpu_pipeline_task: operator 'PARTITION' (id=5) output batch 0 column count mismatch: got 13, expected 10
[2026-09-08 05:53:40.826] [warning] [gpu_pipeline_task.cpp:77] gpu_pipeline_task: operator 'PARTITION' (id=5) output batch 0 column count mismatch: got 13, expected 10
[2026-09-08 05:53:40.826] [warning] [gpu_pipeline_task.cpp:77] gpu_pipeline_task: operator 'PARTITION' (id=5) output batch 0 column count mismatch: got 13, expected 10
[2026-09-08 05:53:40.826] [warning] [gpu_pipeline_task.cpp:77] gpu_pipeline_task: operator 'PARTITION' (id=5) output batch 0 column count mismatch: got 13, expected 10
[2026-09-08 05:53:40.826] [warning] [gpu_pipeline_task.cpp:77] gpu_pipeline_task: operator 'PARTITION' (id=5) output batch 0 column count mismatch: got 13, expected 10
[2026-09-08 05:53:40.826] [warning] [gpu_pipeline_task.cpp:77] gpu_pipeline_task: operator 'PARTITION' (id=5) output batch 0 column count mismatch: got 13, expected 10
[2026-09-08 05:53:40.826] [warning] [gpu_pipeline_task.cpp:77] gpu_pipeline_task: operator 'PARTITION' (id=5) output batch 0 column count mismatch: got 13, expected 10
[2026-09-08 05:53:40.826] [warning] [gpu_pipeline_task.cpp:77] gpu_pipeline_task: operator 'PARTITION' (id=5) output batch 0 column count mismatch: got 13, expected 10
[2026-09-08 05:53:40.826] [warning] [gpu_pipeline_task.cpp:77] gpu_pipeline_task: operator 'PARTITION' (id=5) output batch 0 column count mismatch: got 13, expected 10
[2026-09-08 05:53:40.826] [warning] [gpu_pipeline_task.cpp:77] gpu_pipeline_task: operator 'PARTITION' (id=5) output batch 0 column count mismatch: got 13, expected 10
[2026-09-08 05:53:40.826] [warning] [gpu_pipeline_task.cpp:77] gpu_pipeline_task: operator 'PARTITION' (id=5) output batch 0 column count mismatch: got 13, expected 10
[2026-09-08 05:53:40.826] [warning] [gpu_pipeline_task.cpp:77] gpu_pipeline_task: operator 'PARTITION' (id=5) output batch 0 column count mismatch: got 13, expected 10
[2026-09-08 05:53:40.826] [warning] [gpu_pipeline_task.cpp:77] gpu_pipeline_task: operator 'PARTITION' (id=5) output batch 0 column count mismatch: got 13, expected 10
[2026-09-08 05:53:40.826] [warning] [gpu_pipeline_task.cpp:77] gpu_pipeline_task: operator 'PARTITION' (id=5) output batch 0 column count mismatch: got 13, expected 10
[2026-09-08 05:53:40.826] [warning] [gpu_pipeline_task.cpp:77] gpu_pipeline_task: operator 'PARTITION' (id=5) output batch 0 column count mismatch: got 13, expected 10
[2026-09-08 05:53:40.826] [warning] [gpu_pipeline_task.cpp:77] gpu_pipeline_task: operator 'PARTITION' (id=5) output batch 0 column count mismatch: got 13, expected 10
[2026-09-08 05:53:40.826] [warning] [gpu_pipeline_task.cpp:77] gpu_pipeline_task: operator 'PARTITION' (id=5) output batch 0 column count mismatch: got 13, expected 10
[2026-09-08 05:53:40.826] [warning] [gpu_pipeline_task.cpp:77] gpu_pipeline_task: operator 'PARTITION' (id=5) output batch 0 column count mismatch: got 13, expected 10
[2026-09-08 05:53:40.826] [warning] [gpu_pipeline_task.cpp:77] gpu_pipeline_task: operator 'PARTITION' (id=5) output batch 0 column count mismatch: got 13, expected 10
[2026-09-08 05:53:40.826] [warning] [gpu_pipeline_task.cpp:77] gpu_pipeline_task: operator 'PARTITION' (id=5) output batch 0 column count mismatch: got 13, expected 10
[2026-09-08 05:53:40.826] [warning] [gpu_pipeline_task.cpp:77] gpu_pipeline_task: operator 'PARTITION' (id=5) output batch 0 column count mismatch: got 13, expected 10
[2026-09-08 05:53:40.827] [warning] [gpu_pipeline_task.cpp:77] gpu_pipeline_task: operator 'PARTITION' (id=5) output batch 0 column count mismatch: got 13, expected 10
[2026-09-08 05:53:40.827] [warning] [gpu_pipeline_task.cpp:77] gpu_pipeline_task: operator 'PARTITION' (id=5) output batch 0 column count mismatch: got 13, expected 10
[2026-09-08 05:53:40.827] [warning] [gpu_pipeline_task.cpp:77] gpu_pipeline_task: operator 'PARTITION' (id=5) output batch 0 column count mismatch: got 13, expected 10
[2026-09-08 05:53:40.827] [warning] [gpu_pipeline_task.cpp:77] gpu_pipeline_task: operator 'PARTITION' (id=5) output batch 0 column count mismatch: got 13, expected 10
[2026-09-08 05:53:40.827] [warning] [gpu_pipeline_task.cpp:77] gpu_pipeline_task: operator 'PARTITION' (id=5) output batch 0 column count mismatch: got 13, expected 10
[2026-09-08 05:53:40.827] [warning] [gpu_pipeline_task.cpp:77] gpu_pipeline_task: operator 'PARTITION' (id=5) output batch 0 column count mismatch: got 13, expected 10
[2026-09-08 05:53:40.827] [warning] [gpu_pipeline_task.cpp:77] gpu_pipeline_task: operator 'PARTITION' (id=5) output batch 0 column count mismatch: got 13, expected 10
[2026-09-08 05:53:40.827] [warning] [gpu_pipeline_task.cpp:77] gpu_pipeline_task: operator 'PARTITION' (id=5) output batch 0 column count mismatch: got 13, expected 10
[2026-09-08 05:53:40.827] [warning] [gpu_pipeline_task.cpp:77] gpu_pipeline_task: operator 'PARTITION' (id=5) output batch 0 column count mismatch: got 13, expected 10
[2026-09-08 05:53:40.827] [warning] [gpu_pipeline_task.cpp:77] gpu_pipeline_task: operator 'PARTITION' (id=5) output batch 0 column count mismatch: got 13, expected 10
[2026-09-08 05:53:40.827] [warning] [gpu_pipeline_task.cpp:77] gpu_pipeline_task: operator 'PARTITION' (id=5) output batch 0 column count mismatch: got 13, expected 10
[2026-09-08 05:53:40.827] [warning] [gpu_pipeline_task.cpp:77] gpu_pipeline_task: operator 'PARTITION' (id=5) output batch 0 column count mismatch: got 13, expected 10
[2026-09-08 05:53:40.827] [warning] [gpu_pipeline_task.cpp:77] gpu_pipeline_task: operator 'PARTITION' (id=5) output batch 0 column count mismatch: got 13, expected 10
[2026-09-08 05:53:40.827] [warning] [gpu_pipeline_task.cpp:77] gpu_pipeline_task: operator 'PARTITION' (id=5) output batch 0 column count mismatch: got 13, expected 10
[2026-09-08 05:53:40.827] [warning] [gpu_pipeline_task.cpp:77] gpu_pipeline_task: operator 'PARTITION' (id=5) output batch 0 column count mismatch: got 13, expected 10
[2026-09-08 05:53:40.827] [warning] [gpu_pipeline_task.cpp:77] gpu_pipeline_task: operator 'PARTITION' (id=5) output batch 0 column count mismatch: got 13, expected 10
[2026-09-08 05:53:40.827] [warning] [gpu_pipeline_task.cpp:77] gpu_pipeline_task: operator 'PARTITION' (id=5) output batch 0 column count mismatch: got 13, expected 10
[2026-09-08 05:53:40.827] [warning] [gpu_pipeline_task.cpp:77] gpu_pipeline_task: operator 'PARTITION' (id=5) output batch 0 column count mismatch: got 13, expected 10
[2026-09-08 05:53:40.827] [warning] [gpu_pipeline_task.cpp:77] gpu_pipeline_task: operator 'PARTITION' (id=5) output batch 0 column count mismatch: got 13, expected 10
[2026-09-08 05:53:40.827] [warning] [gpu_pipeline_task.cpp:77] gpu_pipeline_task: operator 'PARTITION' (id=5) output batch 0 column count mismatch: got 13, expected 10
[2026-09-08 05:53:40.827] [warning] [gpu_pipeline_task.cpp:77] gpu_pipeline_task: operator 'PARTITION' (id=5) output batch 0 column count mismatch: got 13, expected 10
[2026-09-08 05:53:40.827] [warning] [gpu_pipeline_task.cpp:77] gpu_pipeline_task: operator 'PARTITION' (id=5) output batch 0 column count mismatch: got 13, expected 10
[2026-09-08 05:53:40.827] [warning] [gpu_pipeline_task.cpp:77] gpu_pipeline_task: operator 'PARTITION' (id=5) output batch 0 column count mismatch: got 13, expected 10
[2026-09-08 05:53:40.827] [warning] [gpu_pipeline_task.cpp:77] gpu_pipeline_task: operator 'PARTITION' (id=5) output batch 0 column count mismatch: got 13, expected 10
[2026-09-08 05:53:40.827] [warning] [gpu_pipeline_task.cpp:77] gpu_pipeline_task: operator 'PARTITION' (id=5) output batch 0 column count mismatch: got 13, expected 10
[2026-09-08 05:53:40.827] [warning] [gpu_pipeline_task.cpp:77] gpu_pipeline_task: operator 'PARTITION' (id=5) output batch 0 column count mismatch: got 13, expected 10
[2026-09-08 05:53:40.827] [warning] [gpu_pipeline_task.cpp:77] gpu_pipeline_task: operator 'PARTITION' (id=5) output batch 0 column count mismatch: got 13, expected 10
[2026-09-08 05:53:40.827] [warning] [gpu_pipeline_task.cpp:77] gpu_pipeline_task: operator 'PARTITION' (id=5) output batch 0 column count mismatch: got 13, expected 10
[2026-09-08 05:53:40.827] [warning] [gpu_pipeline_task.cpp:77] gpu_pipeline_task: operator 'PARTITION' (id=5) output batch 0 column count mismatch: got 13, expected 10
[2026-09-08 05:53:40.827] [warning] [gpu_pipeline_task.cpp:77] gpu_pipeline_task: operator 'PARTITION' (id=5) output batch 0 column count mismatch: got 13, expected 10
[2026-09-08 05:53:40.827] [warning] [gpu_pipeline_task.cpp:77] gpu_pipeline_task: operator 'PARTITION' (id=5) output batch 0 column count mismatch: got 13, expected 10
[2026-09-08 05:53:40.827] [warning] [gpu_pipeline_task.cpp:77] gpu_pipeline_task: operator 'PARTITION' (id=5) output batch 0 column count mismatch: got 13, expected 10
[2026-09-08 05:53:40.827] [warning] [gpu_pipeline_task.cpp:77] gpu_pipeline_task: operator 'PARTITION' (id=5) output batch 0 column count mismatch: got 13, expected 10
[2026-09-08 05:53:40.827] [warning] [gpu_pipeline_task.cpp:77] gpu_pipeline_task: operator 'PARTITION' (id=5) output batch 0 column count mismatch: got 13, expected 10
[2026-09-08 05:53:40.827] [warning] [gpu_pipeline_task.cpp:77] gpu_pipeline_task: operator 'PARTITION' (id=5) output batch 0 column count mismatch: got 13, expected 10
[2026-09-08 05:53:40.827] [warning] [gpu_pipeline_task.cpp:77] gpu_pipeline_task: operator 'PARTITION' (id=5) output batch 0 column count mismatch: got 13, expected 10
[2026-09-08 05:53:40.827] [warning] [gpu_pipeline_task.cpp:77] gpu_pipeline_task: operator 'PARTITION' (id=5) output batch 0 column count mismatch: got 13, expected 10
[2026-09-08 05:53:40.827] [warning] [gpu_pipeline_task.cpp:77] gpu_pipeline_task: operator 'PARTITION' (id=5) output batch 0 column count mismatch: got 13, expected 10
[2026-09-08 05:53:40.827] [warning] [gpu_pipeline_task.cpp:77] gpu_pipeline_task: operator 'PARTITION' (id=5) output batch 0 column count mismatch: got 13, expected 10
[2026-09-08 05:53:40.827] [warning] [gpu_pipeline_task.cpp:77] gpu_pipeline_task: operator 'PARTITION' (id=5) output batch 0 column count mismatch: got 13, expected 10
[2026-09-08 05:53:40.827] [warning] [gpu_pipeline_task.cpp:77] gpu_pipeline_task: operator 'PARTITION' (id=5) output batch 0 column count mismatch: got 13, expected 10
[2026-09-08 05:53:40.827] [warning] [gpu_pipeline_task.cpp:77] gpu_pipeline_task: operator 'PARTITION' (id=5) output batch 0 column count mismatch: got 13, expected 10
[2026-09-08 05:53:40.827] [warning] [gpu_pipeline_task.cpp:77] gpu_pipeline_task: operator 'PARTITION' (id=5) output batch 0 column count mismatch: got 13, expected 10
[2026-09-08 05:53:40.827] [warning] [gpu_pipeline_task.cpp:77] gpu_pipeline_task: operator 'PARTITION' (id=5) output batch 0 column count mismatch: got 13, expected 10
[2026-09-08 05:53:40.827] [warning] [gpu_pipeline_task.cpp:77] gpu_pipeline_task: operator 'PARTITION' (id=5) output batch 0 column count mismatch: got 13, expected 10
[2026-09-08 05:53:40.827] [warning] [gpu_pipeline_task.cpp:77] gpu_pipeline_task: operator 'PARTITION' (id=5) output batch 0 column count mismatch: got 13, expected 10
[2026-09-08 05:53:40.827] [warning] [gpu_pipeline_task.cpp:77] gpu_pipeline_task: operator 'PARTITION' (id=5) output batch 0 column count mismatch: got 13, expected 10
[2026-09-08 05:53:40.827] [warning] [gpu_pipeline_task.cpp:77] gpu_pipeline_task: operator 'PARTITION' (id=5) output batch 0 column count mismatch: got 13, expected 10
[2026-09-08 05:53:40.827] [warning] [gpu_pipeline_task.cpp:77] gpu_pipeline_task: operator 'PARTITION' (id=5) output batch 0 column count mismatch: got 13, expected 10
[2026-09-08 05:53:40.827] [warning] [gpu_pipeline_task.cpp:77] gpu_pipeline_task: operator 'PARTITION' (id=5) output batch 0 column count mismatch: got 13, expected 10
[2026-09-08 05:53:40.827] [warning] [gpu_pipeline_task.cpp:77] gpu_pipeline_task: operator 'PARTITION' (id=5) output batch 0 column count mismatch: got 13, expected 10
[2026-09-08 05:53:40.827] [warning] [gpu_pipeline_task.cpp:77] gpu_pipeline_task: operator 'PARTITION' (id=5) output batch 0 column count mismatch: got 13, expected 10
[2026-09-08 05:53:40.827] [warning] [gpu_pipeline_task.cpp:77] gpu_pipeline_task: operator 'PARTITION' (id=5) output batch 0 column count mismatch: got 13, expected 10
[2026-09-08 05:53:40.827] [warning] [gpu_pipeline_task.cpp:77] gpu_pipeline_task: operator 'PARTITION' (id=5) output batch 0 column count mismatch: got 13, expected 10
[2026-09-08 05:53:40.827] [warning] [gpu_pipeline_task.cpp:77] gpu_pipeline_task: operator 'PARTITION' (id=5) output batch 0 column count mismatch: got 13, expected 10
[2026-09-08 05:53:40.827] [warning] [gpu_pipeline_task.cpp:77] gpu_pipeline_task: operator 'PARTITION' (id=5) output batch 0 column count mismatch: got 13, expected 10
[2026-09-08 05:53:40.827] [warning] [gpu_pipeline_task.cpp:77] gpu_pipeline_task: operator 'PARTITION' (id=5) output batch 0 column count mismatch: got 13, expected 10
[2026-09-08 05:53:40.827] [warning] [gpu_pipeline_task.cpp:77] gpu_pipeline_task: operator 'PARTITION' (id=5) output batch 0 column count mismatch: got 13, expected 10
[2026-09-08 05:53:40.827] [warning] [gpu_pipeline_task.cpp:77] gpu_pipeline_task: operator 'PARTITION' (id=5) output batch 0 column count mismatch: got 13, expected 10
[2026-09-08 05:53:40.827] [warning] [gpu_pipeline_task.cpp:77] gpu_pipeline_task: operator 'PARTITION' (id=5) output batch 0 column count mismatch: got 13, expected 10
[2026-09-08 05:53:40.827] [warning] [gpu_pipeline_task.cpp:77] gpu_pipeline_task: operator 'PARTITION' (id=5) output batch 0 column count mismatch: got 13, expected 10
[2026-09-08 05:53:40.827] [warning] [gpu_pipeline_task.cpp:77] gpu_pipeline_task: operator 'PARTITION' (id=5) output batch 0 column count mismatch: got 13, expected 10
[2026-09-08 05:53:40.827] [warning] [gpu_pipeline_task.cpp:77] gpu_pipeline_task: operator 'PARTITION' (id=5) output batch 0 column count mismatch: got 13, expected 10
[2026-09-08 05:53:40.827] [warning] [gpu_pipeline_task.cpp:77] gpu_pipeline_task: operator 'PARTITION' (id=5) output batch 0 column count mismatch: got 13, expected 10
[2026-09-08 05:53:40.827] [warning] [gpu_pipeline_task.cpp:77] gpu_pipeline_task: operator 'PARTITION' (id=5) output batch 0 column count mismatch: got 13, expected 10
[2026-09-08 05:53:40.827] [warning] [gpu_pipeline_task.cpp:77] gpu_pipeline_task: operator 'PARTITION' (id=5) output batch 0 column count mismatch: got 13, expected 10
[2026-09-08 05:53:40.827] [warning] [gpu_pipeline_task.cpp:77] gpu_pipeline_task: operator 'PARTITION' (id=5) output batch 0 column count mismatch: got 13, expected 10
[2026-09-08 05:53:40.827] [warning] [gpu_pipeline_task.cpp:77] gpu_pipeline_task: operator 'PARTITION' (id=5) output batch 0 column count mismatch: got 13, expected 10
[2026-09-08 05:53:40.828] [warning] [gpu_pipeline_task.cpp:77] gpu_pipeline_task: operator 'PARTITION' (id=5) output batch 0 column count mismatch: got 13, expected 10
[2026-09-08 05:53:40.828] [warning] [gpu_pipeline_task.cpp:77] gpu_pipeline_task: operator 'PARTITION' (id=5) output batch 0 column count mismatch: got 13, expected 10
[2026-09-08 05:53:40.828] [warning] [gpu_pipeline_task.cpp:77] gpu_pipeline_task: operator 'PARTITION' (id=5) output batch 0 column count mismatch: got 13, expected 10
[2026-09-08 05:53:40.828] [warning] [gpu_pipeline_task.cpp:77] gpu_pipeline_task: operator 'PARTITION' (id=5) output batch 0 column count mismatch: got 13, expected 10
[2026-09-08 05:53:40.828] [warning] [gpu_pipeline_task.cpp:77] gpu_pipeline_task: operator 'PARTITION' (id=5) output batch 0 column count mismatch: got 13, expected 10
[2026-09-08 05:53:40.828] [warning] [gpu_pipeline_task.cpp:77] gpu_pipeline_task: operator 'PARTITION' (id=5) output batch 0 column count mismatch: got 13, expected 10
[2026-09-08 05:53:40.828] [warning] [gpu_pipeline_task.cpp:77] gpu_pipeline_task: operator 'PARTITION' (id=5) output batch 0 column count mismatch: got 13, expected 10
[2026-09-08 05:53:40.828] [warning] [gpu_pipeline_task.cpp:77] gpu_pipeline_task: operator 'PARTITION' (id=5) output batch 0 column count mismatch: got 13, expected 10
[2026-09-08 05:53:40.828] [warning] [gpu_pipeline_task.cpp:77] gpu_pipeline_task: operator 'PARTITION' (id=5) output batch 0 column count mismatch: got 13, expected 10
[2026-09-08 05:53:40.828] [warning] [gpu_pipeline_task.cpp:77] gpu_pipeline_task: operator 'PARTITION' (id=5) output batch 0 column count mismatch: got 13, expected 10
[2026-09-08 05:53:40.828] [warning] [gpu_pipeline_task.cpp:77] gpu_pipeline_task: operator 'PARTITION' (id=5) output batch 0 column count mismatch: got 13, expected 10
[2026-09-08 05:53:40.828] [warning] [gpu_pipeline_task.cpp:77] gpu_pipeline_task: operator 'PARTITION' (id=5) output batch 0 column count mismatch: got 13, expected 10
[2026-09-08 05:53:40.828] [warning] [gpu_pipeline_task.cpp:77] gpu_pipeline_task: operator 'PARTITION' (id=5) output batch 0 column count mismatch: got 13, expected 10
[2026-09-08 05:53:40.828] [warning] [gpu_pipeline_task.cpp:77] gpu_pipeline_task: operator 'PARTITION' (id=5) output batch 0 column count mismatch: got 13, expected 10
[2026-09-08 05:53:40.828] [warning] [gpu_pipeline_task.cpp:77] gpu_pipeline_task: operator 'PARTITION' (id=5) output batch 0 column count mismatch: got 13, expected 10
[2026-09-08 05:53:40.828] [warning] [gpu_pipeline_task.cpp:77] gpu_pipeline_task: operator 'PARTITION' (id=5) output batch 0 column count mismatch: got 13, expected 10
[2026-09-08 05:53:40.828] [warning] [gpu_pipeline_task.cpp:77] gpu_pipeline_task: operator 'PARTITION' (id=5) output batch 0 column count mismatch: got 13, expected 10
[2026-09-08 05:53:40.828] [warning] [gpu_pipeline_task.cpp:77] gpu_pipeline_task: operator 'PARTITION' (id=5) output batch 0 column count mismatch: got 13, expected 10
[2026-09-08 05:53:40.828] [warning] [gpu_pipeline_task.cpp:77] gpu_pipeline_task: operator 'PARTITION' (id=5) output batch 0 column count mismatch: got 13, expected 10
[2026-09-08 05:53:40.828] [warning] [gpu_pipeline_task.cpp:77] gpu_pipeline_task: operator 'PARTITION' (id=5) output batch 0 column count mismatch: got 13, expected 10
[2026-09-08 05:53:40.828] [warning] [gpu_pipeline_task.cpp:77] gpu_pipeline_task: operator 'PARTITION' (id=5) output batch 0 column count mismatch: got 13, expected 10
[2026-09-08 05:53:40.828] [warning] [gpu_pipeline_task.cpp:77] gpu_pipeline_task: operator 'PARTITION' (id=5) output batch 0 column count mismatch: got 13, expected 10
[2026-09-08 05:53:40.828] [warning] [gpu_pipeline_task.cpp:77] gpu_pipeline_task: operator 'PARTITION' (id=5) output batch 0 column count mismatch: got 13, expected 10
[2026-09-08 05:53:40.828] [warning] [gpu_pipeline_task.cpp:77] gpu_pipeline_task: operator 'PARTITION' (id=5) output batch 0 column count mismatch: got 13, expected 10
[2026-09-08 05:53:40.828] [warning] [gpu_pipeline_task.cpp:77] gpu_pipeline_task: operator 'PARTITION' (id=5) output batch 0 column count mismatch: got 13, expected 10
[2026-09-08 05:53:40.828] [warning] [gpu_pipeline_task.cpp:77] gpu_pipeline_task: operator 'PARTITION' (id=5) output batch 0 column count mismatch: got 13, expected 10
[2026-09-08 05:53:40.828] [warning] [gpu_pipeline_task.cpp:77] gpu_pipeline_task: operator 'PARTITION' (id=5) output batch 0 column count mismatch: got 13, expected 10
[2026-09-08 05:53:40.828] [warning] [gpu_pipeline_task.cpp:77] gpu_pipeline_task: operator 'PARTITION' (id=5) output batch 0 column count mismatch: got 13, expected 10
[2026-09-08 05:53:40.828] [warning] [gpu_pipeline_task.cpp:77] gpu_pipeline_task: operator 'PARTITION' (id=5) output batch 0 column count mismatch: got 13, expected 10
[2026-09-08 05:53:40.828] [warning] [gpu_pipeline_task.cpp:77] gpu_pipeline_task: operator 'PARTITION' (id=5) output batch 0 column count mismatch: got 13, expected 10
[2026-09-08 05:53:40.828] [warning] [gpu_pipeline_task.cpp:77] gpu_pipeline_task: operator 'PARTITION' (id=5) output batch 0 column count mismatch: got 13, expected 10
[2026-09-08 05:53:40.828] [warning] [gpu_pipeline_task.cpp:77] gpu_pipeline_task: operator 'PARTITION' (id=5) output batch 0 column count mismatch: got 13, expected 10
[2026-09-08 05:53:40.828] [warning] [gpu_pipeline_task.cpp:77] gpu_pipeline_task: operator 'PARTITION' (id=5) output batch 0 column count mismatch: got 13, expected 10
[2026-09-08 05:53:40.828] [warning] [gpu_pipeline_task.cpp:77] gpu_pipeline_task: operator 'PARTITION' (id=5) output batch 0 column count mismatch: got 13, expected 10
[2026-09-08 05:53:40.828] [warning] [gpu_pipeline_task.cpp:77] gpu_pipeline_task: operator 'PARTITION' (id=5) output batch 0 column count mismatch: got 13, expected 10
[2026-09-08 05:53:40.828] [warning] [gpu_pipeline_task.cpp:77] gpu_pipeline_task: operator 'PARTITION' (id=5) output batch 0 column count mismatch: got 13, expected 10
[2026-09-08 05:53:40.828] [warning] [gpu_pipeline_task.cpp:77] gpu_pipeline_task: operator 'PARTITION' (id=5) output batch 0 column count mismatch: got 13, expected 10
[2026-09-08 05:53:40.828] [warning] [gpu_pipeline_task.cpp:77] gpu_pipeline_task: operator 'PARTITION' (id=5) output batch 0 column count mismatch: got 13, expected 10
[2026-09-08 05:53:40.828] [warning] [gpu_pipeline_task.cpp:77] gpu_pipeline_task: operator 'PARTITION' (id=5) output batch 0 column count mismatch: got 13, expected 10
[2026-09-08 05:53:40.828] [warning] [gpu_pipeline_task.cpp:77] gpu_pipeline_task: operator 'PARTITION' (id=5) output batch 0 column count mismatch: got 13, expected 10
[2026-09-08 05:53:40.828] [warning] [gpu_pipeline_task.cpp:77] gpu_pipeline_task: operator 'PARTITION' (id=5) output batch 0 column count mismatch: got 13, expected 10
[2026-09-08 05:53:40.828] [warning] [gpu_pipeline_task.cpp:77] gpu_pipeline_task: operator 'PARTITION' (id=5) output batch 0 column count mismatch: got 13, expected 10
[2026-09-08 05:53:40.828] [warning] [gpu_pipeline_task.cpp:77] gpu_pipeline_task: operator 'PARTITION' (id=5) output batch 0 column count mismatch: got 13, expected 10
[2026-09-08 05:53:40.828] [warning] [gpu_pipeline_task.cpp:77] gpu_pipeline_task: operator 'PARTITION' (id=5) output batch 0 column count mismatch: got 13, expected 10
[2026-09-08 05:53:40.828] [warning] [gpu_pipeline_task.cpp:77] gpu_pipeline_task: operator 'PARTITION' (id=5) output batch 0 column count mismatch: got 13, expected 10
[2026-09-08 05:53:40.828] [warning] [gpu_pipeline_task.cpp:77] gpu_pipeline_task: operator 'PARTITION' (id=5) output batch 0 column count mismatch: got 13, expected 10
[2026-09-08 05:53:40.828] [warning] [gpu_pipeline_task.cpp:77] gpu_pipeline_task: operator 'PARTITION' (id=5) output batch 0 column count mismatch: got 13, expected 10
[2026-09-08 05:53:40.828] [warning] [gpu_pipeline_task.cpp:77] gpu_pipeline_task: operator 'PARTITION' (id=5) output batch 0 column count mismatch: got 13, expected 10
[2026-09-08 05:53:40.828] [warning] [gpu_pipeline_task.cpp:77] gpu_pipeline_task: operator 'PARTITION' (id=5) output batch 0 column count mismatch: got 13, expected 10
[2026-09-08 05:53:40.828] [warning] [gpu_pipeline_task.cpp:77] gpu_pipeline_task: operator 'PARTITION' (id=5) output batch 0 column count mismatch: got 13, expected 10
[2026-09-08 05:53:40.828] [warning] [gpu_pipeline_task.cpp:77] gpu_pipeline_task: operator 'PARTITION' (id=5) output batch 0 column count mismatch: got 13, expected 10
[2026-09-08 05:53:40.828] [warning] [gpu_pipeline_task.cpp:77] gpu_pipeline_task: operator 'PARTITION' (id=5) output batch 0 column count mismatch: got 13, expected 10
[2026-09-08 05:53:40.828] [warning] [gpu_pipeline_task.cpp:77] gpu_pipeline_task: operator 'PARTITION' (id=5) output batch 0 column count mismatch: got 13, expected 10
[2026-09-08 05:53:40.828] [warning] [gpu_pipeline_task.cpp:77] gpu_pipeline_task: operator 'PARTITION' (id=5) output batch 0 column count mismatch: got 13, expected 10
[2026-09-08 05:53:40.828] [warning] [gpu_pipeline_task.cpp:77] gpu_pipeline_task: operator 'PARTITION' (id=5) output batch 0 column count mismatch: got 13, expected 10
[2026-09-08 05:53:40.828] [warning] [gpu_pipeline_task.cpp:77] gpu_pipeline_task: operator 'PARTITION' (id=5) output batch 0 column count mismatch: got 13, expected 10
[2026-09-08 05:53:40.828] [warning] [gpu_pipeline_task.cpp:77] gpu_pipeline_task: operator 'PARTITION' (id=5) output batch 0 column count mismatch: got 13, expected 10
[2026-09-08 05:53:40.828] [warning] [gpu_pipeline_task.cpp:77] gpu_pipeline_task: operator 'PARTITION' (id=5) output batch 0 column count mismatch: got 13, expected 10
[2026-09-08 05:53:40.828] [warning] [gpu_pipeline_task.cpp:77] gpu_pipeline_task: operator 'PARTITION' (id=5) output batch 0 column count mismatch: got 13, expected 10
[2026-09-08 05:53:40.828] [warning] [gpu_pipeline_task.cpp:77] gpu_pipeline_task: operator 'PARTITION' (id=5) output batch 0 column count mismatch: got 13, expected 10
[2026-09-08 05:53:40.828] [warning] [gpu_pipeline_task.cpp:77] gpu_pipeline_task: operator 'PARTITION' (id=5) output batch 0 column count mismatch: got 13, expected 10
[2026-09-08 05:53:40.828] [warning] [gpu_pipeline_task.cpp:77] gpu_pipeline_task: operator 'PARTITION' (id=5) output batch 0 column count mismatch: got 13, expected 10
[2026-09-08 05:53:40.828] [warning] [gpu_pipeline_task.cpp:77] gpu_pipeline_task: operator 'PARTITION' (id=5) output batch 0 column count mismatch: got 13, expected 10
[2026-09-08 05:53:40.828] [warning] [gpu_pipeline_task.cpp:77] gpu_pipeline_task: operator 'PARTITION' (id=5) output batch 0 column count mismatch: got 13, expected 10
[2026-09-08 05:53:40.828] [warning] [gpu_pipeline_task.cpp:77] gpu_pipeline_task: operator 'PARTITION' (id=5) output batch 0 column count mismatch: got 13, expected 10
[2026-09-08 05:53:40.828] [warning] [gpu_pipeline_task.cpp:77] gpu_pipeline_task: operator 'PARTITION' (id=5) output batch 0 column count mismatch: got 13, expected 10
[2026-09-08 05:53:40.828] [warning] [gpu_pipeline_task.cpp:77] gpu_pipeline_task: operator 'PARTITION' (id=5) output batch 0 column count mismatch: got 13, expected 10
[2026-09-08 05:53:40.828] [warning] [gpu_pipeline_task.cpp:77] gpu_pipeline_task: operator 'PARTITION' (id=5) output batch 0 column count mismatch: got 13, expected 10
[2026-09-08 05:53:40.828] [warning] [gpu_pipeline_task.cpp:77] gpu_pipeline_task: operator 'PARTITION' (id=5) output batch 0 column count mismatch: got 13, expected 10
[2026-09-08 05:53:40.828] [warning] [gpu_pipeline_task.cpp:77] gpu_pipeline_task: operator 'PARTITION' (id=5) output batch 0 column count mismatch: got 13, expected 10
[2026-09-08 05:53:40.829] [warning] [gpu_pipeline_task.cpp:77] gpu_pipeline_task: operator 'PARTITION' (id=5) output batch 0 column count mismatch: got 13, expected 10
[2026-09-08 05:53:40.829] [warning] [gpu_pipeline_task.cpp:77] gpu_pipeline_task: operator 'PARTITION' (id=5) output batch 0 column count mismatch: got 13, expected 10
[2026-09-08 05:53:40.829] [warning] [gpu_pipeline_task.cpp:77] gpu_pipeline_task: operator 'PARTITION' (id=5) output batch 0 column count mismatch: got 13, expected 10
[2026-09-08 05:53:40.829] [warning] [gpu_pipeline_task.cpp:77] gpu_pipeline_task: operator 'PARTITION' (id=5) output batch 0 column count mismatch: got 13, expected 10
[2026-09-08 05:53:40.829] [warning] [gpu_pipeline_task.cpp:77] gpu_pipeline_task: operator 'PARTITION' (id=5) output batch 0 column count mismatch: got 13, expected 10
[2026-09-08 05:53:40.829] [warning] [gpu_pipeline_task.cpp:77] gpu_pipeline_task: operator 'PARTITION' (id=5) output batch 0 column count mismatch: got 13, expected 10
[2026-09-08 05:53:40.829] [warning] [gpu_pipeline_task.cpp:77] gpu_pipeline_task: operator 'PARTITION' (id=5) output batch 0 column count mismatch: got 13, expected 10
[2026-09-08 05:53:40.829] [warning] [gpu_pipeline_task.cpp:77] gpu_pipeline_task: operator 'PARTITION' (id=5) output batch 0 column count mismatch: got 13, expected 10
[2026-09-08 05:53:40.829] [warning] [gpu_pipeline_task.cpp:77] gpu_pipeline_task: operator 'PARTITION' (id=5) output batch 0 column count mismatch: got 13, expected 10
[2026-09-08 05:53:40.829] [warning] [gpu_pipeline_task.cpp:77] gpu_pipeline_task: operator 'PARTITION' (id=5) output batch 0 column count mismatch: got 13, expected 10
[2026-09-08 05:53:40.829] [warning] [gpu_pipeline_task.cpp:77] gpu_pipeline_task: operator 'PARTITION' (id=5) output batch 0 column count mismatch: got 13, expected 10
[2026-09-08 05:53:40.829] [warning] [gpu_pipeline_task.cpp:77] gpu_pipeline_task: operator 'PARTITION' (id=5) output batch 0 column count mismatch: got 13, expected 10
[2026-09-08 05:53:40.829] [warning] [gpu_pipeline_task.cpp:77] gpu_pipeline_task: operator 'PARTITION' (id=5) output batch 0 column count mismatch: got 13, expected 10
[2026-09-08 05:53:40.829] [warning] [gpu_pipeline_task.cpp:77] gpu_pipeline_task: operator 'PARTITION' (id=5) output batch 0 column count mismatch: got 13, expected 10
[2026-09-08 05:53:40.829] [warning] [gpu_pipeline_task.cpp:77] gpu_pipeline_task: operator 'PARTITION' (id=5) output batch 0 column count mismatch: got 13, expected 10
[2026-09-08 05:53:40.829] [warning] [gpu_pipeline_task.cpp:77] gpu_pipeline_task: operator 'PARTITION' (id=5) output batch 0 column count mismatch: got 13, expected 10
[2026-09-08 05:53:40.829] [warning] [gpu_pipeline_task.cpp:77] gpu_pipeline_task: operator 'PARTITION' (id=5) output batch 0 column count mismatch: got 13, expected 10
[2026-09-08 05:53:40.829] [warning] [gpu_pipeline_task.cpp:77] gpu_pipeline_task: operator 'PARTITION' (id=5) output batch 0 column count mismatch: got 13, expected 10
[2026-09-08 05:53:40.829] [warning] [gpu_pipeline_task.cpp:77] gpu_pipeline_task: operator 'PARTITION' (id=5) output batch 0 column count mismatch: got 13, expected 10
[2026-09-08 05:53:40.829] [warning] [gpu_pipeline_task.cpp:77] gpu_pipeline_task: operator 'PARTITION' (id=5) output batch 0 column count mismatch: got 13, expected 10
[2026-09-08 05:53:40.829] [warning] [gpu_pipeline_task.cpp:77] gpu_pipeline_task: operator 'PARTITION' (id=5) output batch 0 column count mismatch: got 13, expected 10
[2026-09-08 05:53:40.829] [warning] [gpu_pipeline_task.cpp:77] gpu_pipeline_task: operator 'PARTITION' (id=5) output batch 0 column count mismatch: got 13, expected 10
[2026-09-08 05:53:40.829] [warning] [gpu_pipeline_task.cpp:77] gpu_pipeline_task: operator 'PARTITION' (id=5) output batch 0 column count mismatch: got 13, expected 10
[2026-09-08 05:53:40.829] [warning] [gpu_pipeline_task.cpp:77] gpu_pipeline_task: operator 'PARTITION' (id=5) output batch 0 column count mismatch: got 13, expected 10
[2026-09-08 05:53:40.829] [warning] [gpu_pipeline_task.cpp:77] gpu_pipeline_task: operator 'PARTITION' (id=5) output batch 0 column count mismatch: got 13, expected 10
[2026-09-08 05:53:40.829] [warning] [gpu_pipeline_task.cpp:77] gpu_pipeline_task: operator 'PARTITION' (id=5) output batch 0 column count mismatch: got 13, expected 10
[2026-09-08 05:53:40.829] [warning] [gpu_pipeline_task.cpp:77] gpu_pipeline_task: operator 'PARTITION' (id=5) output batch 0 column count mismatch: got 13, expected 10
[2026-09-08 05:53:40.829] [warning] [gpu_pipeline_task.cpp:77] gpu_pipeline_task: operator 'PARTITION' (id=5) output batch 0 column count mismatch: got 13, expected 10
[2026-09-08 05:53:40.829] [warning] [gpu_pipeline_task.cpp:77] gpu_pipeline_task: operator 'PARTITION' (id=5) output batch 0 column count mismatch: got 13, expected 10
[2026-09-08 05:53:40.829] [warning] [gpu_pipeline_task.cpp:77] gpu_pipeline_task: operator 'PARTITION' (id=5) output batch 0 column count mismatch: got 13, expected 10
[2026-09-08 05:53:40.829] [warning] [gpu_pipeline_task.cpp:77] gpu_pipeline_task: operator 'PARTITION' (id=5) output batch 0 column count mismatch: got 13, expected 10
[2026-09-08 05:53:40.829] [warning] [gpu_pipeline_task.cpp:77] gpu_pipeline_task: operator 'PARTITION' (id=5) output batch 0 column count mismatch: got 13, expected 10
[2026-09-08 05:53:40.829] [warning] [gpu_pipeline_task.cpp:77] gpu_pipeline_task: operator 'PARTITION' (id=5) output batch 0 column count mismatch: got 13, expected 10
[2026-09-08 05:53:40.829] [warning] [gpu_pipeline_task.cpp:77] gpu_pipeline_task: operator 'PARTITION' (id=5) output batch 0 column count mismatch: got 13, expected 10
[2026-09-08 05:53:40.829] [warning] [gpu_pipeline_task.cpp:77] gpu_pipeline_task: operator 'PARTITION' (id=5) output batch 0 column count mismatch: got 13, expected 10
[2026-09-08 05:53:40.829] [warning] [gpu_pipeline_task.cpp:77] gpu_pipeline_task: operator 'PARTITION' (id=5) output batch 0 column count mismatch: got 13, expected 10
[2026-09-08 05:53:40.829] [warning] [gpu_pipeline_task.cpp:77] gpu_pipeline_task: operator 'PARTITION' (id=5) output batch 0 column count mismatch: got 13, expected 10
[2026-09-08 05:53:40.829] [warning] [gpu_pipeline_task.cpp:77] gpu_pipeline_task: operator 'PARTITION' (id=5) output batch 0 column count mismatch: got 13, expected 10
[2026-09-08 05:53:40.829] [warning] [gpu_pipeline_task.cpp:77] gpu_pipeline_task: operator 'PARTITION' (id=5) output batch 0 column count mismatch: got 13, expected 10
[2026-09-08 05:53:40.829] [warning] [gpu_pipeline_task.cpp:77] gpu_pipeline_task: operator 'PARTITION' (id=5) output batch 0 column count mismatch: got 13, expected 10
[2026-09-08 05:53:40.829] [warning] [gpu_pipeline_task.cpp:77] gpu_pipeline_task: operator 'PARTITION' (id=5) output batch 0 column count mismatch: got 13, expected 10
[2026-09-08 05:53:40.829] [warning] [gpu_pipeline_task.cpp:77] gpu_pipeline_task: operator 'PARTITION' (id=5) output batch 0 column count mismatch: got 13, expected 10
[2026-09-08 05:53:40.829] [warning] [gpu_pipeline_task.cpp:77] gpu_pipeline_task: operator 'PARTITION' (id=5) output batch 0 column count mismatch: got 13, expected 10
[2026-09-08 05:53:40.829] [warning] [gpu_pipeline_task.cpp:77] gpu_pipeline_task: operator 'PARTITION' (id=5) output batch 0 column count mismatch: got 13, expected 10
[2026-09-08 05:53:40.829] [warning] [gpu_pipeline_task.cpp:77] gpu_pipeline_task: operator 'PARTITION' (id=5) output batch 0 column count mismatch: got 13, expected 10
[2026-09-08 05:53:40.829] [warning] [gpu_pipeline_task.cpp:77] gpu_pipeline_task: operator 'PARTITION' (id=5) output batch 0 column count mismatch: got 13, expected 10
[2026-09-08 05:53:40.829] [warning] [gpu_pipeline_task.cpp:77] gpu_pipeline_task: operator 'PARTITION' (id=5) output batch 0 column count mismatch: got 13, expected 10
[2026-09-08 05:53:40.829] [warning] [gpu_pipeline_task.cpp:77] gpu_pipeline_task: operator 'PARTITION' (id=5) output batch 0 column count mismatch: got 13, expected 10
[2026-09-08 05:53:40.829] [warning] [gpu_pipeline_task.cpp:77] gpu_pipeline_task: operator 'PARTITION' (id=5) output batch 0 column count mismatch: got 13, expected 10
[2026-09-08 05:53:40.829] [warning] [gpu_pipeline_task.cpp:77] gpu_pipeline_task: operator 'PARTITION' (id=5) output batch 0 column count mismatch: got 13, expected 10
[2026-09-08 05:53:40.829] [warning] [gpu_pipeline_task.cpp:77] gpu_pipeline_task: operator 'PARTITION' (id=5) output batch 0 column count mismatch: got 13, expected 10
[2026-09-08 05:53:40.829] [warning] [gpu_pipeline_task.cpp:77] gpu_pipeline_task: operator 'PARTITION' (id=5) output batch 0 column count mismatch: got 13, expected 10
[2026-09-08 05:53:40.829] [warning] [gpu_pipeline_task.cpp:77] gpu_pipeline_task: operator 'PARTITION' (id=5) output batch 0 column count mismatch: got 13, expected 10
[2026-09-08 05:53:40.829] [warning] [gpu_pipeline_task.cpp:77] gpu_pipeline_task: operator 'PARTITION' (id=5) output batch 0 column count mismatch: got 13, expected 10
[2026-09-08 05:53:40.829] [warning] [gpu_pipeline_task.cpp:77] gpu_pipeline_task: operator 'PARTITION' (id=5) output batch 0 column count mismatch: got 13, expected 10
[2026-09-08 05:53:40.829] [warning] [gpu_pipeline_task.cpp:77] gpu_pipeline_task: operator 'PARTITION' (id=5) output batch 0 column count mismatch: got 13, expected 10
[2026-09-08 05:53:40.829] [warning] [gpu_pipeline_task.cpp:77] gpu_pipeline_task: operator 'PARTITION' (id=5) output batch 0 column count mismatch: got 13, expected 10
[2026-09-08 05:53:40.829] [warning] [gpu_pipeline_task.cpp:77] gpu_pipeline_task: operator 'PARTITION' (id=5) output batch 0 column count mismatch: got 13, expected 10
[2026-09-08 05:53:40.829] [warning] [gpu_pipeline_task.cpp:77] gpu_pipeline_task: operator 'PARTITION' (id=5) output batch 0 column count mismatch: got 13, expected 10
[2026-09-08 05:53:40.829] [warning] [gpu_pipeline_task.cpp:77] gpu_pipeline_task: operator 'PARTITION' (id=5) output batch 0 column count mismatch: got 13, expected 10
[2026-09-08 05:53:40.829] [warning] [gpu_pipeline_task.cpp:77] gpu_pipeline_task: operator 'PARTITION' (id=5) output batch 0 column count mismatch: got 13, expected 10
[2026-09-08 05:53:40.829] [warning] [gpu_pipeline_task.cpp:77] gpu_pipeline_task: operator 'PARTITION' (id=5) output batch 0 column count mismatch: got 13, expected 10
[2026-09-08 05:53:40.829] [warning] [gpu_pipeline_task.cpp:77] gpu_pipeline_task: operator 'PARTITION' (id=5) output batch 0 column count mismatch: got 13, expected 10
[2026-09-08 05:53:40.829] [warning] [gpu_pipeline_task.cpp:77] gpu_pipeline_task: operator 'PARTITION' (id=5) output batch 0 column count mismatch: got 13, expected 10
[2026-09-08 05:53:40.829] [warning] [gpu_pipeline_task.cpp:77] gpu_pipeline_task: operator 'PARTITION' (id=5) output batch 0 column count mismatch: got 13, expected 10
[2026-09-08 05:53:40.829] [warning] [gpu_pipeline_task.cpp:77] gpu_pipeline_task: operator 'PARTITION' (id=5) output batch 0 column count mismatch: got 13, expected 10
[2026-09-08 05:53:40.829] [warning] [gpu_pipeline_task.cpp:77] gpu_pipeline_task: operator 'PARTITION' (id=5) output batch 0 column count mismatch: got 13, expected 10
[2026-09-08 05:53:40.829] [warning] [gpu_pipeline_task.cpp:77] gpu_pipeline_task: operator 'PARTITION' (id=5) output batch 0 column count mismatch: got 13, expected 10
[2026-09-08 05:53:40.830] [warning] [gpu_pipeline_task.cpp:77] gpu_pipeline_task: operator 'PARTITION' (id=5) output batch 0 column count mismatch: got 13, expected 10
[2026-09-08 05:53:40.830] [warning] [gpu_pipeline_task.cpp:77] gpu_pipeline_task: operator 'PARTITION' (id=5) output batch 0 column count mismatch: got 13, expected 10
[2026-09-08 05:53:40.830] [warning] [gpu_pipeline_task.cpp:77] gpu_pipeline_task: operator 'PARTITION' (id=5) output batch 0 column count mismatch: got 13, expected 10
[2026-09-08 05:53:40.830] [warning] [gpu_pipeline_task.cpp:77] gpu_pipeline_task: operator 'PARTITION' (id=5) output batch 0 column count mismatch: got 13, expected 10
[2026-09-08 05:53:40.830] [warning] [gpu_pipeline_task.cpp:77] gpu_pipeline_task: operator 'PARTITION' (id=5) output batch 0 column count mismatch: got 13, expected 10
[2026-09-08 05:53:40.830] [warning] [gpu_pipeline_task.cpp:77] gpu_pipeline_task: operator 'PARTITION' (id=5) output batch 0 column count mismatch: got 13, expected 10
[2026-09-08 05:53:40.830] [warning] [gpu_pipeline_task.cpp:77] gpu_pipeline_task: operator 'PARTITION' (id=5) output batch 0 column count mismatch: got 13, expected 10
[2026-09-08 05:53:40.830] [warning] [gpu_pipeline_task.cpp:77] gpu_pipeline_task: operator 'PARTITION' (id=5) output batch 0 column count mismatch: got 13, expected 10
[2026-09-08 05:53:40.830] [warning] [gpu_pipeline_task.cpp:77] gpu_pipeline_task: operator 'PARTITION' (id=5) output batch 0 column count mismatch: got 13, expected 10
[2026-09-08 05:53:40.830] [warning] [gpu_pipeline_task.cpp:77] gpu_pipeline_task: operator 'PARTITION' (id=5) output batch 0 column count mismatch: got 13, expected 10
[2026-09-08 05:53:40.830] [warning] [gpu_pipeline_task.cpp:77] gpu_pipeline_task: operator 'PARTITION' (id=5) output batch 0 column count mismatch: got 13, expected 10
[2026-09-08 05:53:40.830] [warning] [gpu_pipeline_task.cpp:77] gpu_pipeline_task: operator 'PARTITION' (id=5) output batch 0 column count mismatch: got 13, expected 10
[2026-09-08 05:53:40.830] [warning] [gpu_pipeline_task.cpp:77] gpu_pipeline_task: operator 'PARTITION' (id=5) output batch 0 column count mismatch: got 13, expected 10
[2026-09-08 05:53:40.830] [warning] [gpu_pipeline_task.cpp:77] gpu_pipeline_task: operator 'PARTITION' (id=5) output batch 0 column count mismatch: got 13, expected 10
[2026-09-08 05:53:40.830] [warning] [gpu_pipeline_task.cpp:77] gpu_pipeline_task: operator 'PARTITION' (id=5) output batch 0 column count mismatch: got 13, expected 10
[2026-09-08 05:53:40.830] [warning] [gpu_pipeline_task.cpp:77] gpu_pipeline_task: operator 'PARTITION' (id=5) output batch 0 column count mismatch: got 13, expected 10
[2026-09-08 05:53:40.830] [warning] [gpu_pipeline_task.cpp:77] gpu_pipeline_task: operator 'PARTITION' (id=5) output batch 0 column count mismatch: got 13, expected 10
[2026-09-08 05:53:40.830] [warning] [gpu_pipeline_task.cpp:77] gpu_pipeline_task: operator 'PARTITION' (id=5) output batch 0 column count mismatch: got 13, expected 10
[2026-09-08 05:53:40.830] [warning] [gpu_pipeline_task.cpp:77] gpu_pipeline_task: operator 'PARTITION' (id=5) output batch 0 column count mismatch: got 13, expected 10
[2026-09-08 05:53:40.830] [warning] [gpu_pipeline_task.cpp:77] gpu_pipeline_task: operator 'PARTITION' (id=5) output batch 0 column count mismatch: got 13, expected 10
[2026-09-08 05:53:40.830] [warning] [gpu_pipeline_task.cpp:77] gpu_pipeline_task: operator 'PARTITION' (id=5) output batch 0 column count mismatch: got 13, expected 10
[2026-09-08 05:53:40.830] [warning] [gpu_pipeline_task.cpp:77] gpu_pipeline_task: operator 'PARTITION' (id=5) output batch 0 column count mismatch: got 13, expected 10
[2026-09-08 05:53:40.830] [warning] [gpu_pipeline_task.cpp:77] gpu_pipeline_task: operator 'PARTITION' (id=5) output batch 0 column count mismatch: got 13, expected 10
[2026-09-08 05:53:40.830] [warning] [gpu_pipeline_task.cpp:77] gpu_pipeline_task: operator 'PARTITION' (id=5) output batch 0 column count mismatch: got 13, expected 10
[2026-09-08 05:53:40.830] [warning] [gpu_pipeline_task.cpp:77] gpu_pipeline_task: operator 'PARTITION' (id=5) output batch 0 column count mismatch: got 13, expected 10
[2026-09-08 05:53:40.830] [warning] [gpu_pipeline_task.cpp:77] gpu_pipeline_task: operator 'PARTITION' (id=5) output batch 0 column count mismatch: got 13, expected 10
[2026-09-08 05:53:40.830] [warning] [gpu_pipeline_task.cpp:77] gpu_pipeline_task: operator 'PARTITION' (id=5) output batch 0 column count mismatch: got 13, expected 10
[2026-09-08 05:53:40.830] [warning] [gpu_pipeline_task.cpp:77] gpu_pipeline_task: operator 'PARTITION' (id=5) output batch 0 column count mismatch: got 13, expected 10
[2026-09-08 05:53:40.830] [warning] [gpu_pipeline_task.cpp:77] gpu_pipeline_task: operator 'PARTITION' (id=5) output batch 0 column count mismatch: got 13, expected 10
[2026-09-08 05:53:40.830] [warning] [gpu_pipeline_task.cpp:77] gpu_pipeline_task: operator 'PARTITION' (id=5) output batch 0 column count mismatch: got 13, expected 10
[2026-09-08 05:53:40.830] [warning] [gpu_pipeline_task.cpp:77] gpu_pipeline_task: operator 'PARTITION' (id=5) output batch 0 column count mismatch: got 13, expected 10
[2026-09-08 05:53:40.830] [warning] [gpu_pipeline_task.cpp:77] gpu_pipeline_task: operator 'PARTITION' (id=5) output batch 0 column count mismatch: got 13, expected 10
[2026-09-08 05:53:40.830] [warning] [gpu_pipeline_task.cpp:77] gpu_pipeline_task: operator 'PARTITION' (id=5) output batch 0 column count mismatch: got 13, expected 10
[2026-09-08 05:53:40.830] [warning] [gpu_pipeline_task.cpp:77] gpu_pipeline_task: operator 'PARTITION' (id=5) output batch 0 column count mismatch: got 13, expected 10
[2026-09-08 05:53:40.830] [warning] [gpu_pipeline_task.cpp:77] gpu_pipeline_task: operator 'PARTITION' (id=5) output batch 0 column count mismatch: got 13, expected 10
[2026-09-08 05:53:40.830] [warning] [gpu_pipeline_task.cpp:77] gpu_pipeline_task: operator 'PARTITION' (id=5) output batch 0 column count mismatch: got 13, expected 10
[2026-09-08 05:53:40.830] [warning] [gpu_pipeline_task.cpp:77] gpu_pipeline_task: operator 'PARTITION' (id=5) output batch 0 column count mismatch: got 13, expected 10
[2026-09-08 05:53:40.830] [warning] [gpu_pipeline_task.cpp:77] gpu_pipeline_task: operator 'PARTITION' (id=5) output batch 0 column count mismatch: got 13, expected 10
[2026-09-08 05:53:40.830] [warning] [gpu_pipeline_task.cpp:77] gpu_pipeline_task: operator 'PARTITION' (id=5) output batch 0 column count mismatch: got 13, expected 10
[2026-09-08 05:53:40.830] [warning] [gpu_pipeline_task.cpp:77] gpu_pipeline_task: operator 'PARTITION' (id=5) output batch 0 column count mismatch: got 13, expected 10
[2026-09-08 05:53:40.830] [warning] [gpu_pipeline_task.cpp:77] gpu_pipeline_task: operator 'PARTITION' (id=5) output batch 0 column count mismatch: got 13, expected 10
[2026-09-08 05:53:40.830] [warning] [gpu_pipeline_task.cpp:77] gpu_pipeline_task: operator 'PARTITION' (id=5) output batch 0 column count mismatch: got 13, expected 10
[2026-09-08 05:53:40.830] [warning] [gpu_pipeline_task.cpp:77] gpu_pipeline_task: operator 'PARTITION' (id=5) output batch 0 column count mismatch: got 13, expected 10
[2026-09-08 05:53:40.830] [warning] [gpu_pipeline_task.cpp:77] gpu_pipeline_task: operator 'PARTITION' (id=5) output batch 0 column count mismatch: got 13, expected 10
[2026-09-08 05:53:40.830] [warning] [gpu_pipeline_task.cpp:77] gpu_pipeline_task: operator 'PARTITION' (id=5) output batch 0 column count mismatch: got 13, expected 10
[2026-09-08 05:53:40.830] [warning] [gpu_pipeline_task.cpp:77] gpu_pipeline_task: operator 'PARTITION' (id=5) output batch 0 column count mismatch: got 13, expected 10
[2026-09-08 05:53:40.830] [warning] [gpu_pipeline_task.cpp:77] gpu_pipeline_task: operator 'PARTITION' (id=5) output batch 0 column count mismatch: got 13, expected 10
[2026-09-08 05:53:40.830] [warning] [gpu_pipeline_task.cpp:77] gpu_pipeline_task: operator 'PARTITION' (id=5) output batch 0 column count mismatch: got 13, expected 10
[2026-09-08 05:53:40.830] [warning] [gpu_pipeline_task.cpp:77] gpu_pipeline_task: operator 'PARTITION' (id=5) output batch 0 column count mismatch: got 13, expected 10
[2026-09-08 05:53:40.830] [warning] [gpu_pipeline_task.cpp:77] gpu_pipeline_task: operator 'PARTITION' (id=5) output batch 0 column count mismatch: got 13, expected 10
[2026-09-08 05:53:40.830] [warning] [gpu_pipeline_task.cpp:77] gpu_pipeline_task: operator 'PARTITION' (id=5) output batch 0 column count mismatch: got 13, expected 10
[2026-09-08 05:53:40.830] [warning] [gpu_pipeline_task.cpp:77] gpu_pipeline_task: operator 'PARTITION' (id=5) output batch 0 column count mismatch: got 13, expected 10
[2026-09-08 05:53:40.830] [warning] [gpu_pipeline_task.cpp:77] gpu_pipeline_task: operator 'PARTITION' (id=5) output batch 0 column count mismatch: got 13, expected 10
[2026-09-08 05:53:40.830] [warning] [gpu_pipeline_task.cpp:77] gpu_pipeline_task: operator 'PARTITION' (id=5) output batch 0 column count mismatch: got 13, expected 10
[2026-09-08 05:53:40.830] [warning] [gpu_pipeline_task.cpp:77] gpu_pipeline_task: operator 'PARTITION' (id=5) output batch 0 column count mismatch: got 13, expected 10
[2026-09-08 05:53:40.830] [warning] [gpu_pipeline_task.cpp:77] gpu_pipeline_task: operator 'PARTITION' (id=5) output batch 0 column count mismatch: got 13, expected 10
[2026-09-08 05:53:40.830] [warning] [gpu_pipeline_task.cpp:77] gpu_pipeline_task: operator 'PARTITION' (id=5) output batch 0 column count mismatch: got 13, expected 10
[2026-09-08 05:53:40.830] [warning] [gpu_pipeline_task.cpp:77] gpu_pipeline_task: operator 'PARTITION' (id=5) output batch 0 column count mismatch: got 13, expected 10
[2026-09-08 05:53:40.830] [warning] [gpu_pipeline_task.cpp:77] gpu_pipeline_task: operator 'PARTITION' (id=5) output batch 0 column count mismatch: got 13, expected 10
[2026-09-08 05:53:40.830] [warning] [gpu_pipeline_task.cpp:77] gpu_pipeline_task: operator 'PARTITION' (id=5) output batch 0 column count mismatch: got 13, expected 10
[2026-09-08 05:53:40.830] [warning] [gpu_pipeline_task.cpp:77] gpu_pipeline_task: operator 'PARTITION' (id=5) output batch 0 column count mismatch: got 13, expected 10
[2026-09-08 05:53:40.830] [warning] [gpu_pipeline_task.cpp:77] gpu_pipeline_task: operator 'PARTITION' (id=5) output batch 0 column count mismatch: got 13, expected 10
[2026-09-08 05:53:40.830] [warning] [gpu_pipeline_task.cpp:77] gpu_pipeline_task: operator 'PARTITION' (id=5) output batch 0 column count mismatch: got 13, expected 10
[2026-09-08 05:53:40.830] [warning] [gpu_pipeline_task.cpp:77] gpu_pipeline_task: operator 'PARTITION' (id=5) output batch 0 column count mismatch: got 13, expected 10
[2026-09-08 05:53:40.830] [warning] [gpu_pipeline_task.cpp:77] gpu_pipeline_task: operator 'PARTITION' (id=5) output batch 0 column count mismatch: got 13, expected 10
[2026-09-08 05:53:40.830] [warning] [gpu_pipeline_task.cpp:77] gpu_pipeline_task: operator 'PARTITION' (id=5) output batch 0 column count mismatch: got 13, expected 10
[2026-09-08 05:53:40.830] [warning] [gpu_pipeline_task.cpp:77] gpu_pipeline_task: operator 'PARTITION' (id=5) output batch 0 column count mismatch: got 13, expected 10
[2026-09-08 05:53:40.830] [warning] [gpu_pipeline_task.cpp:77] gpu_pipeline_task: operator 'PARTITION' (id=5) output batch 0 column count mismatch: got 13, expected 10
[2026-09-08 05:53:40.830] [warning] [gpu_pipeline_task.cpp:77] gpu_pipeline_task: operator 'PARTITION' (id=5) output batch 0 column count mismatch: got 13, expected 10
[2026-09-08 05:53:40.830] [warning] [gpu_pipeline_task.cpp:77] gpu_pipeline_task: operator 'PARTITION' (id=5) output batch 0 column count mismatch: got 13, expected 10
[2026-09-08 05:53:40.830] [warning] [gpu_pipeline_task.cpp:77] gpu_pipeline_task: operator 'PARTITION' (id=5) output batch 0 column count mismatch: got 13, expected 10
[2026-09-08 05:53:40.830] [warning] [gpu_pipeline_task.cpp:77] gpu_pipeline_task: operator 'PARTITION' (id=5) output batch 0 column count mismatch: got 13, expected 10
[2026-09-08 05:53:40.830] [warning] [gpu_pipeline_task.cpp:77] gpu_pipeline_task: operator 'PARTITION' (id=5) output batch 0 column count mismatch: got 13, expected 10
[2026-09-08 05:53:40.830] [warning] [gpu_pipeline_task.cpp:77] gpu_pipeline_task: operator 'PARTITION' (id=5) output batch 0 column count mismatch: got 13, expected 10
[2026-09-08 05:53:40.831] [warning] [gpu_pipeline_task.cpp:77] gpu_pipeline_task: operator 'PARTITION' (id=5) output batch 0 column count mismatch: got 13, expected 10
[2026-09-08 05:53:40.831] [warning] [gpu_pipeline_task.cpp:77] gpu_pipeline_task: operator 'PARTITION' (id=5) output batch 0 column count mismatch: got 13, expected 10
[2026-09-08 05:53:40.831] [warning] [gpu_pipeline_task.cpp:77] gpu_pipeline_task: operator 'PARTITION' (id=5) output batch 0 column count mismatch: got 13, expected 10
[2026-09-08 05:53:40.831] [warning] [gpu_pipeline_task.cpp:77] gpu_pipeline_task: operator 'PARTITION' (id=5) output batch 0 column count mismatch: got 13, expected 10
[2026-09-08 05:53:40.831] [warning] [gpu_pipeline_task.cpp:77] gpu_pipeline_task: operator 'PARTITION' (id=5) output batch 0 column count mismatch: got 13, expected 10
[2026-09-08 05:53:40.831] [warning] [gpu_pipeline_task.cpp:77] gpu_pipeline_task: operator 'PARTITION' (id=5) output batch 0 column count mismatch: got 13, expected 10
[2026-09-08 05:53:40.831] [warning] [gpu_pipeline_task.cpp:77] gpu_pipeline_task: operator 'PARTITION' (id=5) output batch 0 column count mismatch: got 13, expected 10
[2026-09-08 05:53:40.831] [warning] [gpu_pipeline_task.cpp:77] gpu_pipeline_task: operator 'PARTITION' (id=5) output batch 0 column count mismatch: got 13, expected 10
[2026-09-08 05:53:40.831] [warning] [gpu_pipeline_task.cpp:77] gpu_pipeline_task: operator 'PARTITION' (id=5) output batch 0 column count mismatch: got 13, expected 10
[2026-09-08 05:53:40.831] [warning] [gpu_pipeline_task.cpp:77] gpu_pipeline_task: operator 'PARTITION' (id=5) output batch 0 column count mismatch: got 13, expected 10
[2026-09-08 05:53:40.831] [warning] [gpu_pipeline_task.cpp:77] gpu_pipeline_task: operator 'PARTITION' (id=5) output batch 0 column count mismatch: got 13, expected 10
[2026-09-08 05:53:40.831] [warning] [gpu_pipeline_task.cpp:77] gpu_pipeline_task: operator 'PARTITION' (id=5) output batch 0 column count mismatch: got 13, expected 10
[2026-09-08 05:53:40.831] [warning] [gpu_pipeline_task.cpp:77] gpu_pipeline_task: operator 'PARTITION' (id=5) output batch 0 column count mismatch: got 13, expected 10
[2026-09-08 05:53:40.831] [warning] [gpu_pipeline_task.cpp:77] gpu_pipeline_task: operator 'PARTITION' (id=5) output batch 0 column count mismatch: got 13, expected 10
[2026-09-08 05:53:40.831] [warning] [gpu_pipeline_task.cpp:77] gpu_pipeline_task: operator 'PARTITION' (id=5) output batch 0 column count mismatch: got 13, expected 10
[2026-09-08 05:53:40.831] [warning] [gpu_pipeline_task.cpp:77] gpu_pipeline_task: operator 'PARTITION' (id=5) output batch 0 column count mismatch: got 13, expected 10
[2026-09-08 05:53:40.831] [warning] [gpu_pipeline_task.cpp:77] gpu_pipeline_task: operator 'PARTITION' (id=5) output batch 0 column count mismatch: got 13, expected 10
[2026-09-08 05:53:40.831] [warning] [gpu_pipeline_task.cpp:77] gpu_pipeline_task: operator 'PARTITION' (id=5) output batch 0 column count mismatch: got 13, expected 10
[2026-09-08 05:53:40.831] [warning] [gpu_pipeline_task.cpp:77] gpu_pipeline_task: operator 'PARTITION' (id=5) output batch 0 column count mismatch: got 13, expected 10
[2026-09-08 05:53:40.831] [warning] [gpu_pipeline_task.cpp:77] gpu_pipeline_task: operator 'PARTITION' (id=5) output batch 0 column count mismatch: got 13, expected 10
[2026-09-08 05:53:40.831] [warning] [gpu_pipeline_task.cpp:77] gpu_pipeline_task: operator 'PARTITION' (id=5) output batch 0 column count mismatch: got 13, expected 10
[2026-09-08 05:53:40.831] [warning] [gpu_pipeline_task.cpp:77] gpu_pipeline_task: operator 'PARTITION' (id=5) output batch 0 column count mismatch: got 13, expected 10
[2026-09-08 05:53:40.831] [warning] [gpu_pipeline_task.cpp:77] gpu_pipeline_task: operator 'PARTITION' (id=5) output batch 0 column count mismatch: got 13, expected 10
[2026-09-08 05:53:40.831] [warning] [gpu_pipeline_task.cpp:77] gpu_pipeline_task: operator 'PARTITION' (id=5) output batch 0 column count mismatch: got 13, expected 10
[2026-09-08 05:53:40.831] [warning] [gpu_pipeline_task.cpp:77] gpu_pipeline_task: operator 'PARTITION' (id=5) output batch 0 column count mismatch: got 13, expected 10
[2026-09-08 05:53:40.831] [warning] [gpu_pipeline_task.cpp:77] gpu_pipeline_task: operator 'PARTITION' (id=5) output batch 0 column count mismatch: got 13, expected 10
[2026-09-08 05:53:40.831] [warning] [gpu_pipeline_task.cpp:77] gpu_pipeline_task: operator 'PARTITION' (id=5) output batch 0 column count mismatch: got 13, expected 10
[2026-09-08 05:53:40.831] [warning] [gpu_pipeline_task.cpp:77] gpu_pipeline_task: operator 'PARTITION' (id=5) output batch 0 column count mismatch: got 13, expected 10
[2026-09-08 05:53:40.831] [warning] [gpu_pipeline_task.cpp:77] gpu_pipeline_task: operator 'PARTITION' (id=5) output batch 0 column count mismatch: got 13, expected 10
[2026-09-08 05:53:40.831] [warning] [gpu_pipeline_task.cpp:77] gpu_pipeline_task: operator 'PARTITION' (id=5) output batch 0 column count mismatch: got 13, expected 10
[2026-09-08 05:53:40.831] [warning] [gpu_pipeline_task.cpp:77] gpu_pipeline_task: operator 'PARTITION' (id=5) output batch 0 column count mismatch: got 13, expected 10
[2026-09-08 05:53:40.831] [warning] [gpu_pipeline_task.cpp:77] gpu_pipeline_task: operator 'PARTITION' (id=5) output batch 0 column count mismatch: got 13, expected 10
[2026-09-08 05:53:40.831] [warning] [gpu_pipeline_task.cpp:77] gpu_pipeline_task: operator 'PARTITION' (id=5) output batch 0 column count mismatch: got 13, expected 10
[2026-09-08 05:53:40.831] [warning] [gpu_pipeline_task.cpp:77] gpu_pipeline_task: operator 'PARTITION' (id=5) output batch 0 column count mismatch: got 13, expected 10
[2026-09-08 05:53:40.831] [warning] [gpu_pipeline_task.cpp:77] gpu_pipeline_task: operator 'PARTITION' (id=5) output batch 0 column count mismatch: got 13, expected 10
[2026-09-08 05:53:40.831] [warning] [gpu_pipeline_task.cpp:77] gpu_pipeline_task: operator 'PARTITION' (id=5) output batch 0 column count mismatch: got 13, expected 10
[2026-09-08 05:53:40.831] [warning] [gpu_pipeline_task.cpp:77] gpu_pipeline_task: operator 'PARTITION' (id=5) output batch 0 column count mismatch: got 13, expected 10
[2026-09-08 05:53:40.831] [warning] [gpu_pipeline_task.cpp:77] gpu_pipeline_task: operator 'PARTITION' (id=5) output batch 0 column count mismatch: got 13, expected 10
[2026-09-08 05:53:40.831] [warning] [gpu_pipeline_task.cpp:77] gpu_pipeline_task: operator 'PARTITION' (id=5) output batch 0 column count mismatch: got 13, expected 10
[2026-09-08 05:53:40.831] [warning] [gpu_pipeline_task.cpp:77] gpu_pipeline_task: operator 'PARTITION' (id=5) output batch 0 column count mismatch: got 13, expected 10
[2026-09-08 05:53:40.831] [warning] [gpu_pipeline_task.cpp:77] gpu_pipeline_task: operator 'PARTITION' (id=5) output batch 0 column count mismatch: got 13, expected 10
[2026-09-08 05:53:40.831] [warning] [gpu_pipeline_task.cpp:77] gpu_pipeline_task: operator 'PARTITION' (id=5) output batch 0 column count mismatch: got 13, expected 10
[2026-09-08 05:53:40.831] [warning] [gpu_pipeline_task.cpp:77] gpu_pipeline_task: operator 'PARTITION' (id=5) output batch 0 column count mismatch: got 13, expected 10
[2026-09-08 05:53:40.831] [warning] [gpu_pipeline_task.cpp:77] gpu_pipeline_task: operator 'PARTITION' (id=5) output batch 0 column count mismatch: got 13, expected 10
[2026-09-08 05:53:40.831] [warning] [gpu_pipeline_task.cpp:77] gpu_pipeline_task: operator 'PARTITION' (id=5) output batch 0 column count mismatch: got 13, expected 10
[2026-09-08 05:53:40.831] [warning] [gpu_pipeline_task.cpp:77] gpu_pipeline_task: operator 'PARTITION' (id=5) output batch 0 column count mismatch: got 13, expected 10
[2026-09-08 05:53:40.831] [warning] [gpu_pipeline_task.cpp:77] gpu_pipeline_task: operator 'PARTITION' (id=5) output batch 0 column count mismatch: got 13, expected 10
[2026-09-08 05:53:40.831] [warning] [gpu_pipeline_task.cpp:77] gpu_pipeline_task: operator 'PARTITION' (id=5) output batch 0 column count mismatch: got 13, expected 10
[2026-09-08 05:53:40.831] [warning] [gpu_pipeline_task.cpp:77] gpu_pipeline_task: operator 'PARTITION' (id=5) output batch 0 column count mismatch: got 13, expected 10
[2026-09-08 05:53:40.831] [warning] [gpu_pipeline_task.cpp:77] gpu_pipeline_task: operator 'PARTITION' (id=5) output batch 0 column count mismatch: got 13, expected 10
[2026-09-08 05:53:40.831] [warning] [gpu_pipeline_task.cpp:77] gpu_pipeline_task: operator 'PARTITION' (id=5) output batch 0 column count mismatch: got 13, expected 10
[2026-09-08 05:53:40.831] [warning] [gpu_pipeline_task.cpp:77] gpu_pipeline_task: operator 'PARTITION' (id=5) output batch 0 column count mismatch: got 13, expected 10
[2026-09-08 05:53:40.831] [warning] [gpu_pipeline_task.cpp:77] gpu_pipeline_task: operator 'PARTITION' (id=5) output batch 0 column count mismatch: got 13, expected 10
[2026-09-08 05:53:40.831] [warning] [gpu_pipeline_task.cpp:77] gpu_pipeline_task: operator 'PARTITION' (id=5) output batch 0 column count mismatch: got 13, expected 10
[2026-09-08 05:53:40.831] [warning] [gpu_pipeline_task.cpp:77] gpu_pipeline_task: operator 'PARTITION' (id=5) output batch 0 column count mismatch: got 13, expected 10
[2026-09-08 05:53:40.831] [warning] [gpu_pipeline_task.cpp:77] gpu_pipeline_task: operator 'PARTITION' (id=5) output batch 0 column count mismatch: got 13, expected 10
[2026-09-08 05:53:40.831] [warning] [gpu_pipeline_task.cpp:77] gpu_pipeline_task: operator 'PARTITION' (id=5) output batch 0 column count mismatch: got 13, expected 10
[2026-09-08 05:53:40.831] [warning] [gpu_pipeline_task.cpp:77] gpu_pipeline_task: operator 'PARTITION' (id=5) output batch 0 column count mismatch: got 13, expected 10
[2026-09-08 05:53:40.831] [warning] [gpu_pipeline_task.cpp:77] gpu_pipeline_task: operator 'PARTITION' (id=5) output batch 0 column count mismatch: got 13, expected 10
[2026-09-08 05:53:40.831] [warning] [gpu_pipeline_task.cpp:77] gpu_pipeline_task: operator 'PARTITION' (id=5) output batch 0 column count mismatch: got 13, expected 10
[2026-09-08 05:53:40.860] [info] [gpu_pipeline_executor.cpp:129] GPU Pipeline Executor: task queue interrupted, stopping manager loop
[2026-09-08 05:53:40.860] [info] [sirius_context.cpp:405] QueryEnd
[2026-09-08 05:53:40.860] [info] [memory_prefetcher.cpp:72] [memory_prefetcher] stopping: prefetched 156 batches / 9330764366 bytes (stops: headroom=1 reservation=0, skips: lock=0 draining=4, errors=0)
[2026-09-08 05:53:40.860] [info] [sirius_context.cpp:256] [host_pool] HOST:0 QueryEnd instance=0xbbc78d5621e0 connection=1 window=2 query=7 allocated=55901683712 bytes peak=55968792576 bytes free_blocks=2303
[2026-09-08 05:53:40.860] [info] [sirius_context.cpp:271] [gpu_pool] GPU:0 QueryEnd instance=0xbbc78d5621e0 connection=1 window=2 query=7 allocated=0 bytes peak=152973650880 bytes reserved=0 bytes
[2026-09-08 05:53:40.860] [info] [sirius_context.cpp:521] [window] end instance=0xbbc78d5621e0 connection=1 window=2 query=7 outcome=ok
[2026-09-08 05:53:40.860] [info] [physical_sirius_execution.cpp:327] Transparent GPU execution: query completed
[2026-09-08 05:53:40.862] [info] [sirius_context.cpp:329] QueryBegin: instance=0xbbc78d5621e0 connection=1 query=8 SQL: CALL sirius_set_query_label('q1_iter1')
[2026-09-08 05:53:40.863] [info] [sirius_context.cpp:329] QueryBegin: instance=0xbbc78d5621e0 connection=1 query=9 SQL: SET gpu_execution = true;
[2026-09-08 05:53:40.863] [info] [sirius_context.cpp:329] QueryBegin: instance=0xbbc78d5621e0 connection=1 query=10 SQL: select l_returnflag, l_linestatus, sum(l_quantity) as sum_qty, sum(l_extendedprice) as sum_base_price, sum(l_extendedprice * (1 - l_discount)) as sum_disc_price, sum(l_extendedprice * (1 - l_discount) * (1 + l_tax)) as sum_charge, avg(l_quantity) as avg_qty, avg(l_extendedprice) as avg_price, avg(l_discount) as avg_disc, count(*) as count_order from lineitem where l_shipdate <= date '1995-08-19' group by l_returnflag, l_linestatus order by l_returnflag, l_linestatus
[2026-09-08 05:53:40.871] [info] [sirius_context.cpp:1467] Transparent execution: Sirius physical plan generated successfully
[2026-09-08 05:53:40.871] [info] [sirius_context.cpp:1495] Transparent execution: physical plan replaced with GPU operator
[2026-09-08 05:53:40.871] [info] [physical_sirius_execution.cpp:157] Transparent GPU execution: executing query
[2026-09-08 05:53:40.871] [info] [sirius_context.cpp:521] [window] begin instance=0xbbc78d5621e0 connection=1 window=3 query=10 outcome=-
[2026-09-08 05:53:40.871] [info] [sirius_context.cpp:256] [host_pool] HOST:0 QueryBegin instance=0xbbc78d5621e0 connection=1 window=3 query=10 allocated=55901683712 bytes peak=55968792576 bytes free_blocks=2303
[2026-09-08 05:53:40.871] [info] [sirius_context.cpp:271] [gpu_pool] GPU:0 QueryBegin instance=0xbbc78d5621e0 connection=1 window=3 query=10 allocated=0 bytes peak=152973650880 bytes reserved=0 bytes
[2026-09-08 05:53:40.871] [info] [sirius_context.cpp:389] QueryBegin: transparent_execution
[2026-09-08 05:53:40.874] [info] [sirius_engine.cpp:265] [gpu_alloc] query allocated 1 GPU(s): [0]
[2026-09-08 05:53:40.874] [info] [sirius_engine.cpp:318] Query Plan:
=== Pipeline Overview ===
Pipeline #0: GPU_SCAN (id=0) -> PROJECTION (id=1) -> PROJECTION (id=2) -> PROJECTION (id=3) -> HASH_GROUP_BY (id=4)
  Output: -> PARTITION [port: default, barrier: FULL]
Pipeline #1: PARTITION (id=5)
  Input: <- Pipeline #0 [on: PARTITION (id=5), port: default, barrier: FULL]
  Dependencies: Pipeline #0
  Output: -> MERGE_GROUP_BY [port: default, barrier: FULL]
Pipeline #2: MERGE_GROUP_BY (id=6) -> ORDER_BY (id=7)
  Input: <- Pipeline #1 [on: MERGE_GROUP_BY (id=6), port: default, barrier: FULL]
  Dependencies: Pipeline #1
  Output: -> SORT_SAMPLE [port: default, barrier: PIPELINE]
Pipeline #3: SORT_SAMPLE (id=8) -> SORT_PARTITION (id=9)
  Input: <- Pipeline #2 [on: SORT_SAMPLE (id=8), port: default, barrier: PIPELINE]
  Dependencies: Pipeline #2
  Output: -> MERGE_SORT [port: default, barrier: FULL]
Pipeline #4: MERGE_SORT (id=10)
  Input: <- Pipeline #3 [on: MERGE_SORT (id=10), port: default, barrier: FULL]
  Dependencies: Pipeline #3
  Output: -> RESULT_COLLECTOR [port: default, barrier: FULL]
Pipeline #5: RESULT_COLLECTOR (id=11)
  Input: <- Pipeline #4 [on: RESULT_COLLECTOR (id=11), port: default, barrier: FULL]
  Dependencies: Pipeline #4

=== Query Plan DAG ===
┌──────────────────────────┐
│ Pipeline #5              │
│ RESULT_COLLECTOR (id=11) │
│ Input(#4): FULL          │
└────────────┬─────────────┘
             │              
┌──────────────────────────┐
│ Pipeline #4              │
│ MERGE_SORT (id=10)       │
│ Input(#3): FULL          │
└────────────┬─────────────┘
             │              
┌──────────────────────────┐
│ Pipeline #3              │
│ SORT_PARTITION (id=9)    │
│ SORT_SAMPLE (id=8)       │
│ Input(#2): PIPELINE      │
└────────────┬─────────────┘
             │              
┌──────────────────────────┐
│ Pipeline #2              │
│ ORDER_BY (id=7)          │
│ MERGE_GROUP_BY (id=6)    │
│ Input(#1): FULL          │
└────────────┬─────────────┘
             │              
┌──────────────────────────┐
│ Pipeline #1              │
│ PARTITION (id=5)         │
│ Input(#0): FULL          │
└────────────┬─────────────┘
             │              
┌──────────────────────────┐
│ Pipeline #0              │
│ HASH_GROUP_BY (id=4)     │
│ PROJECTION (id=3)        │
│ PROJECTION (id=2)        │
│ PROJECTION (id=1)        │
│ GPU_SCAN (id=0)          │
└──────────────────────────┘

[2026-09-08 05:53:40.874] [info] [sirius_engine.cpp:186] query 3 telemetry_query=01a08114d38a7b43bf9f7ae6aca4525f
[2026-09-08 05:53:40.874] [info] [sirius_scan_manager.cpp:2999] [sirius_scan_manager] assigned pinned entry 'lineitem' to operator '0'
[2026-09-08 05:53:40.874] [info] [sirius_scan_manager.cpp:823] [late-mat] operator 0: not deferring — the pinned entry is not device-resident
[2026-09-08 05:53:40.874] [info] [memory_prefetcher.cpp:59] [memory_prefetcher] started: 3 threads, 1 connectors, min_free_fraction=0.40
[2026-09-08 05:53:40.890] [warning] [gpu_pipeline_task.cpp:77] gpu_pipeline_task: operator 'HASH_GROUP_BY' (id=4) output batch 0 column count mismatch: got 13, expected 10
[2026-09-08 05:53:40.891] [warning] [gpu_pipeline_task.cpp:77] gpu_pipeline_task: operator 'HASH_GROUP_BY' (id=4) output batch 0 column count mismatch: got 13, expected 10
[2026-09-08 05:53:40.897] [warning] [gpu_pipeline_task.cpp:77] gpu_pipeline_task: operator 'HASH_GROUP_BY' (id=4) output batch 0 column count mismatch: got 13, expected 10
[2026-09-08 05:53:40.898] [warning] [gpu_pipeline_task.cpp:77] gpu_pipeline_task: operator 'HASH_GROUP_BY' (id=4) output batch 0 column count mismatch: got 13, expected 10
[2026-09-08 05:53:40.898] [warning] [gpu_pipeline_task.cpp:77] gpu_pipeline_task: operator 'HASH_GROUP_BY' (id=4) output batch 0 column count mismatch: got 13, expected 10
[2026-09-08 05:53:40.900] [warning] [gpu_pipeline_task.cpp:77] gpu_pipeline_task: operator 'HASH_GROUP_BY' (id=4) output batch 0 column count mismatch: got 13, expected 10
[2026-09-08 05:53:40.900] [warning] [gpu_pipeline_task.cpp:77] gpu_pipeline_task: operator 'HASH_GROUP_BY' (id=4) output batch 0 column count mismatch: got 13, expected 10
[2026-09-08 05:53:40.900] [warning] [gpu_pipeline_task.cpp:77] gpu_pipeline_task: operator 'HASH_GROUP_BY' (id=4) output batch 0 column count mismatch: got 13, expected 10
[2026-09-08 05:53:40.905] [warning] [gpu_pipeline_task.cpp:77] gpu_pipeline_task: operator 'HASH_GROUP_BY' (id=4) output batch 0 column count mismatch: got 13, expected 10
[2026-09-08 05:53:40.907] [warning] [gpu_pipeline_task.cpp:77] gpu_pipeline_task: operator 'HASH_GROUP_BY' (id=4) output batch 0 column count mismatch: got 13, expected 10
[2026-09-08 05:53:40.913] [warning] [gpu_pipeline_task.cpp:77] gpu_pipeline_task: operator 'HASH_GROUP_BY' (id=4) output batch 0 column count mismatch: got 13, expected 10
[2026-09-08 05:53:40.914] [warning] [gpu_pipeline_task.cpp:77] gpu_pipeline_task: operator 'HASH_GROUP_BY' (id=4) output batch 0 column count mismatch: got 13, expected 10
[2026-09-08 05:53:40.916] [warning] [gpu_pipeline_task.cpp:77] gpu_pipeline_task: operator 'HASH_GROUP_BY' (id=4) output batch 0 column count mismatch: got 13, expected 10
[2026-09-08 05:53:40.917] [warning] [gpu_pipeline_task.cpp:77] gpu_pipeline_task: operator 'HASH_GROUP_BY' (id=4) output batch 0 column count mismatch: got 13, expected 10
[2026-09-08 05:53:40.918] [warning] [gpu_pipeline_task.cpp:77] gpu_pipeline_task: operator 'HASH_GROUP_BY' (id=4) output batch 0 column count mismatch: got 13, expected 10
[2026-09-08 05:53:40.920] [warning] [gpu_pipeline_task.cpp:77] gpu_pipeline_task: operator 'HASH_GROUP_BY' (id=4) output batch 0 column count mismatch: got 13, expected 10
[2026-09-08 05:53:40.920] [warning] [gpu_pipeline_task.cpp:77] gpu_pipeline_task: operator 'HASH_GROUP_BY' (id=4) output batch 0 column count mismatch: got 13, expected 10
[2026-09-08 05:53:40.921] [warning] [gpu_pipeline_task.cpp:77] gpu_pipeline_task: operator 'HASH_GROUP_BY' (id=4) output batch 0 column count mismatch: got 13, expected 10
[2026-09-08 05:53:40.922] [warning] [gpu_pipeline_task.cpp:77] gpu_pipeline_task: operator 'HASH_GROUP_BY' (id=4) output batch 0 column count mismatch: got 13, expected 10
[2026-09-08 05:53:40.923] [warning] [gpu_pipeline_task.cpp:77] gpu_pipeline_task: operator 'HASH_GROUP_BY' (id=4) output batch 0 column count mismatch: got 13, expected 10
[2026-09-08 05:53:40.924] [warning] [gpu_pipeline_task.cpp:77] gpu_pipeline_task: operator 'HASH_GROUP_BY' (id=4) output batch 0 column count mismatch: got 13, expected 10
[2026-09-08 05:53:40.924] [warning] [gpu_pipeline_task.cpp:77] gpu_pipeline_task: operator 'HASH_GROUP_BY' (id=4) output batch 0 column count mismatch: got 13, expected 10
[2026-09-08 05:53:40.924] [warning] [gpu_pipeline_task.cpp:77] gpu_pipeline_task: operator 'HASH_GROUP_BY' (id=4) output batch 0 column count mismatch: got 13, expected 10
[2026-09-08 05:53:40.924] [warning] [gpu_pipeline_task.cpp:77] gpu_pipeline_task: operator 'HASH_GROUP_BY' (id=4) output batch 0 column count mismatch: got 13, expected 10
[2026-09-08 05:53:40.926] [warning] [gpu_pipeline_task.cpp:77] gpu_pipeline_task: operator 'HASH_GROUP_BY' (id=4) output batch 0 column count mismatch: got 13, expected 10
[2026-09-08 05:53:40.926] [warning] [gpu_pipeline_task.cpp:77] gpu_pipeline_task: operator 'HASH_GROUP_BY' (id=4) output batch 0 column count mismatch: got 13, expected 10
[2026-09-08 05:53:40.927] [warning] [gpu_pipeline_task.cpp:77] gpu_pipeline_task: operator 'HASH_GROUP_BY' (id=4) output batch 0 column count mismatch: got 13, expected 10
[2026-09-08 05:53:40.928] [warning] [gpu_pipeline_task.cpp:77] gpu_pipeline_task: operator 'HASH_GROUP_BY' (id=4) output batch 0 column count mismatch: got 13, expected 10
[2026-09-08 05:53:40.936] [warning] [gpu_pipeline_task.cpp:77] gpu_pipeline_task: operator 'HASH_GROUP_BY' (id=4) output batch 0 column count mismatch: got 13, expected 10
[2026-09-08 05:53:40.939] [warning] [gpu_pipeline_task.cpp:77] gpu_pipeline_task: operator 'HASH_GROUP_BY' (id=4) output batch 0 column count mismatch: got 13, expected 10
[2026-09-08 05:53:40.941] [warning] [gpu_pipeline_task.cpp:77] gpu_pipeline_task: operator 'HASH_GROUP_BY' (id=4) output batch 0 column count mismatch: got 13, expected 10
[2026-09-08 05:53:40.942] [warning] [gpu_pipeline_task.cpp:77] gpu_pipeline_task: operator 'HASH_GROUP_BY' (id=4) output batch 0 column count mismatch: got 13, expected 10
[2026-09-08 05:53:40.943] [warning] [gpu_pipeline_task.cpp:77] gpu_pipeline_task: operator 'HASH_GROUP_BY' (id=4) output batch 0 column count mismatch: got 13, expected 10
[2026-09-08 05:53:40.945] [warning] [gpu_pipeline_task.cpp:77] gpu_pipeline_task: operator 'HASH_GROUP_BY' (id=4) output batch 0 column count mismatch: got 13, expected 10
[2026-09-08 05:53:40.947] [warning] [gpu_pipeline_task.cpp:77] gpu_pipeline_task: operator 'HASH_GROUP_BY' (id=4) output batch 0 column count mismatch: got 13, expected 10
[2026-09-08 05:53:40.947] [warning] [gpu_pipeline_task.cpp:77] gpu_pipeline_task: operator 'HASH_GROUP_BY' (id=4) output batch 0 column count mismatch: got 13, expected 10
[2026-09-08 05:53:40.949] [warning] [gpu_pipeline_task.cpp:77] gpu_pipeline_task: operator 'HASH_GROUP_BY' (id=4) output batch 0 column count mismatch: got 13, expected 10
[2026-09-08 05:53:40.950] [warning] [gpu_pipeline_task.cpp:77] gpu_pipeline_task: operator 'HASH_GROUP_BY' (id=4) output batch 0 column count mismatch: got 13, expected 10
[2026-09-08 05:53:40.950] [warning] [gpu_pipeline_task.cpp:77] gpu_pipeline_task: operator 'HASH_GROUP_BY' (id=4) output batch 0 column count mismatch: got 13, expected 10
[2026-09-08 05:53:40.951] [warning] [gpu_pipeline_task.cpp:77] gpu_pipeline_task: operator 'HASH_GROUP_BY' (id=4) output batch 0 column count mismatch: got 13, expected 10
[2026-09-08 05:53:40.951] [warning] [gpu_pipeline_task.cpp:77] gpu_pipeline_task: operator 'HASH_GROUP_BY' (id=4) output batch 0 column count mismatch: got 13, expected 10
[2026-09-08 05:53:40.952] [warning] [gpu_pipeline_task.cpp:77] gpu_pipeline_task: operator 'HASH_GROUP_BY' (id=4) output batch 0 column count mismatch: got 13, expected 10
[2026-09-08 05:53:40.952] [warning] [gpu_pipeline_task.cpp:77] gpu_pipeline_task: operator 'HASH_GROUP_BY' (id=4) output batch 0 column count mismatch: got 13, expected 10
[2026-09-08 05:53:40.954] [warning] [gpu_pipeline_task.cpp:77] gpu_pipeline_task: operator 'HASH_GROUP_BY' (id=4) output batch 0 column count mismatch: got 13, expected 10
[2026-09-08 05:53:40.954] [warning] [gpu_pipeline_task.cpp:77] gpu_pipeline_task: operator 'HASH_GROUP_BY' (id=4) output batch 0 column count mismatch: got 13, expected 10
[2026-09-08 05:53:40.955] [warning] [gpu_pipeline_task.cpp:77] gpu_pipeline_task: operator 'HASH_GROUP_BY' (id=4) output batch 0 column count mismatch: got 13, expected 10
[2026-09-08 05:53:40.955] [warning] [gpu_pipeline_task.cpp:77] gpu_pipeline_task: operator 'HASH_GROUP_BY' (id=4) output batch 0 column count mismatch: got 13, expected 10
[2026-09-08 05:53:40.956] [warning] [gpu_pipeline_task.cpp:77] gpu_pipeline_task: operator 'HASH_GROUP_BY' (id=4) output batch 0 column count mismatch: got 13, expected 10
[2026-09-08 05:53:40.956] [warning] [gpu_pipeline_task.cpp:77] gpu_pipeline_task: operator 'HASH_GROUP_BY' (id=4) output batch 0 column count mismatch: got 13, expected 10
[2026-09-08 05:53:40.957] [warning] [gpu_pipeline_task.cpp:77] gpu_pipeline_task: operator 'HASH_GROUP_BY' (id=4) output batch 0 column count mismatch: got 13, expected 10
[2026-09-08 05:53:40.958] [warning] [gpu_pipeline_task.cpp:77] gpu_pipeline_task: operator 'HASH_GROUP_BY' (id=4) output batch 0 column count mismatch: got 13, expected 10
[2026-09-08 05:53:40.959] [warning] [gpu_pipeline_task.cpp:77] gpu_pipeline_task: operator 'HASH_GROUP_BY' (id=4) output batch 0 column count mismatch: got 13, expected 10
[2026-09-08 05:53:40.959] [warning] [gpu_pipeline_task.cpp:77] gpu_pipeline_task: operator 'HASH_GROUP_BY' (id=4) output batch 0 column count mismatch: got 13, expected 10
[2026-09-08 05:53:40.960] [warning] [gpu_pipeline_task.cpp:77] gpu_pipeline_task: operator 'HASH_GROUP_BY' (id=4) output batch 0 column count mismatch: got 13, expected 10
[2026-09-08 05:53:40.960] [warning] [gpu_pipeline_task.cpp:77] gpu_pipeline_task: operator 'HASH_GROUP_BY' (id=4) output batch 0 column count mismatch: got 13, expected 10
[2026-09-08 05:53:40.961] [warning] [gpu_pipeline_task.cpp:77] gpu_pipeline_task: operator 'HASH_GROUP_BY' (id=4) output batch 0 column count mismatch: got 13, expected 10
[2026-09-08 05:53:40.962] [warning] [gpu_pipeline_task.cpp:77] gpu_pipeline_task: operator 'HASH_GROUP_BY' (id=4) output batch 0 column count mismatch: got 13, expected 10
[2026-09-08 05:53:40.963] [warning] [gpu_pipeline_task.cpp:77] gpu_pipeline_task: operator 'HASH_GROUP_BY' (id=4) output batch 0 column count mismatch: got 13, expected 10
[2026-09-08 05:53:40.964] [warning] [gpu_pipeline_task.cpp:77] gpu_pipeline_task: operator 'HASH_GROUP_BY' (id=4) output batch 0 column count mismatch: got 13, expected 10
[2026-09-08 05:53:40.964] [warning] [gpu_pipeline_task.cpp:77] gpu_pipeline_task: operator 'HASH_GROUP_BY' (id=4) output batch 0 column count mismatch: got 13, expected 10
[2026-09-08 05:53:40.965] [warning] [gpu_pipeline_task.cpp:77] gpu_pipeline_task: operator 'HASH_GROUP_BY' (id=4) output batch 0 column count mismatch: got 13, expected 10
[2026-09-08 05:53:40.965] [warning] [gpu_pipeline_task.cpp:77] gpu_pipeline_task: operator 'HASH_GROUP_BY' (id=4) output batch 0 column count mismatch: got 13, expected 10
[2026-09-08 05:53:40.965] [warning] [gpu_pipeline_task.cpp:77] gpu_pipeline_task: operator 'HASH_GROUP_BY' (id=4) output batch 0 column count mismatch: got 13, expected 10
[2026-09-08 05:53:40.966] [warning] [gpu_pipeline_task.cpp:77] gpu_pipeline_task: operator 'HASH_GROUP_BY' (id=4) output batch 0 column count mismatch: got 13, expected 10
[2026-09-08 05:53:40.966] [warning] [gpu_pipeline_task.cpp:77] gpu_pipeline_task: operator 'HASH_GROUP_BY' (id=4) output batch 0 column count mismatch: got 13, expected 10
[2026-09-08 05:53:40.966] [warning] [gpu_pipeline_task.cpp:77] gpu_pipeline_task: operator 'HASH_GROUP_BY' (id=4) output batch 0 column count mismatch: got 13, expected 10
[2026-09-08 05:53:40.966] [warning] [gpu_pipeline_task.cpp:77] gpu_pipeline_task: operator 'HASH_GROUP_BY' (id=4) output batch 0 column count mismatch: got 13, expected 10
[2026-09-08 05:53:40.966] [warning] [gpu_pipeline_task.cpp:77] gpu_pipeline_task: operator 'HASH_GROUP_BY' (id=4) output batch 0 column count mismatch: got 13, expected 10
[2026-09-08 05:53:40.967] [warning] [gpu_pipeline_task.cpp:77] gpu_pipeline_task: operator 'HASH_GROUP_BY' (id=4) output batch 0 column count mismatch: got 13, expected 10
[2026-09-08 05:53:40.967] [warning] [gpu_pipeline_task.cpp:77] gpu_pipeline_task: operator 'HASH_GROUP_BY' (id=4) output batch 0 column count mismatch: got 13, expected 10
[2026-09-08 05:53:40.967] [warning] [gpu_pipeline_task.cpp:77] gpu_pipeline_task: operator 'HASH_GROUP_BY' (id=4) output batch 0 column count mismatch: got 13, expected 10
[2026-09-08 05:53:40.967] [warning] [gpu_pipeline_task.cpp:77] gpu_pipeline_task: operator 'HASH_GROUP_BY' (id=4) output batch 0 column count mismatch: got 13, expected 10
[2026-09-08 05:53:40.967] [warning] [gpu_pipeline_task.cpp:77] gpu_pipeline_task: operator 'HASH_GROUP_BY' (id=4) output batch 0 column count mismatch: got 13, expected 10
[2026-09-08 05:53:40.968] [warning] [gpu_pipeline_task.cpp:77] gpu_pipeline_task: operator 'HASH_GROUP_BY' (id=4) output batch 0 column count mismatch: got 13, expected 10
[2026-09-08 05:53:40.968] [warning] [gpu_pipeline_task.cpp:77] gpu_pipeline_task: operator 'HASH_GROUP_BY' (id=4) output batch 0 column count mismatch: got 13, expected 10
[2026-09-08 05:53:40.968] [warning] [gpu_pipeline_task.cpp:77] gpu_pipeline_task: operator 'HASH_GROUP_BY' (id=4) output batch 0 column count mismatch: got 13, expected 10
[2026-09-08 05:53:40.968] [warning] [gpu_pipeline_task.cpp:77] gpu_pipeline_task: operator 'HASH_GROUP_BY' (id=4) output batch 0 column count mismatch: got 13, expected 10
[2026-09-08 05:53:40.968] [warning] [gpu_pipeline_task.cpp:77] gpu_pipeline_task: operator 'HASH_GROUP_BY' (id=4) output batch 0 column count mismatch: got 13, expected 10
[2026-09-08 05:53:40.968] [warning] [gpu_pipeline_task.cpp:77] gpu_pipeline_task: operator 'HASH_GROUP_BY' (id=4) output batch 0 column count mismatch: got 13, expected 10
[2026-09-08 05:53:40.968] [warning] [gpu_pipeline_task.cpp:77] gpu_pipeline_task: operator 'HASH_GROUP_BY' (id=4) output batch 0 column count mismatch: got 13, expected 10
[2026-09-08 05:53:40.969] [warning] [gpu_pipeline_task.cpp:77] gpu_pipeline_task: operator 'HASH_GROUP_BY' (id=4) output batch 0 column count mismatch: got 13, expected 10
[2026-09-08 05:53:40.969] [warning] [gpu_pipeline_task.cpp:77] gpu_pipeline_task: operator 'HASH_GROUP_BY' (id=4) output batch 0 column count mismatch: got 13, expected 10
[2026-09-08 05:53:40.969] [warning] [gpu_pipeline_task.cpp:77] gpu_pipeline_task: operator 'HASH_GROUP_BY' (id=4) output batch 0 column count mismatch: got 13, expected 10
[2026-09-08 05:53:40.969] [warning] [gpu_pipeline_task.cpp:77] gpu_pipeline_task: operator 'HASH_GROUP_BY' (id=4) output batch 0 column count mismatch: got 13, expected 10
[2026-09-08 05:53:40.969] [warning] [gpu_pipeline_task.cpp:77] gpu_pipeline_task: operator 'HASH_GROUP_BY' (id=4) output batch 0 column count mismatch: got 13, expected 10
[2026-09-08 05:53:40.969] [warning] [gpu_pipeline_task.cpp:77] gpu_pipeline_task: operator 'HASH_GROUP_BY' (id=4) output batch 0 column count mismatch: got 13, expected 10
[2026-09-08 05:53:40.980] [warning] [gpu_pipeline_task.cpp:77] gpu_pipeline_task: operator 'HASH_GROUP_BY' (id=4) output batch 0 column count mismatch: got 13, expected 10
[2026-09-08 05:53:40.982] [warning] [gpu_pipeline_task.cpp:77] gpu_pipeline_task: operator 'HASH_GROUP_BY' (id=4) output batch 0 column count mismatch: got 13, expected 10
[2026-09-08 05:53:40.982] [warning] [gpu_pipeline_task.cpp:77] gpu_pipeline_task: operator 'HASH_GROUP_BY' (id=4) output batch 0 column count mismatch: got 13, expected 10
[2026-09-08 05:53:40.986] [warning] [gpu_pipeline_task.cpp:77] gpu_pipeline_task: operator 'HASH_GROUP_BY' (id=4) output batch 0 column count mismatch: got 13, expected 10
[2026-09-08 05:53:40.987] [warning] [gpu_pipeline_task.cpp:77] gpu_pipeline_task: operator 'HASH_GROUP_BY' (id=4) output batch 0 column count mismatch: got 13, expected 10
[2026-09-08 05:53:40.988] [warning] [gpu_pipeline_task.cpp:77] gpu_pipeline_task: operator 'HASH_GROUP_BY' (id=4) output batch 0 column count mismatch: got 13, expected 10
[2026-09-08 05:53:40.990] [warning] [gpu_pipeline_task.cpp:77] gpu_pipeline_task: operator 'HASH_GROUP_BY' (id=4) output batch 0 column count mismatch: got 13, expected 10
[2026-09-08 05:53:40.992] [warning] [gpu_pipeline_task.cpp:77] gpu_pipeline_task: operator 'HASH_GROUP_BY' (id=4) output batch 0 column count mismatch: got 13, expected 10
[2026-09-08 05:53:40.995] [warning] [gpu_pipeline_task.cpp:77] gpu_pipeline_task: operator 'HASH_GROUP_BY' (id=4) output batch 0 column count mismatch: got 13, expected 10
[2026-09-08 05:53:40.997] [warning] [gpu_pipeline_task.cpp:77] gpu_pipeline_task: operator 'HASH_GROUP_BY' (id=4) output batch 0 column count mismatch: got 13, expected 10
[2026-09-08 05:53:40.997] [warning] [gpu_pipeline_task.cpp:77] gpu_pipeline_task: operator 'HASH_GROUP_BY' (id=4) output batch 0 column count mismatch: got 13, expected 10
[2026-09-08 05:53:41.003] [warning] [gpu_pipeline_task.cpp:77] gpu_pipeline_task: operator 'HASH_GROUP_BY' (id=4) output batch 0 column count mismatch: got 13, expected 10
[2026-09-08 05:53:41.004] [warning] [gpu_pipeline_task.cpp:77] gpu_pipeline_task: operator 'HASH_GROUP_BY' (id=4) output batch 0 column count mismatch: got 13, expected 10
[2026-09-08 05:53:41.005] [warning] [gpu_pipeline_task.cpp:77] gpu_pipeline_task: operator 'HASH_GROUP_BY' (id=4) output batch 0 column count mismatch: got 13, expected 10
[2026-09-08 05:53:41.005] [warning] [gpu_pipeline_task.cpp:77] gpu_pipeline_task: operator 'HASH_GROUP_BY' (id=4) output batch 0 column count mismatch: got 13, expected 10
[2026-09-08 05:53:41.008] [warning] [gpu_pipeline_task.cpp:77] gpu_pipeline_task: operator 'HASH_GROUP_BY' (id=4) output batch 0 column count mismatch: got 13, expected 10
[2026-09-08 05:53:41.013] [warning] [gpu_pipeline_task.cpp:77] gpu_pipeline_task: operator 'HASH_GROUP_BY' (id=4) output batch 0 column count mismatch: got 13, expected 10
[2026-09-08 05:53:41.013] [warning] [gpu_pipeline_task.cpp:77] gpu_pipeline_task: operator 'HASH_GROUP_BY' (id=4) output batch 0 column count mismatch: got 13, expected 10
[2026-09-08 05:53:41.013] [warning] [gpu_pipeline_task.cpp:77] gpu_pipeline_task: operator 'HASH_GROUP_BY' (id=4) output batch 0 column count mismatch: got 13, expected 10
[2026-09-08 05:53:41.018] [warning] [gpu_pipeline_task.cpp:77] gpu_pipeline_task: operator 'HASH_GROUP_BY' (id=4) output batch 0 column count mismatch: got 13, expected 10
[2026-09-08 05:53:41.019] [warning] [gpu_pipeline_task.cpp:77] gpu_pipeline_task: operator 'HASH_GROUP_BY' (id=4) output batch 0 column count mismatch: got 13, expected 10
[2026-09-08 05:53:41.020] [warning] [gpu_pipeline_task.cpp:77] gpu_pipeline_task: operator 'HASH_GROUP_BY' (id=4) output batch 0 column count mismatch: got 13, expected 10
[2026-09-08 05:53:41.022] [warning] [gpu_pipeline_task.cpp:77] gpu_pipeline_task: operator 'HASH_GROUP_BY' (id=4) output batch 0 column count mismatch: got 13, expected 10
[2026-09-08 05:53:41.024] [warning] [gpu_pipeline_task.cpp:77] gpu_pipeline_task: operator 'HASH_GROUP_BY' (id=4) output batch 0 column count mismatch: got 13, expected 10
[2026-09-08 05:53:41.026] [warning] [gpu_pipeline_task.cpp:77] gpu_pipeline_task: operator 'HASH_GROUP_BY' (id=4) output batch 0 column count mismatch: got 13, expected 10
[2026-09-08 05:53:41.028] [warning] [gpu_pipeline_task.cpp:77] gpu_pipeline_task: operator 'HASH_GROUP_BY' (id=4) output batch 0 column count mismatch: got 13, expected 10
[2026-09-08 05:53:41.029] [warning] [gpu_pipeline_task.cpp:77] gpu_pipeline_task: operator 'HASH_GROUP_BY' (id=4) output batch 0 column count mismatch: got 13, expected 10
[2026-09-08 05:53:41.029] [warning] [gpu_pipeline_task.cpp:77] gpu_pipeline_task: operator 'HASH_GROUP_BY' (id=4) output batch 0 column count mismatch: got 13, expected 10
[2026-09-08 05:53:41.029] [warning] [gpu_pipeline_task.cpp:77] gpu_pipeline_task: operator 'HASH_GROUP_BY' (id=4) output batch 0 column count mismatch: got 13, expected 10
[2026-09-08 05:53:41.031] [warning] [gpu_pipeline_task.cpp:77] gpu_pipeline_task: operator 'HASH_GROUP_BY' (id=4) output batch 0 column count mismatch: got 13, expected 10
[2026-09-08 05:53:41.031] [warning] [gpu_pipeline_task.cpp:77] gpu_pipeline_task: operator 'HASH_GROUP_BY' (id=4) output batch 0 column count mismatch: got 13, expected 10
[2026-09-08 05:53:41.032] [warning] [gpu_pipeline_task.cpp:77] gpu_pipeline_task: operator 'HASH_GROUP_BY' (id=4) output batch 0 column count mismatch: got 13, expected 10
[2026-09-08 05:53:41.033] [warning] [gpu_pipeline_task.cpp:77] gpu_pipeline_task: operator 'HASH_GROUP_BY' (id=4) output batch 0 column count mismatch: got 13, expected 10
[2026-09-08 05:53:41.033] [warning] [gpu_pipeline_task.cpp:77] gpu_pipeline_task: operator 'HASH_GROUP_BY' (id=4) output batch 0 column count mismatch: got 13, expected 10
[2026-09-08 05:53:41.033] [warning] [gpu_pipeline_task.cpp:77] gpu_pipeline_task: operator 'HASH_GROUP_BY' (id=4) output batch 0 column count mismatch: got 13, expected 10
[2026-09-08 05:53:41.033] [warning] [gpu_pipeline_task.cpp:77] gpu_pipeline_task: operator 'HASH_GROUP_BY' (id=4) output batch 0 column count mismatch: got 13, expected 10
[2026-09-08 05:53:41.036] [warning] [gpu_pipeline_task.cpp:77] gpu_pipeline_task: operator 'HASH_GROUP_BY' (id=4) output batch 0 column count mismatch: got 13, expected 10
[2026-09-08 05:53:41.036] [warning] [gpu_pipeline_task.cpp:77] gpu_pipeline_task: operator 'HASH_GROUP_BY' (id=4) output batch 0 column count mismatch: got 13, expected 10
[2026-09-08 05:53:41.044] [warning] [gpu_pipeline_task.cpp:77] gpu_pipeline_task: operator 'HASH_GROUP_BY' (id=4) output batch 0 column count mismatch: got 13, expected 10
[2026-09-08 05:53:41.048] [warning] [gpu_pipeline_task.cpp:77] gpu_pipeline_task: operator 'HASH_GROUP_BY' (id=4) output batch 0 column count mismatch: got 13, expected 10
[2026-09-08 05:53:41.050] [warning] [gpu_pipeline_task.cpp:77] gpu_pipeline_task: operator 'HASH_GROUP_BY' (id=4) output batch 0 column count mismatch: got 13, expected 10
[2026-09-08 05:53:41.051] [warning] [gpu_pipeline_task.cpp:77] gpu_pipeline_task: operator 'HASH_GROUP_BY' (id=4) output batch 0 column count mismatch: got 13, expected 10
[2026-09-08 05:53:41.052] [warning] [gpu_pipeline_task.cpp:77] gpu_pipeline_task: operator 'HASH_GROUP_BY' (id=4) output batch 0 column count mismatch: got 13, expected 10
[2026-09-08 05:53:41.055] [warning] [gpu_pipeline_task.cpp:77] gpu_pipeline_task: operator 'HASH_GROUP_BY' (id=4) output batch 0 column count mismatch: got 13, expected 10
[2026-09-08 05:53:41.055] [warning] [gpu_pipeline_task.cpp:77] gpu_pipeline_task: operator 'HASH_GROUP_BY' (id=4) output batch 0 column count mismatch: got 13, expected 10
[2026-09-08 05:53:41.056] [warning] [gpu_pipeline_task.cpp:77] gpu_pipeline_task: operator 'HASH_GROUP_BY' (id=4) output batch 0 column count mismatch: got 13, expected 10
[2026-09-08 05:53:41.057] [warning] [gpu_pipeline_task.cpp:77] gpu_pipeline_task: operator 'HASH_GROUP_BY' (id=4) output batch 0 column count mismatch: got 13, expected 10
[2026-09-08 05:53:41.058] [warning] [gpu_pipeline_task.cpp:77] gpu_pipeline_task: operator 'HASH_GROUP_BY' (id=4) output batch 0 column count mismatch: got 13, expected 10
[2026-09-08 05:53:41.059] [warning] [gpu_pipeline_task.cpp:77] gpu_pipeline_task: operator 'HASH_GROUP_BY' (id=4) output batch 0 column count mismatch: got 13, expected 10
[2026-09-08 05:53:41.060] [warning] [gpu_pipeline_task.cpp:77] gpu_pipeline_task: operator 'HASH_GROUP_BY' (id=4) output batch 0 column count mismatch: got 13, expected 10
[2026-09-08 05:53:41.060] [warning] [gpu_pipeline_task.cpp:77] gpu_pipeline_task: operator 'HASH_GROUP_BY' (id=4) output batch 0 column count mismatch: got 13, expected 10
[2026-09-08 05:53:41.060] [warning] [gpu_pipeline_task.cpp:77] gpu_pipeline_task: operator 'HASH_GROUP_BY' (id=4) output batch 0 column count mismatch: got 13, expected 10
[2026-09-08 05:53:41.061] [warning] [gpu_pipeline_task.cpp:77] gpu_pipeline_task: operator 'HASH_GROUP_BY' (id=4) output batch 0 column count mismatch: got 13, expected 10
[2026-09-08 05:53:41.061] [warning] [gpu_pipeline_task.cpp:77] gpu_pipeline_task: operator 'HASH_GROUP_BY' (id=4) output batch 0 column count mismatch: got 13, expected 10
[2026-09-08 05:53:41.062] [warning] [gpu_pipeline_task.cpp:77] gpu_pipeline_task: operator 'HASH_GROUP_BY' (id=4) output batch 0 column count mismatch: got 13, expected 10
[2026-09-08 05:53:41.063] [warning] [gpu_pipeline_task.cpp:77] gpu_pipeline_task: operator 'HASH_GROUP_BY' (id=4) output batch 0 column count mismatch: got 13, expected 10
[2026-09-08 05:53:41.063] [warning] [gpu_pipeline_task.cpp:77] gpu_pipeline_task: operator 'HASH_GROUP_BY' (id=4) output batch 0 column count mismatch: got 13, expected 10
[2026-09-08 05:53:41.064] [warning] [gpu_pipeline_task.cpp:77] gpu_pipeline_task: operator 'HASH_GROUP_BY' (id=4) output batch 0 column count mismatch: got 13, expected 10
[2026-09-08 05:53:41.078] [warning] [gpu_pipeline_task.cpp:77] gpu_pipeline_task: operator 'HASH_GROUP_BY' (id=4) output batch 0 column count mismatch: got 13, expected 10
[2026-09-08 05:53:41.079] [warning] [gpu_pipeline_task.cpp:77] gpu_pipeline_task: operator 'HASH_GROUP_BY' (id=4) output batch 0 column count mismatch: got 13, expected 10
[2026-09-08 05:53:41.080] [warning] [gpu_pipeline_task.cpp:77] gpu_pipeline_task: operator 'HASH_GROUP_BY' (id=4) output batch 0 column count mismatch: got 13, expected 10
[2026-09-08 05:53:41.081] [warning] [gpu_pipeline_task.cpp:77] gpu_pipeline_task: operator 'HASH_GROUP_BY' (id=4) output batch 0 column count mismatch: got 13, expected 10
[2026-09-08 05:53:41.082] [warning] [gpu_pipeline_task.cpp:77] gpu_pipeline_task: operator 'HASH_GROUP_BY' (id=4) output batch 0 column count mismatch: got 13, expected 10
[2026-09-08 05:53:41.082] [warning] [gpu_pipeline_task.cpp:77] gpu_pipeline_task: operator 'HASH_GROUP_BY' (id=4) output batch 0 column count mismatch: got 13, expected 10
[2026-09-08 05:53:41.085] [warning] [gpu_pipeline_task.cpp:77] gpu_pipeline_task: operator 'HASH_GROUP_BY' (id=4) output batch 0 column count mismatch: got 13, expected 10
[2026-09-08 05:53:41.086] [warning] [gpu_pipeline_task.cpp:77] gpu_pipeline_task: operator 'HASH_GROUP_BY' (id=4) output batch 0 column count mismatch: got 13, expected 10
[2026-09-08 05:53:41.095] [warning] [gpu_pipeline_task.cpp:77] gpu_pipeline_task: operator 'HASH_GROUP_BY' (id=4) output batch 0 column count mismatch: got 13, expected 10
[2026-09-08 05:53:41.096] [warning] [gpu_pipeline_task.cpp:77] gpu_pipeline_task: operator 'HASH_GROUP_BY' (id=4) output batch 0 column count mismatch: got 13, expected 10
[2026-09-08 05:53:41.098] [warning] [gpu_pipeline_task.cpp:77] gpu_pipeline_task: operator 'HASH_GROUP_BY' (id=4) output batch 0 column count mismatch: got 13, expected 10
[2026-09-08 05:53:41.098] [warning] [gpu_pipeline_task.cpp:77] gpu_pipeline_task: operator 'HASH_GROUP_BY' (id=4) output batch 0 column count mismatch: got 13, expected 10
[2026-09-08 05:53:41.098] [warning] [gpu_pipeline_task.cpp:77] gpu_pipeline_task: operator 'HASH_GROUP_BY' (id=4) output batch 0 column count mismatch: got 13, expected 10
[2026-09-08 05:53:41.099] [warning] [gpu_pipeline_task.cpp:77] gpu_pipeline_task: operator 'HASH_GROUP_BY' (id=4) output batch 0 column count mismatch: got 13, expected 10
[2026-09-08 05:53:41.103] [warning] [gpu_pipeline_task.cpp:77] gpu_pipeline_task: operator 'HASH_GROUP_BY' (id=4) output batch 0 column count mismatch: got 13, expected 10
[2026-09-08 05:53:41.103] [warning] [gpu_pipeline_task.cpp:77] gpu_pipeline_task: operator 'HASH_GROUP_BY' (id=4) output batch 0 column count mismatch: got 13, expected 10
[2026-09-08 05:53:41.103] [warning] [gpu_pipeline_task.cpp:77] gpu_pipeline_task: operator 'HASH_GROUP_BY' (id=4) output batch 0 column count mismatch: got 13, expected 10
[2026-09-08 05:53:41.104] [warning] [gpu_pipeline_task.cpp:77] gpu_pipeline_task: operator 'HASH_GROUP_BY' (id=4) output batch 0 column count mismatch: got 13, expected 10
[2026-09-08 05:53:41.107] [warning] [gpu_pipeline_task.cpp:77] gpu_pipeline_task: operator 'HASH_GROUP_BY' (id=4) output batch 0 column count mismatch: got 13, expected 10
[2026-09-08 05:53:41.108] [warning] [gpu_pipeline_task.cpp:77] gpu_pipeline_task: operator 'HASH_GROUP_BY' (id=4) output batch 0 column count mismatch: got 13, expected 10
[2026-09-08 05:53:41.108] [warning] [gpu_pipeline_task.cpp:77] gpu_pipeline_task: operator 'HASH_GROUP_BY' (id=4) output batch 0 column count mismatch: got 13, expected 10
[2026-09-08 05:53:41.108] [warning] [gpu_pipeline_task.cpp:77] gpu_pipeline_task: operator 'HASH_GROUP_BY' (id=4) output batch 0 column count mismatch: got 13, expected 10
[2026-09-08 05:53:41.110] [warning] [gpu_pipeline_task.cpp:77] gpu_pipeline_task: operator 'HASH_GROUP_BY' (id=4) output batch 0 column count mismatch: got 13, expected 10
[2026-09-08 05:53:41.110] [warning] [gpu_pipeline_task.cpp:77] gpu_pipeline_task: operator 'HASH_GROUP_BY' (id=4) output batch 0 column count mismatch: got 13, expected 10
[2026-09-08 05:53:41.110] [warning] [gpu_pipeline_task.cpp:77] gpu_pipeline_task: operator 'HASH_GROUP_BY' (id=4) output batch 0 column count mismatch: got 13, expected 10
[2026-09-08 05:53:41.111] [warning] [gpu_pipeline_task.cpp:77] gpu_pipeline_task: operator 'HASH_GROUP_BY' (id=4) output batch 0 column count mismatch: got 13, expected 10
[2026-09-08 05:53:41.113] [warning] [gpu_pipeline_task.cpp:77] gpu_pipeline_task: operator 'HASH_GROUP_BY' (id=4) output batch 0 column count mismatch: got 13, expected 10
[2026-09-08 05:53:41.113] [warning] [gpu_pipeline_task.cpp:77] gpu_pipeline_task: operator 'HASH_GROUP_BY' (id=4) output batch 0 column count mismatch: got 13, expected 10
[2026-09-08 05:53:41.121] [warning] [gpu_pipeline_task.cpp:77] gpu_pipeline_task: operator 'HASH_GROUP_BY' (id=4) output batch 0 column count mismatch: got 13, expected 10
[2026-09-08 05:53:41.125] [warning] [gpu_pipeline_task.cpp:77] gpu_pipeline_task: operator 'HASH_GROUP_BY' (id=4) output batch 0 column count mismatch: got 13, expected 10
[2026-09-08 05:53:41.127] [warning] [gpu_pipeline_task.cpp:77] gpu_pipeline_task: operator 'HASH_GROUP_BY' (id=4) output batch 0 column count mismatch: got 13, expected 10
[2026-09-08 05:53:41.131] [warning] [gpu_pipeline_task.cpp:77] gpu_pipeline_task: operator 'HASH_GROUP_BY' (id=4) output batch 0 column count mismatch: got 13, expected 10
[2026-09-08 05:53:41.131] [warning] [gpu_pipeline_task.cpp:77] gpu_pipeline_task: operator 'HASH_GROUP_BY' (id=4) output batch 0 column count mismatch: got 13, expected 10
[2026-09-08 05:53:41.133] [warning] [gpu_pipeline_task.cpp:77] gpu_pipeline_task: operator 'HASH_GROUP_BY' (id=4) output batch 0 column count mismatch: got 13, expected 10
[2026-09-08 05:53:41.134] [warning] [gpu_pipeline_task.cpp:77] gpu_pipeline_task: operator 'HASH_GROUP_BY' (id=4) output batch 0 column count mismatch: got 13, expected 10
[2026-09-08 05:53:41.136] [warning] [gpu_pipeline_task.cpp:77] gpu_pipeline_task: operator 'HASH_GROUP_BY' (id=4) output batch 0 column count mismatch: got 13, expected 10
[2026-09-08 05:53:41.139] [warning] [gpu_pipeline_task.cpp:77] gpu_pipeline_task: operator 'HASH_GROUP_BY' (id=4) output batch 0 column count mismatch: got 13, expected 10
[2026-09-08 05:53:41.142] [warning] [gpu_pipeline_task.cpp:77] gpu_pipeline_task: operator 'HASH_GROUP_BY' (id=4) output batch 0 column count mismatch: got 13, expected 10
[2026-09-08 05:53:41.143] [warning] [gpu_pipeline_task.cpp:77] gpu_pipeline_task: operator 'HASH_GROUP_BY' (id=4) output batch 0 column count mismatch: got 13, expected 10
[2026-09-08 05:53:41.146] [warning] [gpu_pipeline_task.cpp:77] gpu_pipeline_task: operator 'HASH_GROUP_BY' (id=4) output batch 0 column count mismatch: got 13, expected 10
[2026-09-08 05:53:41.148] [warning] [gpu_pipeline_task.cpp:77] gpu_pipeline_task: operator 'HASH_GROUP_BY' (id=4) output batch 0 column count mismatch: got 13, expected 10
[2026-09-08 05:53:41.150] [warning] [gpu_pipeline_task.cpp:77] gpu_pipeline_task: operator 'HASH_GROUP_BY' (id=4) output batch 0 column count mismatch: got 13, expected 10
[2026-09-08 05:53:41.152] [warning] [gpu_pipeline_task.cpp:77] gpu_pipeline_task: operator 'HASH_GROUP_BY' (id=4) output batch 0 column count mismatch: got 13, expected 10
[2026-09-08 05:53:41.153] [warning] [gpu_pipeline_task.cpp:77] gpu_pipeline_task: operator 'HASH_GROUP_BY' (id=4) output batch 0 column count mismatch: got 13, expected 10
[2026-09-08 05:53:41.153] [warning] [gpu_pipeline_task.cpp:77] gpu_pipeline_task: operator 'HASH_GROUP_BY' (id=4) output batch 0 column count mismatch: got 13, expected 10
[2026-09-08 05:53:41.155] [warning] [gpu_pipeline_task.cpp:77] gpu_pipeline_task: operator 'HASH_GROUP_BY' (id=4) output batch 0 column count mismatch: got 13, expected 10
[2026-09-08 05:53:41.156] [warning] [gpu_pipeline_task.cpp:77] gpu_pipeline_task: operator 'HASH_GROUP_BY' (id=4) output batch 0 column count mismatch: got 13, expected 10
[2026-09-08 05:53:41.156] [warning] [gpu_pipeline_task.cpp:77] gpu_pipeline_task: operator 'HASH_GROUP_BY' (id=4) output batch 0 column count mismatch: got 13, expected 10
[2026-09-08 05:53:41.156] [warning] [gpu_pipeline_task.cpp:77] gpu_pipeline_task: operator 'HASH_GROUP_BY' (id=4) output batch 0 column count mismatch: got 13, expected 10
[2026-09-08 05:53:41.157] [warning] [gpu_pipeline_task.cpp:77] gpu_pipeline_task: operator 'HASH_GROUP_BY' (id=4) output batch 0 column count mismatch: got 13, expected 10
[2026-09-08 05:53:41.158] [warning] [gpu_pipeline_task.cpp:77] gpu_pipeline_task: operator 'HASH_GROUP_BY' (id=4) output batch 0 column count mismatch: got 13, expected 10
[2026-09-08 05:53:41.159] [warning] [gpu_pipeline_task.cpp:77] gpu_pipeline_task: operator 'HASH_GROUP_BY' (id=4) output batch 0 column count mismatch: got 13, expected 10
[2026-09-08 05:53:41.159] [warning] [gpu_pipeline_task.cpp:77] gpu_pipeline_task: operator 'HASH_GROUP_BY' (id=4) output batch 0 column count mismatch: got 13, expected 10
[2026-09-08 05:53:41.160] [warning] [gpu_pipeline_task.cpp:77] gpu_pipeline_task: operator 'HASH_GROUP_BY' (id=4) output batch 0 column count mismatch: got 13, expected 10
[2026-09-08 05:53:41.160] [warning] [gpu_pipeline_task.cpp:77] gpu_pipeline_task: operator 'HASH_GROUP_BY' (id=4) output batch 0 column count mismatch: got 13, expected 10
[2026-09-08 05:53:41.160] [warning] [gpu_pipeline_task.cpp:77] gpu_pipeline_task: operator 'HASH_GROUP_BY' (id=4) output batch 0 column count mismatch: got 13, expected 10
[2026-09-08 05:53:41.161] [warning] [gpu_pipeline_task.cpp:77] gpu_pipeline_task: operator 'HASH_GROUP_BY' (id=4) output batch 0 column count mismatch: got 13, expected 10
[2026-09-08 05:53:41.173] [warning] [gpu_pipeline_task.cpp:77] gpu_pipeline_task: operator 'HASH_GROUP_BY' (id=4) output batch 0 column count mismatch: got 13, expected 10
[2026-09-08 05:53:41.175] [warning] [gpu_pipeline_task.cpp:77] gpu_pipeline_task: operator 'HASH_GROUP_BY' (id=4) output batch 0 column count mismatch: got 13, expected 10
[2026-09-08 05:53:41.177] [warning] [gpu_pipeline_task.cpp:77] gpu_pipeline_task: operator 'HASH_GROUP_BY' (id=4) output batch 0 column count mismatch: got 13, expected 10
[2026-09-08 05:53:41.180] [warning] [gpu_pipeline_task.cpp:77] gpu_pipeline_task: operator 'HASH_GROUP_BY' (id=4) output batch 0 column count mismatch: got 13, expected 10
[2026-09-08 05:53:41.182] [warning] [gpu_pipeline_task.cpp:77] gpu_pipeline_task: operator 'HASH_GROUP_BY' (id=4) output batch 0 column count mismatch: got 13, expected 10
[2026-09-08 05:53:41.185] [warning] [gpu_pipeline_task.cpp:77] gpu_pipeline_task: operator 'HASH_GROUP_BY' (id=4) output batch 0 column count mismatch: got 13, expected 10
[2026-09-08 05:53:41.185] [warning] [gpu_pipeline_task.cpp:77] gpu_pipeline_task: operator 'HASH_GROUP_BY' (id=4) output batch 0 column count mismatch: got 13, expected 10
[2026-09-08 05:53:41.186] [warning] [gpu_pipeline_task.cpp:77] gpu_pipeline_task: operator 'HASH_GROUP_BY' (id=4) output batch 0 column count mismatch: got 13, expected 10
[2026-09-08 05:53:41.189] [warning] [gpu_pipeline_task.cpp:77] gpu_pipeline_task: operator 'HASH_GROUP_BY' (id=4) output batch 0 column count mismatch: got 13, expected 10
[2026-09-08 05:53:41.191] [warning] [gpu_pipeline_task.cpp:77] gpu_pipeline_task: operator 'HASH_GROUP_BY' (id=4) output batch 0 column count mismatch: got 13, expected 10
[2026-09-08 05:53:41.193] [warning] [gpu_pipeline_task.cpp:77] gpu_pipeline_task: operator 'HASH_GROUP_BY' (id=4) output batch 0 column count mismatch: got 13, expected 10
[2026-09-08 05:53:41.196] [warning] [gpu_pipeline_task.cpp:77] gpu_pipeline_task: operator 'HASH_GROUP_BY' (id=4) output batch 0 column count mismatch: got 13, expected 10
[2026-09-08 05:53:41.201] [warning] [gpu_pipeline_task.cpp:77] gpu_pipeline_task: operator 'HASH_GROUP_BY' (id=4) output batch 0 column count mismatch: got 13, expected 10
[2026-09-08 05:53:41.201] [warning] [gpu_pipeline_task.cpp:77] gpu_pipeline_task: operator 'HASH_GROUP_BY' (id=4) output batch 0 column count mismatch: got 13, expected 10
[2026-09-08 05:53:41.201] [warning] [gpu_pipeline_task.cpp:77] gpu_pipeline_task: operator 'HASH_GROUP_BY' (id=4) output batch 0 column count mismatch: got 13, expected 10
[2026-09-08 05:53:41.205] [warning] [gpu_pipeline_task.cpp:77] gpu_pipeline_task: operator 'HASH_GROUP_BY' (id=4) output batch 0 column count mismatch: got 13, expected 10
[2026-09-08 05:53:41.206] [warning] [gpu_pipeline_task.cpp:77] gpu_pipeline_task: operator 'HASH_GROUP_BY' (id=4) output batch 0 column count mismatch: got 13, expected 10
[2026-09-08 05:53:41.206] [warning] [gpu_pipeline_task.cpp:77] gpu_pipeline_task: operator 'HASH_GROUP_BY' (id=4) output batch 0 column count mismatch: got 13, expected 10
[2026-09-08 05:53:41.206] [warning] [gpu_pipeline_task.cpp:77] gpu_pipeline_task: operator 'HASH_GROUP_BY' (id=4) output batch 0 column count mismatch: got 13, expected 10
[2026-09-08 05:53:41.207] [warning] [gpu_pipeline_task.cpp:77] gpu_pipeline_task: operator 'HASH_GROUP_BY' (id=4) output batch 0 column count mismatch: got 13, expected 10
[2026-09-08 05:53:41.209] [warning] [gpu_pipeline_task.cpp:77] gpu_pipeline_task: operator 'HASH_GROUP_BY' (id=4) output batch 0 column count mismatch: got 13, expected 10
[2026-09-08 05:53:41.209] [warning] [gpu_pipeline_task.cpp:77] gpu_pipeline_task: operator 'HASH_GROUP_BY' (id=4) output batch 0 column count mismatch: got 13, expected 10
[2026-09-08 05:53:41.209] [warning] [gpu_pipeline_task.cpp:77] gpu_pipeline_task: operator 'HASH_GROUP_BY' (id=4) output batch 0 column count mismatch: got 13, expected 10
[2026-09-08 05:53:41.210] [warning] [gpu_pipeline_task.cpp:77] gpu_pipeline_task: operator 'HASH_GROUP_BY' (id=4) output batch 0 column count mismatch: got 13, expected 10
[2026-09-08 05:53:41.210] [warning] [gpu_pipeline_task.cpp:77] gpu_pipeline_task: operator 'HASH_GROUP_BY' (id=4) output batch 0 column count mismatch: got 13, expected 10
[2026-09-08 05:53:41.211] [warning] [gpu_pipeline_task.cpp:77] gpu_pipeline_task: operator 'HASH_GROUP_BY' (id=4) output batch 0 column count mismatch: got 13, expected 10
[2026-09-08 05:53:41.212] [warning] [gpu_pipeline_task.cpp:77] gpu_pipeline_task: operator 'HASH_GROUP_BY' (id=4) output batch 0 column count mismatch: got 13, expected 10
[2026-09-08 05:53:41.213] [warning] [gpu_pipeline_task.cpp:77] gpu_pipeline_task: operator 'HASH_GROUP_BY' (id=4) output batch 0 column count mismatch: got 13, expected 10
[2026-09-08 05:53:41.214] [warning] [gpu_pipeline_task.cpp:77] gpu_pipeline_task: operator 'HASH_GROUP_BY' (id=4) output batch 0 column count mismatch: got 13, expected 10
[2026-09-08 05:53:41.214] [warning] [gpu_pipeline_task.cpp:77] gpu_pipeline_task: operator 'HASH_GROUP_BY' (id=4) output batch 0 column count mismatch: got 13, expected 10
[2026-09-08 05:53:41.215] [warning] [gpu_pipeline_task.cpp:77] gpu_pipeline_task: operator 'HASH_GROUP_BY' (id=4) output batch 0 column count mismatch: got 13, expected 10
[2026-09-08 05:53:41.216] [warning] [gpu_pipeline_task.cpp:77] gpu_pipeline_task: operator 'HASH_GROUP_BY' (id=4) output batch 0 column count mismatch: got 13, expected 10
[2026-09-08 05:53:41.216] [warning] [gpu_pipeline_task.cpp:77] gpu_pipeline_task: operator 'HASH_GROUP_BY' (id=4) output batch 0 column count mismatch: got 13, expected 10
[2026-09-08 05:53:41.216] [warning] [gpu_pipeline_task.cpp:77] gpu_pipeline_task: operator 'HASH_GROUP_BY' (id=4) output batch 0 column count mismatch: got 13, expected 10
[2026-09-08 05:53:41.217] [warning] [gpu_pipeline_task.cpp:77] gpu_pipeline_task: operator 'HASH_GROUP_BY' (id=4) output batch 0 column count mismatch: got 13, expected 10
[2026-09-08 05:53:41.219] [warning] [gpu_pipeline_task.cpp:77] gpu_pipeline_task: operator 'HASH_GROUP_BY' (id=4) output batch 0 column count mismatch: got 13, expected 10
[2026-09-08 05:53:41.219] [warning] [gpu_pipeline_task.cpp:77] gpu_pipeline_task: operator 'HASH_GROUP_BY' (id=4) output batch 0 column count mismatch: got 13, expected 10
[2026-09-08 05:53:41.219] [warning] [gpu_pipeline_task.cpp:77] gpu_pipeline_task: operator 'HASH_GROUP_BY' (id=4) output batch 0 column count mismatch: got 13, expected 10
[2026-09-08 05:53:41.220] [warning] [gpu_pipeline_task.cpp:77] gpu_pipeline_task: operator 'HASH_GROUP_BY' (id=4) output batch 0 column count mismatch: got 13, expected 10
[2026-09-08 05:53:41.233] [warning] [gpu_pipeline_task.cpp:77] gpu_pipeline_task: operator 'HASH_GROUP_BY' (id=4) output batch 0 column count mismatch: got 13, expected 10
[2026-09-08 05:53:41.234] [warning] [gpu_pipeline_task.cpp:77] gpu_pipeline_task: operator 'HASH_GROUP_BY' (id=4) output batch 0 column count mismatch: got 13, expected 10
[2026-09-08 05:53:41.235] [warning] [gpu_pipeline_task.cpp:77] gpu_pipeline_task: operator 'HASH_GROUP_BY' (id=4) output batch 0 column count mismatch: got 13, expected 10
[2026-09-08 05:53:41.235] [warning] [gpu_pipeline_task.cpp:77] gpu_pipeline_task: operator 'HASH_GROUP_BY' (id=4) output batch 0 column count mismatch: got 13, expected 10
[2026-09-08 05:53:41.238] [warning] [gpu_pipeline_task.cpp:77] gpu_pipeline_task: operator 'HASH_GROUP_BY' (id=4) output batch 0 column count mismatch: got 13, expected 10
[2026-09-08 05:53:41.240] [warning] [gpu_pipeline_task.cpp:77] gpu_pipeline_task: operator 'HASH_GROUP_BY' (id=4) output batch 0 column count mismatch: got 13, expected 10
[2026-09-08 05:53:41.243] [warning] [gpu_pipeline_task.cpp:77] gpu_pipeline_task: operator 'HASH_GROUP_BY' (id=4) output batch 0 column count mismatch: got 13, expected 10
[2026-09-08 05:53:41.243] [warning] [gpu_pipeline_task.cpp:77] gpu_pipeline_task: operator 'HASH_GROUP_BY' (id=4) output batch 0 column count mismatch: got 13, expected 10
[2026-09-08 05:53:41.247] [warning] [gpu_pipeline_task.cpp:77] gpu_pipeline_task: operator 'HASH_GROUP_BY' (id=4) output batch 0 column count mismatch: got 13, expected 10
[2026-09-08 05:53:41.249] [warning] [gpu_pipeline_task.cpp:77] gpu_pipeline_task: operator 'HASH_GROUP_BY' (id=4) output batch 0 column count mismatch: got 13, expected 10
[2026-09-08 05:53:41.250] [warning] [gpu_pipeline_task.cpp:77] gpu_pipeline_task: operator 'HASH_GROUP_BY' (id=4) output batch 0 column count mismatch: got 13, expected 10
[2026-09-08 05:53:41.251] [warning] [gpu_pipeline_task.cpp:77] gpu_pipeline_task: operator 'HASH_GROUP_BY' (id=4) output batch 0 column count mismatch: got 13, expected 10
[2026-09-08 05:53:41.254] [warning] [gpu_pipeline_task.cpp:77] gpu_pipeline_task: operator 'HASH_GROUP_BY' (id=4) output batch 0 column count mismatch: got 13, expected 10
[2026-09-08 05:53:41.256] [warning] [gpu_pipeline_task.cpp:77] gpu_pipeline_task: operator 'HASH_GROUP_BY' (id=4) output batch 0 column count mismatch: got 13, expected 10
[2026-09-08 05:53:41.259] [warning] [gpu_pipeline_task.cpp:77] gpu_pipeline_task: operator 'HASH_GROUP_BY' (id=4) output batch 0 column count mismatch: got 13, expected 10
[2026-09-08 05:53:41.260] [warning] [gpu_pipeline_task.cpp:77] gpu_pipeline_task: operator 'HASH_GROUP_BY' (id=4) output batch 0 column count mismatch: got 13, expected 10
[2026-09-08 05:53:41.260] [warning] [gpu_pipeline_task.cpp:77] gpu_pipeline_task: operator 'HASH_GROUP_BY' (id=4) output batch 0 column count mismatch: got 13, expected 10
[2026-09-08 05:53:41.261] [warning] [gpu_pipeline_task.cpp:77] gpu_pipeline_task: operator 'HASH_GROUP_BY' (id=4) output batch 0 column count mismatch: got 13, expected 10
[2026-09-08 05:53:41.263] [warning] [gpu_pipeline_task.cpp:77] gpu_pipeline_task: operator 'HASH_GROUP_BY' (id=4) output batch 0 column count mismatch: got 13, expected 10
[2026-09-08 05:53:41.263] [warning] [gpu_pipeline_task.cpp:77] gpu_pipeline_task: operator 'HASH_GROUP_BY' (id=4) output batch 0 column count mismatch: got 13, expected 10
[2026-09-08 05:53:41.263] [warning] [gpu_pipeline_task.cpp:77] gpu_pipeline_task: operator 'HASH_GROUP_BY' (id=4) output batch 0 column count mismatch: got 13, expected 10
[2026-09-08 05:53:41.264] [warning] [gpu_pipeline_task.cpp:77] gpu_pipeline_task: operator 'HASH_GROUP_BY' (id=4) output batch 0 column count mismatch: got 13, expected 10
[2026-09-08 05:53:41.265] [warning] [gpu_pipeline_task.cpp:77] gpu_pipeline_task: operator 'HASH_GROUP_BY' (id=4) output batch 0 column count mismatch: got 13, expected 10
[2026-09-08 05:53:41.265] [warning] [gpu_pipeline_task.cpp:77] gpu_pipeline_task: operator 'HASH_GROUP_BY' (id=4) output batch 0 column count mismatch: got 13, expected 10
[2026-09-08 05:53:41.265] [warning] [gpu_pipeline_task.cpp:77] gpu_pipeline_task: operator 'HASH_GROUP_BY' (id=4) output batch 0 column count mismatch: got 13, expected 10
[2026-09-08 05:53:41.265] [warning] [gpu_pipeline_task.cpp:77] gpu_pipeline_task: operator 'HASH_GROUP_BY' (id=4) output batch 0 column count mismatch: got 13, expected 10
[2026-09-08 05:53:41.268] [warning] [gpu_pipeline_task.cpp:77] gpu_pipeline_task: operator 'HASH_GROUP_BY' (id=4) output batch 0 column count mismatch: got 13, expected 10
[2026-09-08 05:53:41.269] [warning] [gpu_pipeline_task.cpp:77] gpu_pipeline_task: operator 'HASH_GROUP_BY' (id=4) output batch 0 column count mismatch: got 13, expected 10
[2026-09-08 05:53:41.276] [warning] [gpu_pipeline_task.cpp:77] gpu_pipeline_task: operator 'HASH_GROUP_BY' (id=4) output batch 0 column count mismatch: got 13, expected 10
[2026-09-08 05:53:41.279] [warning] [gpu_pipeline_task.cpp:77] gpu_pipeline_task: operator 'HASH_GROUP_BY' (id=4) output batch 0 column count mismatch: got 13, expected 10
[2026-09-08 05:53:41.282] [warning] [gpu_pipeline_task.cpp:77] gpu_pipeline_task: operator 'HASH_GROUP_BY' (id=4) output batch 0 column count mismatch: got 13, expected 10
[2026-09-08 05:53:41.285] [warning] [gpu_pipeline_task.cpp:77] gpu_pipeline_task: operator 'HASH_GROUP_BY' (id=4) output batch 0 column count mismatch: got 13, expected 10
[2026-09-08 05:53:41.286] [warning] [gpu_pipeline_task.cpp:77] gpu_pipeline_task: operator 'HASH_GROUP_BY' (id=4) output batch 0 column count mismatch: got 13, expected 10
[2026-09-08 05:53:41.287] [warning] [gpu_pipeline_task.cpp:77] gpu_pipeline_task: operator 'HASH_GROUP_BY' (id=4) output batch 0 column count mismatch: got 13, expected 10
[2026-09-08 05:53:41.287] [warning] [gpu_pipeline_task.cpp:77] gpu_pipeline_task: operator 'HASH_GROUP_BY' (id=4) output batch 0 column count mismatch: got 13, expected 10
[2026-09-08 05:53:41.288] [warning] [gpu_pipeline_task.cpp:77] gpu_pipeline_task: operator 'HASH_GROUP_BY' (id=4) output batch 0 column count mismatch: got 13, expected 10
[2026-09-08 05:53:41.289] [warning] [gpu_pipeline_task.cpp:77] gpu_pipeline_task: operator 'HASH_GROUP_BY' (id=4) output batch 0 column count mismatch: got 13, expected 10
[2026-09-08 05:53:41.290] [warning] [gpu_pipeline_task.cpp:77] gpu_pipeline_task: operator 'HASH_GROUP_BY' (id=4) output batch 0 column count mismatch: got 13, expected 10
[2026-09-08 05:53:41.294] [warning] [gpu_pipeline_task.cpp:77] gpu_pipeline_task: operator 'HASH_GROUP_BY' (id=4) output batch 0 column count mismatch: got 13, expected 10
[2026-09-08 05:53:41.301] [warning] [gpu_pipeline_task.cpp:77] gpu_pipeline_task: operator 'HASH_GROUP_BY' (id=4) output batch 0 column count mismatch: got 13, expected 10
[2026-09-08 05:53:41.302] [warning] [gpu_pipeline_task.cpp:77] gpu_pipeline_task: operator 'HASH_GROUP_BY' (id=4) output batch 0 column count mismatch: got 13, expected 10
[2026-09-08 05:53:41.302] [warning] [gpu_pipeline_task.cpp:77] gpu_pipeline_task: operator 'HASH_GROUP_BY' (id=4) output batch 0 column count mismatch: got 13, expected 10
[2026-09-08 05:53:41.304] [warning] [gpu_pipeline_task.cpp:77] gpu_pipeline_task: operator 'HASH_GROUP_BY' (id=4) output batch 0 column count mismatch: got 13, expected 10
[2026-09-08 05:53:41.306] [warning] [gpu_pipeline_task.cpp:77] gpu_pipeline_task: operator 'HASH_GROUP_BY' (id=4) output batch 0 column count mismatch: got 13, expected 10
[2026-09-08 05:53:41.307] [warning] [gpu_pipeline_task.cpp:77] gpu_pipeline_task: operator 'HASH_GROUP_BY' (id=4) output batch 0 column count mismatch: got 13, expected 10
[2026-09-08 05:53:41.313] [warning] [gpu_pipeline_task.cpp:77] gpu_pipeline_task: operator 'HASH_GROUP_BY' (id=4) output batch 0 column count mismatch: got 13, expected 10
[2026-09-08 05:53:41.314] [warning] [gpu_pipeline_task.cpp:77] gpu_pipeline_task: operator 'HASH_GROUP_BY' (id=4) output batch 0 column count mismatch: got 13, expected 10
[2026-09-08 05:53:41.315] [warning] [gpu_pipeline_task.cpp:77] gpu_pipeline_task: operator 'HASH_GROUP_BY' (id=4) output batch 0 column count mismatch: got 13, expected 10
[2026-09-08 05:53:41.317] [warning] [gpu_pipeline_task.cpp:77] gpu_pipeline_task: operator 'HASH_GROUP_BY' (id=4) output batch 0 column count mismatch: got 13, expected 10
[2026-09-08 05:53:41.319] [warning] [gpu_pipeline_task.cpp:77] gpu_pipeline_task: operator 'HASH_GROUP_BY' (id=4) output batch 0 column count mismatch: got 13, expected 10
[2026-09-08 05:53:41.322] [warning] [gpu_pipeline_task.cpp:77] gpu_pipeline_task: operator 'HASH_GROUP_BY' (id=4) output batch 0 column count mismatch: got 13, expected 10
[2026-09-08 05:53:41.325] [warning] [gpu_pipeline_task.cpp:77] gpu_pipeline_task: operator 'HASH_GROUP_BY' (id=4) output batch 0 column count mismatch: got 13, expected 10
[2026-09-08 05:53:41.327] [warning] [gpu_pipeline_task.cpp:77] gpu_pipeline_task: operator 'HASH_GROUP_BY' (id=4) output batch 0 column count mismatch: got 13, expected 10
[2026-09-08 05:53:41.328] [warning] [gpu_pipeline_task.cpp:77] gpu_pipeline_task: operator 'HASH_GROUP_BY' (id=4) output batch 0 column count mismatch: got 13, expected 10
[2026-09-08 05:53:41.328] [warning] [gpu_pipeline_task.cpp:77] gpu_pipeline_task: operator 'HASH_GROUP_BY' (id=4) output batch 0 column count mismatch: got 13, expected 10
[2026-09-08 05:53:41.330] [warning] [gpu_pipeline_task.cpp:77] gpu_pipeline_task: operator 'HASH_GROUP_BY' (id=4) output batch 0 column count mismatch: got 13, expected 10
[2026-09-08 05:53:41.335] [warning] [gpu_pipeline_task.cpp:77] gpu_pipeline_task: operator 'HASH_GROUP_BY' (id=4) output batch 0 column count mismatch: got 13, expected 10
[2026-09-08 05:53:41.335] [warning] [gpu_pipeline_task.cpp:77] gpu_pipeline_task: operator 'HASH_GROUP_BY' (id=4) output batch 0 column count mismatch: got 13, expected 10
[2026-09-08 05:53:41.339] [warning] [gpu_pipeline_task.cpp:77] gpu_pipeline_task: operator 'HASH_GROUP_BY' (id=4) output batch 0 column count mismatch: got 13, expected 10
[2026-09-08 05:53:41.342] [warning] [gpu_pipeline_task.cpp:77] gpu_pipeline_task: operator 'HASH_GROUP_BY' (id=4) output batch 0 column count mismatch: got 13, expected 10
[2026-09-08 05:53:41.344] [warning] [gpu_pipeline_task.cpp:77] gpu_pipeline_task: operator 'HASH_GROUP_BY' (id=4) output batch 0 column count mismatch: got 13, expected 10
[2026-09-08 05:53:41.346] [warning] [gpu_pipeline_task.cpp:77] gpu_pipeline_task: operator 'HASH_GROUP_BY' (id=4) output batch 0 column count mismatch: got 13, expected 10
[2026-09-08 05:53:41.346] [warning] [gpu_pipeline_task.cpp:77] gpu_pipeline_task: operator 'HASH_GROUP_BY' (id=4) output batch 0 column count mismatch: got 13, expected 10
[2026-09-08 05:53:41.348] [warning] [gpu_pipeline_task.cpp:77] gpu_pipeline_task: operator 'HASH_GROUP_BY' (id=4) output batch 0 column count mismatch: got 13, expected 10
[2026-09-08 05:53:41.349] [warning] [gpu_pipeline_task.cpp:77] gpu_pipeline_task: operator 'HASH_GROUP_BY' (id=4) output batch 0 column count mismatch: got 13, expected 10
[2026-09-08 05:53:41.350] [warning] [gpu_pipeline_task.cpp:77] gpu_pipeline_task: operator 'HASH_GROUP_BY' (id=4) output batch 0 column count mismatch: got 13, expected 10
[2026-09-08 05:53:41.350] [warning] [gpu_pipeline_task.cpp:77] gpu_pipeline_task: operator 'HASH_GROUP_BY' (id=4) output batch 0 column count mismatch: got 13, expected 10
[2026-09-08 05:53:41.351] [warning] [gpu_pipeline_task.cpp:77] gpu_pipeline_task: operator 'HASH_GROUP_BY' (id=4) output batch 0 column count mismatch: got 13, expected 10
[2026-09-08 05:53:41.352] [warning] [gpu_pipeline_task.cpp:77] gpu_pipeline_task: operator 'HASH_GROUP_BY' (id=4) output batch 0 column count mismatch: got 13, expected 10
[2026-09-08 05:53:41.352] [warning] [gpu_pipeline_task.cpp:77] gpu_pipeline_task: operator 'HASH_GROUP_BY' (id=4) output batch 0 column count mismatch: got 13, expected 10
[2026-09-08 05:53:41.353] [warning] [gpu_pipeline_task.cpp:77] gpu_pipeline_task: operator 'HASH_GROUP_BY' (id=4) output batch 0 column count mismatch: got 13, expected 10
[2026-09-08 05:53:41.353] [warning] [gpu_pipeline_task.cpp:77] gpu_pipeline_task: operator 'HASH_GROUP_BY' (id=4) output batch 0 column count mismatch: got 13, expected 10
[2026-09-08 05:53:41.354] [warning] [gpu_pipeline_task.cpp:77] gpu_pipeline_task: operator 'HASH_GROUP_BY' (id=4) output batch 0 column count mismatch: got 13, expected 10
[2026-09-08 05:53:41.355] [warning] [gpu_pipeline_task.cpp:77] gpu_pipeline_task: operator 'HASH_GROUP_BY' (id=4) output batch 0 column count mismatch: got 13, expected 10
[2026-09-08 05:53:41.355] [warning] [gpu_pipeline_task.cpp:77] gpu_pipeline_task: operator 'HASH_GROUP_BY' (id=4) output batch 0 column count mismatch: got 13, expected 10
[2026-09-08 05:53:41.356] [warning] [gpu_pipeline_task.cpp:77] gpu_pipeline_task: operator 'HASH_GROUP_BY' (id=4) output batch 0 column count mismatch: got 13, expected 10
[2026-09-08 05:53:41.357] [warning] [gpu_pipeline_task.cpp:77] gpu_pipeline_task: operator 'HASH_GROUP_BY' (id=4) output batch 0 column count mismatch: got 13, expected 10
[2026-09-08 05:53:41.358] [warning] [gpu_pipeline_task.cpp:77] gpu_pipeline_task: operator 'HASH_GROUP_BY' (id=4) output batch 0 column count mismatch: got 13, expected 10
[2026-09-08 05:53:41.358] [warning] [gpu_pipeline_task.cpp:77] gpu_pipeline_task: operator 'HASH_GROUP_BY' (id=4) output batch 0 column count mismatch: got 13, expected 10
[2026-09-08 05:53:41.358] [warning] [gpu_pipeline_task.cpp:77] gpu_pipeline_task: operator 'HASH_GROUP_BY' (id=4) output batch 0 column count mismatch: got 13, expected 10
[2026-09-08 05:53:41.359] [warning] [gpu_pipeline_task.cpp:77] gpu_pipeline_task: operator 'HASH_GROUP_BY' (id=4) output batch 0 column count mismatch: got 13, expected 10
[2026-09-08 05:53:41.360] [warning] [gpu_pipeline_task.cpp:77] gpu_pipeline_task: operator 'HASH_GROUP_BY' (id=4) output batch 0 column count mismatch: got 13, expected 10
[2026-09-08 05:53:41.361] [warning] [gpu_pipeline_task.cpp:77] gpu_pipeline_task: operator 'HASH_GROUP_BY' (id=4) output batch 0 column count mismatch: got 13, expected 10
[2026-09-08 05:53:41.365] [warning] [gpu_pipeline_task.cpp:77] gpu_pipeline_task: operator 'HASH_GROUP_BY' (id=4) output batch 0 column count mismatch: got 13, expected 10
[2026-09-08 05:53:41.365] [warning] [gpu_pipeline_task.cpp:77] gpu_pipeline_task: operator 'HASH_GROUP_BY' (id=4) output batch 0 column count mismatch: got 13, expected 10
[2026-09-08 05:53:41.367] [warning] [gpu_pipeline_task.cpp:77] gpu_pipeline_task: operator 'HASH_GROUP_BY' (id=4) output batch 0 column count mismatch: got 13, expected 10
[2026-09-08 05:53:41.378] [warning] [gpu_pipeline_task.cpp:77] gpu_pipeline_task: operator 'HASH_GROUP_BY' (id=4) output batch 0 column count mismatch: got 13, expected 10
[2026-09-08 05:53:41.379] [warning] [gpu_pipeline_task.cpp:77] gpu_pipeline_task: operator 'HASH_GROUP_BY' (id=4) output batch 0 column count mismatch: got 13, expected 10
[2026-09-08 05:53:41.381] [warning] [gpu_pipeline_task.cpp:77] gpu_pipeline_task: operator 'HASH_GROUP_BY' (id=4) output batch 0 column count mismatch: got 13, expected 10
[2026-09-08 05:53:41.381] [warning] [gpu_pipeline_task.cpp:77] gpu_pipeline_task: operator 'HASH_GROUP_BY' (id=4) output batch 0 column count mismatch: got 13, expected 10
[2026-09-08 05:53:41.384] [warning] [gpu_pipeline_task.cpp:77] gpu_pipeline_task: operator 'HASH_GROUP_BY' (id=4) output batch 0 column count mismatch: got 13, expected 10
[2026-09-08 05:53:41.384] [warning] [gpu_pipeline_task.cpp:77] gpu_pipeline_task: operator 'HASH_GROUP_BY' (id=4) output batch 0 column count mismatch: got 13, expected 10
[2026-09-08 05:53:41.385] [warning] [gpu_pipeline_task.cpp:77] gpu_pipeline_task: operator 'HASH_GROUP_BY' (id=4) output batch 0 column count mismatch: got 13, expected 10
[2026-09-08 05:53:41.386] [warning] [gpu_pipeline_task.cpp:77] gpu_pipeline_task: operator 'HASH_GROUP_BY' (id=4) output batch 0 column count mismatch: got 13, expected 10
[2026-09-08 05:53:41.386] [warning] [gpu_pipeline_task.cpp:77] gpu_pipeline_task: operator 'HASH_GROUP_BY' (id=4) output batch 0 column count mismatch: got 13, expected 10
[2026-09-08 05:53:41.388] [warning] [gpu_pipeline_task.cpp:77] gpu_pipeline_task: operator 'HASH_GROUP_BY' (id=4) output batch 0 column count mismatch: got 13, expected 10
[2026-09-08 05:53:41.388] [warning] [gpu_pipeline_task.cpp:77] gpu_pipeline_task: operator 'HASH_GROUP_BY' (id=4) output batch 0 column count mismatch: got 13, expected 10
[2026-09-08 05:53:41.389] [warning] [gpu_pipeline_task.cpp:77] gpu_pipeline_task: operator 'HASH_GROUP_BY' (id=4) output batch 0 column count mismatch: got 13, expected 10
[2026-09-08 05:53:41.389] [warning] [gpu_pipeline_task.cpp:77] gpu_pipeline_task: operator 'HASH_GROUP_BY' (id=4) output batch 0 column count mismatch: got 13, expected 10
[2026-09-08 05:53:41.391] [warning] [gpu_pipeline_task.cpp:77] gpu_pipeline_task: operator 'HASH_GROUP_BY' (id=4) output batch 0 column count mismatch: got 13, expected 10
[2026-09-08 05:53:41.391] [warning] [gpu_pipeline_task.cpp:77] gpu_pipeline_task: operator 'HASH_GROUP_BY' (id=4) output batch 0 column count mismatch: got 13, expected 10
[2026-09-08 05:53:41.391] [warning] [gpu_pipeline_task.cpp:77] gpu_pipeline_task: operator 'HASH_GROUP_BY' (id=4) output batch 0 column count mismatch: got 13, expected 10
[2026-09-08 05:53:41.393] [warning] [gpu_pipeline_task.cpp:77] gpu_pipeline_task: operator 'HASH_GROUP_BY' (id=4) output batch 0 column count mismatch: got 13, expected 10
[2026-09-08 05:53:41.393] [warning] [gpu_pipeline_task.cpp:77] gpu_pipeline_task: operator 'HASH_GROUP_BY' (id=4) output batch 0 column count mismatch: got 13, expected 10
[2026-09-08 05:53:41.394] [warning] [gpu_pipeline_task.cpp:77] gpu_pipeline_task: operator 'HASH_GROUP_BY' (id=4) output batch 0 column count mismatch: got 13, expected 10
[2026-09-08 05:53:41.394] [warning] [gpu_pipeline_task.cpp:77] gpu_pipeline_task: operator 'HASH_GROUP_BY' (id=4) output batch 0 column count mismatch: got 13, expected 10
[2026-09-08 05:53:41.395] [warning] [gpu_pipeline_task.cpp:77] gpu_pipeline_task: operator 'HASH_GROUP_BY' (id=4) output batch 0 column count mismatch: got 13, expected 10
[2026-09-08 05:53:41.395] [warning] [gpu_pipeline_task.cpp:77] gpu_pipeline_task: operator 'HASH_GROUP_BY' (id=4) output batch 0 column count mismatch: got 13, expected 10
[2026-09-08 05:53:41.396] [warning] [gpu_pipeline_task.cpp:77] gpu_pipeline_task: operator 'HASH_GROUP_BY' (id=4) output batch 0 column count mismatch: got 13, expected 10
[2026-09-08 05:53:41.396] [warning] [gpu_pipeline_task.cpp:77] gpu_pipeline_task: operator 'HASH_GROUP_BY' (id=4) output batch 0 column count mismatch: got 13, expected 10
[2026-09-08 05:53:41.399] [warning] [gpu_pipeline_task.cpp:77] gpu_pipeline_task: operator 'HASH_GROUP_BY' (id=4) output batch 0 column count mismatch: got 13, expected 10
[2026-09-08 05:53:41.399] [warning] [gpu_pipeline_task.cpp:77] gpu_pipeline_task: operator 'HASH_GROUP_BY' (id=4) output batch 0 column count mismatch: got 13, expected 10
[2026-09-08 05:53:41.399] [warning] [gpu_pipeline_task.cpp:77] gpu_pipeline_task: operator 'HASH_GROUP_BY' (id=4) output batch 0 column count mismatch: got 13, expected 10
[2026-09-08 05:53:41.400] [warning] [gpu_pipeline_task.cpp:77] gpu_pipeline_task: operator 'HASH_GROUP_BY' (id=4) output batch 0 column count mismatch: got 13, expected 10
[2026-09-08 05:53:41.401] [warning] [gpu_pipeline_task.cpp:77] gpu_pipeline_task: operator 'HASH_GROUP_BY' (id=4) output batch 0 column count mismatch: got 13, expected 10
[2026-09-08 05:53:41.414] [warning] [gpu_pipeline_task.cpp:77] gpu_pipeline_task: operator 'HASH_GROUP_BY' (id=4) output batch 0 column count mismatch: got 13, expected 10
[2026-09-08 05:53:41.414] [warning] [gpu_pipeline_task.cpp:77] gpu_pipeline_task: operator 'HASH_GROUP_BY' (id=4) output batch 0 column count mismatch: got 13, expected 10
[2026-09-08 05:53:41.415] [warning] [gpu_pipeline_task.cpp:77] gpu_pipeline_task: operator 'HASH_GROUP_BY' (id=4) output batch 0 column count mismatch: got 13, expected 10
[2026-09-08 05:53:41.417] [warning] [gpu_pipeline_task.cpp:77] gpu_pipeline_task: operator 'HASH_GROUP_BY' (id=4) output batch 0 column count mismatch: got 13, expected 10
[2026-09-08 05:53:41.419] [warning] [gpu_pipeline_task.cpp:77] gpu_pipeline_task: operator 'HASH_GROUP_BY' (id=4) output batch 0 column count mismatch: got 13, expected 10
[2026-09-08 05:53:41.419] [warning] [gpu_pipeline_task.cpp:77] gpu_pipeline_task: operator 'HASH_GROUP_BY' (id=4) output batch 0 column count mismatch: got 13, expected 10
[2026-09-08 05:53:41.421] [warning] [gpu_pipeline_task.cpp:77] gpu_pipeline_task: operator 'HASH_GROUP_BY' (id=4) output batch 0 column count mismatch: got 13, expected 10
[2026-09-08 05:53:41.423] [warning] [gpu_pipeline_task.cpp:77] gpu_pipeline_task: operator 'HASH_GROUP_BY' (id=4) output batch 0 column count mismatch: got 13, expected 10
[2026-09-08 05:53:41.429] [warning] [gpu_pipeline_task.cpp:77] gpu_pipeline_task: operator 'HASH_GROUP_BY' (id=4) output batch 0 column count mismatch: got 13, expected 10
[2026-09-08 05:53:41.430] [warning] [gpu_pipeline_task.cpp:77] gpu_pipeline_task: operator 'HASH_GROUP_BY' (id=4) output batch 0 column count mismatch: got 13, expected 10
[2026-09-08 05:53:41.430] [warning] [gpu_pipeline_task.cpp:77] gpu_pipeline_task: operator 'HASH_GROUP_BY' (id=4) output batch 0 column count mismatch: got 13, expected 10
[2026-09-08 05:53:41.435] [warning] [gpu_pipeline_task.cpp:77] gpu_pipeline_task: operator 'HASH_GROUP_BY' (id=4) output batch 0 column count mismatch: got 13, expected 10
[2026-09-08 05:53:41.437] [warning] [gpu_pipeline_task.cpp:77] gpu_pipeline_task: operator 'HASH_GROUP_BY' (id=4) output batch 0 column count mismatch: got 13, expected 10
[2026-09-08 05:53:41.439] [warning] [gpu_pipeline_task.cpp:77] gpu_pipeline_task: operator 'HASH_GROUP_BY' (id=4) output batch 0 column count mismatch: got 13, expected 10
[2026-09-08 05:53:41.440] [warning] [gpu_pipeline_task.cpp:77] gpu_pipeline_task: operator 'HASH_GROUP_BY' (id=4) output batch 0 column count mismatch: got 13, expected 10
[2026-09-08 05:53:41.441] [warning] [gpu_pipeline_task.cpp:77] gpu_pipeline_task: operator 'HASH_GROUP_BY' (id=4) output batch 0 column count mismatch: got 13, expected 10
[2026-09-08 05:53:41.441] [warning] [gpu_pipeline_task.cpp:77] gpu_pipeline_task: operator 'HASH_GROUP_BY' (id=4) output batch 0 column count mismatch: got 13, expected 10
[2026-09-08 05:53:41.443] [warning] [gpu_pipeline_task.cpp:77] gpu_pipeline_task: operator 'HASH_GROUP_BY' (id=4) output batch 0 column count mismatch: got 13, expected 10
[2026-09-08 05:53:41.443] [warning] [gpu_pipeline_task.cpp:77] gpu_pipeline_task: operator 'HASH_GROUP_BY' (id=4) output batch 0 column count mismatch: got 13, expected 10
[2026-09-08 05:53:41.444] [warning] [gpu_pipeline_task.cpp:77] gpu_pipeline_task: operator 'HASH_GROUP_BY' (id=4) output batch 0 column count mismatch: got 13, expected 10
[2026-09-08 05:53:41.445] [warning] [gpu_pipeline_task.cpp:77] gpu_pipeline_task: operator 'HASH_GROUP_BY' (id=4) output batch 0 column count mismatch: got 13, expected 10
[2026-09-08 05:53:41.445] [warning] [gpu_pipeline_task.cpp:77] gpu_pipeline_task: operator 'HASH_GROUP_BY' (id=4) output batch 0 column count mismatch: got 13, expected 10
[2026-09-08 05:53:41.446] [warning] [gpu_pipeline_task.cpp:77] gpu_pipeline_task: operator 'HASH_GROUP_BY' (id=4) output batch 0 column count mismatch: got 13, expected 10
[2026-09-08 05:53:41.447] [warning] [gpu_pipeline_task.cpp:77] gpu_pipeline_task: operator 'HASH_GROUP_BY' (id=4) output batch 0 column count mismatch: got 13, expected 10
[2026-09-08 05:53:41.447] [warning] [gpu_pipeline_task.cpp:77] gpu_pipeline_task: operator 'HASH_GROUP_BY' (id=4) output batch 0 column count mismatch: got 13, expected 10
[2026-09-08 05:53:41.447] [warning] [gpu_pipeline_task.cpp:77] gpu_pipeline_task: operator 'HASH_GROUP_BY' (id=4) output batch 0 column count mismatch: got 13, expected 10
[2026-09-08 05:53:41.447] [warning] [gpu_pipeline_task.cpp:77] gpu_pipeline_task: operator 'HASH_GROUP_BY' (id=4) output batch 0 column count mismatch: got 13, expected 10
[2026-09-08 05:53:41.447] [warning] [gpu_pipeline_task.cpp:77] gpu_pipeline_task: operator 'HASH_GROUP_BY' (id=4) output batch 0 column count mismatch: got 13, expected 10
[2026-09-08 05:53:41.449] [warning] [gpu_pipeline_task.cpp:77] gpu_pipeline_task: operator 'HASH_GROUP_BY' (id=4) output batch 0 column count mismatch: got 13, expected 10
[2026-09-08 05:53:41.464] [warning] [gpu_pipeline_task.cpp:77] gpu_pipeline_task: operator 'HASH_GROUP_BY' (id=4) output batch 0 column count mismatch: got 13, expected 10
[2026-09-08 05:53:41.465] [warning] [gpu_pipeline_task.cpp:77] gpu_pipeline_task: operator 'HASH_GROUP_BY' (id=4) output batch 0 column count mismatch: got 13, expected 10
[2026-09-08 05:53:41.465] [warning] [gpu_pipeline_task.cpp:77] gpu_pipeline_task: operator 'HASH_GROUP_BY' (id=4) output batch 0 column count mismatch: got 13, expected 10
[2026-09-08 05:53:41.466] [warning] [gpu_pipeline_task.cpp:77] gpu_pipeline_task: operator 'HASH_GROUP_BY' (id=4) output batch 0 column count mismatch: got 13, expected 10
[2026-09-08 05:53:41.467] [warning] [gpu_pipeline_task.cpp:77] gpu_pipeline_task: operator 'HASH_GROUP_BY' (id=4) output batch 0 column count mismatch: got 13, expected 10
[2026-09-08 05:53:41.468] [warning] [gpu_pipeline_task.cpp:77] gpu_pipeline_task: operator 'HASH_GROUP_BY' (id=4) output batch 0 column count mismatch: got 13, expected 10
[2026-09-08 05:53:41.468] [warning] [gpu_pipeline_task.cpp:77] gpu_pipeline_task: operator 'HASH_GROUP_BY' (id=4) output batch 0 column count mismatch: got 13, expected 10
[2026-09-08 05:53:41.472] [warning] [gpu_pipeline_task.cpp:77] gpu_pipeline_task: operator 'HASH_GROUP_BY' (id=4) output batch 0 column count mismatch: got 13, expected 10
[2026-09-08 05:53:41.478] [warning] [gpu_pipeline_task.cpp:77] gpu_pipeline_task: operator 'HASH_GROUP_BY' (id=4) output batch 0 column count mismatch: got 13, expected 10
[2026-09-08 05:53:41.481] [warning] [gpu_pipeline_task.cpp:77] gpu_pipeline_task: operator 'HASH_GROUP_BY' (id=4) output batch 0 column count mismatch: got 13, expected 10
[2026-09-08 05:53:41.481] [warning] [gpu_pipeline_task.cpp:77] gpu_pipeline_task: operator 'HASH_GROUP_BY' (id=4) output batch 0 column count mismatch: got 13, expected 10
[2026-09-08 05:53:41.483] [warning] [gpu_pipeline_task.cpp:77] gpu_pipeline_task: operator 'HASH_GROUP_BY' (id=4) output batch 0 column count mismatch: got 13, expected 10
[2026-09-08 05:53:41.485] [warning] [gpu_pipeline_task.cpp:77] gpu_pipeline_task: operator 'HASH_GROUP_BY' (id=4) output batch 0 column count mismatch: got 13, expected 10
[2026-09-08 05:53:41.487] [warning] [gpu_pipeline_task.cpp:77] gpu_pipeline_task: operator 'HASH_GROUP_BY' (id=4) output batch 0 column count mismatch: got 13, expected 10
[2026-09-08 05:53:41.488] [warning] [gpu_pipeline_task.cpp:77] gpu_pipeline_task: operator 'HASH_GROUP_BY' (id=4) output batch 0 column count mismatch: got 13, expected 10
[2026-09-08 05:53:41.491] [warning] [gpu_pipeline_task.cpp:77] gpu_pipeline_task: operator 'HASH_GROUP_BY' (id=4) output batch 0 column count mismatch: got 13, expected 10
[2026-09-08 05:53:41.494] [warning] [gpu_pipeline_task.cpp:77] gpu_pipeline_task: operator 'HASH_GROUP_BY' (id=4) output batch 0 column count mismatch: got 13, expected 10
[2026-09-08 05:53:41.496] [warning] [gpu_pipeline_task.cpp:77] gpu_pipeline_task: operator 'HASH_GROUP_BY' (id=4) output batch 0 column count mismatch: got 13, expected 10
[2026-09-08 05:53:41.496] [warning] [gpu_pipeline_task.cpp:77] gpu_pipeline_task: operator 'HASH_GROUP_BY' (id=4) output batch 0 column count mismatch: got 13, expected 10
[2026-09-08 05:53:41.496] [warning] [gpu_pipeline_task.cpp:77] gpu_pipeline_task: operator 'HASH_GROUP_BY' (id=4) output batch 0 column count mismatch: got 13, expected 10
[2026-09-08 05:53:41.497] [warning] [gpu_pipeline_task.cpp:77] gpu_pipeline_task: operator 'HASH_GROUP_BY' (id=4) output batch 0 column count mismatch: got 13, expected 10
[2026-09-08 05:53:41.499] [warning] [gpu_pipeline_task.cpp:77] gpu_pipeline_task: operator 'HASH_GROUP_BY' (id=4) output batch 0 column count mismatch: got 13, expected 10
[2026-09-08 05:53:41.499] [warning] [gpu_pipeline_task.cpp:77] gpu_pipeline_task: operator 'HASH_GROUP_BY' (id=4) output batch 0 column count mismatch: got 13, expected 10
[2026-09-08 05:53:41.500] [warning] [gpu_pipeline_task.cpp:77] gpu_pipeline_task: operator 'HASH_GROUP_BY' (id=4) output batch 0 column count mismatch: got 13, expected 10
[2026-09-08 05:53:41.501] [warning] [gpu_pipeline_task.cpp:77] gpu_pipeline_task: operator 'HASH_GROUP_BY' (id=4) output batch 0 column count mismatch: got 13, expected 10
[2026-09-08 05:53:41.501] [warning] [gpu_pipeline_task.cpp:77] gpu_pipeline_task: operator 'HASH_GROUP_BY' (id=4) output batch 0 column count mismatch: got 13, expected 10
[2026-09-08 05:53:41.502] [warning] [gpu_pipeline_task.cpp:77] gpu_pipeline_task: operator 'HASH_GROUP_BY' (id=4) output batch 0 column count mismatch: got 13, expected 10
[2026-09-08 05:53:41.502] [warning] [gpu_pipeline_task.cpp:77] gpu_pipeline_task: operator 'HASH_GROUP_BY' (id=4) output batch 0 column count mismatch: got 13, expected 10
[2026-09-08 05:53:41.502] [warning] [gpu_pipeline_task.cpp:77] gpu_pipeline_task: operator 'HASH_GROUP_BY' (id=4) output batch 0 column count mismatch: got 13, expected 10
[2026-09-08 05:53:41.504] [warning] [gpu_pipeline_task.cpp:77] gpu_pipeline_task: operator 'HASH_GROUP_BY' (id=4) output batch 0 column count mismatch: got 13, expected 10
[2026-09-08 05:53:41.505] [warning] [gpu_pipeline_task.cpp:77] gpu_pipeline_task: operator 'HASH_GROUP_BY' (id=4) output batch 0 column count mismatch: got 13, expected 10
[2026-09-08 05:53:41.506] [warning] [gpu_pipeline_task.cpp:77] gpu_pipeline_task: operator 'HASH_GROUP_BY' (id=4) output batch 0 column count mismatch: got 13, expected 10
[2026-09-08 05:53:41.506] [warning] [gpu_pipeline_task.cpp:77] gpu_pipeline_task: operator 'HASH_GROUP_BY' (id=4) output batch 0 column count mismatch: got 13, expected 10
[2026-09-08 05:53:41.507] [warning] [gpu_pipeline_task.cpp:77] gpu_pipeline_task: operator 'HASH_GROUP_BY' (id=4) output batch 0 column count mismatch: got 13, expected 10
[2026-09-08 05:53:41.507] [warning] [gpu_pipeline_task.cpp:77] gpu_pipeline_task: operator 'HASH_GROUP_BY' (id=4) output batch 0 column count mismatch: got 13, expected 10
[2026-09-08 05:53:41.508] [warning] [gpu_pipeline_task.cpp:77] gpu_pipeline_task: operator 'HASH_GROUP_BY' (id=4) output batch 0 column count mismatch: got 13, expected 10
[2026-09-08 05:53:41.508] [warning] [gpu_pipeline_task.cpp:77] gpu_pipeline_task: operator 'HASH_GROUP_BY' (id=4) output batch 0 column count mismatch: got 13, expected 10
[2026-09-08 05:53:41.509] [warning] [gpu_pipeline_task.cpp:77] gpu_pipeline_task: operator 'HASH_GROUP_BY' (id=4) output batch 0 column count mismatch: got 13, expected 10
[2026-09-08 05:53:41.522] [warning] [gpu_pipeline_task.cpp:77] gpu_pipeline_task: operator 'HASH_GROUP_BY' (id=4) output batch 0 column count mismatch: got 13, expected 10
[2026-09-08 05:53:41.524] [warning] [gpu_pipeline_task.cpp:77] gpu_pipeline_task: operator 'HASH_GROUP_BY' (id=4) output batch 0 column count mismatch: got 13, expected 10
[2026-09-08 05:53:41.525] [warning] [gpu_pipeline_task.cpp:77] gpu_pipeline_task: operator 'HASH_GROUP_BY' (id=4) output batch 0 column count mismatch: got 13, expected 10
[2026-09-08 05:53:41.525] [warning] [gpu_pipeline_task.cpp:77] gpu_pipeline_task: operator 'HASH_GROUP_BY' (id=4) output batch 0 column count mismatch: got 13, expected 10
[2026-09-08 05:53:41.528] [warning] [gpu_pipeline_task.cpp:77] gpu_pipeline_task: operator 'HASH_GROUP_BY' (id=4) output batch 0 column count mismatch: got 13, expected 10
[2026-09-08 05:53:41.529] [warning] [gpu_pipeline_task.cpp:77] gpu_pipeline_task: operator 'HASH_GROUP_BY' (id=4) output batch 0 column count mismatch: got 13, expected 10
[2026-09-08 05:53:41.531] [warning] [gpu_pipeline_task.cpp:77] gpu_pipeline_task: operator 'HASH_GROUP_BY' (id=4) output batch 0 column count mismatch: got 13, expected 10
[2026-09-08 05:53:41.535] [warning] [gpu_pipeline_task.cpp:77] gpu_pipeline_task: operator 'HASH_GROUP_BY' (id=4) output batch 0 column count mismatch: got 13, expected 10
[2026-09-08 05:53:41.537] [warning] [gpu_pipeline_task.cpp:77] gpu_pipeline_task: operator 'HASH_GROUP_BY' (id=4) output batch 0 column count mismatch: got 13, expected 10
[2026-09-08 05:53:41.539] [warning] [gpu_pipeline_task.cpp:77] gpu_pipeline_task: operator 'HASH_GROUP_BY' (id=4) output batch 0 column count mismatch: got 13, expected 10
[2026-09-08 05:53:41.541] [warning] [gpu_pipeline_task.cpp:77] gpu_pipeline_task: operator 'HASH_GROUP_BY' (id=4) output batch 0 column count mismatch: got 13, expected 10
[2026-09-08 05:53:41.541] [warning] [gpu_pipeline_task.cpp:77] gpu_pipeline_task: operator 'HASH_GROUP_BY' (id=4) output batch 0 column count mismatch: got 13, expected 10
[2026-09-08 05:53:41.546] [warning] [gpu_pipeline_task.cpp:77] gpu_pipeline_task: operator 'HASH_GROUP_BY' (id=4) output batch 0 column count mismatch: got 13, expected 10
[2026-09-08 05:53:41.546] [warning] [gpu_pipeline_task.cpp:77] gpu_pipeline_task: operator 'HASH_GROUP_BY' (id=4) output batch 0 column count mismatch: got 13, expected 10
[2026-09-08 05:53:41.550] [warning] [gpu_pipeline_task.cpp:77] gpu_pipeline_task: operator 'HASH_GROUP_BY' (id=4) output batch 0 column count mismatch: got 13, expected 10
[2026-09-08 05:53:41.554] [warning] [gpu_pipeline_task.cpp:77] gpu_pipeline_task: operator 'HASH_GROUP_BY' (id=4) output batch 0 column count mismatch: got 13, expected 10
[2026-09-08 05:53:41.554] [warning] [gpu_pipeline_task.cpp:77] gpu_pipeline_task: operator 'HASH_GROUP_BY' (id=4) output batch 0 column count mismatch: got 13, expected 10
[2026-09-08 05:53:41.555] [warning] [gpu_pipeline_task.cpp:77] gpu_pipeline_task: operator 'HASH_GROUP_BY' (id=4) output batch 0 column count mismatch: got 13, expected 10
[2026-09-08 05:53:41.557] [warning] [gpu_pipeline_task.cpp:77] gpu_pipeline_task: operator 'HASH_GROUP_BY' (id=4) output batch 0 column count mismatch: got 13, expected 10
[2026-09-08 05:53:41.558] [warning] [gpu_pipeline_task.cpp:77] gpu_pipeline_task: operator 'HASH_GROUP_BY' (id=4) output batch 0 column count mismatch: got 13, expected 10
[2026-09-08 05:53:41.558] [warning] [gpu_pipeline_task.cpp:77] gpu_pipeline_task: operator 'HASH_GROUP_BY' (id=4) output batch 0 column count mismatch: got 13, expected 10
[2026-09-08 05:53:41.559] [warning] [gpu_pipeline_task.cpp:77] gpu_pipeline_task: operator 'HASH_GROUP_BY' (id=4) output batch 0 column count mismatch: got 13, expected 10
[2026-09-08 05:53:41.560] [warning] [gpu_pipeline_task.cpp:77] gpu_pipeline_task: operator 'HASH_GROUP_BY' (id=4) output batch 0 column count mismatch: got 13, expected 10
[2026-09-08 05:53:41.564] [warning] [gpu_pipeline_task.cpp:77] gpu_pipeline_task: operator 'HASH_GROUP_BY' (id=4) output batch 0 column count mismatch: got 13, expected 10
[2026-09-08 05:53:41.567] [warning] [gpu_pipeline_task.cpp:77] gpu_pipeline_task: operator 'HASH_GROUP_BY' (id=4) output batch 0 column count mismatch: got 13, expected 10
[2026-09-08 05:53:41.567] [warning] [gpu_pipeline_task.cpp:77] gpu_pipeline_task: operator 'HASH_GROUP_BY' (id=4) output batch 0 column count mismatch: got 13, expected 10
[2026-09-08 05:53:41.570] [warning] [gpu_pipeline_task.cpp:77] gpu_pipeline_task: operator 'HASH_GROUP_BY' (id=4) output batch 0 column count mismatch: got 13, expected 10
[2026-09-08 05:53:41.572] [warning] [gpu_pipeline_task.cpp:77] gpu_pipeline_task: operator 'HASH_GROUP_BY' (id=4) output batch 0 column count mismatch: got 13, expected 10
[2026-09-08 05:53:41.573] [warning] [gpu_pipeline_task.cpp:77] gpu_pipeline_task: operator 'HASH_GROUP_BY' (id=4) output batch 0 column count mismatch: got 13, expected 10
[2026-09-08 05:53:41.576] [warning] [gpu_pipeline_task.cpp:77] gpu_pipeline_task: operator 'HASH_GROUP_BY' (id=4) output batch 0 column count mismatch: got 13, expected 10
[2026-09-08 05:53:41.580] [warning] [gpu_pipeline_task.cpp:77] gpu_pipeline_task: operator 'HASH_GROUP_BY' (id=4) output batch 0 column count mismatch: got 13, expected 10
[2026-09-08 05:53:41.582] [warning] [gpu_pipeline_task.cpp:77] gpu_pipeline_task: operator 'HASH_GROUP_BY' (id=4) output batch 0 column count mismatch: got 13, expected 10
[2026-09-08 05:53:41.586] [warning] [gpu_pipeline_task.cpp:77] gpu_pipeline_task: operator 'HASH_GROUP_BY' (id=4) output batch 0 column count mismatch: got 13, expected 10
[2026-09-08 05:53:41.588] [warning] [gpu_pipeline_task.cpp:77] gpu_pipeline_task: operator 'HASH_GROUP_BY' (id=4) output batch 0 column count mismatch: got 13, expected 10
[2026-09-08 05:53:41.591] [warning] [gpu_pipeline_task.cpp:77] gpu_pipeline_task: operator 'HASH_GROUP_BY' (id=4) output batch 0 column count mismatch: got 13, expected 10
[2026-09-08 05:53:41.593] [warning] [gpu_pipeline_task.cpp:77] gpu_pipeline_task: operator 'HASH_GROUP_BY' (id=4) output batch 0 column count mismatch: got 13, expected 10
[2026-09-08 05:53:41.594] [warning] [gpu_pipeline_task.cpp:77] gpu_pipeline_task: operator 'HASH_GROUP_BY' (id=4) output batch 0 column count mismatch: got 13, expected 10
[2026-09-08 05:53:41.595] [warning] [gpu_pipeline_task.cpp:77] gpu_pipeline_task: operator 'HASH_GROUP_BY' (id=4) output batch 0 column count mismatch: got 13, expected 10
[2026-09-08 05:53:41.596] [warning] [gpu_pipeline_task.cpp:77] gpu_pipeline_task: operator 'HASH_GROUP_BY' (id=4) output batch 0 column count mismatch: got 13, expected 10
[2026-09-08 05:53:41.601] [warning] [gpu_pipeline_task.cpp:77] gpu_pipeline_task: operator 'HASH_GROUP_BY' (id=4) output batch 0 column count mismatch: got 13, expected 10
[2026-09-08 05:53:41.603] [warning] [gpu_pipeline_task.cpp:77] gpu_pipeline_task: operator 'HASH_GROUP_BY' (id=4) output batch 0 column count mismatch: got 13, expected 10
[2026-09-08 05:53:41.603] [warning] [gpu_pipeline_task.cpp:77] gpu_pipeline_task: operator 'HASH_GROUP_BY' (id=4) output batch 0 column count mismatch: got 13, expected 10
[2026-09-08 05:53:41.605] [warning] [gpu_pipeline_task.cpp:77] gpu_pipeline_task: operator 'HASH_GROUP_BY' (id=4) output batch 0 column count mismatch: got 13, expected 10
[2026-09-08 05:53:41.607] [warning] [gpu_pipeline_task.cpp:77] gpu_pipeline_task: operator 'HASH_GROUP_BY' (id=4) output batch 0 column count mismatch: got 13, expected 10
[2026-09-08 05:53:41.608] [warning] [gpu_pipeline_task.cpp:77] gpu_pipeline_task: operator 'HASH_GROUP_BY' (id=4) output batch 0 column count mismatch: got 13, expected 10
[2026-09-08 05:53:41.610] [warning] [gpu_pipeline_task.cpp:77] gpu_pipeline_task: operator 'HASH_GROUP_BY' (id=4) output batch 0 column count mismatch: got 13, expected 10
[2026-09-08 05:53:41.610] [warning] [gpu_pipeline_task.cpp:77] gpu_pipeline_task: operator 'HASH_GROUP_BY' (id=4) output batch 0 column count mismatch: got 13, expected 10
[2026-09-08 05:53:41.611] [warning] [gpu_pipeline_task.cpp:77] gpu_pipeline_task: operator 'HASH_GROUP_BY' (id=4) output batch 0 column count mismatch: got 13, expected 10
[2026-09-08 05:53:41.612] [warning] [gpu_pipeline_task.cpp:77] gpu_pipeline_task: operator 'HASH_GROUP_BY' (id=4) output batch 0 column count mismatch: got 13, expected 10
[2026-09-08 05:53:41.613] [warning] [gpu_pipeline_task.cpp:77] gpu_pipeline_task: operator 'HASH_GROUP_BY' (id=4) output batch 0 column count mismatch: got 13, expected 10
[2026-09-08 05:53:41.614] [warning] [gpu_pipeline_task.cpp:77] gpu_pipeline_task: operator 'HASH_GROUP_BY' (id=4) output batch 0 column count mismatch: got 13, expected 10
[2026-09-08 05:53:41.614] [warning] [gpu_pipeline_task.cpp:77] gpu_pipeline_task: operator 'HASH_GROUP_BY' (id=4) output batch 0 column count mismatch: got 13, expected 10
[2026-09-08 05:53:41.615] [warning] [gpu_pipeline_task.cpp:77] gpu_pipeline_task: operator 'HASH_GROUP_BY' (id=4) output batch 0 column count mismatch: got 13, expected 10
[2026-09-08 05:53:41.615] [warning] [gpu_pipeline_task.cpp:77] gpu_pipeline_task: operator 'HASH_GROUP_BY' (id=4) output batch 0 column count mismatch: got 13, expected 10
[2026-09-08 05:53:41.615] [warning] [gpu_pipeline_task.cpp:77] gpu_pipeline_task: operator 'HASH_GROUP_BY' (id=4) output batch 0 column count mismatch: got 13, expected 10
[2026-09-08 05:53:41.615] [warning] [gpu_pipeline_task.cpp:77] gpu_pipeline_task: operator 'HASH_GROUP_BY' (id=4) output batch 0 column count mismatch: got 13, expected 10
[2026-09-08 05:53:41.618] [warning] [gpu_pipeline_task.cpp:77] gpu_pipeline_task: operator 'HASH_GROUP_BY' (id=4) output batch 0 column count mismatch: got 13, expected 10
[2026-09-08 05:53:41.618] [warning] [gpu_pipeline_task.cpp:77] gpu_pipeline_task: operator 'HASH_GROUP_BY' (id=4) output batch 0 column count mismatch: got 13, expected 10
[2026-09-08 05:53:41.630] [warning] [gpu_pipeline_task.cpp:77] gpu_pipeline_task: operator 'HASH_GROUP_BY' (id=4) output batch 0 column count mismatch: got 13, expected 10
[2026-09-08 05:53:41.630] [warning] [gpu_pipeline_task.cpp:77] gpu_pipeline_task: operator 'HASH_GROUP_BY' (id=4) output batch 0 column count mismatch: got 13, expected 10
[2026-09-08 05:53:41.633] [warning] [gpu_pipeline_task.cpp:77] gpu_pipeline_task: operator 'HASH_GROUP_BY' (id=4) output batch 0 column count mismatch: got 13, expected 10
[2026-09-08 05:53:41.633] [warning] [gpu_pipeline_task.cpp:77] gpu_pipeline_task: operator 'HASH_GROUP_BY' (id=4) output batch 0 column count mismatch: got 13, expected 10
[2026-09-08 05:53:41.635] [warning] [gpu_pipeline_task.cpp:77] gpu_pipeline_task: operator 'HASH_GROUP_BY' (id=4) output batch 0 column count mismatch: got 13, expected 10
[2026-09-08 05:53:41.635] [warning] [gpu_pipeline_task.cpp:77] gpu_pipeline_task: operator 'HASH_GROUP_BY' (id=4) output batch 0 column count mismatch: got 13, expected 10
[2026-09-08 05:53:41.637] [warning] [gpu_pipeline_task.cpp:77] gpu_pipeline_task: operator 'HASH_GROUP_BY' (id=4) output batch 0 column count mismatch: got 13, expected 10
[2026-09-08 05:53:41.639] [warning] [gpu_pipeline_task.cpp:77] gpu_pipeline_task: operator 'HASH_GROUP_BY' (id=4) output batch 0 column count mismatch: got 13, expected 10
[2026-09-08 05:53:41.643] [warning] [gpu_pipeline_task.cpp:77] gpu_pipeline_task: operator 'HASH_GROUP_BY' (id=4) output batch 0 column count mismatch: got 13, expected 10
[2026-09-08 05:53:41.645] [warning] [gpu_pipeline_task.cpp:77] gpu_pipeline_task: operator 'HASH_GROUP_BY' (id=4) output batch 0 column count mismatch: got 13, expected 10
[2026-09-08 05:53:41.650] [warning] [gpu_pipeline_task.cpp:77] gpu_pipeline_task: operator 'HASH_GROUP_BY' (id=4) output batch 0 column count mismatch: got 13, expected 10
[2026-09-08 05:53:41.653] [warning] [gpu_pipeline_task.cpp:77] gpu_pipeline_task: operator 'HASH_GROUP_BY' (id=4) output batch 0 column count mismatch: got 13, expected 10
[2026-09-08 05:53:41.653] [warning] [gpu_pipeline_task.cpp:77] gpu_pipeline_task: operator 'HASH_GROUP_BY' (id=4) output batch 0 column count mismatch: got 13, expected 10
[2026-09-08 05:53:41.654] [warning] [gpu_pipeline_task.cpp:77] gpu_pipeline_task: operator 'HASH_GROUP_BY' (id=4) output batch 0 column count mismatch: got 13, expected 10
[2026-09-08 05:53:41.657] [warning] [gpu_pipeline_task.cpp:77] gpu_pipeline_task: operator 'HASH_GROUP_BY' (id=4) output batch 0 column count mismatch: got 13, expected 10
[2026-09-08 05:53:41.657] [warning] [gpu_pipeline_task.cpp:77] gpu_pipeline_task: operator 'HASH_GROUP_BY' (id=4) output batch 0 column count mismatch: got 13, expected 10
[2026-09-08 05:53:41.657] [warning] [gpu_pipeline_task.cpp:77] gpu_pipeline_task: operator 'HASH_GROUP_BY' (id=4) output batch 0 column count mismatch: got 13, expected 10
[2026-09-08 05:53:41.658] [warning] [gpu_pipeline_task.cpp:77] gpu_pipeline_task: operator 'HASH_GROUP_BY' (id=4) output batch 0 column count mismatch: got 13, expected 10
[2026-09-08 05:53:41.659] [warning] [gpu_pipeline_task.cpp:77] gpu_pipeline_task: operator 'HASH_GROUP_BY' (id=4) output batch 0 column count mismatch: got 13, expected 10
[2026-09-08 05:53:41.661] [warning] [gpu_pipeline_task.cpp:77] gpu_pipeline_task: operator 'HASH_GROUP_BY' (id=4) output batch 0 column count mismatch: got 13, expected 10
[2026-09-08 05:53:41.661] [warning] [gpu_pipeline_task.cpp:77] gpu_pipeline_task: operator 'HASH_GROUP_BY' (id=4) output batch 0 column count mismatch: got 13, expected 10
[2026-09-08 05:53:41.661] [warning] [gpu_pipeline_task.cpp:77] gpu_pipeline_task: operator 'HASH_GROUP_BY' (id=4) output batch 0 column count mismatch: got 13, expected 10
[2026-09-08 05:53:41.662] [warning] [gpu_pipeline_task.cpp:77] gpu_pipeline_task: operator 'HASH_GROUP_BY' (id=4) output batch 0 column count mismatch: got 13, expected 10
[2026-09-08 05:53:41.663] [warning] [gpu_pipeline_task.cpp:77] gpu_pipeline_task: operator 'HASH_GROUP_BY' (id=4) output batch 0 column count mismatch: got 13, expected 10
[2026-09-08 05:53:41.663] [warning] [gpu_pipeline_task.cpp:77] gpu_pipeline_task: operator 'HASH_GROUP_BY' (id=4) output batch 0 column count mismatch: got 13, expected 10
[2026-09-08 05:53:41.663] [warning] [gpu_pipeline_task.cpp:77] gpu_pipeline_task: operator 'HASH_GROUP_BY' (id=4) output batch 0 column count mismatch: got 13, expected 10
[2026-09-08 05:53:41.664] [warning] [gpu_pipeline_task.cpp:77] gpu_pipeline_task: operator 'HASH_GROUP_BY' (id=4) output batch 0 column count mismatch: got 13, expected 10
[2026-09-08 05:53:41.666] [warning] [gpu_pipeline_task.cpp:77] gpu_pipeline_task: operator 'HASH_GROUP_BY' (id=4) output batch 0 column count mismatch: got 13, expected 10
[2026-09-08 05:53:41.666] [warning] [gpu_pipeline_task.cpp:77] gpu_pipeline_task: operator 'HASH_GROUP_BY' (id=4) output batch 0 column count mismatch: got 13, expected 10
[2026-09-08 05:53:41.667] [warning] [gpu_pipeline_task.cpp:77] gpu_pipeline_task: operator 'HASH_GROUP_BY' (id=4) output batch 0 column count mismatch: got 13, expected 10
[2026-09-08 05:53:41.668] [warning] [gpu_pipeline_task.cpp:77] gpu_pipeline_task: operator 'HASH_GROUP_BY' (id=4) output batch 0 column count mismatch: got 13, expected 10
[2026-09-08 05:53:41.668] [warning] [gpu_pipeline_task.cpp:77] gpu_pipeline_task: operator 'HASH_GROUP_BY' (id=4) output batch 0 column count mismatch: got 13, expected 10
[2026-09-08 05:53:41.668] [warning] [gpu_pipeline_task.cpp:77] gpu_pipeline_task: operator 'HASH_GROUP_BY' (id=4) output batch 0 column count mismatch: got 13, expected 10
[2026-09-08 05:53:41.669] [warning] [gpu_pipeline_task.cpp:77] gpu_pipeline_task: operator 'HASH_GROUP_BY' (id=4) output batch 0 column count mismatch: got 13, expected 10
[2026-09-08 05:53:41.670] [warning] [gpu_pipeline_task.cpp:77] gpu_pipeline_task: operator 'HASH_GROUP_BY' (id=4) output batch 0 column count mismatch: got 13, expected 10
[2026-09-08 05:53:41.671] [warning] [gpu_pipeline_task.cpp:77] gpu_pipeline_task: operator 'HASH_GROUP_BY' (id=4) output batch 0 column count mismatch: got 13, expected 10
[2026-09-08 05:53:41.672] [warning] [gpu_pipeline_task.cpp:77] gpu_pipeline_task: operator 'HASH_GROUP_BY' (id=4) output batch 0 column count mismatch: got 13, expected 10
[2026-09-08 05:53:41.674] [warning] [gpu_pipeline_task.cpp:77] gpu_pipeline_task: operator 'HASH_GROUP_BY' (id=4) output batch 0 column count mismatch: got 13, expected 10
[2026-09-08 05:53:41.674] [warning] [gpu_pipeline_task.cpp:77] gpu_pipeline_task: operator 'HASH_GROUP_BY' (id=4) output batch 0 column count mismatch: got 13, expected 10
[2026-09-08 05:53:41.674] [warning] [gpu_pipeline_task.cpp:77] gpu_pipeline_task: operator 'HASH_GROUP_BY' (id=4) output batch 0 column count mismatch: got 13, expected 10
[2026-09-08 05:53:41.675] [warning] [gpu_pipeline_task.cpp:77] gpu_pipeline_task: operator 'HASH_GROUP_BY' (id=4) output batch 0 column count mismatch: got 13, expected 10
[2026-09-08 05:53:41.676] [warning] [gpu_pipeline_task.cpp:77] gpu_pipeline_task: operator 'HASH_GROUP_BY' (id=4) output batch 0 column count mismatch: got 13, expected 10
[2026-09-08 05:53:41.676] [warning] [gpu_pipeline_task.cpp:77] gpu_pipeline_task: operator 'HASH_GROUP_BY' (id=4) output batch 0 column count mismatch: got 13, expected 10
[2026-09-08 05:53:41.677] [warning] [gpu_pipeline_task.cpp:77] gpu_pipeline_task: operator 'HASH_GROUP_BY' (id=4) output batch 0 column count mismatch: got 13, expected 10
[2026-09-08 05:53:41.678] [warning] [gpu_pipeline_task.cpp:77] gpu_pipeline_task: operator 'HASH_GROUP_BY' (id=4) output batch 0 column count mismatch: got 13, expected 10
[2026-09-08 05:53:41.679] [warning] [gpu_pipeline_task.cpp:77] gpu_pipeline_task: operator 'HASH_GROUP_BY' (id=4) output batch 0 column count mismatch: got 13, expected 10
[2026-09-08 05:53:41.679] [warning] [gpu_pipeline_task.cpp:77] gpu_pipeline_task: operator 'HASH_GROUP_BY' (id=4) output batch 0 column count mismatch: got 13, expected 10
[2026-09-08 05:53:41.680] [warning] [gpu_pipeline_task.cpp:77] gpu_pipeline_task: operator 'HASH_GROUP_BY' (id=4) output batch 0 column count mismatch: got 13, expected 10
[2026-09-08 05:53:41.681] [warning] [gpu_pipeline_task.cpp:77] gpu_pipeline_task: operator 'HASH_GROUP_BY' (id=4) output batch 0 column count mismatch: got 13, expected 10
[2026-09-08 05:53:41.681] [warning] [gpu_pipeline_task.cpp:77] gpu_pipeline_task: operator 'HASH_GROUP_BY' (id=4) output batch 0 column count mismatch: got 13, expected 10
[2026-09-08 05:53:41.682] [warning] [gpu_pipeline_task.cpp:77] gpu_pipeline_task: operator 'HASH_GROUP_BY' (id=4) output batch 0 column count mismatch: got 13, expected 10
[2026-09-08 05:53:41.683] [warning] [gpu_pipeline_task.cpp:77] gpu_pipeline_task: operator 'HASH_GROUP_BY' (id=4) output batch 0 column count mismatch: got 13, expected 10
[2026-09-08 05:53:41.683] [warning] [gpu_pipeline_task.cpp:77] gpu_pipeline_task: operator 'HASH_GROUP_BY' (id=4) output batch 0 column count mismatch: got 13, expected 10
[2026-09-08 05:53:41.685] [warning] [gpu_pipeline_task.cpp:77] gpu_pipeline_task: operator 'HASH_GROUP_BY' (id=4) output batch 0 column count mismatch: got 13, expected 10
[2026-09-08 05:53:41.685] [warning] [gpu_pipeline_task.cpp:77] gpu_pipeline_task: operator 'HASH_GROUP_BY' (id=4) output batch 0 column count mismatch: got 13, expected 10
[2026-09-08 05:53:41.685] [warning] [gpu_pipeline_task.cpp:77] gpu_pipeline_task: operator 'HASH_GROUP_BY' (id=4) output batch 0 column count mismatch: got 13, expected 10
[2026-09-08 05:53:41.687] [warning] [gpu_pipeline_task.cpp:77] gpu_pipeline_task: operator 'HASH_GROUP_BY' (id=4) output batch 0 column count mismatch: got 13, expected 10
[2026-09-08 05:53:41.687] [warning] [gpu_pipeline_task.cpp:77] gpu_pipeline_task: operator 'HASH_GROUP_BY' (id=4) output batch 0 column count mismatch: got 13, expected 10
[2026-09-08 05:53:41.687] [warning] [gpu_pipeline_task.cpp:77] gpu_pipeline_task: operator 'HASH_GROUP_BY' (id=4) output batch 0 column count mismatch: got 13, expected 10
[2026-09-08 05:53:41.688] [warning] [gpu_pipeline_task.cpp:77] gpu_pipeline_task: operator 'HASH_GROUP_BY' (id=4) output batch 0 column count mismatch: got 13, expected 10
[2026-09-08 05:53:41.688] [warning] [gpu_pipeline_task.cpp:77] gpu_pipeline_task: operator 'HASH_GROUP_BY' (id=4) output batch 0 column count mismatch: got 13, expected 10
[2026-09-08 05:53:41.690] [warning] [gpu_pipeline_task.cpp:77] gpu_pipeline_task: operator 'HASH_GROUP_BY' (id=4) output batch 0 column count mismatch: got 13, expected 10
[2026-09-08 05:53:41.690] [warning] [gpu_pipeline_task.cpp:77] gpu_pipeline_task: operator 'HASH_GROUP_BY' (id=4) output batch 0 column count mismatch: got 13, expected 10
[2026-09-08 05:53:41.691] [warning] [gpu_pipeline_task.cpp:77] gpu_pipeline_task: operator 'HASH_GROUP_BY' (id=4) output batch 0 column count mismatch: got 13, expected 10
[2026-09-08 05:53:41.692] [warning] [gpu_pipeline_task.cpp:77] gpu_pipeline_task: operator 'HASH_GROUP_BY' (id=4) output batch 0 column count mismatch: got 13, expected 10
[2026-09-08 05:53:41.693] [warning] [gpu_pipeline_task.cpp:77] gpu_pipeline_task: operator 'HASH_GROUP_BY' (id=4) output batch 0 column count mismatch: got 13, expected 10
[2026-09-08 05:53:41.693] [warning] [gpu_pipeline_task.cpp:77] gpu_pipeline_task: operator 'HASH_GROUP_BY' (id=4) output batch 0 column count mismatch: got 13, expected 10
[2026-09-08 05:53:41.694] [warning] [gpu_pipeline_task.cpp:77] gpu_pipeline_task: operator 'HASH_GROUP_BY' (id=4) output batch 0 column count mismatch: got 13, expected 10
[2026-09-08 05:53:41.694] [warning] [gpu_pipeline_task.cpp:77] gpu_pipeline_task: operator 'HASH_GROUP_BY' (id=4) output batch 0 column count mismatch: got 13, expected 10
[2026-09-08 05:53:41.695] [warning] [gpu_pipeline_task.cpp:77] gpu_pipeline_task: operator 'HASH_GROUP_BY' (id=4) output batch 0 column count mismatch: got 13, expected 10
[2026-09-08 05:53:41.696] [warning] [gpu_pipeline_task.cpp:77] gpu_pipeline_task: operator 'HASH_GROUP_BY' (id=4) output batch 0 column count mismatch: got 13, expected 10
[2026-09-08 05:53:41.696] [warning] [gpu_pipeline_task.cpp:77] gpu_pipeline_task: operator 'HASH_GROUP_BY' (id=4) output batch 0 column count mismatch: got 13, expected 10
[2026-09-08 05:53:41.698] [warning] [gpu_pipeline_task.cpp:77] gpu_pipeline_task: operator 'HASH_GROUP_BY' (id=4) output batch 0 column count mismatch: got 13, expected 10
[2026-09-08 05:53:41.698] [warning] [gpu_pipeline_task.cpp:77] gpu_pipeline_task: operator 'HASH_GROUP_BY' (id=4) output batch 0 column count mismatch: got 13, expected 10
[2026-09-08 05:53:41.699] [warning] [gpu_pipeline_task.cpp:77] gpu_pipeline_task: operator 'HASH_GROUP_BY' (id=4) output batch 0 column count mismatch: got 13, expected 10
[2026-09-08 05:53:41.700] [warning] [gpu_pipeline_task.cpp:77] gpu_pipeline_task: operator 'HASH_GROUP_BY' (id=4) output batch 0 column count mismatch: got 13, expected 10
[2026-09-08 05:53:41.700] [warning] [gpu_pipeline_task.cpp:77] gpu_pipeline_task: operator 'HASH_GROUP_BY' (id=4) output batch 0 column count mismatch: got 13, expected 10
[2026-09-08 05:53:41.701] [warning] [gpu_pipeline_task.cpp:77] gpu_pipeline_task: operator 'HASH_GROUP_BY' (id=4) output batch 0 column count mismatch: got 13, expected 10
[2026-09-08 05:53:41.702] [warning] [gpu_pipeline_task.cpp:77] gpu_pipeline_task: operator 'HASH_GROUP_BY' (id=4) output batch 0 column count mismatch: got 13, expected 10
[2026-09-08 05:53:41.702] [warning] [gpu_pipeline_task.cpp:77] gpu_pipeline_task: operator 'HASH_GROUP_BY' (id=4) output batch 0 column count mismatch: got 13, expected 10
[2026-09-08 05:53:41.703] [warning] [gpu_pipeline_task.cpp:77] gpu_pipeline_task: operator 'HASH_GROUP_BY' (id=4) output batch 0 column count mismatch: got 13, expected 10
[2026-09-08 05:53:41.703] [warning] [gpu_pipeline_task.cpp:77] gpu_pipeline_task: operator 'HASH_GROUP_BY' (id=4) output batch 0 column count mismatch: got 13, expected 10
[2026-09-08 05:53:41.705] [warning] [gpu_pipeline_task.cpp:77] gpu_pipeline_task: operator 'HASH_GROUP_BY' (id=4) output batch 0 column count mismatch: got 13, expected 10
[2026-09-08 05:53:41.705] [warning] [gpu_pipeline_task.cpp:77] gpu_pipeline_task: operator 'HASH_GROUP_BY' (id=4) output batch 0 column count mismatch: got 13, expected 10
[2026-09-08 05:53:41.706] [warning] [gpu_pipeline_task.cpp:77] gpu_pipeline_task: operator 'HASH_GROUP_BY' (id=4) output batch 0 column count mismatch: got 13, expected 10
[2026-09-08 05:53:41.706] [warning] [gpu_pipeline_task.cpp:77] gpu_pipeline_task: operator 'HASH_GROUP_BY' (id=4) output batch 0 column count mismatch: got 13, expected 10
[2026-09-08 05:53:41.707] [warning] [gpu_pipeline_task.cpp:77] gpu_pipeline_task: operator 'HASH_GROUP_BY' (id=4) output batch 0 column count mismatch: got 13, expected 10
[2026-09-08 05:53:41.707] [warning] [gpu_pipeline_task.cpp:77] gpu_pipeline_task: operator 'HASH_GROUP_BY' (id=4) output batch 0 column count mismatch: got 13, expected 10
[2026-09-08 05:53:41.708] [warning] [gpu_pipeline_task.cpp:77] gpu_pipeline_task: operator 'HASH_GROUP_BY' (id=4) output batch 0 column count mismatch: got 13, expected 10
[2026-09-08 05:53:41.708] [warning] [gpu_pipeline_task.cpp:77] gpu_pipeline_task: operator 'HASH_GROUP_BY' (id=4) output batch 0 column count mismatch: got 13, expected 10
[2026-09-08 05:53:41.709] [warning] [gpu_pipeline_task.cpp:77] gpu_pipeline_task: operator 'HASH_GROUP_BY' (id=4) output batch 0 column count mismatch: got 13, expected 10
[2026-09-08 05:53:41.709] [warning] [gpu_pipeline_task.cpp:77] gpu_pipeline_task: operator 'HASH_GROUP_BY' (id=4) output batch 0 column count mismatch: got 13, expected 10
[2026-09-08 05:53:41.709] [warning] [gpu_pipeline_task.cpp:77] gpu_pipeline_task: operator 'HASH_GROUP_BY' (id=4) output batch 0 column count mismatch: got 13, expected 10
[2026-09-08 05:53:41.709] [warning] [gpu_pipeline_task.cpp:77] gpu_pipeline_task: operator 'PARTITION' (id=5) output batch 0 column count mismatch: got 13, expected 10
[2026-09-08 05:53:41.709] [warning] [gpu_pipeline_task.cpp:77] gpu_pipeline_task: operator 'PARTITION' (id=5) output batch 0 column count mismatch: got 13, expected 10
[2026-09-08 05:53:41.710] [warning] [gpu_pipeline_task.cpp:77] gpu_pipeline_task: operator 'PARTITION' (id=5) output batch 0 column count mismatch: got 13, expected 10
[2026-09-08 05:53:41.710] [warning] [gpu_pipeline_task.cpp:77] gpu_pipeline_task: operator 'PARTITION' (id=5) output batch 0 column count mismatch: got 13, expected 10
[2026-09-08 05:53:41.710] [warning] [gpu_pipeline_task.cpp:77] gpu_pipeline_task: operator 'PARTITION' (id=5) output batch 0 column count mismatch: got 13, expected 10
[2026-09-08 05:53:41.710] [warning] [gpu_pipeline_task.cpp:77] gpu_pipeline_task: operator 'PARTITION' (id=5) output batch 0 column count mismatch: got 13, expected 10
[2026-09-08 05:53:41.710] [warning] [gpu_pipeline_task.cpp:77] gpu_pipeline_task: operator 'PARTITION' (id=5) output batch 0 column count mismatch: got 13, expected 10
[2026-09-08 05:53:41.710] [warning] [gpu_pipeline_task.cpp:77] gpu_pipeline_task: operator 'PARTITION' (id=5) output batch 0 column count mismatch: got 13, expected 10
[2026-09-08 05:53:41.710] [warning] [gpu_pipeline_task.cpp:77] gpu_pipeline_task: operator 'PARTITION' (id=5) output batch 0 column count mismatch: got 13, expected 10
[2026-09-08 05:53:41.710] [warning] [gpu_pipeline_task.cpp:77] gpu_pipeline_task: operator 'PARTITION' (id=5) output batch 0 column count mismatch: got 13, expected 10
[2026-09-08 05:53:41.710] [warning] [gpu_pipeline_task.cpp:77] gpu_pipeline_task: operator 'PARTITION' (id=5) output batch 0 column count mismatch: got 13, expected 10
[2026-09-08 05:53:41.710] [warning] [gpu_pipeline_task.cpp:77] gpu_pipeline_task: operator 'PARTITION' (id=5) output batch 0 column count mismatch: got 13, expected 10
[2026-09-08 05:53:41.710] [warning] [gpu_pipeline_task.cpp:77] gpu_pipeline_task: operator 'PARTITION' (id=5) output batch 0 column count mismatch: got 13, expected 10
[2026-09-08 05:53:41.710] [warning] [gpu_pipeline_task.cpp:77] gpu_pipeline_task: operator 'PARTITION' (id=5) output batch 0 column count mismatch: got 13, expected 10
[2026-09-08 05:53:41.710] [warning] [gpu_pipeline_task.cpp:77] gpu_pipeline_task: operator 'PARTITION' (id=5) output batch 0 column count mismatch: got 13, expected 10
[2026-09-08 05:53:41.710] [warning] [gpu_pipeline_task.cpp:77] gpu_pipeline_task: operator 'PARTITION' (id=5) output batch 0 column count mismatch: got 13, expected 10
[2026-09-08 05:53:41.710] [warning] [gpu_pipeline_task.cpp:77] gpu_pipeline_task: operator 'PARTITION' (id=5) output batch 0 column count mismatch: got 13, expected 10
[2026-09-08 05:53:41.710] [warning] [gpu_pipeline_task.cpp:77] gpu_pipeline_task: operator 'PARTITION' (id=5) output batch 0 column count mismatch: got 13, expected 10
[2026-09-08 05:53:41.710] [warning] [gpu_pipeline_task.cpp:77] gpu_pipeline_task: operator 'PARTITION' (id=5) output batch 0 column count mismatch: got 13, expected 10
[2026-09-08 05:53:41.710] [warning] [gpu_pipeline_task.cpp:77] gpu_pipeline_task: operator 'PARTITION' (id=5) output batch 0 column count mismatch: got 13, expected 10
[2026-09-08 05:53:41.710] [warning] [gpu_pipeline_task.cpp:77] gpu_pipeline_task: operator 'PARTITION' (id=5) output batch 0 column count mismatch: got 13, expected 10
[2026-09-08 05:53:41.710] [warning] [gpu_pipeline_task.cpp:77] gpu_pipeline_task: operator 'PARTITION' (id=5) output batch 0 column count mismatch: got 13, expected 10
[2026-09-08 05:53:41.710] [warning] [gpu_pipeline_task.cpp:77] gpu_pipeline_task: operator 'PARTITION' (id=5) output batch 0 column count mismatch: got 13, expected 10
[2026-09-08 05:53:41.710] [warning] [gpu_pipeline_task.cpp:77] gpu_pipeline_task: operator 'PARTITION' (id=5) output batch 0 column count mismatch: got 13, expected 10
[2026-09-08 05:53:41.710] [warning] [gpu_pipeline_task.cpp:77] gpu_pipeline_task: operator 'PARTITION' (id=5) output batch 0 column count mismatch: got 13, expected 10
[2026-09-08 05:53:41.710] [warning] [gpu_pipeline_task.cpp:77] gpu_pipeline_task: operator 'PARTITION' (id=5) output batch 0 column count mismatch: got 13, expected 10
[2026-09-08 05:53:41.710] [warning] [gpu_pipeline_task.cpp:77] gpu_pipeline_task: operator 'PARTITION' (id=5) output batch 0 column count mismatch: got 13, expected 10
[2026-09-08 05:53:41.710] [warning] [gpu_pipeline_task.cpp:77] gpu_pipeline_task: operator 'PARTITION' (id=5) output batch 0 column count mismatch: got 13, expected 10
[2026-09-08 05:53:41.710] [warning] [gpu_pipeline_task.cpp:77] gpu_pipeline_task: operator 'PARTITION' (id=5) output batch 0 column count mismatch: got 13, expected 10
[2026-09-08 05:53:41.710] [warning] [gpu_pipeline_task.cpp:77] gpu_pipeline_task: operator 'PARTITION' (id=5) output batch 0 column count mismatch: got 13, expected 10
[2026-09-08 05:53:41.710] [warning] [gpu_pipeline_task.cpp:77] gpu_pipeline_task: operator 'PARTITION' (id=5) output batch 0 column count mismatch: got 13, expected 10
[2026-09-08 05:53:41.710] [warning] [gpu_pipeline_task.cpp:77] gpu_pipeline_task: operator 'PARTITION' (id=5) output batch 0 column count mismatch: got 13, expected 10
[2026-09-08 05:53:41.710] [warning] [gpu_pipeline_task.cpp:77] gpu_pipeline_task: operator 'PARTITION' (id=5) output batch 0 column count mismatch: got 13, expected 10
[2026-09-08 05:53:41.710] [warning] [gpu_pipeline_task.cpp:77] gpu_pipeline_task: operator 'PARTITION' (id=5) output batch 0 column count mismatch: got 13, expected 10
[2026-09-08 05:53:41.710] [warning] [gpu_pipeline_task.cpp:77] gpu_pipeline_task: operator 'PARTITION' (id=5) output batch 0 column count mismatch: got 13, expected 10
[2026-09-08 05:53:41.710] [warning] [gpu_pipeline_task.cpp:77] gpu_pipeline_task: operator 'PARTITION' (id=5) output batch 0 column count mismatch: got 13, expected 10
[2026-09-08 05:53:41.710] [warning] [gpu_pipeline_task.cpp:77] gpu_pipeline_task: operator 'PARTITION' (id=5) output batch 0 column count mismatch: got 13, expected 10
[2026-09-08 05:53:41.710] [warning] [gpu_pipeline_task.cpp:77] gpu_pipeline_task: operator 'PARTITION' (id=5) output batch 0 column count mismatch: got 13, expected 10
[2026-09-08 05:53:41.710] [warning] [gpu_pipeline_task.cpp:77] gpu_pipeline_task: operator 'PARTITION' (id=5) output batch 0 column count mismatch: got 13, expected 10
[2026-09-08 05:53:41.710] [warning] [gpu_pipeline_task.cpp:77] gpu_pipeline_task: operator 'PARTITION' (id=5) output batch 0 column count mismatch: got 13, expected 10
[2026-09-08 05:53:41.711] [warning] [gpu_pipeline_task.cpp:77] gpu_pipeline_task: operator 'PARTITION' (id=5) output batch 0 column count mismatch: got 13, expected 10
[2026-09-08 05:53:41.711] [warning] [gpu_pipeline_task.cpp:77] gpu_pipeline_task: operator 'PARTITION' (id=5) output batch 0 column count mismatch: got 13, expected 10
[2026-09-08 05:53:41.711] [warning] [gpu_pipeline_task.cpp:77] gpu_pipeline_task: operator 'PARTITION' (id=5) output batch 0 column count mismatch: got 13, expected 10
[2026-09-08 05:53:41.711] [warning] [gpu_pipeline_task.cpp:77] gpu_pipeline_task: operator 'PARTITION' (id=5) output batch 0 column count mismatch: got 13, expected 10
[2026-09-08 05:53:41.711] [warning] [gpu_pipeline_task.cpp:77] gpu_pipeline_task: operator 'PARTITION' (id=5) output batch 0 column count mismatch: got 13, expected 10
[2026-09-08 05:53:41.711] [warning] [gpu_pipeline_task.cpp:77] gpu_pipeline_task: operator 'PARTITION' (id=5) output batch 0 column count mismatch: got 13, expected 10
[2026-09-08 05:53:41.711] [warning] [gpu_pipeline_task.cpp:77] gpu_pipeline_task: operator 'PARTITION' (id=5) output batch 0 column count mismatch: got 13, expected 10
[2026-09-08 05:53:41.711] [warning] [gpu_pipeline_task.cpp:77] gpu_pipeline_task: operator 'PARTITION' (id=5) output batch 0 column count mismatch: got 13, expected 10
[2026-09-08 05:53:41.711] [warning] [gpu_pipeline_task.cpp:77] gpu_pipeline_task: operator 'PARTITION' (id=5) output batch 0 column count mismatch: got 13, expected 10
[2026-09-08 05:53:41.711] [warning] [gpu_pipeline_task.cpp:77] gpu_pipeline_task: operator 'PARTITION' (id=5) output batch 0 column count mismatch: got 13, expected 10
[2026-09-08 05:53:41.711] [warning] [gpu_pipeline_task.cpp:77] gpu_pipeline_task: operator 'PARTITION' (id=5) output batch 0 column count mismatch: got 13, expected 10
[2026-09-08 05:53:41.711] [warning] [gpu_pipeline_task.cpp:77] gpu_pipeline_task: operator 'PARTITION' (id=5) output batch 0 column count mismatch: got 13, expected 10
[2026-09-08 05:53:41.711] [warning] [gpu_pipeline_task.cpp:77] gpu_pipeline_task: operator 'PARTITION' (id=5) output batch 0 column count mismatch: got 13, expected 10
[2026-09-08 05:53:41.711] [warning] [gpu_pipeline_task.cpp:77] gpu_pipeline_task: operator 'PARTITION' (id=5) output batch 0 column count mismatch: got 13, expected 10
[2026-09-08 05:53:41.711] [warning] [gpu_pipeline_task.cpp:77] gpu_pipeline_task: operator 'PARTITION' (id=5) output batch 0 column count mismatch: got 13, expected 10
[2026-09-08 05:53:41.711] [warning] [gpu_pipeline_task.cpp:77] gpu_pipeline_task: operator 'PARTITION' (id=5) output batch 0 column count mismatch: got 13, expected 10
[2026-09-08 05:53:41.711] [warning] [gpu_pipeline_task.cpp:77] gpu_pipeline_task: operator 'PARTITION' (id=5) output batch 0 column count mismatch: got 13, expected 10
[2026-09-08 05:53:41.711] [warning] [gpu_pipeline_task.cpp:77] gpu_pipeline_task: operator 'PARTITION' (id=5) output batch 0 column count mismatch: got 13, expected 10
[2026-09-08 05:53:41.711] [warning] [gpu_pipeline_task.cpp:77] gpu_pipeline_task: operator 'PARTITION' (id=5) output batch 0 column count mismatch: got 13, expected 10
[2026-09-08 05:53:41.711] [warning] [gpu_pipeline_task.cpp:77] gpu_pipeline_task: operator 'PARTITION' (id=5) output batch 0 column count mismatch: got 13, expected 10
[2026-09-08 05:53:41.711] [warning] [gpu_pipeline_task.cpp:77] gpu_pipeline_task: operator 'PARTITION' (id=5) output batch 0 column count mismatch: got 13, expected 10
[2026-09-08 05:53:41.711] [warning] [gpu_pipeline_task.cpp:77] gpu_pipeline_task: operator 'PARTITION' (id=5) output batch 0 column count mismatch: got 13, expected 10
[2026-09-08 05:53:41.711] [warning] [gpu_pipeline_task.cpp:77] gpu_pipeline_task: operator 'PARTITION' (id=5) output batch 0 column count mismatch: got 13, expected 10
[2026-09-08 05:53:41.711] [warning] [gpu_pipeline_task.cpp:77] gpu_pipeline_task: operator 'PARTITION' (id=5) output batch 0 column count mismatch: got 13, expected 10
[2026-09-08 05:53:41.711] [warning] [gpu_pipeline_task.cpp:77] gpu_pipeline_task: operator 'PARTITION' (id=5) output batch 0 column count mismatch: got 13, expected 10
[2026-09-08 05:53:41.711] [warning] [gpu_pipeline_task.cpp:77] gpu_pipeline_task: operator 'PARTITION' (id=5) output batch 0 column count mismatch: got 13, expected 10
[2026-09-08 05:53:41.711] [warning] [gpu_pipeline_task.cpp:77] gpu_pipeline_task: operator 'PARTITION' (id=5) output batch 0 column count mismatch: got 13, expected 10
[2026-09-08 05:53:41.711] [warning] [gpu_pipeline_task.cpp:77] gpu_pipeline_task: operator 'PARTITION' (id=5) output batch 0 column count mismatch: got 13, expected 10
[2026-09-08 05:53:41.711] [warning] [gpu_pipeline_task.cpp:77] gpu_pipeline_task: operator 'PARTITION' (id=5) output batch 0 column count mismatch: got 13, expected 10
[2026-09-08 05:53:41.711] [warning] [gpu_pipeline_task.cpp:77] gpu_pipeline_task: operator 'PARTITION' (id=5) output batch 0 column count mismatch: got 13, expected 10
[2026-09-08 05:53:41.711] [warning] [gpu_pipeline_task.cpp:77] gpu_pipeline_task: operator 'PARTITION' (id=5) output batch 0 column count mismatch: got 13, expected 10
[2026-09-08 05:53:41.711] [warning] [gpu_pipeline_task.cpp:77] gpu_pipeline_task: operator 'PARTITION' (id=5) output batch 0 column count mismatch: got 13, expected 10
[2026-09-08 05:53:41.711] [warning] [gpu_pipeline_task.cpp:77] gpu_pipeline_task: operator 'PARTITION' (id=5) output batch 0 column count mismatch: got 13, expected 10
[2026-09-08 05:53:41.712] [warning] [gpu_pipeline_task.cpp:77] gpu_pipeline_task: operator 'PARTITION' (id=5) output batch 0 column count mismatch: got 13, expected 10
[2026-09-08 05:53:41.712] [warning] [gpu_pipeline_task.cpp:77] gpu_pipeline_task: operator 'PARTITION' (id=5) output batch 0 column count mismatch: got 13, expected 10
[2026-09-08 05:53:41.712] [warning] [gpu_pipeline_task.cpp:77] gpu_pipeline_task: operator 'PARTITION' (id=5) output batch 0 column count mismatch: got 13, expected 10
[2026-09-08 05:53:41.712] [warning] [gpu_pipeline_task.cpp:77] gpu_pipeline_task: operator 'PARTITION' (id=5) output batch 0 column count mismatch: got 13, expected 10
[2026-09-08 05:53:41.712] [warning] [gpu_pipeline_task.cpp:77] gpu_pipeline_task: operator 'PARTITION' (id=5) output batch 0 column count mismatch: got 13, expected 10
[2026-09-08 05:53:41.712] [warning] [gpu_pipeline_task.cpp:77] gpu_pipeline_task: operator 'PARTITION' (id=5) output batch 0 column count mismatch: got 13, expected 10
[2026-09-08 05:53:41.712] [warning] [gpu_pipeline_task.cpp:77] gpu_pipeline_task: operator 'PARTITION' (id=5) output batch 0 column count mismatch: got 13, expected 10
[2026-09-08 05:53:41.712] [warning] [gpu_pipeline_task.cpp:77] gpu_pipeline_task: operator 'PARTITION' (id=5) output batch 0 column count mismatch: got 13, expected 10
[2026-09-08 05:53:41.712] [warning] [gpu_pipeline_task.cpp:77] gpu_pipeline_task: operator 'PARTITION' (id=5) output batch 0 column count mismatch: got 13, expected 10
[2026-09-08 05:53:41.712] [warning] [gpu_pipeline_task.cpp:77] gpu_pipeline_task: operator 'PARTITION' (id=5) output batch 0 column count mismatch: got 13, expected 10
[2026-09-08 05:53:41.712] [warning] [gpu_pipeline_task.cpp:77] gpu_pipeline_task: operator 'PARTITION' (id=5) output batch 0 column count mismatch: got 13, expected 10
[2026-09-08 05:53:41.712] [warning] [gpu_pipeline_task.cpp:77] gpu_pipeline_task: operator 'PARTITION' (id=5) output batch 0 column count mismatch: got 13, expected 10
[2026-09-08 05:53:41.712] [warning] [gpu_pipeline_task.cpp:77] gpu_pipeline_task: operator 'PARTITION' (id=5) output batch 0 column count mismatch: got 13, expected 10
[2026-09-08 05:53:41.712] [warning] [gpu_pipeline_task.cpp:77] gpu_pipeline_task: operator 'PARTITION' (id=5) output batch 0 column count mismatch: got 13, expected 10
[2026-09-08 05:53:41.712] [warning] [gpu_pipeline_task.cpp:77] gpu_pipeline_task: operator 'PARTITION' (id=5) output batch 0 column count mismatch: got 13, expected 10
[2026-09-08 05:53:41.712] [warning] [gpu_pipeline_task.cpp:77] gpu_pipeline_task: operator 'PARTITION' (id=5) output batch 0 column count mismatch: got 13, expected 10
[2026-09-08 05:53:41.712] [warning] [gpu_pipeline_task.cpp:77] gpu_pipeline_task: operator 'PARTITION' (id=5) output batch 0 column count mismatch: got 13, expected 10
[2026-09-08 05:53:41.712] [warning] [gpu_pipeline_task.cpp:77] gpu_pipeline_task: operator 'PARTITION' (id=5) output batch 0 column count mismatch: got 13, expected 10
[2026-09-08 05:53:41.712] [warning] [gpu_pipeline_task.cpp:77] gpu_pipeline_task: operator 'PARTITION' (id=5) output batch 0 column count mismatch: got 13, expected 10
[2026-09-08 05:53:41.712] [warning] [gpu_pipeline_task.cpp:77] gpu_pipeline_task: operator 'PARTITION' (id=5) output batch 0 column count mismatch: got 13, expected 10
[2026-09-08 05:53:41.712] [warning] [gpu_pipeline_task.cpp:77] gpu_pipeline_task: operator 'PARTITION' (id=5) output batch 0 column count mismatch: got 13, expected 10
[2026-09-08 05:53:41.712] [warning] [gpu_pipeline_task.cpp:77] gpu_pipeline_task: operator 'PARTITION' (id=5) output batch 0 column count mismatch: got 13, expected 10
[2026-09-08 05:53:41.712] [warning] [gpu_pipeline_task.cpp:77] gpu_pipeline_task: operator 'PARTITION' (id=5) output batch 0 column count mismatch: got 13, expected 10
[2026-09-08 05:53:41.712] [warning] [gpu_pipeline_task.cpp:77] gpu_pipeline_task: operator 'PARTITION' (id=5) output batch 0 column count mismatch: got 13, expected 10
[2026-09-08 05:53:41.712] [warning] [gpu_pipeline_task.cpp:77] gpu_pipeline_task: operator 'PARTITION' (id=5) output batch 0 column count mismatch: got 13, expected 10
[2026-09-08 05:53:41.712] [warning] [gpu_pipeline_task.cpp:77] gpu_pipeline_task: operator 'PARTITION' (id=5) output batch 0 column count mismatch: got 13, expected 10
[2026-09-08 05:53:41.712] [warning] [gpu_pipeline_task.cpp:77] gpu_pipeline_task: operator 'PARTITION' (id=5) output batch 0 column count mismatch: got 13, expected 10
[2026-09-08 05:53:41.712] [warning] [gpu_pipeline_task.cpp:77] gpu_pipeline_task: operator 'PARTITION' (id=5) output batch 0 column count mismatch: got 13, expected 10
[2026-09-08 05:53:41.712] [warning] [gpu_pipeline_task.cpp:77] gpu_pipeline_task: operator 'PARTITION' (id=5) output batch 0 column count mismatch: got 13, expected 10
[2026-09-08 05:53:41.712] [warning] [gpu_pipeline_task.cpp:77] gpu_pipeline_task: operator 'PARTITION' (id=5) output batch 0 column count mismatch: got 13, expected 10
[2026-09-08 05:53:41.712] [warning] [gpu_pipeline_task.cpp:77] gpu_pipeline_task: operator 'PARTITION' (id=5) output batch 0 column count mismatch: got 13, expected 10
[2026-09-08 05:53:41.712] [warning] [gpu_pipeline_task.cpp:77] gpu_pipeline_task: operator 'PARTITION' (id=5) output batch 0 column count mismatch: got 13, expected 10
[2026-09-08 05:53:41.712] [warning] [gpu_pipeline_task.cpp:77] gpu_pipeline_task: operator 'PARTITION' (id=5) output batch 0 column count mismatch: got 13, expected 10
[2026-09-08 05:53:41.712] [warning] [gpu_pipeline_task.cpp:77] gpu_pipeline_task: operator 'PARTITION' (id=5) output batch 0 column count mismatch: got 13, expected 10
[2026-09-08 05:53:41.712] [warning] [gpu_pipeline_task.cpp:77] gpu_pipeline_task: operator 'PARTITION' (id=5) output batch 0 column count mismatch: got 13, expected 10
[2026-09-08 05:53:41.712] [warning] [gpu_pipeline_task.cpp:77] gpu_pipeline_task: operator 'PARTITION' (id=5) output batch 0 column count mismatch: got 13, expected 10
[2026-09-08 05:53:41.712] [warning] [gpu_pipeline_task.cpp:77] gpu_pipeline_task: operator 'PARTITION' (id=5) output batch 0 column count mismatch: got 13, expected 10
[2026-09-08 05:53:41.712] [warning] [gpu_pipeline_task.cpp:77] gpu_pipeline_task: operator 'PARTITION' (id=5) output batch 0 column count mismatch: got 13, expected 10
[2026-09-08 05:53:41.712] [warning] [gpu_pipeline_task.cpp:77] gpu_pipeline_task: operator 'PARTITION' (id=5) output batch 0 column count mismatch: got 13, expected 10
[2026-09-08 05:53:41.712] [warning] [gpu_pipeline_task.cpp:77] gpu_pipeline_task: operator 'PARTITION' (id=5) output batch 0 column count mismatch: got 13, expected 10
[2026-09-08 05:53:41.712] [warning] [gpu_pipeline_task.cpp:77] gpu_pipeline_task: operator 'PARTITION' (id=5) output batch 0 column count mismatch: got 13, expected 10
[2026-09-08 05:53:41.712] [warning] [gpu_pipeline_task.cpp:77] gpu_pipeline_task: operator 'PARTITION' (id=5) output batch 0 column count mismatch: got 13, expected 10
[2026-09-08 05:53:41.712] [warning] [gpu_pipeline_task.cpp:77] gpu_pipeline_task: operator 'PARTITION' (id=5) output batch 0 column count mismatch: got 13, expected 10
[2026-09-08 05:53:41.712] [warning] [gpu_pipeline_task.cpp:77] gpu_pipeline_task: operator 'PARTITION' (id=5) output batch 0 column count mismatch: got 13, expected 10
[2026-09-08 05:53:41.712] [warning] [gpu_pipeline_task.cpp:77] gpu_pipeline_task: operator 'PARTITION' (id=5) output batch 0 column count mismatch: got 13, expected 10
[2026-09-08 05:53:41.712] [warning] [gpu_pipeline_task.cpp:77] gpu_pipeline_task: operator 'PARTITION' (id=5) output batch 0 column count mismatch: got 13, expected 10
[2026-09-08 05:53:41.712] [warning] [gpu_pipeline_task.cpp:77] gpu_pipeline_task: operator 'PARTITION' (id=5) output batch 0 column count mismatch: got 13, expected 10
[2026-09-08 05:53:41.712] [warning] [gpu_pipeline_task.cpp:77] gpu_pipeline_task: operator 'PARTITION' (id=5) output batch 0 column count mismatch: got 13, expected 10
[2026-09-08 05:53:41.712] [warning] [gpu_pipeline_task.cpp:77] gpu_pipeline_task: operator 'PARTITION' (id=5) output batch 0 column count mismatch: got 13, expected 10
[2026-09-08 05:53:41.712] [warning] [gpu_pipeline_task.cpp:77] gpu_pipeline_task: operator 'PARTITION' (id=5) output batch 0 column count mismatch: got 13, expected 10
[2026-09-08 05:53:41.712] [warning] [gpu_pipeline_task.cpp:77] gpu_pipeline_task: operator 'PARTITION' (id=5) output batch 0 column count mismatch: got 13, expected 10
[2026-09-08 05:53:41.712] [warning] [gpu_pipeline_task.cpp:77] gpu_pipeline_task: operator 'PARTITION' (id=5) output batch 0 column count mismatch: got 13, expected 10
[2026-09-08 05:53:41.712] [warning] [gpu_pipeline_task.cpp:77] gpu_pipeline_task: operator 'PARTITION' (id=5) output batch 0 column count mismatch: got 13, expected 10
[2026-09-08 05:53:41.712] [warning] [gpu_pipeline_task.cpp:77] gpu_pipeline_task: operator 'PARTITION' (id=5) output batch 0 column count mismatch: got 13, expected 10
[2026-09-08 05:53:41.712] [warning] [gpu_pipeline_task.cpp:77] gpu_pipeline_task: operator 'PARTITION' (id=5) output batch 0 column count mismatch: got 13, expected 10
[2026-09-08 05:53:41.712] [warning] [gpu_pipeline_task.cpp:77] gpu_pipeline_task: operator 'PARTITION' (id=5) output batch 0 column count mismatch: got 13, expected 10
[2026-09-08 05:53:41.712] [warning] [gpu_pipeline_task.cpp:77] gpu_pipeline_task: operator 'PARTITION' (id=5) output batch 0 column count mismatch: got 13, expected 10
[2026-09-08 05:53:41.712] [warning] [gpu_pipeline_task.cpp:77] gpu_pipeline_task: operator 'PARTITION' (id=5) output batch 0 column count mismatch: got 13, expected 10
[2026-09-08 05:53:41.712] [warning] [gpu_pipeline_task.cpp:77] gpu_pipeline_task: operator 'PARTITION' (id=5) output batch 0 column count mismatch: got 13, expected 10
[2026-09-08 05:53:41.712] [warning] [gpu_pipeline_task.cpp:77] gpu_pipeline_task: operator 'PARTITION' (id=5) output batch 0 column count mismatch: got 13, expected 10
[2026-09-08 05:53:41.712] [warning] [gpu_pipeline_task.cpp:77] gpu_pipeline_task: operator 'PARTITION' (id=5) output batch 0 column count mismatch: got 13, expected 10
[2026-09-08 05:53:41.712] [warning] [gpu_pipeline_task.cpp:77] gpu_pipeline_task: operator 'PARTITION' (id=5) output batch 0 column count mismatch: got 13, expected 10
[2026-09-08 05:53:41.712] [warning] [gpu_pipeline_task.cpp:77] gpu_pipeline_task: operator 'PARTITION' (id=5) output batch 0 column count mismatch: got 13, expected 10
[2026-09-08 05:53:41.712] [warning] [gpu_pipeline_task.cpp:77] gpu_pipeline_task: operator 'PARTITION' (id=5) output batch 0 column count mismatch: got 13, expected 10
[2026-09-08 05:53:41.712] [warning] [gpu_pipeline_task.cpp:77] gpu_pipeline_task: operator 'PARTITION' (id=5) output batch 0 column count mismatch: got 13, expected 10
[2026-09-08 05:53:41.712] [warning] [gpu_pipeline_task.cpp:77] gpu_pipeline_task: operator 'PARTITION' (id=5) output batch 0 column count mismatch: got 13, expected 10
[2026-09-08 05:53:41.712] [warning] [gpu_pipeline_task.cpp:77] gpu_pipeline_task: operator 'PARTITION' (id=5) output batch 0 column count mismatch: got 13, expected 10
[2026-09-08 05:53:41.712] [warning] [gpu_pipeline_task.cpp:77] gpu_pipeline_task: operator 'PARTITION' (id=5) output batch 0 column count mismatch: got 13, expected 10
[2026-09-08 05:53:41.712] [warning] [gpu_pipeline_task.cpp:77] gpu_pipeline_task: operator 'PARTITION' (id=5) output batch 0 column count mismatch: got 13, expected 10
[2026-09-08 05:53:41.712] [warning] [gpu_pipeline_task.cpp:77] gpu_pipeline_task: operator 'PARTITION' (id=5) output batch 0 column count mismatch: got 13, expected 10
[2026-09-08 05:53:41.712] [warning] [gpu_pipeline_task.cpp:77] gpu_pipeline_task: operator 'PARTITION' (id=5) output batch 0 column count mismatch: got 13, expected 10
[2026-09-08 05:53:41.712] [warning] [gpu_pipeline_task.cpp:77] gpu_pipeline_task: operator 'PARTITION' (id=5) output batch 0 column count mismatch: got 13, expected 10
[2026-09-08 05:53:41.712] [warning] [gpu_pipeline_task.cpp:77] gpu_pipeline_task: operator 'PARTITION' (id=5) output batch 0 column count mismatch: got 13, expected 10
[2026-09-08 05:53:41.712] [warning] [gpu_pipeline_task.cpp:77] gpu_pipeline_task: operator 'PARTITION' (id=5) output batch 0 column count mismatch: got 13, expected 10
[2026-09-08 05:53:41.713] [warning] [gpu_pipeline_task.cpp:77] gpu_pipeline_task: operator 'PARTITION' (id=5) output batch 0 column count mismatch: got 13, expected 10
[2026-09-08 05:53:41.713] [warning] [gpu_pipeline_task.cpp:77] gpu_pipeline_task: operator 'PARTITION' (id=5) output batch 0 column count mismatch: got 13, expected 10
[2026-09-08 05:53:41.713] [warning] [gpu_pipeline_task.cpp:77] gpu_pipeline_task: operator 'PARTITION' (id=5) output batch 0 column count mismatch: got 13, expected 10
[2026-09-08 05:53:41.713] [warning] [gpu_pipeline_task.cpp:77] gpu_pipeline_task: operator 'PARTITION' (id=5) output batch 0 column count mismatch: got 13, expected 10
[2026-09-08 05:53:41.713] [warning] [gpu_pipeline_task.cpp:77] gpu_pipeline_task: operator 'PARTITION' (id=5) output batch 0 column count mismatch: got 13, expected 10
[2026-09-08 05:53:41.713] [warning] [gpu_pipeline_task.cpp:77] gpu_pipeline_task: operator 'PARTITION' (id=5) output batch 0 column count mismatch: got 13, expected 10
[2026-09-08 05:53:41.713] [warning] [gpu_pipeline_task.cpp:77] gpu_pipeline_task: operator 'PARTITION' (id=5) output batch 0 column count mismatch: got 13, expected 10
[2026-09-08 05:53:41.713] [warning] [gpu_pipeline_task.cpp:77] gpu_pipeline_task: operator 'PARTITION' (id=5) output batch 0 column count mismatch: got 13, expected 10
[2026-09-08 05:53:41.713] [warning] [gpu_pipeline_task.cpp:77] gpu_pipeline_task: operator 'PARTITION' (id=5) output batch 0 column count mismatch: got 13, expected 10
[2026-09-08 05:53:41.713] [warning] [gpu_pipeline_task.cpp:77] gpu_pipeline_task: operator 'PARTITION' (id=5) output batch 0 column count mismatch: got 13, expected 10
[2026-09-08 05:53:41.713] [warning] [gpu_pipeline_task.cpp:77] gpu_pipeline_task: operator 'PARTITION' (id=5) output batch 0 column count mismatch: got 13, expected 10
[2026-09-08 05:53:41.713] [warning] [gpu_pipeline_task.cpp:77] gpu_pipeline_task: operator 'PARTITION' (id=5) output batch 0 column count mismatch: got 13, expected 10
[2026-09-08 05:53:41.713] [warning] [gpu_pipeline_task.cpp:77] gpu_pipeline_task: operator 'PARTITION' (id=5) output batch 0 column count mismatch: got 13, expected 10
[2026-09-08 05:53:41.713] [warning] [gpu_pipeline_task.cpp:77] gpu_pipeline_task: operator 'PARTITION' (id=5) output batch 0 column count mismatch: got 13, expected 10
[2026-09-08 05:53:41.713] [warning] [gpu_pipeline_task.cpp:77] gpu_pipeline_task: operator 'PARTITION' (id=5) output batch 0 column count mismatch: got 13, expected 10
[2026-09-08 05:53:41.713] [warning] [gpu_pipeline_task.cpp:77] gpu_pipeline_task: operator 'PARTITION' (id=5) output batch 0 column count mismatch: got 13, expected 10
[2026-09-08 05:53:41.713] [warning] [gpu_pipeline_task.cpp:77] gpu_pipeline_task: operator 'PARTITION' (id=5) output batch 0 column count mismatch: got 13, expected 10
[2026-09-08 05:53:41.713] [warning] [gpu_pipeline_task.cpp:77] gpu_pipeline_task: operator 'PARTITION' (id=5) output batch 0 column count mismatch: got 13, expected 10
[2026-09-08 05:53:41.713] [warning] [gpu_pipeline_task.cpp:77] gpu_pipeline_task: operator 'PARTITION' (id=5) output batch 0 column count mismatch: got 13, expected 10
[2026-09-08 05:53:41.713] [warning] [gpu_pipeline_task.cpp:77] gpu_pipeline_task: operator 'PARTITION' (id=5) output batch 0 column count mismatch: got 13, expected 10
[2026-09-08 05:53:41.713] [warning] [gpu_pipeline_task.cpp:77] gpu_pipeline_task: operator 'PARTITION' (id=5) output batch 0 column count mismatch: got 13, expected 10
[2026-09-08 05:53:41.713] [warning] [gpu_pipeline_task.cpp:77] gpu_pipeline_task: operator 'PARTITION' (id=5) output batch 0 column count mismatch: got 13, expected 10
[2026-09-08 05:53:41.713] [warning] [gpu_pipeline_task.cpp:77] gpu_pipeline_task: operator 'PARTITION' (id=5) output batch 0 column count mismatch: got 13, expected 10
[2026-09-08 05:53:41.713] [warning] [gpu_pipeline_task.cpp:77] gpu_pipeline_task: operator 'PARTITION' (id=5) output batch 0 column count mismatch: got 13, expected 10
[2026-09-08 05:53:41.713] [warning] [gpu_pipeline_task.cpp:77] gpu_pipeline_task: operator 'PARTITION' (id=5) output batch 0 column count mismatch: got 13, expected 10
[2026-09-08 05:53:41.713] [warning] [gpu_pipeline_task.cpp:77] gpu_pipeline_task: operator 'PARTITION' (id=5) output batch 0 column count mismatch: got 13, expected 10
[2026-09-08 05:53:41.713] [warning] [gpu_pipeline_task.cpp:77] gpu_pipeline_task: operator 'PARTITION' (id=5) output batch 0 column count mismatch: got 13, expected 10
[2026-09-08 05:53:41.713] [warning] [gpu_pipeline_task.cpp:77] gpu_pipeline_task: operator 'PARTITION' (id=5) output batch 0 column count mismatch: got 13, expected 10
[2026-09-08 05:53:41.713] [warning] [gpu_pipeline_task.cpp:77] gpu_pipeline_task: operator 'PARTITION' (id=5) output batch 0 column count mismatch: got 13, expected 10
[2026-09-08 05:53:41.713] [warning] [gpu_pipeline_task.cpp:77] gpu_pipeline_task: operator 'PARTITION' (id=5) output batch 0 column count mismatch: got 13, expected 10
[2026-09-08 05:53:41.713] [warning] [gpu_pipeline_task.cpp:77] gpu_pipeline_task: operator 'PARTITION' (id=5) output batch 0 column count mismatch: got 13, expected 10
[2026-09-08 05:53:41.713] [warning] [gpu_pipeline_task.cpp:77] gpu_pipeline_task: operator 'PARTITION' (id=5) output batch 0 column count mismatch: got 13, expected 10
[2026-09-08 05:53:41.713] [warning] [gpu_pipeline_task.cpp:77] gpu_pipeline_task: operator 'PARTITION' (id=5) output batch 0 column count mismatch: got 13, expected 10
[2026-09-08 05:53:41.713] [warning] [gpu_pipeline_task.cpp:77] gpu_pipeline_task: operator 'PARTITION' (id=5) output batch 0 column count mismatch: got 13, expected 10
[2026-09-08 05:53:41.713] [warning] [gpu_pipeline_task.cpp:77] gpu_pipeline_task: operator 'PARTITION' (id=5) output batch 0 column count mismatch: got 13, expected 10
[2026-09-08 05:53:41.713] [warning] [gpu_pipeline_task.cpp:77] gpu_pipeline_task: operator 'PARTITION' (id=5) output batch 0 column count mismatch: got 13, expected 10
[2026-09-08 05:53:41.713] [warning] [gpu_pipeline_task.cpp:77] gpu_pipeline_task: operator 'PARTITION' (id=5) output batch 0 column count mismatch: got 13, expected 10
[2026-09-08 05:53:41.713] [warning] [gpu_pipeline_task.cpp:77] gpu_pipeline_task: operator 'PARTITION' (id=5) output batch 0 column count mismatch: got 13, expected 10
[2026-09-08 05:53:41.713] [warning] [gpu_pipeline_task.cpp:77] gpu_pipeline_task: operator 'PARTITION' (id=5) output batch 0 column count mismatch: got 13, expected 10
[2026-09-08 05:53:41.713] [warning] [gpu_pipeline_task.cpp:77] gpu_pipeline_task: operator 'PARTITION' (id=5) output batch 0 column count mismatch: got 13, expected 10
[2026-09-08 05:53:41.713] [warning] [gpu_pipeline_task.cpp:77] gpu_pipeline_task: operator 'PARTITION' (id=5) output batch 0 column count mismatch: got 13, expected 10
[2026-09-08 05:53:41.713] [warning] [gpu_pipeline_task.cpp:77] gpu_pipeline_task: operator 'PARTITION' (id=5) output batch 0 column count mismatch: got 13, expected 10
[2026-09-08 05:53:41.713] [warning] [gpu_pipeline_task.cpp:77] gpu_pipeline_task: operator 'PARTITION' (id=5) output batch 0 column count mismatch: got 13, expected 10
[2026-09-08 05:53:41.713] [warning] [gpu_pipeline_task.cpp:77] gpu_pipeline_task: operator 'PARTITION' (id=5) output batch 0 column count mismatch: got 13, expected 10
[2026-09-08 05:53:41.713] [warning] [gpu_pipeline_task.cpp:77] gpu_pipeline_task: operator 'PARTITION' (id=5) output batch 0 column count mismatch: got 13, expected 10
[2026-09-08 05:53:41.713] [warning] [gpu_pipeline_task.cpp:77] gpu_pipeline_task: operator 'PARTITION' (id=5) output batch 0 column count mismatch: got 13, expected 10
[2026-09-08 05:53:41.713] [warning] [gpu_pipeline_task.cpp:77] gpu_pipeline_task: operator 'PARTITION' (id=5) output batch 0 column count mismatch: got 13, expected 10
[2026-09-08 05:53:41.713] [warning] [gpu_pipeline_task.cpp:77] gpu_pipeline_task: operator 'PARTITION' (id=5) output batch 0 column count mismatch: got 13, expected 10
[2026-09-08 05:53:41.713] [warning] [gpu_pipeline_task.cpp:77] gpu_pipeline_task: operator 'PARTITION' (id=5) output batch 0 column count mismatch: got 13, expected 10
[2026-09-08 05:53:41.713] [warning] [gpu_pipeline_task.cpp:77] gpu_pipeline_task: operator 'PARTITION' (id=5) output batch 0 column count mismatch: got 13, expected 10
[2026-09-08 05:53:41.713] [warning] [gpu_pipeline_task.cpp:77] gpu_pipeline_task: operator 'PARTITION' (id=5) output batch 0 column count mismatch: got 13, expected 10
[2026-09-08 05:53:41.713] [warning] [gpu_pipeline_task.cpp:77] gpu_pipeline_task: operator 'PARTITION' (id=5) output batch 0 column count mismatch: got 13, expected 10
[2026-09-08 05:53:41.713] [warning] [gpu_pipeline_task.cpp:77] gpu_pipeline_task: operator 'PARTITION' (id=5) output batch 0 column count mismatch: got 13, expected 10
[2026-09-08 05:53:41.713] [warning] [gpu_pipeline_task.cpp:77] gpu_pipeline_task: operator 'PARTITION' (id=5) output batch 0 column count mismatch: got 13, expected 10
[2026-09-08 05:53:41.713] [warning] [gpu_pipeline_task.cpp:77] gpu_pipeline_task: operator 'PARTITION' (id=5) output batch 0 column count mismatch: got 13, expected 10
[2026-09-08 05:53:41.713] [warning] [gpu_pipeline_task.cpp:77] gpu_pipeline_task: operator 'PARTITION' (id=5) output batch 0 column count mismatch: got 13, expected 10
[2026-09-08 05:53:41.713] [warning] [gpu_pipeline_task.cpp:77] gpu_pipeline_task: operator 'PARTITION' (id=5) output batch 0 column count mismatch: got 13, expected 10
[2026-09-08 05:53:41.713] [warning] [gpu_pipeline_task.cpp:77] gpu_pipeline_task: operator 'PARTITION' (id=5) output batch 0 column count mismatch: got 13, expected 10
[2026-09-08 05:53:41.713] [warning] [gpu_pipeline_task.cpp:77] gpu_pipeline_task: operator 'PARTITION' (id=5) output batch 0 column count mismatch: got 13, expected 10
[2026-09-08 05:53:41.713] [warning] [gpu_pipeline_task.cpp:77] gpu_pipeline_task: operator 'PARTITION' (id=5) output batch 0 column count mismatch: got 13, expected 10
[2026-09-08 05:53:41.713] [warning] [gpu_pipeline_task.cpp:77] gpu_pipeline_task: operator 'PARTITION' (id=5) output batch 0 column count mismatch: got 13, expected 10
[2026-09-08 05:53:41.713] [warning] [gpu_pipeline_task.cpp:77] gpu_pipeline_task: operator 'PARTITION' (id=5) output batch 0 column count mismatch: got 13, expected 10
[2026-09-08 05:53:41.713] [warning] [gpu_pipeline_task.cpp:77] gpu_pipeline_task: operator 'PARTITION' (id=5) output batch 0 column count mismatch: got 13, expected 10
[2026-09-08 05:53:41.713] [warning] [gpu_pipeline_task.cpp:77] gpu_pipeline_task: operator 'PARTITION' (id=5) output batch 0 column count mismatch: got 13, expected 10
[2026-09-08 05:53:41.713] [warning] [gpu_pipeline_task.cpp:77] gpu_pipeline_task: operator 'PARTITION' (id=5) output batch 0 column count mismatch: got 13, expected 10
[2026-09-08 05:53:41.713] [warning] [gpu_pipeline_task.cpp:77] gpu_pipeline_task: operator 'PARTITION' (id=5) output batch 0 column count mismatch: got 13, expected 10
[2026-09-08 05:53:41.713] [warning] [gpu_pipeline_task.cpp:77] gpu_pipeline_task: operator 'PARTITION' (id=5) output batch 0 column count mismatch: got 13, expected 10
[2026-09-08 05:53:41.713] [warning] [gpu_pipeline_task.cpp:77] gpu_pipeline_task: operator 'PARTITION' (id=5) output batch 0 column count mismatch: got 13, expected 10
[2026-09-08 05:53:41.713] [warning] [gpu_pipeline_task.cpp:77] gpu_pipeline_task: operator 'PARTITION' (id=5) output batch 0 column count mismatch: got 13, expected 10
[2026-09-08 05:53:41.713] [warning] [gpu_pipeline_task.cpp:77] gpu_pipeline_task: operator 'PARTITION' (id=5) output batch 0 column count mismatch: got 13, expected 10
[2026-09-08 05:53:41.713] [warning] [gpu_pipeline_task.cpp:77] gpu_pipeline_task: operator 'PARTITION' (id=5) output batch 0 column count mismatch: got 13, expected 10
[2026-09-08 05:53:41.713] [warning] [gpu_pipeline_task.cpp:77] gpu_pipeline_task: operator 'PARTITION' (id=5) output batch 0 column count mismatch: got 13, expected 10
[2026-09-08 05:53:41.713] [warning] [gpu_pipeline_task.cpp:77] gpu_pipeline_task: operator 'PARTITION' (id=5) output batch 0 column count mismatch: got 13, expected 10
[2026-09-08 05:53:41.713] [warning] [gpu_pipeline_task.cpp:77] gpu_pipeline_task: operator 'PARTITION' (id=5) output batch 0 column count mismatch: got 13, expected 10
[2026-09-08 05:53:41.713] [warning] [gpu_pipeline_task.cpp:77] gpu_pipeline_task: operator 'PARTITION' (id=5) output batch 0 column count mismatch: got 13, expected 10
[2026-09-08 05:53:41.713] [warning] [gpu_pipeline_task.cpp:77] gpu_pipeline_task: operator 'PARTITION' (id=5) output batch 0 column count mismatch: got 13, expected 10
[2026-09-08 05:53:41.713] [warning] [gpu_pipeline_task.cpp:77] gpu_pipeline_task: operator 'PARTITION' (id=5) output batch 0 column count mismatch: got 13, expected 10
[2026-09-08 05:53:41.713] [warning] [gpu_pipeline_task.cpp:77] gpu_pipeline_task: operator 'PARTITION' (id=5) output batch 0 column count mismatch: got 13, expected 10
[2026-09-08 05:53:41.713] [warning] [gpu_pipeline_task.cpp:77] gpu_pipeline_task: operator 'PARTITION' (id=5) output batch 0 column count mismatch: got 13, expected 10
[2026-09-08 05:53:41.713] [warning] [gpu_pipeline_task.cpp:77] gpu_pipeline_task: operator 'PARTITION' (id=5) output batch 0 column count mismatch: got 13, expected 10
[2026-09-08 05:53:41.713] [warning] [gpu_pipeline_task.cpp:77] gpu_pipeline_task: operator 'PARTITION' (id=5) output batch 0 column count mismatch: got 13, expected 10
[2026-09-08 05:53:41.713] [warning] [gpu_pipeline_task.cpp:77] gpu_pipeline_task: operator 'PARTITION' (id=5) output batch 0 column count mismatch: got 13, expected 10
[2026-09-08 05:53:41.713] [warning] [gpu_pipeline_task.cpp:77] gpu_pipeline_task: operator 'PARTITION' (id=5) output batch 0 column count mismatch: got 13, expected 10
[2026-09-08 05:53:41.713] [warning] [gpu_pipeline_task.cpp:77] gpu_pipeline_task: operator 'PARTITION' (id=5) output batch 0 column count mismatch: got 13, expected 10
[2026-09-08 05:53:41.713] [warning] [gpu_pipeline_task.cpp:77] gpu_pipeline_task: operator 'PARTITION' (id=5) output batch 0 column count mismatch: got 13, expected 10
[2026-09-08 05:53:41.713] [warning] [gpu_pipeline_task.cpp:77] gpu_pipeline_task: operator 'PARTITION' (id=5) output batch 0 column count mismatch: got 13, expected 10
[2026-09-08 05:53:41.713] [warning] [gpu_pipeline_task.cpp:77] gpu_pipeline_task: operator 'PARTITION' (id=5) output batch 0 column count mismatch: got 13, expected 10
[2026-09-08 05:53:41.713] [warning] [gpu_pipeline_task.cpp:77] gpu_pipeline_task: operator 'PARTITION' (id=5) output batch 0 column count mismatch: got 13, expected 10
[2026-09-08 05:53:41.713] [warning] [gpu_pipeline_task.cpp:77] gpu_pipeline_task: operator 'PARTITION' (id=5) output batch 0 column count mismatch: got 13, expected 10
[2026-09-08 05:53:41.713] [warning] [gpu_pipeline_task.cpp:77] gpu_pipeline_task: operator 'PARTITION' (id=5) output batch 0 column count mismatch: got 13, expected 10
[2026-09-08 05:53:41.713] [warning] [gpu_pipeline_task.cpp:77] gpu_pipeline_task: operator 'PARTITION' (id=5) output batch 0 column count mismatch: got 13, expected 10
[2026-09-08 05:53:41.713] [warning] [gpu_pipeline_task.cpp:77] gpu_pipeline_task: operator 'PARTITION' (id=5) output batch 0 column count mismatch: got 13, expected 10
[2026-09-08 05:53:41.713] [warning] [gpu_pipeline_task.cpp:77] gpu_pipeline_task: operator 'PARTITION' (id=5) output batch 0 column count mismatch: got 13, expected 10
[2026-09-08 05:53:41.713] [warning] [gpu_pipeline_task.cpp:77] gpu_pipeline_task: operator 'PARTITION' (id=5) output batch 0 column count mismatch: got 13, expected 10
[2026-09-08 05:53:41.713] [warning] [gpu_pipeline_task.cpp:77] gpu_pipeline_task: operator 'PARTITION' (id=5) output batch 0 column count mismatch: got 13, expected 10
[2026-09-08 05:53:41.713] [warning] [gpu_pipeline_task.cpp:77] gpu_pipeline_task: operator 'PARTITION' (id=5) output batch 0 column count mismatch: got 13, expected 10
[2026-09-08 05:53:41.713] [warning] [gpu_pipeline_task.cpp:77] gpu_pipeline_task: operator 'PARTITION' (id=5) output batch 0 column count mismatch: got 13, expected 10
[2026-09-08 05:53:41.713] [warning] [gpu_pipeline_task.cpp:77] gpu_pipeline_task: operator 'PARTITION' (id=5) output batch 0 column count mismatch: got 13, expected 10
[2026-09-08 05:53:41.713] [warning] [gpu_pipeline_task.cpp:77] gpu_pipeline_task: operator 'PARTITION' (id=5) output batch 0 column count mismatch: got 13, expected 10
[2026-09-08 05:53:41.713] [warning] [gpu_pipeline_task.cpp:77] gpu_pipeline_task: operator 'PARTITION' (id=5) output batch 0 column count mismatch: got 13, expected 10
[2026-09-08 05:53:41.713] [warning] [gpu_pipeline_task.cpp:77] gpu_pipeline_task: operator 'PARTITION' (id=5) output batch 0 column count mismatch: got 13, expected 10
[2026-09-08 05:53:41.713] [warning] [gpu_pipeline_task.cpp:77] gpu_pipeline_task: operator 'PARTITION' (id=5) output batch 0 column count mismatch: got 13, expected 10
[2026-09-08 05:53:41.713] [warning] [gpu_pipeline_task.cpp:77] gpu_pipeline_task: operator 'PARTITION' (id=5) output batch 0 column count mismatch: got 13, expected 10
[2026-09-08 05:53:41.713] [warning] [gpu_pipeline_task.cpp:77] gpu_pipeline_task: operator 'PARTITION' (id=5) output batch 0 column count mismatch: got 13, expected 10
[2026-09-08 05:53:41.713] [warning] [gpu_pipeline_task.cpp:77] gpu_pipeline_task: operator 'PARTITION' (id=5) output batch 0 column count mismatch: got 13, expected 10
[2026-09-08 05:53:41.713] [warning] [gpu_pipeline_task.cpp:77] gpu_pipeline_task: operator 'PARTITION' (id=5) output batch 0 column count mismatch: got 13, expected 10
[2026-09-08 05:53:41.713] [warning] [gpu_pipeline_task.cpp:77] gpu_pipeline_task: operator 'PARTITION' (id=5) output batch 0 column count mismatch: got 13, expected 10
[2026-09-08 05:53:41.713] [warning] [gpu_pipeline_task.cpp:77] gpu_pipeline_task: operator 'PARTITION' (id=5) output batch 0 column count mismatch: got 13, expected 10
[2026-09-08 05:53:41.714] [warning] [gpu_pipeline_task.cpp:77] gpu_pipeline_task: operator 'PARTITION' (id=5) output batch 0 column count mismatch: got 13, expected 10
[2026-09-08 05:53:41.714] [warning] [gpu_pipeline_task.cpp:77] gpu_pipeline_task: operator 'PARTITION' (id=5) output batch 0 column count mismatch: got 13, expected 10
[2026-09-08 05:53:41.714] [warning] [gpu_pipeline_task.cpp:77] gpu_pipeline_task: operator 'PARTITION' (id=5) output batch 0 column count mismatch: got 13, expected 10
[2026-09-08 05:53:41.714] [warning] [gpu_pipeline_task.cpp:77] gpu_pipeline_task: operator 'PARTITION' (id=5) output batch 0 column count mismatch: got 13, expected 10
[2026-09-08 05:53:41.714] [warning] [gpu_pipeline_task.cpp:77] gpu_pipeline_task: operator 'PARTITION' (id=5) output batch 0 column count mismatch: got 13, expected 10
[2026-09-08 05:53:41.714] [warning] [gpu_pipeline_task.cpp:77] gpu_pipeline_task: operator 'PARTITION' (id=5) output batch 0 column count mismatch: got 13, expected 10
[2026-09-08 05:53:41.714] [warning] [gpu_pipeline_task.cpp:77] gpu_pipeline_task: operator 'PARTITION' (id=5) output batch 0 column count mismatch: got 13, expected 10
[2026-09-08 05:53:41.714] [warning] [gpu_pipeline_task.cpp:77] gpu_pipeline_task: operator 'PARTITION' (id=5) output batch 0 column count mismatch: got 13, expected 10
[2026-09-08 05:53:41.714] [warning] [gpu_pipeline_task.cpp:77] gpu_pipeline_task: operator 'PARTITION' (id=5) output batch 0 column count mismatch: got 13, expected 10
[2026-09-08 05:53:41.714] [warning] [gpu_pipeline_task.cpp:77] gpu_pipeline_task: operator 'PARTITION' (id=5) output batch 0 column count mismatch: got 13, expected 10
[2026-09-08 05:53:41.714] [warning] [gpu_pipeline_task.cpp:77] gpu_pipeline_task: operator 'PARTITION' (id=5) output batch 0 column count mismatch: got 13, expected 10
[2026-09-08 05:53:41.714] [warning] [gpu_pipeline_task.cpp:77] gpu_pipeline_task: operator 'PARTITION' (id=5) output batch 0 column count mismatch: got 13, expected 10
[2026-09-08 05:53:41.714] [warning] [gpu_pipeline_task.cpp:77] gpu_pipeline_task: operator 'PARTITION' (id=5) output batch 0 column count mismatch: got 13, expected 10
[2026-09-08 05:53:41.714] [warning] [gpu_pipeline_task.cpp:77] gpu_pipeline_task: operator 'PARTITION' (id=5) output batch 0 column count mismatch: got 13, expected 10
[2026-09-08 05:53:41.714] [warning] [gpu_pipeline_task.cpp:77] gpu_pipeline_task: operator 'PARTITION' (id=5) output batch 0 column count mismatch: got 13, expected 10
[2026-09-08 05:53:41.714] [warning] [gpu_pipeline_task.cpp:77] gpu_pipeline_task: operator 'PARTITION' (id=5) output batch 0 column count mismatch: got 13, expected 10
[2026-09-08 05:53:41.714] [warning] [gpu_pipeline_task.cpp:77] gpu_pipeline_task: operator 'PARTITION' (id=5) output batch 0 column count mismatch: got 13, expected 10
[2026-09-08 05:53:41.714] [warning] [gpu_pipeline_task.cpp:77] gpu_pipeline_task: operator 'PARTITION' (id=5) output batch 0 column count mismatch: got 13, expected 10
[2026-09-08 05:53:41.714] [warning] [gpu_pipeline_task.cpp:77] gpu_pipeline_task: operator 'PARTITION' (id=5) output batch 0 column count mismatch: got 13, expected 10
[2026-09-08 05:53:41.714] [warning] [gpu_pipeline_task.cpp:77] gpu_pipeline_task: operator 'PARTITION' (id=5) output batch 0 column count mismatch: got 13, expected 10
[2026-09-08 05:53:41.714] [warning] [gpu_pipeline_task.cpp:77] gpu_pipeline_task: operator 'PARTITION' (id=5) output batch 0 column count mismatch: got 13, expected 10
[2026-09-08 05:53:41.714] [warning] [gpu_pipeline_task.cpp:77] gpu_pipeline_task: operator 'PARTITION' (id=5) output batch 0 column count mismatch: got 13, expected 10
[2026-09-08 05:53:41.714] [warning] [gpu_pipeline_task.cpp:77] gpu_pipeline_task: operator 'PARTITION' (id=5) output batch 0 column count mismatch: got 13, expected 10
[2026-09-08 05:53:41.714] [warning] [gpu_pipeline_task.cpp:77] gpu_pipeline_task: operator 'PARTITION' (id=5) output batch 0 column count mismatch: got 13, expected 10
[2026-09-08 05:53:41.714] [warning] [gpu_pipeline_task.cpp:77] gpu_pipeline_task: operator 'PARTITION' (id=5) output batch 0 column count mismatch: got 13, expected 10
[2026-09-08 05:53:41.714] [warning] [gpu_pipeline_task.cpp:77] gpu_pipeline_task: operator 'PARTITION' (id=5) output batch 0 column count mismatch: got 13, expected 10
[2026-09-08 05:53:41.714] [warning] [gpu_pipeline_task.cpp:77] gpu_pipeline_task: operator 'PARTITION' (id=5) output batch 0 column count mismatch: got 13, expected 10
[2026-09-08 05:53:41.714] [warning] [gpu_pipeline_task.cpp:77] gpu_pipeline_task: operator 'PARTITION' (id=5) output batch 0 column count mismatch: got 13, expected 10
[2026-09-08 05:53:41.714] [warning] [gpu_pipeline_task.cpp:77] gpu_pipeline_task: operator 'PARTITION' (id=5) output batch 0 column count mismatch: got 13, expected 10
[2026-09-08 05:53:41.714] [warning] [gpu_pipeline_task.cpp:77] gpu_pipeline_task: operator 'PARTITION' (id=5) output batch 0 column count mismatch: got 13, expected 10
[2026-09-08 05:53:41.714] [warning] [gpu_pipeline_task.cpp:77] gpu_pipeline_task: operator 'PARTITION' (id=5) output batch 0 column count mismatch: got 13, expected 10
[2026-09-08 05:53:41.714] [warning] [gpu_pipeline_task.cpp:77] gpu_pipeline_task: operator 'PARTITION' (id=5) output batch 0 column count mismatch: got 13, expected 10
[2026-09-08 05:53:41.714] [warning] [gpu_pipeline_task.cpp:77] gpu_pipeline_task: operator 'PARTITION' (id=5) output batch 0 column count mismatch: got 13, expected 10
[2026-09-08 05:53:41.714] [warning] [gpu_pipeline_task.cpp:77] gpu_pipeline_task: operator 'PARTITION' (id=5) output batch 0 column count mismatch: got 13, expected 10
[2026-09-08 05:53:41.714] [warning] [gpu_pipeline_task.cpp:77] gpu_pipeline_task: operator 'PARTITION' (id=5) output batch 0 column count mismatch: got 13, expected 10
[2026-09-08 05:53:41.714] [warning] [gpu_pipeline_task.cpp:77] gpu_pipeline_task: operator 'PARTITION' (id=5) output batch 0 column count mismatch: got 13, expected 10
[2026-09-08 05:53:41.714] [warning] [gpu_pipeline_task.cpp:77] gpu_pipeline_task: operator 'PARTITION' (id=5) output batch 0 column count mismatch: got 13, expected 10
[2026-09-08 05:53:41.714] [warning] [gpu_pipeline_task.cpp:77] gpu_pipeline_task: operator 'PARTITION' (id=5) output batch 0 column count mismatch: got 13, expected 10
[2026-09-08 05:53:41.714] [warning] [gpu_pipeline_task.cpp:77] gpu_pipeline_task: operator 'PARTITION' (id=5) output batch 0 column count mismatch: got 13, expected 10
[2026-09-08 05:53:41.714] [warning] [gpu_pipeline_task.cpp:77] gpu_pipeline_task: operator 'PARTITION' (id=5) output batch 0 column count mismatch: got 13, expected 10
[2026-09-08 05:53:41.714] [warning] [gpu_pipeline_task.cpp:77] gpu_pipeline_task: operator 'PARTITION' (id=5) output batch 0 column count mismatch: got 13, expected 10
[2026-09-08 05:53:41.714] [warning] [gpu_pipeline_task.cpp:77] gpu_pipeline_task: operator 'PARTITION' (id=5) output batch 0 column count mismatch: got 13, expected 10
[2026-09-08 05:53:41.714] [warning] [gpu_pipeline_task.cpp:77] gpu_pipeline_task: operator 'PARTITION' (id=5) output batch 0 column count mismatch: got 13, expected 10
[2026-09-08 05:53:41.714] [warning] [gpu_pipeline_task.cpp:77] gpu_pipeline_task: operator 'PARTITION' (id=5) output batch 0 column count mismatch: got 13, expected 10
[2026-09-08 05:53:41.714] [warning] [gpu_pipeline_task.cpp:77] gpu_pipeline_task: operator 'PARTITION' (id=5) output batch 0 column count mismatch: got 13, expected 10
[2026-09-08 05:53:41.714] [warning] [gpu_pipeline_task.cpp:77] gpu_pipeline_task: operator 'PARTITION' (id=5) output batch 0 column count mismatch: got 13, expected 10
[2026-09-08 05:53:41.714] [warning] [gpu_pipeline_task.cpp:77] gpu_pipeline_task: operator 'PARTITION' (id=5) output batch 0 column count mismatch: got 13, expected 10
[2026-09-08 05:53:41.714] [warning] [gpu_pipeline_task.cpp:77] gpu_pipeline_task: operator 'PARTITION' (id=5) output batch 0 column count mismatch: got 13, expected 10
[2026-09-08 05:53:41.714] [warning] [gpu_pipeline_task.cpp:77] gpu_pipeline_task: operator 'PARTITION' (id=5) output batch 0 column count mismatch: got 13, expected 10
[2026-09-08 05:53:41.714] [warning] [gpu_pipeline_task.cpp:77] gpu_pipeline_task: operator 'PARTITION' (id=5) output batch 0 column count mismatch: got 13, expected 10
[2026-09-08 05:53:41.714] [warning] [gpu_pipeline_task.cpp:77] gpu_pipeline_task: operator 'PARTITION' (id=5) output batch 0 column count mismatch: got 13, expected 10
[2026-09-08 05:53:41.714] [warning] [gpu_pipeline_task.cpp:77] gpu_pipeline_task: operator 'PARTITION' (id=5) output batch 0 column count mismatch: got 13, expected 10
[2026-09-08 05:53:41.714] [warning] [gpu_pipeline_task.cpp:77] gpu_pipeline_task: operator 'PARTITION' (id=5) output batch 0 column count mismatch: got 13, expected 10
[2026-09-08 05:53:41.714] [warning] [gpu_pipeline_task.cpp:77] gpu_pipeline_task: operator 'PARTITION' (id=5) output batch 0 column count mismatch: got 13, expected 10
[2026-09-08 05:53:41.714] [warning] [gpu_pipeline_task.cpp:77] gpu_pipeline_task: operator 'PARTITION' (id=5) output batch 0 column count mismatch: got 13, expected 10
[2026-09-08 05:53:41.714] [warning] [gpu_pipeline_task.cpp:77] gpu_pipeline_task: operator 'PARTITION' (id=5) output batch 0 column count mismatch: got 13, expected 10
[2026-09-08 05:53:41.714] [warning] [gpu_pipeline_task.cpp:77] gpu_pipeline_task: operator 'PARTITION' (id=5) output batch 0 column count mismatch: got 13, expected 10
[2026-09-08 05:53:41.714] [warning] [gpu_pipeline_task.cpp:77] gpu_pipeline_task: operator 'PARTITION' (id=5) output batch 0 column count mismatch: got 13, expected 10
[2026-09-08 05:53:41.714] [warning] [gpu_pipeline_task.cpp:77] gpu_pipeline_task: operator 'PARTITION' (id=5) output batch 0 column count mismatch: got 13, expected 10
[2026-09-08 05:53:41.714] [warning] [gpu_pipeline_task.cpp:77] gpu_pipeline_task: operator 'PARTITION' (id=5) output batch 0 column count mismatch: got 13, expected 10
[2026-09-08 05:53:41.714] [warning] [gpu_pipeline_task.cpp:77] gpu_pipeline_task: operator 'PARTITION' (id=5) output batch 0 column count mismatch: got 13, expected 10
[2026-09-08 05:53:41.714] [warning] [gpu_pipeline_task.cpp:77] gpu_pipeline_task: operator 'PARTITION' (id=5) output batch 0 column count mismatch: got 13, expected 10
[2026-09-08 05:53:41.714] [warning] [gpu_pipeline_task.cpp:77] gpu_pipeline_task: operator 'PARTITION' (id=5) output batch 0 column count mismatch: got 13, expected 10
[2026-09-08 05:53:41.714] [warning] [gpu_pipeline_task.cpp:77] gpu_pipeline_task: operator 'PARTITION' (id=5) output batch 0 column count mismatch: got 13, expected 10
[2026-09-08 05:53:41.714] [warning] [gpu_pipeline_task.cpp:77] gpu_pipeline_task: operator 'PARTITION' (id=5) output batch 0 column count mismatch: got 13, expected 10
[2026-09-08 05:53:41.714] [warning] [gpu_pipeline_task.cpp:77] gpu_pipeline_task: operator 'PARTITION' (id=5) output batch 0 column count mismatch: got 13, expected 10
[2026-09-08 05:53:41.714] [warning] [gpu_pipeline_task.cpp:77] gpu_pipeline_task: operator 'PARTITION' (id=5) output batch 0 column count mismatch: got 13, expected 10
[2026-09-08 05:53:41.714] [warning] [gpu_pipeline_task.cpp:77] gpu_pipeline_task: operator 'PARTITION' (id=5) output batch 0 column count mismatch: got 13, expected 10
[2026-09-08 05:53:41.714] [warning] [gpu_pipeline_task.cpp:77] gpu_pipeline_task: operator 'PARTITION' (id=5) output batch 0 column count mismatch: got 13, expected 10
[2026-09-08 05:53:41.714] [warning] [gpu_pipeline_task.cpp:77] gpu_pipeline_task: operator 'PARTITION' (id=5) output batch 0 column count mismatch: got 13, expected 10
[2026-09-08 05:53:41.714] [warning] [gpu_pipeline_task.cpp:77] gpu_pipeline_task: operator 'PARTITION' (id=5) output batch 0 column count mismatch: got 13, expected 10
[2026-09-08 05:53:41.714] [warning] [gpu_pipeline_task.cpp:77] gpu_pipeline_task: operator 'PARTITION' (id=5) output batch 0 column count mismatch: got 13, expected 10
[2026-09-08 05:53:41.714] [warning] [gpu_pipeline_task.cpp:77] gpu_pipeline_task: operator 'PARTITION' (id=5) output batch 0 column count mismatch: got 13, expected 10
[2026-09-08 05:53:41.714] [warning] [gpu_pipeline_task.cpp:77] gpu_pipeline_task: operator 'PARTITION' (id=5) output batch 0 column count mismatch: got 13, expected 10
[2026-09-08 05:53:41.714] [warning] [gpu_pipeline_task.cpp:77] gpu_pipeline_task: operator 'PARTITION' (id=5) output batch 0 column count mismatch: got 13, expected 10
[2026-09-08 05:53:41.714] [warning] [gpu_pipeline_task.cpp:77] gpu_pipeline_task: operator 'PARTITION' (id=5) output batch 0 column count mismatch: got 13, expected 10
[2026-09-08 05:53:41.714] [warning] [gpu_pipeline_task.cpp:77] gpu_pipeline_task: operator 'PARTITION' (id=5) output batch 0 column count mismatch: got 13, expected 10
[2026-09-08 05:53:41.714] [warning] [gpu_pipeline_task.cpp:77] gpu_pipeline_task: operator 'PARTITION' (id=5) output batch 0 column count mismatch: got 13, expected 10
[2026-09-08 05:53:41.714] [warning] [gpu_pipeline_task.cpp:77] gpu_pipeline_task: operator 'PARTITION' (id=5) output batch 0 column count mismatch: got 13, expected 10
[2026-09-08 05:53:41.714] [warning] [gpu_pipeline_task.cpp:77] gpu_pipeline_task: operator 'PARTITION' (id=5) output batch 0 column count mismatch: got 13, expected 10
[2026-09-08 05:53:41.714] [warning] [gpu_pipeline_task.cpp:77] gpu_pipeline_task: operator 'PARTITION' (id=5) output batch 0 column count mismatch: got 13, expected 10
[2026-09-08 05:53:41.714] [warning] [gpu_pipeline_task.cpp:77] gpu_pipeline_task: operator 'PARTITION' (id=5) output batch 0 column count mismatch: got 13, expected 10
[2026-09-08 05:53:41.714] [warning] [gpu_pipeline_task.cpp:77] gpu_pipeline_task: operator 'PARTITION' (id=5) output batch 0 column count mismatch: got 13, expected 10
[2026-09-08 05:53:41.714] [warning] [gpu_pipeline_task.cpp:77] gpu_pipeline_task: operator 'PARTITION' (id=5) output batch 0 column count mismatch: got 13, expected 10
[2026-09-08 05:53:41.714] [warning] [gpu_pipeline_task.cpp:77] gpu_pipeline_task: operator 'PARTITION' (id=5) output batch 0 column count mismatch: got 13, expected 10
[2026-09-08 05:53:41.714] [warning] [gpu_pipeline_task.cpp:77] gpu_pipeline_task: operator 'PARTITION' (id=5) output batch 0 column count mismatch: got 13, expected 10
[2026-09-08 05:53:41.714] [warning] [gpu_pipeline_task.cpp:77] gpu_pipeline_task: operator 'PARTITION' (id=5) output batch 0 column count mismatch: got 13, expected 10
[2026-09-08 05:53:41.714] [warning] [gpu_pipeline_task.cpp:77] gpu_pipeline_task: operator 'PARTITION' (id=5) output batch 0 column count mismatch: got 13, expected 10
[2026-09-08 05:53:41.714] [warning] [gpu_pipeline_task.cpp:77] gpu_pipeline_task: operator 'PARTITION' (id=5) output batch 0 column count mismatch: got 13, expected 10
[2026-09-08 05:53:41.714] [warning] [gpu_pipeline_task.cpp:77] gpu_pipeline_task: operator 'PARTITION' (id=5) output batch 0 column count mismatch: got 13, expected 10
[2026-09-08 05:53:41.714] [warning] [gpu_pipeline_task.cpp:77] gpu_pipeline_task: operator 'PARTITION' (id=5) output batch 0 column count mismatch: got 13, expected 10
[2026-09-08 05:53:41.714] [warning] [gpu_pipeline_task.cpp:77] gpu_pipeline_task: operator 'PARTITION' (id=5) output batch 0 column count mismatch: got 13, expected 10
[2026-09-08 05:53:41.714] [warning] [gpu_pipeline_task.cpp:77] gpu_pipeline_task: operator 'PARTITION' (id=5) output batch 0 column count mismatch: got 13, expected 10
[2026-09-08 05:53:41.714] [warning] [gpu_pipeline_task.cpp:77] gpu_pipeline_task: operator 'PARTITION' (id=5) output batch 0 column count mismatch: got 13, expected 10
[2026-09-08 05:53:41.714] [warning] [gpu_pipeline_task.cpp:77] gpu_pipeline_task: operator 'PARTITION' (id=5) output batch 0 column count mismatch: got 13, expected 10
[2026-09-08 05:53:41.714] [warning] [gpu_pipeline_task.cpp:77] gpu_pipeline_task: operator 'PARTITION' (id=5) output batch 0 column count mismatch: got 13, expected 10
[2026-09-08 05:53:41.714] [warning] [gpu_pipeline_task.cpp:77] gpu_pipeline_task: operator 'PARTITION' (id=5) output batch 0 column count mismatch: got 13, expected 10
[2026-09-08 05:53:41.714] [warning] [gpu_pipeline_task.cpp:77] gpu_pipeline_task: operator 'PARTITION' (id=5) output batch 0 column count mismatch: got 13, expected 10
[2026-09-08 05:53:41.714] [warning] [gpu_pipeline_task.cpp:77] gpu_pipeline_task: operator 'PARTITION' (id=5) output batch 0 column count mismatch: got 13, expected 10
[2026-09-08 05:53:41.714] [warning] [gpu_pipeline_task.cpp:77] gpu_pipeline_task: operator 'PARTITION' (id=5) output batch 0 column count mismatch: got 13, expected 10
[2026-09-08 05:53:41.714] [warning] [gpu_pipeline_task.cpp:77] gpu_pipeline_task: operator 'PARTITION' (id=5) output batch 0 column count mismatch: got 13, expected 10
[2026-09-08 05:53:41.714] [warning] [gpu_pipeline_task.cpp:77] gpu_pipeline_task: operator 'PARTITION' (id=5) output batch 0 column count mismatch: got 13, expected 10
[2026-09-08 05:53:41.714] [warning] [gpu_pipeline_task.cpp:77] gpu_pipeline_task: operator 'PARTITION' (id=5) output batch 0 column count mismatch: got 13, expected 10
[2026-09-08 05:53:41.714] [warning] [gpu_pipeline_task.cpp:77] gpu_pipeline_task: operator 'PARTITION' (id=5) output batch 0 column count mismatch: got 13, expected 10
[2026-09-08 05:53:41.714] [warning] [gpu_pipeline_task.cpp:77] gpu_pipeline_task: operator 'PARTITION' (id=5) output batch 0 column count mismatch: got 13, expected 10
[2026-09-08 05:53:41.714] [warning] [gpu_pipeline_task.cpp:77] gpu_pipeline_task: operator 'PARTITION' (id=5) output batch 0 column count mismatch: got 13, expected 10
[2026-09-08 05:53:41.714] [warning] [gpu_pipeline_task.cpp:77] gpu_pipeline_task: operator 'PARTITION' (id=5) output batch 0 column count mismatch: got 13, expected 10
[2026-09-08 05:53:41.714] [warning] [gpu_pipeline_task.cpp:77] gpu_pipeline_task: operator 'PARTITION' (id=5) output batch 0 column count mismatch: got 13, expected 10
[2026-09-08 05:53:41.714] [warning] [gpu_pipeline_task.cpp:77] gpu_pipeline_task: operator 'PARTITION' (id=5) output batch 0 column count mismatch: got 13, expected 10
[2026-09-08 05:53:41.714] [warning] [gpu_pipeline_task.cpp:77] gpu_pipeline_task: operator 'PARTITION' (id=5) output batch 0 column count mismatch: got 13, expected 10
[2026-09-08 05:53:41.714] [warning] [gpu_pipeline_task.cpp:77] gpu_pipeline_task: operator 'PARTITION' (id=5) output batch 0 column count mismatch: got 13, expected 10
[2026-09-08 05:53:41.714] [warning] [gpu_pipeline_task.cpp:77] gpu_pipeline_task: operator 'PARTITION' (id=5) output batch 0 column count mismatch: got 13, expected 10
[2026-09-08 05:53:41.714] [warning] [gpu_pipeline_task.cpp:77] gpu_pipeline_task: operator 'PARTITION' (id=5) output batch 0 column count mismatch: got 13, expected 10
[2026-09-08 05:53:41.714] [warning] [gpu_pipeline_task.cpp:77] gpu_pipeline_task: operator 'PARTITION' (id=5) output batch 0 column count mismatch: got 13, expected 10
[2026-09-08 05:53:41.714] [warning] [gpu_pipeline_task.cpp:77] gpu_pipeline_task: operator 'PARTITION' (id=5) output batch 0 column count mismatch: got 13, expected 10
[2026-09-08 05:53:41.714] [warning] [gpu_pipeline_task.cpp:77] gpu_pipeline_task: operator 'PARTITION' (id=5) output batch 0 column count mismatch: got 13, expected 10
[2026-09-08 05:53:41.714] [warning] [gpu_pipeline_task.cpp:77] gpu_pipeline_task: operator 'PARTITION' (id=5) output batch 0 column count mismatch: got 13, expected 10
[2026-09-08 05:53:41.714] [warning] [gpu_pipeline_task.cpp:77] gpu_pipeline_task: operator 'PARTITION' (id=5) output batch 0 column count mismatch: got 13, expected 10
[2026-09-08 05:53:41.714] [warning] [gpu_pipeline_task.cpp:77] gpu_pipeline_task: operator 'PARTITION' (id=5) output batch 0 column count mismatch: got 13, expected 10
[2026-09-08 05:53:41.714] [warning] [gpu_pipeline_task.cpp:77] gpu_pipeline_task: operator 'PARTITION' (id=5) output batch 0 column count mismatch: got 13, expected 10
[2026-09-08 05:53:41.714] [warning] [gpu_pipeline_task.cpp:77] gpu_pipeline_task: operator 'PARTITION' (id=5) output batch 0 column count mismatch: got 13, expected 10
[2026-09-08 05:53:41.714] [warning] [gpu_pipeline_task.cpp:77] gpu_pipeline_task: operator 'PARTITION' (id=5) output batch 0 column count mismatch: got 13, expected 10
[2026-09-08 05:53:41.714] [warning] [gpu_pipeline_task.cpp:77] gpu_pipeline_task: operator 'PARTITION' (id=5) output batch 0 column count mismatch: got 13, expected 10
[2026-09-08 05:53:41.714] [warning] [gpu_pipeline_task.cpp:77] gpu_pipeline_task: operator 'PARTITION' (id=5) output batch 0 column count mismatch: got 13, expected 10
[2026-09-08 05:53:41.714] [warning] [gpu_pipeline_task.cpp:77] gpu_pipeline_task: operator 'PARTITION' (id=5) output batch 0 column count mismatch: got 13, expected 10
[2026-09-08 05:53:41.714] [warning] [gpu_pipeline_task.cpp:77] gpu_pipeline_task: operator 'PARTITION' (id=5) output batch 0 column count mismatch: got 13, expected 10
[2026-09-08 05:53:41.714] [warning] [gpu_pipeline_task.cpp:77] gpu_pipeline_task: operator 'PARTITION' (id=5) output batch 0 column count mismatch: got 13, expected 10
[2026-09-08 05:53:41.714] [warning] [gpu_pipeline_task.cpp:77] gpu_pipeline_task: operator 'PARTITION' (id=5) output batch 0 column count mismatch: got 13, expected 10
[2026-09-08 05:53:41.714] [warning] [gpu_pipeline_task.cpp:77] gpu_pipeline_task: operator 'PARTITION' (id=5) output batch 0 column count mismatch: got 13, expected 10
[2026-09-08 05:53:41.714] [warning] [gpu_pipeline_task.cpp:77] gpu_pipeline_task: operator 'PARTITION' (id=5) output batch 0 column count mismatch: got 13, expected 10
[2026-09-08 05:53:41.714] [warning] [gpu_pipeline_task.cpp:77] gpu_pipeline_task: operator 'PARTITION' (id=5) output batch 0 column count mismatch: got 13, expected 10
[2026-09-08 05:53:41.715] [warning] [gpu_pipeline_task.cpp:77] gpu_pipeline_task: operator 'PARTITION' (id=5) output batch 0 column count mismatch: got 13, expected 10
[2026-09-08 05:53:41.715] [warning] [gpu_pipeline_task.cpp:77] gpu_pipeline_task: operator 'PARTITION' (id=5) output batch 0 column count mismatch: got 13, expected 10
[2026-09-08 05:53:41.715] [warning] [gpu_pipeline_task.cpp:77] gpu_pipeline_task: operator 'PARTITION' (id=5) output batch 0 column count mismatch: got 13, expected 10
[2026-09-08 05:53:41.715] [warning] [gpu_pipeline_task.cpp:77] gpu_pipeline_task: operator 'PARTITION' (id=5) output batch 0 column count mismatch: got 13, expected 10
[2026-09-08 05:53:41.715] [warning] [gpu_pipeline_task.cpp:77] gpu_pipeline_task: operator 'PARTITION' (id=5) output batch 0 column count mismatch: got 13, expected 10
[2026-09-08 05:53:41.715] [warning] [gpu_pipeline_task.cpp:77] gpu_pipeline_task: operator 'PARTITION' (id=5) output batch 0 column count mismatch: got 13, expected 10
[2026-09-08 05:53:41.715] [warning] [gpu_pipeline_task.cpp:77] gpu_pipeline_task: operator 'PARTITION' (id=5) output batch 0 column count mismatch: got 13, expected 10
[2026-09-08 05:53:41.715] [warning] [gpu_pipeline_task.cpp:77] gpu_pipeline_task: operator 'PARTITION' (id=5) output batch 0 column count mismatch: got 13, expected 10
[2026-09-08 05:53:41.715] [warning] [gpu_pipeline_task.cpp:77] gpu_pipeline_task: operator 'PARTITION' (id=5) output batch 0 column count mismatch: got 13, expected 10
[2026-09-08 05:53:41.715] [warning] [gpu_pipeline_task.cpp:77] gpu_pipeline_task: operator 'PARTITION' (id=5) output batch 0 column count mismatch: got 13, expected 10
[2026-09-08 05:53:41.715] [warning] [gpu_pipeline_task.cpp:77] gpu_pipeline_task: operator 'PARTITION' (id=5) output batch 0 column count mismatch: got 13, expected 10
[2026-09-08 05:53:41.715] [warning] [gpu_pipeline_task.cpp:77] gpu_pipeline_task: operator 'PARTITION' (id=5) output batch 0 column count mismatch: got 13, expected 10
[2026-09-08 05:53:41.715] [warning] [gpu_pipeline_task.cpp:77] gpu_pipeline_task: operator 'PARTITION' (id=5) output batch 0 column count mismatch: got 13, expected 10
[2026-09-08 05:53:41.715] [warning] [gpu_pipeline_task.cpp:77] gpu_pipeline_task: operator 'PARTITION' (id=5) output batch 0 column count mismatch: got 13, expected 10
[2026-09-08 05:53:41.715] [warning] [gpu_pipeline_task.cpp:77] gpu_pipeline_task: operator 'PARTITION' (id=5) output batch 0 column count mismatch: got 13, expected 10
[2026-09-08 05:53:41.715] [warning] [gpu_pipeline_task.cpp:77] gpu_pipeline_task: operator 'PARTITION' (id=5) output batch 0 column count mismatch: got 13, expected 10
[2026-09-08 05:53:41.715] [warning] [gpu_pipeline_task.cpp:77] gpu_pipeline_task: operator 'PARTITION' (id=5) output batch 0 column count mismatch: got 13, expected 10
[2026-09-08 05:53:41.715] [warning] [gpu_pipeline_task.cpp:77] gpu_pipeline_task: operator 'PARTITION' (id=5) output batch 0 column count mismatch: got 13, expected 10
[2026-09-08 05:53:41.715] [warning] [gpu_pipeline_task.cpp:77] gpu_pipeline_task: operator 'PARTITION' (id=5) output batch 0 column count mismatch: got 13, expected 10
[2026-09-08 05:53:41.715] [warning] [gpu_pipeline_task.cpp:77] gpu_pipeline_task: operator 'PARTITION' (id=5) output batch 0 column count mismatch: got 13, expected 10
[2026-09-08 05:53:41.715] [warning] [gpu_pipeline_task.cpp:77] gpu_pipeline_task: operator 'PARTITION' (id=5) output batch 0 column count mismatch: got 13, expected 10
[2026-09-08 05:53:41.715] [warning] [gpu_pipeline_task.cpp:77] gpu_pipeline_task: operator 'PARTITION' (id=5) output batch 0 column count mismatch: got 13, expected 10
[2026-09-08 05:53:41.715] [warning] [gpu_pipeline_task.cpp:77] gpu_pipeline_task: operator 'PARTITION' (id=5) output batch 0 column count mismatch: got 13, expected 10
[2026-09-08 05:53:41.715] [warning] [gpu_pipeline_task.cpp:77] gpu_pipeline_task: operator 'PARTITION' (id=5) output batch 0 column count mismatch: got 13, expected 10
[2026-09-08 05:53:41.715] [warning] [gpu_pipeline_task.cpp:77] gpu_pipeline_task: operator 'PARTITION' (id=5) output batch 0 column count mismatch: got 13, expected 10
[2026-09-08 05:53:41.715] [warning] [gpu_pipeline_task.cpp:77] gpu_pipeline_task: operator 'PARTITION' (id=5) output batch 0 column count mismatch: got 13, expected 10
[2026-09-08 05:53:41.715] [warning] [gpu_pipeline_task.cpp:77] gpu_pipeline_task: operator 'PARTITION' (id=5) output batch 0 column count mismatch: got 13, expected 10
[2026-09-08 05:53:41.715] [warning] [gpu_pipeline_task.cpp:77] gpu_pipeline_task: operator 'PARTITION' (id=5) output batch 0 column count mismatch: got 13, expected 10
[2026-09-08 05:53:41.715] [warning] [gpu_pipeline_task.cpp:77] gpu_pipeline_task: operator 'PARTITION' (id=5) output batch 0 column count mismatch: got 13, expected 10
[2026-09-08 05:53:41.715] [warning] [gpu_pipeline_task.cpp:77] gpu_pipeline_task: operator 'PARTITION' (id=5) output batch 0 column count mismatch: got 13, expected 10
[2026-09-08 05:53:41.715] [warning] [gpu_pipeline_task.cpp:77] gpu_pipeline_task: operator 'PARTITION' (id=5) output batch 0 column count mismatch: got 13, expected 10
[2026-09-08 05:53:41.715] [warning] [gpu_pipeline_task.cpp:77] gpu_pipeline_task: operator 'PARTITION' (id=5) output batch 0 column count mismatch: got 13, expected 10
[2026-09-08 05:53:41.715] [warning] [gpu_pipeline_task.cpp:77] gpu_pipeline_task: operator 'PARTITION' (id=5) output batch 0 column count mismatch: got 13, expected 10
[2026-09-08 05:53:41.715] [warning] [gpu_pipeline_task.cpp:77] gpu_pipeline_task: operator 'PARTITION' (id=5) output batch 0 column count mismatch: got 13, expected 10
[2026-09-08 05:53:41.715] [warning] [gpu_pipeline_task.cpp:77] gpu_pipeline_task: operator 'PARTITION' (id=5) output batch 0 column count mismatch: got 13, expected 10
[2026-09-08 05:53:41.715] [warning] [gpu_pipeline_task.cpp:77] gpu_pipeline_task: operator 'PARTITION' (id=5) output batch 0 column count mismatch: got 13, expected 10
[2026-09-08 05:53:41.715] [warning] [gpu_pipeline_task.cpp:77] gpu_pipeline_task: operator 'PARTITION' (id=5) output batch 0 column count mismatch: got 13, expected 10
[2026-09-08 05:53:41.715] [warning] [gpu_pipeline_task.cpp:77] gpu_pipeline_task: operator 'PARTITION' (id=5) output batch 0 column count mismatch: got 13, expected 10
[2026-09-08 05:53:41.715] [warning] [gpu_pipeline_task.cpp:77] gpu_pipeline_task: operator 'PARTITION' (id=5) output batch 0 column count mismatch: got 13, expected 10
[2026-09-08 05:53:41.715] [warning] [gpu_pipeline_task.cpp:77] gpu_pipeline_task: operator 'PARTITION' (id=5) output batch 0 column count mismatch: got 13, expected 10
[2026-09-08 05:53:41.715] [warning] [gpu_pipeline_task.cpp:77] gpu_pipeline_task: operator 'PARTITION' (id=5) output batch 0 column count mismatch: got 13, expected 10
[2026-09-08 05:53:41.715] [warning] [gpu_pipeline_task.cpp:77] gpu_pipeline_task: operator 'PARTITION' (id=5) output batch 0 column count mismatch: got 13, expected 10
[2026-09-08 05:53:41.715] [warning] [gpu_pipeline_task.cpp:77] gpu_pipeline_task: operator 'PARTITION' (id=5) output batch 0 column count mismatch: got 13, expected 10
[2026-09-08 05:53:41.715] [warning] [gpu_pipeline_task.cpp:77] gpu_pipeline_task: operator 'PARTITION' (id=5) output batch 0 column count mismatch: got 13, expected 10
[2026-09-08 05:53:41.715] [warning] [gpu_pipeline_task.cpp:77] gpu_pipeline_task: operator 'PARTITION' (id=5) output batch 0 column count mismatch: got 13, expected 10
[2026-09-08 05:53:41.715] [warning] [gpu_pipeline_task.cpp:77] gpu_pipeline_task: operator 'PARTITION' (id=5) output batch 0 column count mismatch: got 13, expected 10
[2026-09-08 05:53:41.715] [warning] [gpu_pipeline_task.cpp:77] gpu_pipeline_task: operator 'PARTITION' (id=5) output batch 0 column count mismatch: got 13, expected 10
[2026-09-08 05:53:41.715] [warning] [gpu_pipeline_task.cpp:77] gpu_pipeline_task: operator 'PARTITION' (id=5) output batch 0 column count mismatch: got 13, expected 10
[2026-09-08 05:53:41.715] [warning] [gpu_pipeline_task.cpp:77] gpu_pipeline_task: operator 'PARTITION' (id=5) output batch 0 column count mismatch: got 13, expected 10
[2026-09-08 05:53:41.715] [warning] [gpu_pipeline_task.cpp:77] gpu_pipeline_task: operator 'PARTITION' (id=5) output batch 0 column count mismatch: got 13, expected 10
[2026-09-08 05:53:41.715] [warning] [gpu_pipeline_task.cpp:77] gpu_pipeline_task: operator 'PARTITION' (id=5) output batch 0 column count mismatch: got 13, expected 10
[2026-09-08 05:53:41.715] [warning] [gpu_pipeline_task.cpp:77] gpu_pipeline_task: operator 'PARTITION' (id=5) output batch 0 column count mismatch: got 13, expected 10
[2026-09-08 05:53:41.715] [warning] [gpu_pipeline_task.cpp:77] gpu_pipeline_task: operator 'PARTITION' (id=5) output batch 0 column count mismatch: got 13, expected 10
[2026-09-08 05:53:41.715] [warning] [gpu_pipeline_task.cpp:77] gpu_pipeline_task: operator 'PARTITION' (id=5) output batch 0 column count mismatch: got 13, expected 10
[2026-09-08 05:53:41.715] [warning] [gpu_pipeline_task.cpp:77] gpu_pipeline_task: operator 'PARTITION' (id=5) output batch 0 column count mismatch: got 13, expected 10
[2026-09-08 05:53:41.715] [warning] [gpu_pipeline_task.cpp:77] gpu_pipeline_task: operator 'PARTITION' (id=5) output batch 0 column count mismatch: got 13, expected 10
[2026-09-08 05:53:41.715] [warning] [gpu_pipeline_task.cpp:77] gpu_pipeline_task: operator 'PARTITION' (id=5) output batch 0 column count mismatch: got 13, expected 10
[2026-09-08 05:53:41.715] [warning] [gpu_pipeline_task.cpp:77] gpu_pipeline_task: operator 'PARTITION' (id=5) output batch 0 column count mismatch: got 13, expected 10
[2026-09-08 05:53:41.715] [warning] [gpu_pipeline_task.cpp:77] gpu_pipeline_task: operator 'PARTITION' (id=5) output batch 0 column count mismatch: got 13, expected 10
[2026-09-08 05:53:41.715] [warning] [gpu_pipeline_task.cpp:77] gpu_pipeline_task: operator 'PARTITION' (id=5) output batch 0 column count mismatch: got 13, expected 10
[2026-09-08 05:53:41.715] [warning] [gpu_pipeline_task.cpp:77] gpu_pipeline_task: operator 'PARTITION' (id=5) output batch 0 column count mismatch: got 13, expected 10
[2026-09-08 05:53:41.715] [warning] [gpu_pipeline_task.cpp:77] gpu_pipeline_task: operator 'PARTITION' (id=5) output batch 0 column count mismatch: got 13, expected 10
[2026-09-08 05:53:41.715] [warning] [gpu_pipeline_task.cpp:77] gpu_pipeline_task: operator 'PARTITION' (id=5) output batch 0 column count mismatch: got 13, expected 10
[2026-09-08 05:53:41.715] [warning] [gpu_pipeline_task.cpp:77] gpu_pipeline_task: operator 'PARTITION' (id=5) output batch 0 column count mismatch: got 13, expected 10
[2026-09-08 05:53:41.715] [warning] [gpu_pipeline_task.cpp:77] gpu_pipeline_task: operator 'PARTITION' (id=5) output batch 0 column count mismatch: got 13, expected 10
[2026-09-08 05:53:41.715] [warning] [gpu_pipeline_task.cpp:77] gpu_pipeline_task: operator 'PARTITION' (id=5) output batch 0 column count mismatch: got 13, expected 10
[2026-09-08 05:53:41.715] [warning] [gpu_pipeline_task.cpp:77] gpu_pipeline_task: operator 'PARTITION' (id=5) output batch 0 column count mismatch: got 13, expected 10
[2026-09-08 05:53:41.715] [warning] [gpu_pipeline_task.cpp:77] gpu_pipeline_task: operator 'PARTITION' (id=5) output batch 0 column count mismatch: got 13, expected 10
[2026-09-08 05:53:41.715] [warning] [gpu_pipeline_task.cpp:77] gpu_pipeline_task: operator 'PARTITION' (id=5) output batch 0 column count mismatch: got 13, expected 10
[2026-09-08 05:53:41.715] [warning] [gpu_pipeline_task.cpp:77] gpu_pipeline_task: operator 'PARTITION' (id=5) output batch 0 column count mismatch: got 13, expected 10
[2026-09-08 05:53:41.715] [warning] [gpu_pipeline_task.cpp:77] gpu_pipeline_task: operator 'PARTITION' (id=5) output batch 0 column count mismatch: got 13, expected 10
[2026-09-08 05:53:41.715] [warning] [gpu_pipeline_task.cpp:77] gpu_pipeline_task: operator 'PARTITION' (id=5) output batch 0 column count mismatch: got 13, expected 10
[2026-09-08 05:53:41.715] [warning] [gpu_pipeline_task.cpp:77] gpu_pipeline_task: operator 'PARTITION' (id=5) output batch 0 column count mismatch: got 13, expected 10
[2026-09-08 05:53:41.715] [warning] [gpu_pipeline_task.cpp:77] gpu_pipeline_task: operator 'PARTITION' (id=5) output batch 0 column count mismatch: got 13, expected 10
[2026-09-08 05:53:41.715] [warning] [gpu_pipeline_task.cpp:77] gpu_pipeline_task: operator 'PARTITION' (id=5) output batch 0 column count mismatch: got 13, expected 10
[2026-09-08 05:53:41.715] [warning] [gpu_pipeline_task.cpp:77] gpu_pipeline_task: operator 'PARTITION' (id=5) output batch 0 column count mismatch: got 13, expected 10
[2026-09-08 05:53:41.715] [warning] [gpu_pipeline_task.cpp:77] gpu_pipeline_task: operator 'PARTITION' (id=5) output batch 0 column count mismatch: got 13, expected 10
[2026-09-08 05:53:41.715] [warning] [gpu_pipeline_task.cpp:77] gpu_pipeline_task: operator 'PARTITION' (id=5) output batch 0 column count mismatch: got 13, expected 10
[2026-09-08 05:53:41.715] [warning] [gpu_pipeline_task.cpp:77] gpu_pipeline_task: operator 'PARTITION' (id=5) output batch 0 column count mismatch: got 13, expected 10
[2026-09-08 05:53:41.715] [warning] [gpu_pipeline_task.cpp:77] gpu_pipeline_task: operator 'PARTITION' (id=5) output batch 0 column count mismatch: got 13, expected 10
[2026-09-08 05:53:41.715] [warning] [gpu_pipeline_task.cpp:77] gpu_pipeline_task: operator 'PARTITION' (id=5) output batch 0 column count mismatch: got 13, expected 10
[2026-09-08 05:53:41.715] [warning] [gpu_pipeline_task.cpp:77] gpu_pipeline_task: operator 'PARTITION' (id=5) output batch 0 column count mismatch: got 13, expected 10
[2026-09-08 05:53:41.715] [warning] [gpu_pipeline_task.cpp:77] gpu_pipeline_task: operator 'PARTITION' (id=5) output batch 0 column count mismatch: got 13, expected 10
[2026-09-08 05:53:41.715] [warning] [gpu_pipeline_task.cpp:77] gpu_pipeline_task: operator 'PARTITION' (id=5) output batch 0 column count mismatch: got 13, expected 10
[2026-09-08 05:53:41.715] [warning] [gpu_pipeline_task.cpp:77] gpu_pipeline_task: operator 'PARTITION' (id=5) output batch 0 column count mismatch: got 13, expected 10
[2026-09-08 05:53:41.715] [warning] [gpu_pipeline_task.cpp:77] gpu_pipeline_task: operator 'PARTITION' (id=5) output batch 0 column count mismatch: got 13, expected 10
[2026-09-08 05:53:41.715] [warning] [gpu_pipeline_task.cpp:77] gpu_pipeline_task: operator 'PARTITION' (id=5) output batch 0 column count mismatch: got 13, expected 10
[2026-09-08 05:53:41.715] [warning] [gpu_pipeline_task.cpp:77] gpu_pipeline_task: operator 'PARTITION' (id=5) output batch 0 column count mismatch: got 13, expected 10
[2026-09-08 05:53:41.715] [warning] [gpu_pipeline_task.cpp:77] gpu_pipeline_task: operator 'PARTITION' (id=5) output batch 0 column count mismatch: got 13, expected 10
[2026-09-08 05:53:41.715] [warning] [gpu_pipeline_task.cpp:77] gpu_pipeline_task: operator 'PARTITION' (id=5) output batch 0 column count mismatch: got 13, expected 10
[2026-09-08 05:53:41.715] [warning] [gpu_pipeline_task.cpp:77] gpu_pipeline_task: operator 'PARTITION' (id=5) output batch 0 column count mismatch: got 13, expected 10
[2026-09-08 05:53:41.715] [warning] [gpu_pipeline_task.cpp:77] gpu_pipeline_task: operator 'PARTITION' (id=5) output batch 0 column count mismatch: got 13, expected 10
[2026-09-08 05:53:41.715] [warning] [gpu_pipeline_task.cpp:77] gpu_pipeline_task: operator 'PARTITION' (id=5) output batch 0 column count mismatch: got 13, expected 10
[2026-09-08 05:53:41.715] [warning] [gpu_pipeline_task.cpp:77] gpu_pipeline_task: operator 'PARTITION' (id=5) output batch 0 column count mismatch: got 13, expected 10
[2026-09-08 05:53:41.715] [warning] [gpu_pipeline_task.cpp:77] gpu_pipeline_task: operator 'PARTITION' (id=5) output batch 0 column count mismatch: got 13, expected 10
[2026-09-08 05:53:41.715] [warning] [gpu_pipeline_task.cpp:77] gpu_pipeline_task: operator 'PARTITION' (id=5) output batch 0 column count mismatch: got 13, expected 10
[2026-09-08 05:53:41.715] [warning] [gpu_pipeline_task.cpp:77] gpu_pipeline_task: operator 'PARTITION' (id=5) output batch 0 column count mismatch: got 13, expected 10
[2026-09-08 05:53:41.715] [warning] [gpu_pipeline_task.cpp:77] gpu_pipeline_task: operator 'PARTITION' (id=5) output batch 0 column count mismatch: got 13, expected 10
[2026-09-08 05:53:41.715] [warning] [gpu_pipeline_task.cpp:77] gpu_pipeline_task: operator 'PARTITION' (id=5) output batch 0 column count mismatch: got 13, expected 10
[2026-09-08 05:53:41.715] [warning] [gpu_pipeline_task.cpp:77] gpu_pipeline_task: operator 'PARTITION' (id=5) output batch 0 column count mismatch: got 13, expected 10
[2026-09-08 05:53:41.715] [warning] [gpu_pipeline_task.cpp:77] gpu_pipeline_task: operator 'PARTITION' (id=5) output batch 0 column count mismatch: got 13, expected 10
[2026-09-08 05:53:41.715] [warning] [gpu_pipeline_task.cpp:77] gpu_pipeline_task: operator 'PARTITION' (id=5) output batch 0 column count mismatch: got 13, expected 10
[2026-09-08 05:53:41.715] [warning] [gpu_pipeline_task.cpp:77] gpu_pipeline_task: operator 'PARTITION' (id=5) output batch 0 column count mismatch: got 13, expected 10
[2026-09-08 05:53:41.715] [warning] [gpu_pipeline_task.cpp:77] gpu_pipeline_task: operator 'PARTITION' (id=5) output batch 0 column count mismatch: got 13, expected 10
[2026-09-08 05:53:41.715] [warning] [gpu_pipeline_task.cpp:77] gpu_pipeline_task: operator 'PARTITION' (id=5) output batch 0 column count mismatch: got 13, expected 10
[2026-09-08 05:53:41.715] [warning] [gpu_pipeline_task.cpp:77] gpu_pipeline_task: operator 'PARTITION' (id=5) output batch 0 column count mismatch: got 13, expected 10
[2026-09-08 05:53:41.715] [warning] [gpu_pipeline_task.cpp:77] gpu_pipeline_task: operator 'PARTITION' (id=5) output batch 0 column count mismatch: got 13, expected 10
[2026-09-08 05:53:41.715] [warning] [gpu_pipeline_task.cpp:77] gpu_pipeline_task: operator 'PARTITION' (id=5) output batch 0 column count mismatch: got 13, expected 10
[2026-09-08 05:53:41.715] [warning] [gpu_pipeline_task.cpp:77] gpu_pipeline_task: operator 'PARTITION' (id=5) output batch 0 column count mismatch: got 13, expected 10
[2026-09-08 05:53:41.715] [warning] [gpu_pipeline_task.cpp:77] gpu_pipeline_task: operator 'PARTITION' (id=5) output batch 0 column count mismatch: got 13, expected 10
[2026-09-08 05:53:41.715] [warning] [gpu_pipeline_task.cpp:77] gpu_pipeline_task: operator 'PARTITION' (id=5) output batch 0 column count mismatch: got 13, expected 10
[2026-09-08 05:53:41.715] [warning] [gpu_pipeline_task.cpp:77] gpu_pipeline_task: operator 'PARTITION' (id=5) output batch 0 column count mismatch: got 13, expected 10
[2026-09-08 05:53:41.715] [warning] [gpu_pipeline_task.cpp:77] gpu_pipeline_task: operator 'PARTITION' (id=5) output batch 0 column count mismatch: got 13, expected 10
[2026-09-08 05:53:41.715] [warning] [gpu_pipeline_task.cpp:77] gpu_pipeline_task: operator 'PARTITION' (id=5) output batch 0 column count mismatch: got 13, expected 10
[2026-09-08 05:53:41.715] [warning] [gpu_pipeline_task.cpp:77] gpu_pipeline_task: operator 'PARTITION' (id=5) output batch 0 column count mismatch: got 13, expected 10
[2026-09-08 05:53:41.715] [warning] [gpu_pipeline_task.cpp:77] gpu_pipeline_task: operator 'PARTITION' (id=5) output batch 0 column count mismatch: got 13, expected 10
[2026-09-08 05:53:41.715] [warning] [gpu_pipeline_task.cpp:77] gpu_pipeline_task: operator 'PARTITION' (id=5) output batch 0 column count mismatch: got 13, expected 10
[2026-09-08 05:53:41.715] [warning] [gpu_pipeline_task.cpp:77] gpu_pipeline_task: operator 'PARTITION' (id=5) output batch 0 column count mismatch: got 13, expected 10
[2026-09-08 05:53:41.715] [warning] [gpu_pipeline_task.cpp:77] gpu_pipeline_task: operator 'PARTITION' (id=5) output batch 0 column count mismatch: got 13, expected 10
[2026-09-08 05:53:41.715] [warning] [gpu_pipeline_task.cpp:77] gpu_pipeline_task: operator 'PARTITION' (id=5) output batch 0 column count mismatch: got 13, expected 10
[2026-09-08 05:53:41.715] [warning] [gpu_pipeline_task.cpp:77] gpu_pipeline_task: operator 'PARTITION' (id=5) output batch 0 column count mismatch: got 13, expected 10
[2026-09-08 05:53:41.715] [warning] [gpu_pipeline_task.cpp:77] gpu_pipeline_task: operator 'PARTITION' (id=5) output batch 0 column count mismatch: got 13, expected 10
[2026-09-08 05:53:41.715] [warning] [gpu_pipeline_task.cpp:77] gpu_pipeline_task: operator 'PARTITION' (id=5) output batch 0 column count mismatch: got 13, expected 10
[2026-09-08 05:53:41.715] [warning] [gpu_pipeline_task.cpp:77] gpu_pipeline_task: operator 'PARTITION' (id=5) output batch 0 column count mismatch: got 13, expected 10
[2026-09-08 05:53:41.715] [warning] [gpu_pipeline_task.cpp:77] gpu_pipeline_task: operator 'PARTITION' (id=5) output batch 0 column count mismatch: got 13, expected 10
[2026-09-08 05:53:41.716] [warning] [gpu_pipeline_task.cpp:77] gpu_pipeline_task: operator 'PARTITION' (id=5) output batch 0 column count mismatch: got 13, expected 10
[2026-09-08 05:53:41.716] [warning] [gpu_pipeline_task.cpp:77] gpu_pipeline_task: operator 'PARTITION' (id=5) output batch 0 column count mismatch: got 13, expected 10
[2026-09-08 05:53:41.716] [warning] [gpu_pipeline_task.cpp:77] gpu_pipeline_task: operator 'PARTITION' (id=5) output batch 0 column count mismatch: got 13, expected 10
[2026-09-08 05:53:41.716] [warning] [gpu_pipeline_task.cpp:77] gpu_pipeline_task: operator 'PARTITION' (id=5) output batch 0 column count mismatch: got 13, expected 10
[2026-09-08 05:53:41.716] [warning] [gpu_pipeline_task.cpp:77] gpu_pipeline_task: operator 'PARTITION' (id=5) output batch 0 column count mismatch: got 13, expected 10
[2026-09-08 05:53:41.716] [warning] [gpu_pipeline_task.cpp:77] gpu_pipeline_task: operator 'PARTITION' (id=5) output batch 0 column count mismatch: got 13, expected 10
[2026-09-08 05:53:41.716] [warning] [gpu_pipeline_task.cpp:77] gpu_pipeline_task: operator 'PARTITION' (id=5) output batch 0 column count mismatch: got 13, expected 10
[2026-09-08 05:53:41.716] [warning] [gpu_pipeline_task.cpp:77] gpu_pipeline_task: operator 'PARTITION' (id=5) output batch 0 column count mismatch: got 13, expected 10
[2026-09-08 05:53:41.716] [warning] [gpu_pipeline_task.cpp:77] gpu_pipeline_task: operator 'PARTITION' (id=5) output batch 0 column count mismatch: got 13, expected 10
[2026-09-08 05:53:41.716] [warning] [gpu_pipeline_task.cpp:77] gpu_pipeline_task: operator 'PARTITION' (id=5) output batch 0 column count mismatch: got 13, expected 10
[2026-09-08 05:53:41.716] [warning] [gpu_pipeline_task.cpp:77] gpu_pipeline_task: operator 'PARTITION' (id=5) output batch 0 column count mismatch: got 13, expected 10
[2026-09-08 05:53:41.716] [warning] [gpu_pipeline_task.cpp:77] gpu_pipeline_task: operator 'PARTITION' (id=5) output batch 0 column count mismatch: got 13, expected 10
[2026-09-08 05:53:41.716] [warning] [gpu_pipeline_task.cpp:77] gpu_pipeline_task: operator 'PARTITION' (id=5) output batch 0 column count mismatch: got 13, expected 10
[2026-09-08 05:53:41.716] [warning] [gpu_pipeline_task.cpp:77] gpu_pipeline_task: operator 'PARTITION' (id=5) output batch 0 column count mismatch: got 13, expected 10
[2026-09-08 05:53:41.716] [warning] [gpu_pipeline_task.cpp:77] gpu_pipeline_task: operator 'PARTITION' (id=5) output batch 0 column count mismatch: got 13, expected 10
[2026-09-08 05:53:41.716] [warning] [gpu_pipeline_task.cpp:77] gpu_pipeline_task: operator 'PARTITION' (id=5) output batch 0 column count mismatch: got 13, expected 10
[2026-09-08 05:53:41.716] [warning] [gpu_pipeline_task.cpp:77] gpu_pipeline_task: operator 'PARTITION' (id=5) output batch 0 column count mismatch: got 13, expected 10
[2026-09-08 05:53:41.716] [warning] [gpu_pipeline_task.cpp:77] gpu_pipeline_task: operator 'PARTITION' (id=5) output batch 0 column count mismatch: got 13, expected 10
[2026-09-08 05:53:41.716] [warning] [gpu_pipeline_task.cpp:77] gpu_pipeline_task: operator 'PARTITION' (id=5) output batch 0 column count mismatch: got 13, expected 10
[2026-09-08 05:53:41.716] [warning] [gpu_pipeline_task.cpp:77] gpu_pipeline_task: operator 'PARTITION' (id=5) output batch 0 column count mismatch: got 13, expected 10
[2026-09-08 05:53:41.716] [warning] [gpu_pipeline_task.cpp:77] gpu_pipeline_task: operator 'PARTITION' (id=5) output batch 0 column count mismatch: got 13, expected 10
[2026-09-08 05:53:41.716] [warning] [gpu_pipeline_task.cpp:77] gpu_pipeline_task: operator 'PARTITION' (id=5) output batch 0 column count mismatch: got 13, expected 10
[2026-09-08 05:53:41.716] [warning] [gpu_pipeline_task.cpp:77] gpu_pipeline_task: operator 'PARTITION' (id=5) output batch 0 column count mismatch: got 13, expected 10
[2026-09-08 05:53:41.716] [warning] [gpu_pipeline_task.cpp:77] gpu_pipeline_task: operator 'PARTITION' (id=5) output batch 0 column count mismatch: got 13, expected 10
[2026-09-08 05:53:41.716] [warning] [gpu_pipeline_task.cpp:77] gpu_pipeline_task: operator 'PARTITION' (id=5) output batch 0 column count mismatch: got 13, expected 10
[2026-09-08 05:53:41.716] [warning] [gpu_pipeline_task.cpp:77] gpu_pipeline_task: operator 'PARTITION' (id=5) output batch 0 column count mismatch: got 13, expected 10
[2026-09-08 05:53:41.716] [warning] [gpu_pipeline_task.cpp:77] gpu_pipeline_task: operator 'PARTITION' (id=5) output batch 0 column count mismatch: got 13, expected 10
[2026-09-08 05:53:41.716] [warning] [gpu_pipeline_task.cpp:77] gpu_pipeline_task: operator 'PARTITION' (id=5) output batch 0 column count mismatch: got 13, expected 10
[2026-09-08 05:53:41.716] [warning] [gpu_pipeline_task.cpp:77] gpu_pipeline_task: operator 'PARTITION' (id=5) output batch 0 column count mismatch: got 13, expected 10
[2026-09-08 05:53:41.716] [warning] [gpu_pipeline_task.cpp:77] gpu_pipeline_task: operator 'PARTITION' (id=5) output batch 0 column count mismatch: got 13, expected 10
[2026-09-08 05:53:41.716] [warning] [gpu_pipeline_task.cpp:77] gpu_pipeline_task: operator 'PARTITION' (id=5) output batch 0 column count mismatch: got 13, expected 10
[2026-09-08 05:53:41.716] [warning] [gpu_pipeline_task.cpp:77] gpu_pipeline_task: operator 'PARTITION' (id=5) output batch 0 column count mismatch: got 13, expected 10
[2026-09-08 05:53:41.716] [warning] [gpu_pipeline_task.cpp:77] gpu_pipeline_task: operator 'PARTITION' (id=5) output batch 0 column count mismatch: got 13, expected 10
[2026-09-08 05:53:41.716] [warning] [gpu_pipeline_task.cpp:77] gpu_pipeline_task: operator 'PARTITION' (id=5) output batch 0 column count mismatch: got 13, expected 10
[2026-09-08 05:53:41.716] [warning] [gpu_pipeline_task.cpp:77] gpu_pipeline_task: operator 'PARTITION' (id=5) output batch 0 column count mismatch: got 13, expected 10
[2026-09-08 05:53:41.716] [warning] [gpu_pipeline_task.cpp:77] gpu_pipeline_task: operator 'PARTITION' (id=5) output batch 0 column count mismatch: got 13, expected 10
[2026-09-08 05:53:41.716] [warning] [gpu_pipeline_task.cpp:77] gpu_pipeline_task: operator 'PARTITION' (id=5) output batch 0 column count mismatch: got 13, expected 10
[2026-09-08 05:53:41.716] [warning] [gpu_pipeline_task.cpp:77] gpu_pipeline_task: operator 'PARTITION' (id=5) output batch 0 column count mismatch: got 13, expected 10
[2026-09-08 05:53:41.716] [warning] [gpu_pipeline_task.cpp:77] gpu_pipeline_task: operator 'PARTITION' (id=5) output batch 0 column count mismatch: got 13, expected 10
[2026-09-08 05:53:41.716] [warning] [gpu_pipeline_task.cpp:77] gpu_pipeline_task: operator 'PARTITION' (id=5) output batch 0 column count mismatch: got 13, expected 10
[2026-09-08 05:53:41.716] [warning] [gpu_pipeline_task.cpp:77] gpu_pipeline_task: operator 'PARTITION' (id=5) output batch 0 column count mismatch: got 13, expected 10
[2026-09-08 05:53:41.716] [warning] [gpu_pipeline_task.cpp:77] gpu_pipeline_task: operator 'PARTITION' (id=5) output batch 0 column count mismatch: got 13, expected 10
[2026-09-08 05:53:41.716] [warning] [gpu_pipeline_task.cpp:77] gpu_pipeline_task: operator 'PARTITION' (id=5) output batch 0 column count mismatch: got 13, expected 10
[2026-09-08 05:53:41.716] [warning] [gpu_pipeline_task.cpp:77] gpu_pipeline_task: operator 'PARTITION' (id=5) output batch 0 column count mismatch: got 13, expected 10
[2026-09-08 05:53:41.716] [warning] [gpu_pipeline_task.cpp:77] gpu_pipeline_task: operator 'PARTITION' (id=5) output batch 0 column count mismatch: got 13, expected 10
[2026-09-08 05:53:41.716] [warning] [gpu_pipeline_task.cpp:77] gpu_pipeline_task: operator 'PARTITION' (id=5) output batch 0 column count mismatch: got 13, expected 10
[2026-09-08 05:53:41.716] [warning] [gpu_pipeline_task.cpp:77] gpu_pipeline_task: operator 'PARTITION' (id=5) output batch 0 column count mismatch: got 13, expected 10
[2026-09-08 05:53:41.716] [warning] [gpu_pipeline_task.cpp:77] gpu_pipeline_task: operator 'PARTITION' (id=5) output batch 0 column count mismatch: got 13, expected 10
[2026-09-08 05:53:41.716] [warning] [gpu_pipeline_task.cpp:77] gpu_pipeline_task: operator 'PARTITION' (id=5) output batch 0 column count mismatch: got 13, expected 10
[2026-09-08 05:53:41.716] [warning] [gpu_pipeline_task.cpp:77] gpu_pipeline_task: operator 'PARTITION' (id=5) output batch 0 column count mismatch: got 13, expected 10
[2026-09-08 05:53:41.716] [warning] [gpu_pipeline_task.cpp:77] gpu_pipeline_task: operator 'PARTITION' (id=5) output batch 0 column count mismatch: got 13, expected 10
[2026-09-08 05:53:41.716] [warning] [gpu_pipeline_task.cpp:77] gpu_pipeline_task: operator 'PARTITION' (id=5) output batch 0 column count mismatch: got 13, expected 10
[2026-09-08 05:53:41.716] [warning] [gpu_pipeline_task.cpp:77] gpu_pipeline_task: operator 'PARTITION' (id=5) output batch 0 column count mismatch: got 13, expected 10
[2026-09-08 05:53:41.716] [warning] [gpu_pipeline_task.cpp:77] gpu_pipeline_task: operator 'PARTITION' (id=5) output batch 0 column count mismatch: got 13, expected 10
[2026-09-08 05:53:41.716] [warning] [gpu_pipeline_task.cpp:77] gpu_pipeline_task: operator 'PARTITION' (id=5) output batch 0 column count mismatch: got 13, expected 10
[2026-09-08 05:53:41.716] [warning] [gpu_pipeline_task.cpp:77] gpu_pipeline_task: operator 'PARTITION' (id=5) output batch 0 column count mismatch: got 13, expected 10
[2026-09-08 05:53:41.716] [warning] [gpu_pipeline_task.cpp:77] gpu_pipeline_task: operator 'PARTITION' (id=5) output batch 0 column count mismatch: got 13, expected 10
[2026-09-08 05:53:41.716] [warning] [gpu_pipeline_task.cpp:77] gpu_pipeline_task: operator 'PARTITION' (id=5) output batch 0 column count mismatch: got 13, expected 10
[2026-09-08 05:53:41.716] [warning] [gpu_pipeline_task.cpp:77] gpu_pipeline_task: operator 'PARTITION' (id=5) output batch 0 column count mismatch: got 13, expected 10
[2026-09-08 05:53:41.716] [warning] [gpu_pipeline_task.cpp:77] gpu_pipeline_task: operator 'PARTITION' (id=5) output batch 0 column count mismatch: got 13, expected 10
[2026-09-08 05:53:41.716] [warning] [gpu_pipeline_task.cpp:77] gpu_pipeline_task: operator 'PARTITION' (id=5) output batch 0 column count mismatch: got 13, expected 10
[2026-09-08 05:53:41.716] [warning] [gpu_pipeline_task.cpp:77] gpu_pipeline_task: operator 'PARTITION' (id=5) output batch 0 column count mismatch: got 13, expected 10
[2026-09-08 05:53:41.730] [info] [gpu_pipeline_executor.cpp:129] GPU Pipeline Executor: task queue interrupted, stopping manager loop
[2026-09-08 05:53:41.730] [info] [sirius_context.cpp:405] QueryEnd
[2026-09-08 05:53:41.730] [info] [memory_prefetcher.cpp:72] [memory_prefetcher] stopping: prefetched 25 batches / 1496221081 bytes (stops: headroom=0 reservation=0, skips: lock=0 draining=10, errors=0)
[2026-09-08 05:53:41.730] [info] [sirius_context.cpp:256] [host_pool] HOST:0 QueryEnd instance=0xbbc78d5621e0 connection=1 window=3 query=10 allocated=55901683712 bytes peak=55968792576 bytes free_blocks=2303
[2026-09-08 05:53:41.730] [info] [sirius_context.cpp:271] [gpu_pool] GPU:0 QueryEnd instance=0xbbc78d5621e0 connection=1 window=3 query=10 allocated=0 bytes peak=152973650880 bytes reserved=0 bytes
[2026-09-08 05:53:41.730] [info] [sirius_context.cpp:521] [window] end instance=0xbbc78d5621e0 connection=1 window=3 query=10 outcome=ok
[2026-09-08 05:53:41.730] [info] [physical_sirius_execution.cpp:327] Transparent GPU execution: query completed
[2026-09-08 05:53:41.747] [info] [sirius_context.cpp:329] QueryBegin: instance=0xbbc78d5621e0 connection=1 query=11 SQL: CALL sirius_set_query_label('q1_iter2')
[2026-09-08 05:53:41.748] [info] [sirius_context.cpp:329] QueryBegin: instance=0xbbc78d5621e0 connection=1 query=12 SQL: SET gpu_execution = true;
[2026-09-08 05:53:41.748] [info] [sirius_context.cpp:329] QueryBegin: instance=0xbbc78d5621e0 connection=1 query=13 SQL: select l_returnflag, l_linestatus, sum(l_quantity) as sum_qty, sum(l_extendedprice) as sum_base_price, sum(l_extendedprice * (1 - l_discount)) as sum_disc_price, sum(l_extendedprice * (1 - l_discount) * (1 + l_tax)) as sum_charge, avg(l_quantity) as avg_qty, avg(l_extendedprice) as avg_price, avg(l_discount) as avg_disc, count(*) as count_order from lineitem where l_shipdate <= date '1995-08-19' group by l_returnflag, l_linestatus order by l_returnflag, l_linestatus
[2026-09-08 05:53:41.756] [info] [sirius_context.cpp:1467] Transparent execution: Sirius physical plan generated successfully
[2026-09-08 05:53:41.756] [info] [sirius_context.cpp:1495] Transparent execution: physical plan replaced with GPU operator
[2026-09-08 05:53:41.756] [info] [physical_sirius_execution.cpp:157] Transparent GPU execution: executing query
[2026-09-08 05:53:41.756] [info] [sirius_context.cpp:521] [window] begin instance=0xbbc78d5621e0 connection=1 window=4 query=13 outcome=-
[2026-09-08 05:53:41.756] [info] [sirius_context.cpp:256] [host_pool] HOST:0 QueryBegin instance=0xbbc78d5621e0 connection=1 window=4 query=13 allocated=55901683712 bytes peak=55968792576 bytes free_blocks=2303
[2026-09-08 05:53:41.756] [info] [sirius_context.cpp:271] [gpu_pool] GPU:0 QueryBegin instance=0xbbc78d5621e0 connection=1 window=4 query=13 allocated=0 bytes peak=152973650880 bytes reserved=0 bytes
[2026-09-08 05:53:41.756] [info] [sirius_context.cpp:389] QueryBegin: transparent_execution
[2026-09-08 05:53:41.759] [info] [sirius_engine.cpp:265] [gpu_alloc] query allocated 1 GPU(s): [0]
[2026-09-08 05:53:41.759] [info] [sirius_engine.cpp:318] Query Plan:
=== Pipeline Overview ===
Pipeline #0: GPU_SCAN (id=0) -> PROJECTION (id=1) -> PROJECTION (id=2) -> PROJECTION (id=3) -> HASH_GROUP_BY (id=4)
  Output: -> PARTITION [port: default, barrier: FULL]
Pipeline #1: PARTITION (id=5)
  Input: <- Pipeline #0 [on: PARTITION (id=5), port: default, barrier: FULL]
  Dependencies: Pipeline #0
  Output: -> MERGE_GROUP_BY [port: default, barrier: FULL]
Pipeline #2: MERGE_GROUP_BY (id=6) -> ORDER_BY (id=7)
  Input: <- Pipeline #1 [on: MERGE_GROUP_BY (id=6), port: default, barrier: FULL]
  Dependencies: Pipeline #1
  Output: -> SORT_SAMPLE [port: default, barrier: PIPELINE]
Pipeline #3: SORT_SAMPLE (id=8) -> SORT_PARTITION (id=9)
  Input: <- Pipeline #2 [on: SORT_SAMPLE (id=8), port: default, barrier: PIPELINE]
  Dependencies: Pipeline #2
  Output: -> MERGE_SORT [port: default, barrier: FULL]
Pipeline #4: MERGE_SORT (id=10)
  Input: <- Pipeline #3 [on: MERGE_SORT (id=10), port: default, barrier: FULL]
  Dependencies: Pipeline #3
  Output: -> RESULT_COLLECTOR [port: default, barrier: FULL]
Pipeline #5: RESULT_COLLECTOR (id=11)
  Input: <- Pipeline #4 [on: RESULT_COLLECTOR (id=11), port: default, barrier: FULL]
  Dependencies: Pipeline #4

=== Query Plan DAG ===
┌──────────────────────────┐
│ Pipeline #5              │
│ RESULT_COLLECTOR (id=11) │
│ Input(#4): FULL          │
└────────────┬─────────────┘
             │              
┌──────────────────────────┐
│ Pipeline #4              │
│ MERGE_SORT (id=10)       │
│ Input(#3): FULL          │
└────────────┬─────────────┘
             │              
┌──────────────────────────┐
│ Pipeline #3              │
│ SORT_PARTITION (id=9)    │
│ SORT_SAMPLE (id=8)       │
│ Input(#2): PIPELINE      │
└────────────┬─────────────┘
             │              
┌──────────────────────────┐
│ Pipeline #2              │
│ ORDER_BY (id=7)          │
│ MERGE_GROUP_BY (id=6)    │
│ Input(#1): FULL          │
└────────────┬─────────────┘
             │              
┌──────────────────────────┐
│ Pipeline #1              │
│ PARTITION (id=5)         │
│ Input(#0): FULL          │
└────────────┬─────────────┘
             │              
┌──────────────────────────┐
│ Pipeline #0              │
│ HASH_GROUP_BY (id=4)     │
│ PROJECTION (id=3)        │
│ PROJECTION (id=2)        │
│ PROJECTION (id=1)        │
│ GPU_SCAN (id=0)          │
└──────────────────────────┘

[2026-09-08 05:53:41.759] [info] [sirius_engine.cpp:186] query 4 telemetry_query=01a08114d6ff7f729aa10d2299a1f5c6
[2026-09-08 05:53:41.759] [info] [sirius_scan_manager.cpp:2999] [sirius_scan_manager] assigned pinned entry 'lineitem' to operator '0'
[2026-09-08 05:53:41.759] [info] [sirius_scan_manager.cpp:823] [late-mat] operator 0: not deferring — the pinned entry is not device-resident
[2026-09-08 05:53:41.759] [info] [memory_prefetcher.cpp:59] [memory_prefetcher] started: 3 threads, 1 connectors, min_free_fraction=0.40
[2026-09-08 05:53:41.776] [warning] [gpu_pipeline_task.cpp:77] gpu_pipeline_task: operator 'HASH_GROUP_BY' (id=4) output batch 0 column count mismatch: got 13, expected 10
[2026-09-08 05:53:41.777] [warning] [gpu_pipeline_task.cpp:77] gpu_pipeline_task: operator 'HASH_GROUP_BY' (id=4) output batch 0 column count mismatch: got 13, expected 10
[2026-09-08 05:53:41.777] [warning] [gpu_pipeline_task.cpp:77] gpu_pipeline_task: operator 'HASH_GROUP_BY' (id=4) output batch 0 column count mismatch: got 13, expected 10
[2026-09-08 05:53:41.781] [warning] [gpu_pipeline_task.cpp:77] gpu_pipeline_task: operator 'HASH_GROUP_BY' (id=4) output batch 0 column count mismatch: got 13, expected 10
[2026-09-08 05:53:41.783] [warning] [gpu_pipeline_task.cpp:77] gpu_pipeline_task: operator 'HASH_GROUP_BY' (id=4) output batch 0 column count mismatch: got 13, expected 10
[2026-09-08 05:53:41.783] [warning] [gpu_pipeline_task.cpp:77] gpu_pipeline_task: operator 'HASH_GROUP_BY' (id=4) output batch 0 column count mismatch: got 13, expected 10
[2026-09-08 05:53:41.784] [warning] [gpu_pipeline_task.cpp:77] gpu_pipeline_task: operator 'HASH_GROUP_BY' (id=4) output batch 0 column count mismatch: got 13, expected 10
[2026-09-08 05:53:41.791] [warning] [gpu_pipeline_task.cpp:77] gpu_pipeline_task: operator 'HASH_GROUP_BY' (id=4) output batch 0 column count mismatch: got 13, expected 10
[2026-09-08 05:53:41.791] [warning] [gpu_pipeline_task.cpp:77] gpu_pipeline_task: operator 'HASH_GROUP_BY' (id=4) output batch 0 column count mismatch: got 13, expected 10
[2026-09-08 05:53:41.791] [warning] [gpu_pipeline_task.cpp:77] gpu_pipeline_task: operator 'HASH_GROUP_BY' (id=4) output batch 0 column count mismatch: got 13, expected 10
[2026-09-08 05:53:41.792] [warning] [gpu_pipeline_task.cpp:77] gpu_pipeline_task: operator 'HASH_GROUP_BY' (id=4) output batch 0 column count mismatch: got 13, expected 10
[2026-09-08 05:53:41.796] [warning] [gpu_pipeline_task.cpp:77] gpu_pipeline_task: operator 'HASH_GROUP_BY' (id=4) output batch 0 column count mismatch: got 13, expected 10
[2026-09-08 05:53:41.801] [warning] [gpu_pipeline_task.cpp:77] gpu_pipeline_task: operator 'HASH_GROUP_BY' (id=4) output batch 0 column count mismatch: got 13, expected 10
[2026-09-08 05:53:41.801] [warning] [gpu_pipeline_task.cpp:77] gpu_pipeline_task: operator 'HASH_GROUP_BY' (id=4) output batch 0 column count mismatch: got 13, expected 10
[2026-09-08 05:53:41.804] [warning] [gpu_pipeline_task.cpp:77] gpu_pipeline_task: operator 'HASH_GROUP_BY' (id=4) output batch 0 column count mismatch: got 13, expected 10
[2026-09-08 05:53:41.805] [warning] [gpu_pipeline_task.cpp:77] gpu_pipeline_task: operator 'HASH_GROUP_BY' (id=4) output batch 0 column count mismatch: got 13, expected 10
[2026-09-08 05:53:41.805] [warning] [gpu_pipeline_task.cpp:77] gpu_pipeline_task: operator 'HASH_GROUP_BY' (id=4) output batch 0 column count mismatch: got 13, expected 10
[2026-09-08 05:53:41.806] [warning] [gpu_pipeline_task.cpp:77] gpu_pipeline_task: operator 'HASH_GROUP_BY' (id=4) output batch 0 column count mismatch: got 13, expected 10
[2026-09-08 05:53:41.808] [warning] [gpu_pipeline_task.cpp:77] gpu_pipeline_task: operator 'HASH_GROUP_BY' (id=4) output batch 0 column count mismatch: got 13, expected 10
[2026-09-08 05:53:41.808] [warning] [gpu_pipeline_task.cpp:77] gpu_pipeline_task: operator 'HASH_GROUP_BY' (id=4) output batch 0 column count mismatch: got 13, expected 10
[2026-09-08 05:53:41.808] [warning] [gpu_pipeline_task.cpp:77] gpu_pipeline_task: operator 'HASH_GROUP_BY' (id=4) output batch 0 column count mismatch: got 13, expected 10
[2026-09-08 05:53:41.808] [warning] [gpu_pipeline_task.cpp:77] gpu_pipeline_task: operator 'HASH_GROUP_BY' (id=4) output batch 0 column count mismatch: got 13, expected 10
[2026-09-08 05:53:41.810] [warning] [gpu_pipeline_task.cpp:77] gpu_pipeline_task: operator 'HASH_GROUP_BY' (id=4) output batch 0 column count mismatch: got 13, expected 10
[2026-09-08 05:53:41.810] [warning] [gpu_pipeline_task.cpp:77] gpu_pipeline_task: operator 'HASH_GROUP_BY' (id=4) output batch 0 column count mismatch: got 13, expected 10
[2026-09-08 05:53:41.810] [warning] [gpu_pipeline_task.cpp:77] gpu_pipeline_task: operator 'HASH_GROUP_BY' (id=4) output batch 0 column count mismatch: got 13, expected 10
[2026-09-08 05:53:41.810] [warning] [gpu_pipeline_task.cpp:77] gpu_pipeline_task: operator 'HASH_GROUP_BY' (id=4) output batch 0 column count mismatch: got 13, expected 10
[2026-09-08 05:53:41.812] [warning] [gpu_pipeline_task.cpp:77] gpu_pipeline_task: operator 'HASH_GROUP_BY' (id=4) output batch 0 column count mismatch: got 13, expected 10
[2026-09-08 05:53:41.813] [warning] [gpu_pipeline_task.cpp:77] gpu_pipeline_task: operator 'HASH_GROUP_BY' (id=4) output batch 0 column count mismatch: got 13, expected 10
[2026-09-08 05:53:41.821] [warning] [gpu_pipeline_task.cpp:77] gpu_pipeline_task: operator 'HASH_GROUP_BY' (id=4) output batch 0 column count mismatch: got 13, expected 10
[2026-09-08 05:53:41.824] [warning] [gpu_pipeline_task.cpp:77] gpu_pipeline_task: operator 'HASH_GROUP_BY' (id=4) output batch 0 column count mismatch: got 13, expected 10
[2026-09-08 05:53:41.828] [warning] [gpu_pipeline_task.cpp:77] gpu_pipeline_task: operator 'HASH_GROUP_BY' (id=4) output batch 0 column count mismatch: got 13, expected 10
[2026-09-08 05:53:41.828] [warning] [gpu_pipeline_task.cpp:77] gpu_pipeline_task: operator 'HASH_GROUP_BY' (id=4) output batch 0 column count mismatch: got 13, expected 10
[2026-09-08 05:53:41.830] [warning] [gpu_pipeline_task.cpp:77] gpu_pipeline_task: operator 'HASH_GROUP_BY' (id=4) output batch 0 column count mismatch: got 13, expected 10
[2026-09-08 05:53:41.832] [warning] [gpu_pipeline_task.cpp:77] gpu_pipeline_task: operator 'HASH_GROUP_BY' (id=4) output batch 0 column count mismatch: got 13, expected 10
[2026-09-08 05:53:41.832] [warning] [gpu_pipeline_task.cpp:77] gpu_pipeline_task: operator 'HASH_GROUP_BY' (id=4) output batch 0 column count mismatch: got 13, expected 10
[2026-09-08 05:53:41.833] [warning] [gpu_pipeline_task.cpp:77] gpu_pipeline_task: operator 'HASH_GROUP_BY' (id=4) output batch 0 column count mismatch: got 13, expected 10
[2026-09-08 05:53:41.834] [warning] [gpu_pipeline_task.cpp:77] gpu_pipeline_task: operator 'HASH_GROUP_BY' (id=4) output batch 0 column count mismatch: got 13, expected 10
[2026-09-08 05:53:41.835] [warning] [gpu_pipeline_task.cpp:77] gpu_pipeline_task: operator 'HASH_GROUP_BY' (id=4) output batch 0 column count mismatch: got 13, expected 10
[2026-09-08 05:53:41.836] [warning] [gpu_pipeline_task.cpp:77] gpu_pipeline_task: operator 'HASH_GROUP_BY' (id=4) output batch 0 column count mismatch: got 13, expected 10
[2026-09-08 05:53:41.837] [warning] [gpu_pipeline_task.cpp:77] gpu_pipeline_task: operator 'HASH_GROUP_BY' (id=4) output batch 0 column count mismatch: got 13, expected 10
[2026-09-08 05:53:41.837] [warning] [gpu_pipeline_task.cpp:77] gpu_pipeline_task: operator 'HASH_GROUP_BY' (id=4) output batch 0 column count mismatch: got 13, expected 10
[2026-09-08 05:53:41.837] [warning] [gpu_pipeline_task.cpp:77] gpu_pipeline_task: operator 'HASH_GROUP_BY' (id=4) output batch 0 column count mismatch: got 13, expected 10
[2026-09-08 05:53:41.839] [warning] [gpu_pipeline_task.cpp:77] gpu_pipeline_task: operator 'HASH_GROUP_BY' (id=4) output batch 0 column count mismatch: got 13, expected 10
[2026-09-08 05:53:41.839] [warning] [gpu_pipeline_task.cpp:77] gpu_pipeline_task: operator 'HASH_GROUP_BY' (id=4) output batch 0 column count mismatch: got 13, expected 10
[2026-09-08 05:53:41.839] [warning] [gpu_pipeline_task.cpp:77] gpu_pipeline_task: operator 'HASH_GROUP_BY' (id=4) output batch 0 column count mismatch: got 13, expected 10
[2026-09-08 05:53:41.840] [warning] [gpu_pipeline_task.cpp:77] gpu_pipeline_task: operator 'HASH_GROUP_BY' (id=4) output batch 0 column count mismatch: got 13, expected 10
[2026-09-08 05:53:41.841] [warning] [gpu_pipeline_task.cpp:77] gpu_pipeline_task: operator 'HASH_GROUP_BY' (id=4) output batch 0 column count mismatch: got 13, expected 10
[2026-09-08 05:53:41.842] [warning] [gpu_pipeline_task.cpp:77] gpu_pipeline_task: operator 'HASH_GROUP_BY' (id=4) output batch 0 column count mismatch: got 13, expected 10
[2026-09-08 05:53:41.842] [warning] [gpu_pipeline_task.cpp:77] gpu_pipeline_task: operator 'HASH_GROUP_BY' (id=4) output batch 0 column count mismatch: got 13, expected 10
[2026-09-08 05:53:41.842] [warning] [gpu_pipeline_task.cpp:77] gpu_pipeline_task: operator 'HASH_GROUP_BY' (id=4) output batch 0 column count mismatch: got 13, expected 10
[2026-09-08 05:53:41.843] [warning] [gpu_pipeline_task.cpp:77] gpu_pipeline_task: operator 'HASH_GROUP_BY' (id=4) output batch 0 column count mismatch: got 13, expected 10
[2026-09-08 05:53:41.844] [warning] [gpu_pipeline_task.cpp:77] gpu_pipeline_task: operator 'HASH_GROUP_BY' (id=4) output batch 0 column count mismatch: got 13, expected 10
[2026-09-08 05:53:41.844] [warning] [gpu_pipeline_task.cpp:77] gpu_pipeline_task: operator 'HASH_GROUP_BY' (id=4) output batch 0 column count mismatch: got 13, expected 10
[2026-09-08 05:53:41.845] [warning] [gpu_pipeline_task.cpp:77] gpu_pipeline_task: operator 'HASH_GROUP_BY' (id=4) output batch 0 column count mismatch: got 13, expected 10
[2026-09-08 05:53:41.847] [warning] [gpu_pipeline_task.cpp:77] gpu_pipeline_task: operator 'HASH_GROUP_BY' (id=4) output batch 0 column count mismatch: got 13, expected 10
[2026-09-08 05:53:41.848] [warning] [gpu_pipeline_task.cpp:77] gpu_pipeline_task: operator 'HASH_GROUP_BY' (id=4) output batch 0 column count mismatch: got 13, expected 10
[2026-09-08 05:53:41.848] [warning] [gpu_pipeline_task.cpp:77] gpu_pipeline_task: operator 'HASH_GROUP_BY' (id=4) output batch 0 column count mismatch: got 13, expected 10
[2026-09-08 05:53:41.848] [warning] [gpu_pipeline_task.cpp:77] gpu_pipeline_task: operator 'HASH_GROUP_BY' (id=4) output batch 0 column count mismatch: got 13, expected 10
[2026-09-08 05:53:41.848] [warning] [gpu_pipeline_task.cpp:77] gpu_pipeline_task: operator 'HASH_GROUP_BY' (id=4) output batch 0 column count mismatch: got 13, expected 10
[2026-09-08 05:53:41.849] [warning] [gpu_pipeline_task.cpp:77] gpu_pipeline_task: operator 'HASH_GROUP_BY' (id=4) output batch 0 column count mismatch: got 13, expected 10
[2026-09-08 05:53:41.849] [warning] [gpu_pipeline_task.cpp:77] gpu_pipeline_task: operator 'HASH_GROUP_BY' (id=4) output batch 0 column count mismatch: got 13, expected 10
[2026-09-08 05:53:41.850] [warning] [gpu_pipeline_task.cpp:77] gpu_pipeline_task: operator 'HASH_GROUP_BY' (id=4) output batch 0 column count mismatch: got 13, expected 10
[2026-09-08 05:53:41.852] [warning] [gpu_pipeline_task.cpp:77] gpu_pipeline_task: operator 'HASH_GROUP_BY' (id=4) output batch 0 column count mismatch: got 13, expected 10
[2026-09-08 05:53:41.853] [warning] [gpu_pipeline_task.cpp:77] gpu_pipeline_task: operator 'HASH_GROUP_BY' (id=4) output batch 0 column count mismatch: got 13, expected 10
[2026-09-08 05:53:41.853] [warning] [gpu_pipeline_task.cpp:77] gpu_pipeline_task: operator 'HASH_GROUP_BY' (id=4) output batch 0 column count mismatch: got 13, expected 10
[2026-09-08 05:53:41.853] [warning] [gpu_pipeline_task.cpp:77] gpu_pipeline_task: operator 'HASH_GROUP_BY' (id=4) output batch 0 column count mismatch: got 13, expected 10
[2026-09-08 05:53:41.853] [warning] [gpu_pipeline_task.cpp:77] gpu_pipeline_task: operator 'HASH_GROUP_BY' (id=4) output batch 0 column count mismatch: got 13, expected 10
[2026-09-08 05:53:41.854] [warning] [gpu_pipeline_task.cpp:77] gpu_pipeline_task: operator 'HASH_GROUP_BY' (id=4) output batch 0 column count mismatch: got 13, expected 10
[2026-09-08 05:53:41.855] [warning] [gpu_pipeline_task.cpp:77] gpu_pipeline_task: operator 'HASH_GROUP_BY' (id=4) output batch 0 column count mismatch: got 13, expected 10
[2026-09-08 05:53:41.855] [warning] [gpu_pipeline_task.cpp:77] gpu_pipeline_task: operator 'HASH_GROUP_BY' (id=4) output batch 0 column count mismatch: got 13, expected 10
[2026-09-08 05:53:41.857] [warning] [gpu_pipeline_task.cpp:77] gpu_pipeline_task: operator 'HASH_GROUP_BY' (id=4) output batch 0 column count mismatch: got 13, expected 10
[2026-09-08 05:53:41.857] [warning] [gpu_pipeline_task.cpp:77] gpu_pipeline_task: operator 'HASH_GROUP_BY' (id=4) output batch 0 column count mismatch: got 13, expected 10
[2026-09-08 05:53:41.858] [warning] [gpu_pipeline_task.cpp:77] gpu_pipeline_task: operator 'HASH_GROUP_BY' (id=4) output batch 0 column count mismatch: got 13, expected 10
[2026-09-08 05:53:41.858] [warning] [gpu_pipeline_task.cpp:77] gpu_pipeline_task: operator 'HASH_GROUP_BY' (id=4) output batch 0 column count mismatch: got 13, expected 10
[2026-09-08 05:53:41.858] [warning] [gpu_pipeline_task.cpp:77] gpu_pipeline_task: operator 'HASH_GROUP_BY' (id=4) output batch 0 column count mismatch: got 13, expected 10
[2026-09-08 05:53:41.859] [warning] [gpu_pipeline_task.cpp:77] gpu_pipeline_task: operator 'HASH_GROUP_BY' (id=4) output batch 0 column count mismatch: got 13, expected 10
[2026-09-08 05:53:41.860] [warning] [gpu_pipeline_task.cpp:77] gpu_pipeline_task: operator 'HASH_GROUP_BY' (id=4) output batch 0 column count mismatch: got 13, expected 10
[2026-09-08 05:53:41.860] [warning] [gpu_pipeline_task.cpp:77] gpu_pipeline_task: operator 'HASH_GROUP_BY' (id=4) output batch 0 column count mismatch: got 13, expected 10
[2026-09-08 05:53:41.862] [warning] [gpu_pipeline_task.cpp:77] gpu_pipeline_task: operator 'HASH_GROUP_BY' (id=4) output batch 0 column count mismatch: got 13, expected 10
[2026-09-08 05:53:41.862] [warning] [gpu_pipeline_task.cpp:77] gpu_pipeline_task: operator 'HASH_GROUP_BY' (id=4) output batch 0 column count mismatch: got 13, expected 10
[2026-09-08 05:53:41.863] [warning] [gpu_pipeline_task.cpp:77] gpu_pipeline_task: operator 'HASH_GROUP_BY' (id=4) output batch 0 column count mismatch: got 13, expected 10
[2026-09-08 05:53:41.863] [warning] [gpu_pipeline_task.cpp:77] gpu_pipeline_task: operator 'HASH_GROUP_BY' (id=4) output batch 0 column count mismatch: got 13, expected 10
[2026-09-08 05:53:41.863] [warning] [gpu_pipeline_task.cpp:77] gpu_pipeline_task: operator 'HASH_GROUP_BY' (id=4) output batch 0 column count mismatch: got 13, expected 10
[2026-09-08 05:53:41.864] [warning] [gpu_pipeline_task.cpp:77] gpu_pipeline_task: operator 'HASH_GROUP_BY' (id=4) output batch 0 column count mismatch: got 13, expected 10
[2026-09-08 05:53:41.864] [warning] [gpu_pipeline_task.cpp:77] gpu_pipeline_task: operator 'HASH_GROUP_BY' (id=4) output batch 0 column count mismatch: got 13, expected 10
[2026-09-08 05:53:41.865] [warning] [gpu_pipeline_task.cpp:77] gpu_pipeline_task: operator 'HASH_GROUP_BY' (id=4) output batch 0 column count mismatch: got 13, expected 10
[2026-09-08 05:53:41.878] [warning] [gpu_pipeline_task.cpp:77] gpu_pipeline_task: operator 'HASH_GROUP_BY' (id=4) output batch 0 column count mismatch: got 13, expected 10
[2026-09-08 05:53:41.879] [warning] [gpu_pipeline_task.cpp:77] gpu_pipeline_task: operator 'HASH_GROUP_BY' (id=4) output batch 0 column count mismatch: got 13, expected 10
[2026-09-08 05:53:41.881] [warning] [gpu_pipeline_task.cpp:77] gpu_pipeline_task: operator 'HASH_GROUP_BY' (id=4) output batch 0 column count mismatch: got 13, expected 10
[2026-09-08 05:53:41.881] [warning] [gpu_pipeline_task.cpp:77] gpu_pipeline_task: operator 'HASH_GROUP_BY' (id=4) output batch 0 column count mismatch: got 13, expected 10
[2026-09-08 05:53:41.883] [warning] [gpu_pipeline_task.cpp:77] gpu_pipeline_task: operator 'HASH_GROUP_BY' (id=4) output batch 0 column count mismatch: got 13, expected 10
[2026-09-08 05:53:41.885] [warning] [gpu_pipeline_task.cpp:77] gpu_pipeline_task: operator 'HASH_GROUP_BY' (id=4) output batch 0 column count mismatch: got 13, expected 10
[2026-09-08 05:53:41.887] [warning] [gpu_pipeline_task.cpp:77] gpu_pipeline_task: operator 'HASH_GROUP_BY' (id=4) output batch 0 column count mismatch: got 13, expected 10
[2026-09-08 05:53:41.889] [warning] [gpu_pipeline_task.cpp:77] gpu_pipeline_task: operator 'HASH_GROUP_BY' (id=4) output batch 0 column count mismatch: got 13, expected 10
[2026-09-08 05:53:41.894] [warning] [gpu_pipeline_task.cpp:77] gpu_pipeline_task: operator 'HASH_GROUP_BY' (id=4) output batch 0 column count mismatch: got 13, expected 10
[2026-09-08 05:53:41.896] [warning] [gpu_pipeline_task.cpp:77] gpu_pipeline_task: operator 'HASH_GROUP_BY' (id=4) output batch 0 column count mismatch: got 13, expected 10
[2026-09-08 05:53:41.897] [warning] [gpu_pipeline_task.cpp:77] gpu_pipeline_task: operator 'HASH_GROUP_BY' (id=4) output batch 0 column count mismatch: got 13, expected 10
[2026-09-08 05:53:41.898] [warning] [gpu_pipeline_task.cpp:77] gpu_pipeline_task: operator 'HASH_GROUP_BY' (id=4) output batch 0 column count mismatch: got 13, expected 10
[2026-09-08 05:53:41.900] [warning] [gpu_pipeline_task.cpp:77] gpu_pipeline_task: operator 'HASH_GROUP_BY' (id=4) output batch 0 column count mismatch: got 13, expected 10
[2026-09-08 05:53:41.904] [warning] [gpu_pipeline_task.cpp:77] gpu_pipeline_task: operator 'HASH_GROUP_BY' (id=4) output batch 0 column count mismatch: got 13, expected 10
[2026-09-08 05:53:41.906] [warning] [gpu_pipeline_task.cpp:77] gpu_pipeline_task: operator 'HASH_GROUP_BY' (id=4) output batch 0 column count mismatch: got 13, expected 10
[2026-09-08 05:53:41.908] [warning] [gpu_pipeline_task.cpp:77] gpu_pipeline_task: operator 'HASH_GROUP_BY' (id=4) output batch 0 column count mismatch: got 13, expected 10
[2026-09-08 05:53:41.910] [warning] [gpu_pipeline_task.cpp:77] gpu_pipeline_task: operator 'HASH_GROUP_BY' (id=4) output batch 0 column count mismatch: got 13, expected 10
[2026-09-08 05:53:41.912] [warning] [gpu_pipeline_task.cpp:77] gpu_pipeline_task: operator 'HASH_GROUP_BY' (id=4) output batch 0 column count mismatch: got 13, expected 10
[2026-09-08 05:53:41.913] [warning] [gpu_pipeline_task.cpp:77] gpu_pipeline_task: operator 'HASH_GROUP_BY' (id=4) output batch 0 column count mismatch: got 13, expected 10
[2026-09-08 05:53:41.915] [warning] [gpu_pipeline_task.cpp:77] gpu_pipeline_task: operator 'HASH_GROUP_BY' (id=4) output batch 0 column count mismatch: got 13, expected 10
[2026-09-08 05:53:41.917] [warning] [gpu_pipeline_task.cpp:77] gpu_pipeline_task: operator 'HASH_GROUP_BY' (id=4) output batch 0 column count mismatch: got 13, expected 10
[2026-09-08 05:53:41.922] [warning] [gpu_pipeline_task.cpp:77] gpu_pipeline_task: operator 'HASH_GROUP_BY' (id=4) output batch 0 column count mismatch: got 13, expected 10
[2026-09-08 05:53:41.925] [warning] [gpu_pipeline_task.cpp:77] gpu_pipeline_task: operator 'HASH_GROUP_BY' (id=4) output batch 0 column count mismatch: got 13, expected 10
[2026-09-08 05:53:41.925] [warning] [gpu_pipeline_task.cpp:77] gpu_pipeline_task: operator 'HASH_GROUP_BY' (id=4) output batch 0 column count mismatch: got 13, expected 10
[2026-09-08 05:53:41.929] [warning] [gpu_pipeline_task.cpp:77] gpu_pipeline_task: operator 'HASH_GROUP_BY' (id=4) output batch 0 column count mismatch: got 13, expected 10
[2026-09-08 05:53:41.929] [warning] [gpu_pipeline_task.cpp:77] gpu_pipeline_task: operator 'HASH_GROUP_BY' (id=4) output batch 0 column count mismatch: got 13, expected 10
[2026-09-08 05:53:41.930] [warning] [gpu_pipeline_task.cpp:77] gpu_pipeline_task: operator 'HASH_GROUP_BY' (id=4) output batch 0 column count mismatch: got 13, expected 10
[2026-09-08 05:53:41.930] [warning] [gpu_pipeline_task.cpp:77] gpu_pipeline_task: operator 'HASH_GROUP_BY' (id=4) output batch 0 column count mismatch: got 13, expected 10
[2026-09-08 05:53:41.932] [warning] [gpu_pipeline_task.cpp:77] gpu_pipeline_task: operator 'HASH_GROUP_BY' (id=4) output batch 0 column count mismatch: got 13, expected 10
[2026-09-08 05:53:41.932] [warning] [gpu_pipeline_task.cpp:77] gpu_pipeline_task: operator 'HASH_GROUP_BY' (id=4) output batch 0 column count mismatch: got 13, expected 10
[2026-09-08 05:53:41.933] [warning] [gpu_pipeline_task.cpp:77] gpu_pipeline_task: operator 'HASH_GROUP_BY' (id=4) output batch 0 column count mismatch: got 13, expected 10
[2026-09-08 05:53:41.934] [warning] [gpu_pipeline_task.cpp:77] gpu_pipeline_task: operator 'HASH_GROUP_BY' (id=4) output batch 0 column count mismatch: got 13, expected 10
[2026-09-08 05:53:41.934] [warning] [gpu_pipeline_task.cpp:77] gpu_pipeline_task: operator 'HASH_GROUP_BY' (id=4) output batch 0 column count mismatch: got 13, expected 10
[2026-09-08 05:53:41.934] [warning] [gpu_pipeline_task.cpp:77] gpu_pipeline_task: operator 'HASH_GROUP_BY' (id=4) output batch 0 column count mismatch: got 13, expected 10
[2026-09-08 05:53:41.936] [warning] [gpu_pipeline_task.cpp:77] gpu_pipeline_task: operator 'HASH_GROUP_BY' (id=4) output batch 0 column count mismatch: got 13, expected 10
[2026-09-08 05:53:41.936] [warning] [gpu_pipeline_task.cpp:77] gpu_pipeline_task: operator 'HASH_GROUP_BY' (id=4) output batch 0 column count mismatch: got 13, expected 10
[2026-09-08 05:53:41.937] [warning] [gpu_pipeline_task.cpp:77] gpu_pipeline_task: operator 'HASH_GROUP_BY' (id=4) output batch 0 column count mismatch: got 13, expected 10
[2026-09-08 05:53:41.938] [warning] [gpu_pipeline_task.cpp:77] gpu_pipeline_task: operator 'HASH_GROUP_BY' (id=4) output batch 0 column count mismatch: got 13, expected 10
[2026-09-08 05:53:41.950] [warning] [gpu_pipeline_task.cpp:77] gpu_pipeline_task: operator 'HASH_GROUP_BY' (id=4) output batch 0 column count mismatch: got 13, expected 10
[2026-09-08 05:53:41.953] [warning] [gpu_pipeline_task.cpp:77] gpu_pipeline_task: operator 'HASH_GROUP_BY' (id=4) output batch 0 column count mismatch: got 13, expected 10
[2026-09-08 05:53:41.954] [warning] [gpu_pipeline_task.cpp:77] gpu_pipeline_task: operator 'HASH_GROUP_BY' (id=4) output batch 0 column count mismatch: got 13, expected 10
[2026-09-08 05:53:41.954] [warning] [gpu_pipeline_task.cpp:77] gpu_pipeline_task: operator 'HASH_GROUP_BY' (id=4) output batch 0 column count mismatch: got 13, expected 10
[2026-09-08 05:53:41.956] [warning] [gpu_pipeline_task.cpp:77] gpu_pipeline_task: operator 'HASH_GROUP_BY' (id=4) output batch 0 column count mismatch: got 13, expected 10
[2026-09-08 05:53:41.956] [warning] [gpu_pipeline_task.cpp:77] gpu_pipeline_task: operator 'HASH_GROUP_BY' (id=4) output batch 0 column count mismatch: got 13, expected 10
[2026-09-08 05:53:41.960] [warning] [gpu_pipeline_task.cpp:77] gpu_pipeline_task: operator 'HASH_GROUP_BY' (id=4) output batch 0 column count mismatch: got 13, expected 10
[2026-09-08 05:53:41.960] [warning] [gpu_pipeline_task.cpp:77] gpu_pipeline_task: operator 'HASH_GROUP_BY' (id=4) output batch 0 column count mismatch: got 13, expected 10
[2026-09-08 05:53:41.961] [warning] [gpu_pipeline_task.cpp:77] gpu_pipeline_task: operator 'HASH_GROUP_BY' (id=4) output batch 0 column count mismatch: got 13, expected 10
[2026-09-08 05:53:41.961] [warning] [gpu_pipeline_task.cpp:77] gpu_pipeline_task: operator 'HASH_GROUP_BY' (id=4) output batch 0 column count mismatch: got 13, expected 10
[2026-09-08 05:53:41.962] [warning] [gpu_pipeline_task.cpp:77] gpu_pipeline_task: operator 'HASH_GROUP_BY' (id=4) output batch 0 column count mismatch: got 13, expected 10
[2026-09-08 05:53:41.964] [warning] [gpu_pipeline_task.cpp:77] gpu_pipeline_task: operator 'HASH_GROUP_BY' (id=4) output batch 0 column count mismatch: got 13, expected 10
[2026-09-08 05:53:41.964] [warning] [gpu_pipeline_task.cpp:77] gpu_pipeline_task: operator 'HASH_GROUP_BY' (id=4) output batch 0 column count mismatch: got 13, expected 10
[2026-09-08 05:53:41.966] [warning] [gpu_pipeline_task.cpp:77] gpu_pipeline_task: operator 'HASH_GROUP_BY' (id=4) output batch 0 column count mismatch: got 13, expected 10
[2026-09-08 05:53:41.966] [warning] [gpu_pipeline_task.cpp:77] gpu_pipeline_task: operator 'HASH_GROUP_BY' (id=4) output batch 0 column count mismatch: got 13, expected 10
[2026-09-08 05:53:41.966] [warning] [gpu_pipeline_task.cpp:77] gpu_pipeline_task: operator 'HASH_GROUP_BY' (id=4) output batch 0 column count mismatch: got 13, expected 10
[2026-09-08 05:53:41.968] [warning] [gpu_pipeline_task.cpp:77] gpu_pipeline_task: operator 'HASH_GROUP_BY' (id=4) output batch 0 column count mismatch: got 13, expected 10
[2026-09-08 05:53:41.969] [warning] [gpu_pipeline_task.cpp:77] gpu_pipeline_task: operator 'HASH_GROUP_BY' (id=4) output batch 0 column count mismatch: got 13, expected 10
[2026-09-08 05:53:41.969] [warning] [gpu_pipeline_task.cpp:77] gpu_pipeline_task: operator 'HASH_GROUP_BY' (id=4) output batch 0 column count mismatch: got 13, expected 10
[2026-09-08 05:53:41.969] [warning] [gpu_pipeline_task.cpp:77] gpu_pipeline_task: operator 'HASH_GROUP_BY' (id=4) output batch 0 column count mismatch: got 13, expected 10
[2026-09-08 05:53:41.983] [warning] [gpu_pipeline_task.cpp:77] gpu_pipeline_task: operator 'HASH_GROUP_BY' (id=4) output batch 0 column count mismatch: got 13, expected 10
[2026-09-08 05:53:41.984] [warning] [gpu_pipeline_task.cpp:77] gpu_pipeline_task: operator 'HASH_GROUP_BY' (id=4) output batch 0 column count mismatch: got 13, expected 10
[2026-09-08 05:53:41.985] [warning] [gpu_pipeline_task.cpp:77] gpu_pipeline_task: operator 'HASH_GROUP_BY' (id=4) output batch 0 column count mismatch: got 13, expected 10
[2026-09-08 05:53:41.988] [warning] [gpu_pipeline_task.cpp:77] gpu_pipeline_task: operator 'HASH_GROUP_BY' (id=4) output batch 0 column count mismatch: got 13, expected 10
[2026-09-08 05:53:41.989] [warning] [gpu_pipeline_task.cpp:77] gpu_pipeline_task: operator 'HASH_GROUP_BY' (id=4) output batch 0 column count mismatch: got 13, expected 10
[2026-09-08 05:53:41.990] [warning] [gpu_pipeline_task.cpp:77] gpu_pipeline_task: operator 'HASH_GROUP_BY' (id=4) output batch 0 column count mismatch: got 13, expected 10
[2026-09-08 05:53:41.991] [warning] [gpu_pipeline_task.cpp:77] gpu_pipeline_task: operator 'HASH_GROUP_BY' (id=4) output batch 0 column count mismatch: got 13, expected 10
[2026-09-08 05:53:41.997] [warning] [gpu_pipeline_task.cpp:77] gpu_pipeline_task: operator 'HASH_GROUP_BY' (id=4) output batch 0 column count mismatch: got 13, expected 10
[2026-09-08 05:53:41.999] [warning] [gpu_pipeline_task.cpp:77] gpu_pipeline_task: operator 'HASH_GROUP_BY' (id=4) output batch 0 column count mismatch: got 13, expected 10
[2026-09-08 05:53:42.001] [warning] [gpu_pipeline_task.cpp:77] gpu_pipeline_task: operator 'HASH_GROUP_BY' (id=4) output batch 0 column count mismatch: got 13, expected 10
[2026-09-08 05:53:42.001] [warning] [gpu_pipeline_task.cpp:77] gpu_pipeline_task: operator 'HASH_GROUP_BY' (id=4) output batch 0 column count mismatch: got 13, expected 10
[2026-09-08 05:53:42.006] [warning] [gpu_pipeline_task.cpp:77] gpu_pipeline_task: operator 'HASH_GROUP_BY' (id=4) output batch 0 column count mismatch: got 13, expected 10
[2026-09-08 05:53:42.006] [warning] [gpu_pipeline_task.cpp:77] gpu_pipeline_task: operator 'HASH_GROUP_BY' (id=4) output batch 0 column count mismatch: got 13, expected 10
[2026-09-08 05:53:42.009] [warning] [gpu_pipeline_task.cpp:77] gpu_pipeline_task: operator 'HASH_GROUP_BY' (id=4) output batch 0 column count mismatch: got 13, expected 10
[2026-09-08 05:53:42.011] [warning] [gpu_pipeline_task.cpp:77] gpu_pipeline_task: operator 'HASH_GROUP_BY' (id=4) output batch 0 column count mismatch: got 13, expected 10
[2026-09-08 05:53:42.012] [warning] [gpu_pipeline_task.cpp:77] gpu_pipeline_task: operator 'HASH_GROUP_BY' (id=4) output batch 0 column count mismatch: got 13, expected 10
[2026-09-08 05:53:42.012] [warning] [gpu_pipeline_task.cpp:77] gpu_pipeline_task: operator 'HASH_GROUP_BY' (id=4) output batch 0 column count mismatch: got 13, expected 10
[2026-09-08 05:53:42.014] [warning] [gpu_pipeline_task.cpp:77] gpu_pipeline_task: operator 'HASH_GROUP_BY' (id=4) output batch 0 column count mismatch: got 13, expected 10
[2026-09-08 05:53:42.014] [warning] [gpu_pipeline_task.cpp:77] gpu_pipeline_task: operator 'HASH_GROUP_BY' (id=4) output batch 0 column count mismatch: got 13, expected 10
[2026-09-08 05:53:42.015] [warning] [gpu_pipeline_task.cpp:77] gpu_pipeline_task: operator 'HASH_GROUP_BY' (id=4) output batch 0 column count mismatch: got 13, expected 10
[2026-09-08 05:53:42.016] [warning] [gpu_pipeline_task.cpp:77] gpu_pipeline_task: operator 'HASH_GROUP_BY' (id=4) output batch 0 column count mismatch: got 13, expected 10
[2026-09-08 05:53:42.017] [warning] [gpu_pipeline_task.cpp:77] gpu_pipeline_task: operator 'HASH_GROUP_BY' (id=4) output batch 0 column count mismatch: got 13, expected 10
[2026-09-08 05:53:42.018] [warning] [gpu_pipeline_task.cpp:77] gpu_pipeline_task: operator 'HASH_GROUP_BY' (id=4) output batch 0 column count mismatch: got 13, expected 10
[2026-09-08 05:53:42.018] [warning] [gpu_pipeline_task.cpp:77] gpu_pipeline_task: operator 'HASH_GROUP_BY' (id=4) output batch 0 column count mismatch: got 13, expected 10
[2026-09-08 05:53:42.019] [warning] [gpu_pipeline_task.cpp:77] gpu_pipeline_task: operator 'HASH_GROUP_BY' (id=4) output batch 0 column count mismatch: got 13, expected 10
[2026-09-08 05:53:42.019] [warning] [gpu_pipeline_task.cpp:77] gpu_pipeline_task: operator 'HASH_GROUP_BY' (id=4) output batch 0 column count mismatch: got 13, expected 10
[2026-09-08 05:53:42.021] [warning] [gpu_pipeline_task.cpp:77] gpu_pipeline_task: operator 'HASH_GROUP_BY' (id=4) output batch 0 column count mismatch: got 13, expected 10
[2026-09-08 05:53:42.023] [warning] [gpu_pipeline_task.cpp:77] gpu_pipeline_task: operator 'HASH_GROUP_BY' (id=4) output batch 0 column count mismatch: got 13, expected 10
[2026-09-08 05:53:42.033] [warning] [gpu_pipeline_task.cpp:77] gpu_pipeline_task: operator 'HASH_GROUP_BY' (id=4) output batch 0 column count mismatch: got 13, expected 10
[2026-09-08 05:53:42.033] [warning] [gpu_pipeline_task.cpp:77] gpu_pipeline_task: operator 'HASH_GROUP_BY' (id=4) output batch 0 column count mismatch: got 13, expected 10
[2026-09-08 05:53:42.036] [warning] [gpu_pipeline_task.cpp:77] gpu_pipeline_task: operator 'HASH_GROUP_BY' (id=4) output batch 0 column count mismatch: got 13, expected 10
[2026-09-08 05:53:42.038] [warning] [gpu_pipeline_task.cpp:77] gpu_pipeline_task: operator 'HASH_GROUP_BY' (id=4) output batch 0 column count mismatch: got 13, expected 10
[2026-09-08 05:53:42.038] [warning] [gpu_pipeline_task.cpp:77] gpu_pipeline_task: operator 'HASH_GROUP_BY' (id=4) output batch 0 column count mismatch: got 13, expected 10
[2026-09-08 05:53:42.040] [warning] [gpu_pipeline_task.cpp:77] gpu_pipeline_task: operator 'HASH_GROUP_BY' (id=4) output batch 0 column count mismatch: got 13, expected 10
[2026-09-08 05:53:42.044] [warning] [gpu_pipeline_task.cpp:77] gpu_pipeline_task: operator 'HASH_GROUP_BY' (id=4) output batch 0 column count mismatch: got 13, expected 10
[2026-09-08 05:53:42.048] [warning] [gpu_pipeline_task.cpp:77] gpu_pipeline_task: operator 'HASH_GROUP_BY' (id=4) output batch 0 column count mismatch: got 13, expected 10
[2026-09-08 05:53:42.050] [warning] [gpu_pipeline_task.cpp:77] gpu_pipeline_task: operator 'HASH_GROUP_BY' (id=4) output batch 0 column count mismatch: got 13, expected 10
[2026-09-08 05:53:42.050] [warning] [gpu_pipeline_task.cpp:77] gpu_pipeline_task: operator 'HASH_GROUP_BY' (id=4) output batch 0 column count mismatch: got 13, expected 10
[2026-09-08 05:53:42.054] [warning] [gpu_pipeline_task.cpp:77] gpu_pipeline_task: operator 'HASH_GROUP_BY' (id=4) output batch 0 column count mismatch: got 13, expected 10
[2026-09-08 05:53:42.056] [warning] [gpu_pipeline_task.cpp:77] gpu_pipeline_task: operator 'HASH_GROUP_BY' (id=4) output batch 0 column count mismatch: got 13, expected 10
[2026-09-08 05:53:42.056] [warning] [gpu_pipeline_task.cpp:77] gpu_pipeline_task: operator 'HASH_GROUP_BY' (id=4) output batch 0 column count mismatch: got 13, expected 10
[2026-09-08 05:53:42.058] [warning] [gpu_pipeline_task.cpp:77] gpu_pipeline_task: operator 'HASH_GROUP_BY' (id=4) output batch 0 column count mismatch: got 13, expected 10
[2026-09-08 05:53:42.061] [warning] [gpu_pipeline_task.cpp:77] gpu_pipeline_task: operator 'HASH_GROUP_BY' (id=4) output batch 0 column count mismatch: got 13, expected 10
[2026-09-08 05:53:42.061] [warning] [gpu_pipeline_task.cpp:77] gpu_pipeline_task: operator 'HASH_GROUP_BY' (id=4) output batch 0 column count mismatch: got 13, expected 10
[2026-09-08 05:53:42.062] [warning] [gpu_pipeline_task.cpp:77] gpu_pipeline_task: operator 'HASH_GROUP_BY' (id=4) output batch 0 column count mismatch: got 13, expected 10
[2026-09-08 05:53:42.063] [warning] [gpu_pipeline_task.cpp:77] gpu_pipeline_task: operator 'HASH_GROUP_BY' (id=4) output batch 0 column count mismatch: got 13, expected 10
[2026-09-08 05:53:42.065] [warning] [gpu_pipeline_task.cpp:77] gpu_pipeline_task: operator 'HASH_GROUP_BY' (id=4) output batch 0 column count mismatch: got 13, expected 10
[2026-09-08 05:53:42.065] [warning] [gpu_pipeline_task.cpp:77] gpu_pipeline_task: operator 'HASH_GROUP_BY' (id=4) output batch 0 column count mismatch: got 13, expected 10
[2026-09-08 05:53:42.066] [warning] [gpu_pipeline_task.cpp:77] gpu_pipeline_task: operator 'HASH_GROUP_BY' (id=4) output batch 0 column count mismatch: got 13, expected 10
[2026-09-08 05:53:42.066] [warning] [gpu_pipeline_task.cpp:77] gpu_pipeline_task: operator 'HASH_GROUP_BY' (id=4) output batch 0 column count mismatch: got 13, expected 10
[2026-09-08 05:53:42.067] [warning] [gpu_pipeline_task.cpp:77] gpu_pipeline_task: operator 'HASH_GROUP_BY' (id=4) output batch 0 column count mismatch: got 13, expected 10
[2026-09-08 05:53:42.068] [warning] [gpu_pipeline_task.cpp:77] gpu_pipeline_task: operator 'HASH_GROUP_BY' (id=4) output batch 0 column count mismatch: got 13, expected 10
[2026-09-08 05:53:42.070] [warning] [gpu_pipeline_task.cpp:77] gpu_pipeline_task: operator 'HASH_GROUP_BY' (id=4) output batch 0 column count mismatch: got 13, expected 10
[2026-09-08 05:53:42.071] [warning] [gpu_pipeline_task.cpp:77] gpu_pipeline_task: operator 'HASH_GROUP_BY' (id=4) output batch 0 column count mismatch: got 13, expected 10
[2026-09-08 05:53:42.071] [warning] [gpu_pipeline_task.cpp:77] gpu_pipeline_task: operator 'HASH_GROUP_BY' (id=4) output batch 0 column count mismatch: got 13, expected 10
[2026-09-08 05:53:42.071] [warning] [gpu_pipeline_task.cpp:77] gpu_pipeline_task: operator 'HASH_GROUP_BY' (id=4) output batch 0 column count mismatch: got 13, expected 10
[2026-09-08 05:53:42.075] [warning] [gpu_pipeline_task.cpp:77] gpu_pipeline_task: operator 'HASH_GROUP_BY' (id=4) output batch 0 column count mismatch: got 13, expected 10
[2026-09-08 05:53:42.079] [warning] [gpu_pipeline_task.cpp:77] gpu_pipeline_task: operator 'HASH_GROUP_BY' (id=4) output batch 0 column count mismatch: got 13, expected 10
[2026-09-08 05:53:42.084] [warning] [gpu_pipeline_task.cpp:77] gpu_pipeline_task: operator 'HASH_GROUP_BY' (id=4) output batch 0 column count mismatch: got 13, expected 10
[2026-09-08 05:53:42.086] [warning] [gpu_pipeline_task.cpp:77] gpu_pipeline_task: operator 'HASH_GROUP_BY' (id=4) output batch 0 column count mismatch: got 13, expected 10
[2026-09-08 05:53:42.088] [warning] [gpu_pipeline_task.cpp:77] gpu_pipeline_task: operator 'HASH_GROUP_BY' (id=4) output batch 0 column count mismatch: got 13, expected 10
[2026-09-08 05:53:42.089] [warning] [gpu_pipeline_task.cpp:77] gpu_pipeline_task: operator 'HASH_GROUP_BY' (id=4) output batch 0 column count mismatch: got 13, expected 10
[2026-09-08 05:53:42.090] [warning] [gpu_pipeline_task.cpp:77] gpu_pipeline_task: operator 'HASH_GROUP_BY' (id=4) output batch 0 column count mismatch: got 13, expected 10
[2026-09-08 05:53:42.092] [warning] [gpu_pipeline_task.cpp:77] gpu_pipeline_task: operator 'HASH_GROUP_BY' (id=4) output batch 0 column count mismatch: got 13, expected 10
[2026-09-08 05:53:42.095] [warning] [gpu_pipeline_task.cpp:77] gpu_pipeline_task: operator 'HASH_GROUP_BY' (id=4) output batch 0 column count mismatch: got 13, expected 10
[2026-09-08 05:53:42.096] [warning] [gpu_pipeline_task.cpp:77] gpu_pipeline_task: operator 'HASH_GROUP_BY' (id=4) output batch 0 column count mismatch: got 13, expected 10
[2026-09-08 05:53:42.102] [warning] [gpu_pipeline_task.cpp:77] gpu_pipeline_task: operator 'HASH_GROUP_BY' (id=4) output batch 0 column count mismatch: got 13, expected 10
[2026-09-08 05:53:42.106] [warning] [gpu_pipeline_task.cpp:77] gpu_pipeline_task: operator 'HASH_GROUP_BY' (id=4) output batch 0 column count mismatch: got 13, expected 10
[2026-09-08 05:53:42.107] [warning] [gpu_pipeline_task.cpp:77] gpu_pipeline_task: operator 'HASH_GROUP_BY' (id=4) output batch 0 column count mismatch: got 13, expected 10
[2026-09-08 05:53:42.108] [warning] [gpu_pipeline_task.cpp:77] gpu_pipeline_task: operator 'HASH_GROUP_BY' (id=4) output batch 0 column count mismatch: got 13, expected 10
[2026-09-08 05:53:42.108] [warning] [gpu_pipeline_task.cpp:77] gpu_pipeline_task: operator 'HASH_GROUP_BY' (id=4) output batch 0 column count mismatch: got 13, expected 10
[2026-09-08 05:53:42.111] [warning] [gpu_pipeline_task.cpp:77] gpu_pipeline_task: operator 'HASH_GROUP_BY' (id=4) output batch 0 column count mismatch: got 13, expected 10
[2026-09-08 05:53:42.112] [warning] [gpu_pipeline_task.cpp:77] gpu_pipeline_task: operator 'HASH_GROUP_BY' (id=4) output batch 0 column count mismatch: got 13, expected 10
[2026-09-08 05:53:42.113] [warning] [gpu_pipeline_task.cpp:77] gpu_pipeline_task: operator 'HASH_GROUP_BY' (id=4) output batch 0 column count mismatch: got 13, expected 10
[2026-09-08 05:53:42.113] [warning] [gpu_pipeline_task.cpp:77] gpu_pipeline_task: operator 'HASH_GROUP_BY' (id=4) output batch 0 column count mismatch: got 13, expected 10
[2026-09-08 05:53:42.115] [warning] [gpu_pipeline_task.cpp:77] gpu_pipeline_task: operator 'HASH_GROUP_BY' (id=4) output batch 0 column count mismatch: got 13, expected 10
[2026-09-08 05:53:42.119] [warning] [gpu_pipeline_task.cpp:77] gpu_pipeline_task: operator 'HASH_GROUP_BY' (id=4) output batch 0 column count mismatch: got 13, expected 10
[2026-09-08 05:53:42.119] [warning] [gpu_pipeline_task.cpp:77] gpu_pipeline_task: operator 'HASH_GROUP_BY' (id=4) output batch 0 column count mismatch: got 13, expected 10
[2026-09-08 05:53:42.120] [warning] [gpu_pipeline_task.cpp:77] gpu_pipeline_task: operator 'HASH_GROUP_BY' (id=4) output batch 0 column count mismatch: got 13, expected 10
[2026-09-08 05:53:42.121] [warning] [gpu_pipeline_task.cpp:77] gpu_pipeline_task: operator 'HASH_GROUP_BY' (id=4) output batch 0 column count mismatch: got 13, expected 10
[2026-09-08 05:53:42.121] [warning] [gpu_pipeline_task.cpp:77] gpu_pipeline_task: operator 'HASH_GROUP_BY' (id=4) output batch 0 column count mismatch: got 13, expected 10
[2026-09-08 05:53:42.122] [warning] [gpu_pipeline_task.cpp:77] gpu_pipeline_task: operator 'HASH_GROUP_BY' (id=4) output batch 0 column count mismatch: got 13, expected 10
[2026-09-08 05:53:42.122] [warning] [gpu_pipeline_task.cpp:77] gpu_pipeline_task: operator 'HASH_GROUP_BY' (id=4) output batch 0 column count mismatch: got 13, expected 10
[2026-09-08 05:53:42.124] [warning] [gpu_pipeline_task.cpp:77] gpu_pipeline_task: operator 'HASH_GROUP_BY' (id=4) output batch 0 column count mismatch: got 13, expected 10
[2026-09-08 05:53:42.124] [warning] [gpu_pipeline_task.cpp:77] gpu_pipeline_task: operator 'HASH_GROUP_BY' (id=4) output batch 0 column count mismatch: got 13, expected 10
[2026-09-08 05:53:42.125] [warning] [gpu_pipeline_task.cpp:77] gpu_pipeline_task: operator 'HASH_GROUP_BY' (id=4) output batch 0 column count mismatch: got 13, expected 10
[2026-09-08 05:53:42.127] [warning] [gpu_pipeline_task.cpp:77] gpu_pipeline_task: operator 'HASH_GROUP_BY' (id=4) output batch 0 column count mismatch: got 13, expected 10
[2026-09-08 05:53:42.127] [warning] [gpu_pipeline_task.cpp:77] gpu_pipeline_task: operator 'HASH_GROUP_BY' (id=4) output batch 0 column count mismatch: got 13, expected 10
[2026-09-08 05:53:42.127] [warning] [gpu_pipeline_task.cpp:77] gpu_pipeline_task: operator 'HASH_GROUP_BY' (id=4) output batch 0 column count mismatch: got 13, expected 10
[2026-09-08 05:53:42.128] [warning] [gpu_pipeline_task.cpp:77] gpu_pipeline_task: operator 'HASH_GROUP_BY' (id=4) output batch 0 column count mismatch: got 13, expected 10
[2026-09-08 05:53:42.129] [warning] [gpu_pipeline_task.cpp:77] gpu_pipeline_task: operator 'HASH_GROUP_BY' (id=4) output batch 0 column count mismatch: got 13, expected 10
[2026-09-08 05:53:42.131] [warning] [gpu_pipeline_task.cpp:77] gpu_pipeline_task: operator 'HASH_GROUP_BY' (id=4) output batch 0 column count mismatch: got 13, expected 10
[2026-09-08 05:53:42.132] [warning] [gpu_pipeline_task.cpp:77] gpu_pipeline_task: operator 'HASH_GROUP_BY' (id=4) output batch 0 column count mismatch: got 13, expected 10
[2026-09-08 05:53:42.132] [warning] [gpu_pipeline_task.cpp:77] gpu_pipeline_task: operator 'HASH_GROUP_BY' (id=4) output batch 0 column count mismatch: got 13, expected 10
[2026-09-08 05:53:42.133] [warning] [gpu_pipeline_task.cpp:77] gpu_pipeline_task: operator 'HASH_GROUP_BY' (id=4) output batch 0 column count mismatch: got 13, expected 10
[2026-09-08 05:53:42.134] [warning] [gpu_pipeline_task.cpp:77] gpu_pipeline_task: operator 'HASH_GROUP_BY' (id=4) output batch 0 column count mismatch: got 13, expected 10
[2026-09-08 05:53:42.144] [warning] [gpu_pipeline_task.cpp:77] gpu_pipeline_task: operator 'HASH_GROUP_BY' (id=4) output batch 0 column count mismatch: got 13, expected 10
[2026-09-08 05:53:42.146] [warning] [gpu_pipeline_task.cpp:77] gpu_pipeline_task: operator 'HASH_GROUP_BY' (id=4) output batch 0 column count mismatch: got 13, expected 10
[2026-09-08 05:53:42.147] [warning] [gpu_pipeline_task.cpp:77] gpu_pipeline_task: operator 'HASH_GROUP_BY' (id=4) output batch 0 column count mismatch: got 13, expected 10
[2026-09-08 05:53:42.149] [warning] [gpu_pipeline_task.cpp:77] gpu_pipeline_task: operator 'HASH_GROUP_BY' (id=4) output batch 0 column count mismatch: got 13, expected 10
[2026-09-08 05:53:42.150] [warning] [gpu_pipeline_task.cpp:77] gpu_pipeline_task: operator 'HASH_GROUP_BY' (id=4) output batch 0 column count mismatch: got 13, expected 10
[2026-09-08 05:53:42.154] [warning] [gpu_pipeline_task.cpp:77] gpu_pipeline_task: operator 'HASH_GROUP_BY' (id=4) output batch 0 column count mismatch: got 13, expected 10
[2026-09-08 05:53:42.155] [warning] [gpu_pipeline_task.cpp:77] gpu_pipeline_task: operator 'HASH_GROUP_BY' (id=4) output batch 0 column count mismatch: got 13, expected 10
[2026-09-08 05:53:42.161] [warning] [gpu_pipeline_task.cpp:77] gpu_pipeline_task: operator 'HASH_GROUP_BY' (id=4) output batch 0 column count mismatch: got 13, expected 10
[2026-09-08 05:53:42.161] [warning] [gpu_pipeline_task.cpp:77] gpu_pipeline_task: operator 'HASH_GROUP_BY' (id=4) output batch 0 column count mismatch: got 13, expected 10
[2026-09-08 05:53:42.162] [warning] [gpu_pipeline_task.cpp:77] gpu_pipeline_task: operator 'HASH_GROUP_BY' (id=4) output batch 0 column count mismatch: got 13, expected 10
[2026-09-08 05:53:42.163] [warning] [gpu_pipeline_task.cpp:77] gpu_pipeline_task: operator 'HASH_GROUP_BY' (id=4) output batch 0 column count mismatch: got 13, expected 10
[2026-09-08 05:53:42.167] [warning] [gpu_pipeline_task.cpp:77] gpu_pipeline_task: operator 'HASH_GROUP_BY' (id=4) output batch 0 column count mismatch: got 13, expected 10
[2026-09-08 05:53:42.172] [warning] [gpu_pipeline_task.cpp:77] gpu_pipeline_task: operator 'HASH_GROUP_BY' (id=4) output batch 0 column count mismatch: got 13, expected 10
[2026-09-08 05:53:42.172] [warning] [gpu_pipeline_task.cpp:77] gpu_pipeline_task: operator 'HASH_GROUP_BY' (id=4) output batch 0 column count mismatch: got 13, expected 10
[2026-09-08 05:53:42.176] [warning] [gpu_pipeline_task.cpp:77] gpu_pipeline_task: operator 'HASH_GROUP_BY' (id=4) output batch 0 column count mismatch: got 13, expected 10
[2026-09-08 05:53:42.176] [warning] [gpu_pipeline_task.cpp:77] gpu_pipeline_task: operator 'HASH_GROUP_BY' (id=4) output batch 0 column count mismatch: got 13, expected 10
[2026-09-08 05:53:42.176] [warning] [gpu_pipeline_task.cpp:77] gpu_pipeline_task: operator 'HASH_GROUP_BY' (id=4) output batch 0 column count mismatch: got 13, expected 10
[2026-09-08 05:53:42.178] [warning] [gpu_pipeline_task.cpp:77] gpu_pipeline_task: operator 'HASH_GROUP_BY' (id=4) output batch 0 column count mismatch: got 13, expected 10
[2026-09-08 05:53:42.178] [warning] [gpu_pipeline_task.cpp:77] gpu_pipeline_task: operator 'HASH_GROUP_BY' (id=4) output batch 0 column count mismatch: got 13, expected 10
[2026-09-08 05:53:42.180] [warning] [gpu_pipeline_task.cpp:77] gpu_pipeline_task: operator 'HASH_GROUP_BY' (id=4) output batch 0 column count mismatch: got 13, expected 10
[2026-09-08 05:53:42.180] [warning] [gpu_pipeline_task.cpp:77] gpu_pipeline_task: operator 'HASH_GROUP_BY' (id=4) output batch 0 column count mismatch: got 13, expected 10
[2026-09-08 05:53:42.181] [warning] [gpu_pipeline_task.cpp:77] gpu_pipeline_task: operator 'HASH_GROUP_BY' (id=4) output batch 0 column count mismatch: got 13, expected 10
[2026-09-08 05:53:42.181] [warning] [gpu_pipeline_task.cpp:77] gpu_pipeline_task: operator 'HASH_GROUP_BY' (id=4) output batch 0 column count mismatch: got 13, expected 10
[2026-09-08 05:53:42.181] [warning] [gpu_pipeline_task.cpp:77] gpu_pipeline_task: operator 'HASH_GROUP_BY' (id=4) output batch 0 column count mismatch: got 13, expected 10
[2026-09-08 05:53:42.183] [warning] [gpu_pipeline_task.cpp:77] gpu_pipeline_task: operator 'HASH_GROUP_BY' (id=4) output batch 0 column count mismatch: got 13, expected 10
[2026-09-08 05:53:42.183] [warning] [gpu_pipeline_task.cpp:77] gpu_pipeline_task: operator 'HASH_GROUP_BY' (id=4) output batch 0 column count mismatch: got 13, expected 10
[2026-09-08 05:53:42.184] [warning] [gpu_pipeline_task.cpp:77] gpu_pipeline_task: operator 'HASH_GROUP_BY' (id=4) output batch 0 column count mismatch: got 13, expected 10
[2026-09-08 05:53:42.185] [warning] [gpu_pipeline_task.cpp:77] gpu_pipeline_task: operator 'HASH_GROUP_BY' (id=4) output batch 0 column count mismatch: got 13, expected 10
[2026-09-08 05:53:42.193] [warning] [gpu_pipeline_task.cpp:77] gpu_pipeline_task: operator 'HASH_GROUP_BY' (id=4) output batch 0 column count mismatch: got 13, expected 10
[2026-09-08 05:53:42.198] [warning] [gpu_pipeline_task.cpp:77] gpu_pipeline_task: operator 'HASH_GROUP_BY' (id=4) output batch 0 column count mismatch: got 13, expected 10
[2026-09-08 05:53:42.201] [warning] [gpu_pipeline_task.cpp:77] gpu_pipeline_task: operator 'HASH_GROUP_BY' (id=4) output batch 0 column count mismatch: got 13, expected 10
[2026-09-08 05:53:42.201] [warning] [gpu_pipeline_task.cpp:77] gpu_pipeline_task: operator 'HASH_GROUP_BY' (id=4) output batch 0 column count mismatch: got 13, expected 10
[2026-09-08 05:53:42.205] [warning] [gpu_pipeline_task.cpp:77] gpu_pipeline_task: operator 'HASH_GROUP_BY' (id=4) output batch 0 column count mismatch: got 13, expected 10
[2026-09-08 05:53:42.205] [warning] [gpu_pipeline_task.cpp:77] gpu_pipeline_task: operator 'HASH_GROUP_BY' (id=4) output batch 0 column count mismatch: got 13, expected 10
[2026-09-08 05:53:42.206] [warning] [gpu_pipeline_task.cpp:77] gpu_pipeline_task: operator 'HASH_GROUP_BY' (id=4) output batch 0 column count mismatch: got 13, expected 10
[2026-09-08 05:53:42.207] [warning] [gpu_pipeline_task.cpp:77] gpu_pipeline_task: operator 'HASH_GROUP_BY' (id=4) output batch 0 column count mismatch: got 13, expected 10
[2026-09-08 05:53:42.208] [warning] [gpu_pipeline_task.cpp:77] gpu_pipeline_task: operator 'HASH_GROUP_BY' (id=4) output batch 0 column count mismatch: got 13, expected 10
[2026-09-08 05:53:42.211] [warning] [gpu_pipeline_task.cpp:77] gpu_pipeline_task: operator 'HASH_GROUP_BY' (id=4) output batch 0 column count mismatch: got 13, expected 10
[2026-09-08 05:53:42.216] [warning] [gpu_pipeline_task.cpp:77] gpu_pipeline_task: operator 'HASH_GROUP_BY' (id=4) output batch 0 column count mismatch: got 13, expected 10
[2026-09-08 05:53:42.219] [warning] [gpu_pipeline_task.cpp:77] gpu_pipeline_task: operator 'HASH_GROUP_BY' (id=4) output batch 0 column count mismatch: got 13, expected 10
[2026-09-08 05:53:42.223] [warning] [gpu_pipeline_task.cpp:77] gpu_pipeline_task: operator 'HASH_GROUP_BY' (id=4) output batch 0 column count mismatch: got 13, expected 10
[2026-09-08 05:53:42.224] [warning] [gpu_pipeline_task.cpp:77] gpu_pipeline_task: operator 'HASH_GROUP_BY' (id=4) output batch 0 column count mismatch: got 13, expected 10
[2026-09-08 05:53:42.227] [warning] [gpu_pipeline_task.cpp:77] gpu_pipeline_task: operator 'HASH_GROUP_BY' (id=4) output batch 0 column count mismatch: got 13, expected 10
[2026-09-08 05:53:42.227] [warning] [gpu_pipeline_task.cpp:77] gpu_pipeline_task: operator 'HASH_GROUP_BY' (id=4) output batch 0 column count mismatch: got 13, expected 10
[2026-09-08 05:53:42.229] [warning] [gpu_pipeline_task.cpp:77] gpu_pipeline_task: operator 'HASH_GROUP_BY' (id=4) output batch 0 column count mismatch: got 13, expected 10
[2026-09-08 05:53:42.231] [warning] [gpu_pipeline_task.cpp:77] gpu_pipeline_task: operator 'HASH_GROUP_BY' (id=4) output batch 0 column count mismatch: got 13, expected 10
[2026-09-08 05:53:42.234] [warning] [gpu_pipeline_task.cpp:77] gpu_pipeline_task: operator 'HASH_GROUP_BY' (id=4) output batch 0 column count mismatch: got 13, expected 10
[2026-09-08 05:53:42.234] [warning] [gpu_pipeline_task.cpp:77] gpu_pipeline_task: operator 'HASH_GROUP_BY' (id=4) output batch 0 column count mismatch: got 13, expected 10
[2026-09-08 05:53:42.241] [warning] [gpu_pipeline_task.cpp:77] gpu_pipeline_task: operator 'HASH_GROUP_BY' (id=4) output batch 0 column count mismatch: got 13, expected 10
[2026-09-08 05:53:42.241] [warning] [gpu_pipeline_task.cpp:77] gpu_pipeline_task: operator 'HASH_GROUP_BY' (id=4) output batch 0 column count mismatch: got 13, expected 10
[2026-09-08 05:53:42.243] [warning] [gpu_pipeline_task.cpp:77] gpu_pipeline_task: operator 'HASH_GROUP_BY' (id=4) output batch 0 column count mismatch: got 13, expected 10
[2026-09-08 05:53:42.246] [warning] [gpu_pipeline_task.cpp:77] gpu_pipeline_task: operator 'HASH_GROUP_BY' (id=4) output batch 0 column count mismatch: got 13, expected 10
[2026-09-08 05:53:42.247] [warning] [gpu_pipeline_task.cpp:77] gpu_pipeline_task: operator 'HASH_GROUP_BY' (id=4) output batch 0 column count mismatch: got 13, expected 10
[2026-09-08 05:53:42.248] [warning] [gpu_pipeline_task.cpp:77] gpu_pipeline_task: operator 'HASH_GROUP_BY' (id=4) output batch 0 column count mismatch: got 13, expected 10
[2026-09-08 05:53:42.252] [warning] [gpu_pipeline_task.cpp:77] gpu_pipeline_task: operator 'HASH_GROUP_BY' (id=4) output batch 0 column count mismatch: got 13, expected 10
[2026-09-08 05:53:42.253] [warning] [gpu_pipeline_task.cpp:77] gpu_pipeline_task: operator 'HASH_GROUP_BY' (id=4) output batch 0 column count mismatch: got 13, expected 10
[2026-09-08 05:53:42.259] [warning] [gpu_pipeline_task.cpp:77] gpu_pipeline_task: operator 'HASH_GROUP_BY' (id=4) output batch 0 column count mismatch: got 13, expected 10
[2026-09-08 05:53:42.259] [warning] [gpu_pipeline_task.cpp:77] gpu_pipeline_task: operator 'HASH_GROUP_BY' (id=4) output batch 0 column count mismatch: got 13, expected 10
[2026-09-08 05:53:42.262] [warning] [gpu_pipeline_task.cpp:77] gpu_pipeline_task: operator 'HASH_GROUP_BY' (id=4) output batch 0 column count mismatch: got 13, expected 10
[2026-09-08 05:53:42.263] [warning] [gpu_pipeline_task.cpp:77] gpu_pipeline_task: operator 'HASH_GROUP_BY' (id=4) output batch 0 column count mismatch: got 13, expected 10
[2026-09-08 05:53:42.265] [warning] [gpu_pipeline_task.cpp:77] gpu_pipeline_task: operator 'HASH_GROUP_BY' (id=4) output batch 0 column count mismatch: got 13, expected 10
[2026-09-08 05:53:42.265] [warning] [gpu_pipeline_task.cpp:77] gpu_pipeline_task: operator 'HASH_GROUP_BY' (id=4) output batch 0 column count mismatch: got 13, expected 10
[2026-09-08 05:53:42.269] [warning] [gpu_pipeline_task.cpp:77] gpu_pipeline_task: operator 'HASH_GROUP_BY' (id=4) output batch 0 column count mismatch: got 13, expected 10
[2026-09-08 05:53:42.270] [warning] [gpu_pipeline_task.cpp:77] gpu_pipeline_task: operator 'HASH_GROUP_BY' (id=4) output batch 0 column count mismatch: got 13, expected 10
[2026-09-08 05:53:42.270] [warning] [gpu_pipeline_task.cpp:77] gpu_pipeline_task: operator 'HASH_GROUP_BY' (id=4) output batch 0 column count mismatch: got 13, expected 10
[2026-09-08 05:53:42.273] [warning] [gpu_pipeline_task.cpp:77] gpu_pipeline_task: operator 'HASH_GROUP_BY' (id=4) output batch 0 column count mismatch: got 13, expected 10
[2026-09-08 05:53:42.274] [warning] [gpu_pipeline_task.cpp:77] gpu_pipeline_task: operator 'HASH_GROUP_BY' (id=4) output batch 0 column count mismatch: got 13, expected 10
[2026-09-08 05:53:42.275] [warning] [gpu_pipeline_task.cpp:77] gpu_pipeline_task: operator 'HASH_GROUP_BY' (id=4) output batch 0 column count mismatch: got 13, expected 10
[2026-09-08 05:53:42.275] [warning] [gpu_pipeline_task.cpp:77] gpu_pipeline_task: operator 'HASH_GROUP_BY' (id=4) output batch 0 column count mismatch: got 13, expected 10
[2026-09-08 05:53:42.276] [warning] [gpu_pipeline_task.cpp:77] gpu_pipeline_task: operator 'HASH_GROUP_BY' (id=4) output batch 0 column count mismatch: got 13, expected 10
[2026-09-08 05:53:42.276] [warning] [gpu_pipeline_task.cpp:77] gpu_pipeline_task: operator 'HASH_GROUP_BY' (id=4) output batch 0 column count mismatch: got 13, expected 10
[2026-09-08 05:53:42.276] [warning] [gpu_pipeline_task.cpp:77] gpu_pipeline_task: operator 'HASH_GROUP_BY' (id=4) output batch 0 column count mismatch: got 13, expected 10
[2026-09-08 05:53:42.278] [warning] [gpu_pipeline_task.cpp:77] gpu_pipeline_task: operator 'HASH_GROUP_BY' (id=4) output batch 0 column count mismatch: got 13, expected 10
[2026-09-08 05:53:42.279] [warning] [gpu_pipeline_task.cpp:77] gpu_pipeline_task: operator 'HASH_GROUP_BY' (id=4) output batch 0 column count mismatch: got 13, expected 10
[2026-09-08 05:53:42.279] [warning] [gpu_pipeline_task.cpp:77] gpu_pipeline_task: operator 'HASH_GROUP_BY' (id=4) output batch 0 column count mismatch: got 13, expected 10
[2026-09-08 05:53:42.281] [warning] [gpu_pipeline_task.cpp:77] gpu_pipeline_task: operator 'HASH_GROUP_BY' (id=4) output batch 0 column count mismatch: got 13, expected 10
[2026-09-08 05:53:42.281] [warning] [gpu_pipeline_task.cpp:77] gpu_pipeline_task: operator 'HASH_GROUP_BY' (id=4) output batch 0 column count mismatch: got 13, expected 10
[2026-09-08 05:53:42.281] [warning] [gpu_pipeline_task.cpp:77] gpu_pipeline_task: operator 'HASH_GROUP_BY' (id=4) output batch 0 column count mismatch: got 13, expected 10
[2026-09-08 05:53:42.282] [warning] [gpu_pipeline_task.cpp:77] gpu_pipeline_task: operator 'HASH_GROUP_BY' (id=4) output batch 0 column count mismatch: got 13, expected 10
[2026-09-08 05:53:42.282] [warning] [gpu_pipeline_task.cpp:77] gpu_pipeline_task: operator 'HASH_GROUP_BY' (id=4) output batch 0 column count mismatch: got 13, expected 10
[2026-09-08 05:53:42.284] [warning] [gpu_pipeline_task.cpp:77] gpu_pipeline_task: operator 'HASH_GROUP_BY' (id=4) output batch 0 column count mismatch: got 13, expected 10
[2026-09-08 05:53:42.285] [warning] [gpu_pipeline_task.cpp:77] gpu_pipeline_task: operator 'HASH_GROUP_BY' (id=4) output batch 0 column count mismatch: got 13, expected 10
[2026-09-08 05:53:42.285] [warning] [gpu_pipeline_task.cpp:77] gpu_pipeline_task: operator 'HASH_GROUP_BY' (id=4) output batch 0 column count mismatch: got 13, expected 10
[2026-09-08 05:53:42.288] [warning] [gpu_pipeline_task.cpp:77] gpu_pipeline_task: operator 'HASH_GROUP_BY' (id=4) output batch 0 column count mismatch: got 13, expected 10
[2026-09-08 05:53:42.289] [warning] [gpu_pipeline_task.cpp:77] gpu_pipeline_task: operator 'HASH_GROUP_BY' (id=4) output batch 0 column count mismatch: got 13, expected 10
[2026-09-08 05:53:42.289] [warning] [gpu_pipeline_task.cpp:77] gpu_pipeline_task: operator 'HASH_GROUP_BY' (id=4) output batch 0 column count mismatch: got 13, expected 10
[2026-09-08 05:53:42.299] [warning] [gpu_pipeline_task.cpp:77] gpu_pipeline_task: operator 'HASH_GROUP_BY' (id=4) output batch 0 column count mismatch: got 13, expected 10
[2026-09-08 05:53:42.299] [warning] [gpu_pipeline_task.cpp:77] gpu_pipeline_task: operator 'HASH_GROUP_BY' (id=4) output batch 0 column count mismatch: got 13, expected 10
[2026-09-08 05:53:42.304] [warning] [gpu_pipeline_task.cpp:77] gpu_pipeline_task: operator 'HASH_GROUP_BY' (id=4) output batch 0 column count mismatch: got 13, expected 10
[2026-09-08 05:53:42.305] [warning] [gpu_pipeline_task.cpp:77] gpu_pipeline_task: operator 'HASH_GROUP_BY' (id=4) output batch 0 column count mismatch: got 13, expected 10
[2026-09-08 05:53:42.306] [warning] [gpu_pipeline_task.cpp:77] gpu_pipeline_task: operator 'HASH_GROUP_BY' (id=4) output batch 0 column count mismatch: got 13, expected 10
[2026-09-08 05:53:42.308] [warning] [gpu_pipeline_task.cpp:77] gpu_pipeline_task: operator 'HASH_GROUP_BY' (id=4) output batch 0 column count mismatch: got 13, expected 10
[2026-09-08 05:53:42.308] [warning] [gpu_pipeline_task.cpp:77] gpu_pipeline_task: operator 'HASH_GROUP_BY' (id=4) output batch 0 column count mismatch: got 13, expected 10
[2026-09-08 05:53:42.308] [warning] [gpu_pipeline_task.cpp:77] gpu_pipeline_task: operator 'HASH_GROUP_BY' (id=4) output batch 0 column count mismatch: got 13, expected 10
[2026-09-08 05:53:42.310] [warning] [gpu_pipeline_task.cpp:77] gpu_pipeline_task: operator 'HASH_GROUP_BY' (id=4) output batch 0 column count mismatch: got 13, expected 10
[2026-09-08 05:53:42.310] [warning] [gpu_pipeline_task.cpp:77] gpu_pipeline_task: operator 'HASH_GROUP_BY' (id=4) output batch 0 column count mismatch: got 13, expected 10
[2026-09-08 05:53:42.312] [warning] [gpu_pipeline_task.cpp:77] gpu_pipeline_task: operator 'HASH_GROUP_BY' (id=4) output batch 0 column count mismatch: got 13, expected 10
[2026-09-08 05:53:42.312] [warning] [gpu_pipeline_task.cpp:77] gpu_pipeline_task: operator 'HASH_GROUP_BY' (id=4) output batch 0 column count mismatch: got 13, expected 10
[2026-09-08 05:53:42.313] [warning] [gpu_pipeline_task.cpp:77] gpu_pipeline_task: operator 'HASH_GROUP_BY' (id=4) output batch 0 column count mismatch: got 13, expected 10
[2026-09-08 05:53:42.314] [warning] [gpu_pipeline_task.cpp:77] gpu_pipeline_task: operator 'HASH_GROUP_BY' (id=4) output batch 0 column count mismatch: got 13, expected 10
[2026-09-08 05:53:42.315] [warning] [gpu_pipeline_task.cpp:77] gpu_pipeline_task: operator 'HASH_GROUP_BY' (id=4) output batch 0 column count mismatch: got 13, expected 10
[2026-09-08 05:53:42.316] [warning] [gpu_pipeline_task.cpp:77] gpu_pipeline_task: operator 'HASH_GROUP_BY' (id=4) output batch 0 column count mismatch: got 13, expected 10
[2026-09-08 05:53:42.316] [warning] [gpu_pipeline_task.cpp:77] gpu_pipeline_task: operator 'HASH_GROUP_BY' (id=4) output batch 0 column count mismatch: got 13, expected 10
[2026-09-08 05:53:42.317] [warning] [gpu_pipeline_task.cpp:77] gpu_pipeline_task: operator 'HASH_GROUP_BY' (id=4) output batch 0 column count mismatch: got 13, expected 10
[2026-09-08 05:53:42.318] [warning] [gpu_pipeline_task.cpp:77] gpu_pipeline_task: operator 'HASH_GROUP_BY' (id=4) output batch 0 column count mismatch: got 13, expected 10
[2026-09-08 05:53:42.318] [warning] [gpu_pipeline_task.cpp:77] gpu_pipeline_task: operator 'HASH_GROUP_BY' (id=4) output batch 0 column count mismatch: got 13, expected 10
[2026-09-08 05:53:42.319] [warning] [gpu_pipeline_task.cpp:77] gpu_pipeline_task: operator 'HASH_GROUP_BY' (id=4) output batch 0 column count mismatch: got 13, expected 10
[2026-09-08 05:53:42.319] [warning] [gpu_pipeline_task.cpp:77] gpu_pipeline_task: operator 'HASH_GROUP_BY' (id=4) output batch 0 column count mismatch: got 13, expected 10
[2026-09-08 05:53:42.321] [warning] [gpu_pipeline_task.cpp:77] gpu_pipeline_task: operator 'HASH_GROUP_BY' (id=4) output batch 0 column count mismatch: got 13, expected 10
[2026-09-08 05:53:42.322] [warning] [gpu_pipeline_task.cpp:77] gpu_pipeline_task: operator 'HASH_GROUP_BY' (id=4) output batch 0 column count mismatch: got 13, expected 10
[2026-09-08 05:53:42.323] [warning] [gpu_pipeline_task.cpp:77] gpu_pipeline_task: operator 'HASH_GROUP_BY' (id=4) output batch 0 column count mismatch: got 13, expected 10
[2026-09-08 05:53:42.323] [warning] [gpu_pipeline_task.cpp:77] gpu_pipeline_task: operator 'HASH_GROUP_BY' (id=4) output batch 0 column count mismatch: got 13, expected 10
[2026-09-08 05:53:42.324] [warning] [gpu_pipeline_task.cpp:77] gpu_pipeline_task: operator 'HASH_GROUP_BY' (id=4) output batch 0 column count mismatch: got 13, expected 10
[2026-09-08 05:53:42.324] [warning] [gpu_pipeline_task.cpp:77] gpu_pipeline_task: operator 'HASH_GROUP_BY' (id=4) output batch 0 column count mismatch: got 13, expected 10
[2026-09-08 05:53:42.326] [warning] [gpu_pipeline_task.cpp:77] gpu_pipeline_task: operator 'HASH_GROUP_BY' (id=4) output batch 0 column count mismatch: got 13, expected 10
[2026-09-08 05:53:42.339] [warning] [gpu_pipeline_task.cpp:77] gpu_pipeline_task: operator 'HASH_GROUP_BY' (id=4) output batch 0 column count mismatch: got 13, expected 10
[2026-09-08 05:53:42.339] [warning] [gpu_pipeline_task.cpp:77] gpu_pipeline_task: operator 'HASH_GROUP_BY' (id=4) output batch 0 column count mismatch: got 13, expected 10
[2026-09-08 05:53:42.342] [warning] [gpu_pipeline_task.cpp:77] gpu_pipeline_task: operator 'HASH_GROUP_BY' (id=4) output batch 0 column count mismatch: got 13, expected 10
[2026-09-08 05:53:42.343] [warning] [gpu_pipeline_task.cpp:77] gpu_pipeline_task: operator 'HASH_GROUP_BY' (id=4) output batch 0 column count mismatch: got 13, expected 10
[2026-09-08 05:53:42.345] [warning] [gpu_pipeline_task.cpp:77] gpu_pipeline_task: operator 'HASH_GROUP_BY' (id=4) output batch 0 column count mismatch: got 13, expected 10
[2026-09-08 05:53:42.347] [warning] [gpu_pipeline_task.cpp:77] gpu_pipeline_task: operator 'HASH_GROUP_BY' (id=4) output batch 0 column count mismatch: got 13, expected 10
[2026-09-08 05:53:42.348] [warning] [gpu_pipeline_task.cpp:77] gpu_pipeline_task: operator 'HASH_GROUP_BY' (id=4) output batch 0 column count mismatch: got 13, expected 10
[2026-09-08 05:53:42.349] [warning] [gpu_pipeline_task.cpp:77] gpu_pipeline_task: operator 'HASH_GROUP_BY' (id=4) output batch 0 column count mismatch: got 13, expected 10
[2026-09-08 05:53:42.357] [warning] [gpu_pipeline_task.cpp:77] gpu_pipeline_task: operator 'HASH_GROUP_BY' (id=4) output batch 0 column count mismatch: got 13, expected 10
[2026-09-08 05:53:42.357] [warning] [gpu_pipeline_task.cpp:77] gpu_pipeline_task: operator 'HASH_GROUP_BY' (id=4) output batch 0 column count mismatch: got 13, expected 10
[2026-09-08 05:53:42.360] [warning] [gpu_pipeline_task.cpp:77] gpu_pipeline_task: operator 'HASH_GROUP_BY' (id=4) output batch 0 column count mismatch: got 13, expected 10
[2026-09-08 05:53:42.362] [warning] [gpu_pipeline_task.cpp:77] gpu_pipeline_task: operator 'HASH_GROUP_BY' (id=4) output batch 0 column count mismatch: got 13, expected 10
[2026-09-08 05:53:42.366] [warning] [gpu_pipeline_task.cpp:77] gpu_pipeline_task: operator 'HASH_GROUP_BY' (id=4) output batch 0 column count mismatch: got 13, expected 10
[2026-09-08 05:53:42.368] [warning] [gpu_pipeline_task.cpp:77] gpu_pipeline_task: operator 'HASH_GROUP_BY' (id=4) output batch 0 column count mismatch: got 13, expected 10
[2026-09-08 05:53:42.368] [warning] [gpu_pipeline_task.cpp:77] gpu_pipeline_task: operator 'HASH_GROUP_BY' (id=4) output batch 0 column count mismatch: got 13, expected 10
[2026-09-08 05:53:42.370] [warning] [gpu_pipeline_task.cpp:77] gpu_pipeline_task: operator 'HASH_GROUP_BY' (id=4) output batch 0 column count mismatch: got 13, expected 10
[2026-09-08 05:53:42.371] [warning] [gpu_pipeline_task.cpp:77] gpu_pipeline_task: operator 'HASH_GROUP_BY' (id=4) output batch 0 column count mismatch: got 13, expected 10
[2026-09-08 05:53:42.371] [warning] [gpu_pipeline_task.cpp:77] gpu_pipeline_task: operator 'HASH_GROUP_BY' (id=4) output batch 0 column count mismatch: got 13, expected 10
[2026-09-08 05:53:42.372] [warning] [gpu_pipeline_task.cpp:77] gpu_pipeline_task: operator 'HASH_GROUP_BY' (id=4) output batch 0 column count mismatch: got 13, expected 10
[2026-09-08 05:53:42.373] [warning] [gpu_pipeline_task.cpp:77] gpu_pipeline_task: operator 'HASH_GROUP_BY' (id=4) output batch 0 column count mismatch: got 13, expected 10
[2026-09-08 05:53:42.373] [warning] [gpu_pipeline_task.cpp:77] gpu_pipeline_task: operator 'HASH_GROUP_BY' (id=4) output batch 0 column count mismatch: got 13, expected 10
[2026-09-08 05:53:42.374] [warning] [gpu_pipeline_task.cpp:77] gpu_pipeline_task: operator 'HASH_GROUP_BY' (id=4) output batch 0 column count mismatch: got 13, expected 10
[2026-09-08 05:53:42.375] [warning] [gpu_pipeline_task.cpp:77] gpu_pipeline_task: operator 'HASH_GROUP_BY' (id=4) output batch 0 column count mismatch: got 13, expected 10
[2026-09-08 05:53:42.375] [warning] [gpu_pipeline_task.cpp:77] gpu_pipeline_task: operator 'HASH_GROUP_BY' (id=4) output batch 0 column count mismatch: got 13, expected 10
[2026-09-08 05:53:42.376] [warning] [gpu_pipeline_task.cpp:77] gpu_pipeline_task: operator 'HASH_GROUP_BY' (id=4) output batch 0 column count mismatch: got 13, expected 10
[2026-09-08 05:53:42.376] [warning] [gpu_pipeline_task.cpp:77] gpu_pipeline_task: operator 'HASH_GROUP_BY' (id=4) output batch 0 column count mismatch: got 13, expected 10
[2026-09-08 05:53:42.377] [warning] [gpu_pipeline_task.cpp:77] gpu_pipeline_task: operator 'HASH_GROUP_BY' (id=4) output batch 0 column count mismatch: got 13, expected 10
[2026-09-08 05:53:42.378] [warning] [gpu_pipeline_task.cpp:77] gpu_pipeline_task: operator 'HASH_GROUP_BY' (id=4) output batch 0 column count mismatch: got 13, expected 10
[2026-09-08 05:53:42.379] [warning] [gpu_pipeline_task.cpp:77] gpu_pipeline_task: operator 'HASH_GROUP_BY' (id=4) output batch 0 column count mismatch: got 13, expected 10
[2026-09-08 05:53:42.389] [warning] [gpu_pipeline_task.cpp:77] gpu_pipeline_task: operator 'HASH_GROUP_BY' (id=4) output batch 0 column count mismatch: got 13, expected 10
[2026-09-08 05:53:42.390] [warning] [gpu_pipeline_task.cpp:77] gpu_pipeline_task: operator 'HASH_GROUP_BY' (id=4) output batch 0 column count mismatch: got 13, expected 10
[2026-09-08 05:53:42.394] [warning] [gpu_pipeline_task.cpp:77] gpu_pipeline_task: operator 'HASH_GROUP_BY' (id=4) output batch 0 column count mismatch: got 13, expected 10
[2026-09-08 05:53:42.394] [warning] [gpu_pipeline_task.cpp:77] gpu_pipeline_task: operator 'HASH_GROUP_BY' (id=4) output batch 0 column count mismatch: got 13, expected 10
[2026-09-08 05:53:42.395] [warning] [gpu_pipeline_task.cpp:77] gpu_pipeline_task: operator 'HASH_GROUP_BY' (id=4) output batch 0 column count mismatch: got 13, expected 10
[2026-09-08 05:53:42.397] [warning] [gpu_pipeline_task.cpp:77] gpu_pipeline_task: operator 'HASH_GROUP_BY' (id=4) output batch 0 column count mismatch: got 13, expected 10
[2026-09-08 05:53:42.401] [warning] [gpu_pipeline_task.cpp:77] gpu_pipeline_task: operator 'HASH_GROUP_BY' (id=4) output batch 0 column count mismatch: got 13, expected 10
[2026-09-08 05:53:42.404] [warning] [gpu_pipeline_task.cpp:77] gpu_pipeline_task: operator 'HASH_GROUP_BY' (id=4) output batch 0 column count mismatch: got 13, expected 10
[2026-09-08 05:53:42.404] [warning] [gpu_pipeline_task.cpp:77] gpu_pipeline_task: operator 'HASH_GROUP_BY' (id=4) output batch 0 column count mismatch: got 13, expected 10
[2026-09-08 05:53:42.409] [warning] [gpu_pipeline_task.cpp:77] gpu_pipeline_task: operator 'HASH_GROUP_BY' (id=4) output batch 0 column count mismatch: got 13, expected 10
[2026-09-08 05:53:42.410] [warning] [gpu_pipeline_task.cpp:77] gpu_pipeline_task: operator 'HASH_GROUP_BY' (id=4) output batch 0 column count mismatch: got 13, expected 10
[2026-09-08 05:53:42.410] [warning] [gpu_pipeline_task.cpp:77] gpu_pipeline_task: operator 'HASH_GROUP_BY' (id=4) output batch 0 column count mismatch: got 13, expected 10
[2026-09-08 05:53:42.414] [warning] [gpu_pipeline_task.cpp:77] gpu_pipeline_task: operator 'HASH_GROUP_BY' (id=4) output batch 0 column count mismatch: got 13, expected 10
[2026-09-08 05:53:42.417] [warning] [gpu_pipeline_task.cpp:77] gpu_pipeline_task: operator 'HASH_GROUP_BY' (id=4) output batch 0 column count mismatch: got 13, expected 10
[2026-09-08 05:53:42.417] [warning] [gpu_pipeline_task.cpp:77] gpu_pipeline_task: operator 'HASH_GROUP_BY' (id=4) output batch 0 column count mismatch: got 13, expected 10
[2026-09-08 05:53:42.419] [warning] [gpu_pipeline_task.cpp:77] gpu_pipeline_task: operator 'HASH_GROUP_BY' (id=4) output batch 0 column count mismatch: got 13, expected 10
[2026-09-08 05:53:42.420] [warning] [gpu_pipeline_task.cpp:77] gpu_pipeline_task: operator 'HASH_GROUP_BY' (id=4) output batch 0 column count mismatch: got 13, expected 10
[2026-09-08 05:53:42.424] [warning] [gpu_pipeline_task.cpp:77] gpu_pipeline_task: operator 'HASH_GROUP_BY' (id=4) output batch 0 column count mismatch: got 13, expected 10
[2026-09-08 05:53:42.424] [warning] [gpu_pipeline_task.cpp:77] gpu_pipeline_task: operator 'HASH_GROUP_BY' (id=4) output batch 0 column count mismatch: got 13, expected 10
[2026-09-08 05:53:42.424] [warning] [gpu_pipeline_task.cpp:77] gpu_pipeline_task: operator 'HASH_GROUP_BY' (id=4) output batch 0 column count mismatch: got 13, expected 10
[2026-09-08 05:53:42.425] [warning] [gpu_pipeline_task.cpp:77] gpu_pipeline_task: operator 'HASH_GROUP_BY' (id=4) output batch 0 column count mismatch: got 13, expected 10
[2026-09-08 05:53:42.425] [warning] [gpu_pipeline_task.cpp:77] gpu_pipeline_task: operator 'HASH_GROUP_BY' (id=4) output batch 0 column count mismatch: got 13, expected 10
[2026-09-08 05:53:42.426] [warning] [gpu_pipeline_task.cpp:77] gpu_pipeline_task: operator 'HASH_GROUP_BY' (id=4) output batch 0 column count mismatch: got 13, expected 10
[2026-09-08 05:53:42.427] [warning] [gpu_pipeline_task.cpp:77] gpu_pipeline_task: operator 'HASH_GROUP_BY' (id=4) output batch 0 column count mismatch: got 13, expected 10
[2026-09-08 05:53:42.428] [warning] [gpu_pipeline_task.cpp:77] gpu_pipeline_task: operator 'HASH_GROUP_BY' (id=4) output batch 0 column count mismatch: got 13, expected 10
[2026-09-08 05:53:42.429] [warning] [gpu_pipeline_task.cpp:77] gpu_pipeline_task: operator 'HASH_GROUP_BY' (id=4) output batch 0 column count mismatch: got 13, expected 10
[2026-09-08 05:53:42.429] [warning] [gpu_pipeline_task.cpp:77] gpu_pipeline_task: operator 'HASH_GROUP_BY' (id=4) output batch 0 column count mismatch: got 13, expected 10
[2026-09-08 05:53:42.430] [warning] [gpu_pipeline_task.cpp:77] gpu_pipeline_task: operator 'HASH_GROUP_BY' (id=4) output batch 0 column count mismatch: got 13, expected 10
[2026-09-08 05:53:42.430] [warning] [gpu_pipeline_task.cpp:77] gpu_pipeline_task: operator 'HASH_GROUP_BY' (id=4) output batch 0 column count mismatch: got 13, expected 10
[2026-09-08 05:53:42.431] [warning] [gpu_pipeline_task.cpp:77] gpu_pipeline_task: operator 'HASH_GROUP_BY' (id=4) output batch 0 column count mismatch: got 13, expected 10
[2026-09-08 05:53:42.431] [warning] [gpu_pipeline_task.cpp:77] gpu_pipeline_task: operator 'HASH_GROUP_BY' (id=4) output batch 0 column count mismatch: got 13, expected 10
[2026-09-08 05:53:42.433] [warning] [gpu_pipeline_task.cpp:77] gpu_pipeline_task: operator 'HASH_GROUP_BY' (id=4) output batch 0 column count mismatch: got 13, expected 10
[2026-09-08 05:53:42.433] [warning] [gpu_pipeline_task.cpp:77] gpu_pipeline_task: operator 'HASH_GROUP_BY' (id=4) output batch 0 column count mismatch: got 13, expected 10
[2026-09-08 05:53:42.433] [warning] [gpu_pipeline_task.cpp:77] gpu_pipeline_task: operator 'HASH_GROUP_BY' (id=4) output batch 0 column count mismatch: got 13, expected 10
[2026-09-08 05:53:42.435] [warning] [gpu_pipeline_task.cpp:77] gpu_pipeline_task: operator 'HASH_GROUP_BY' (id=4) output batch 0 column count mismatch: got 13, expected 10
[2026-09-08 05:53:42.436] [warning] [gpu_pipeline_task.cpp:77] gpu_pipeline_task: operator 'HASH_GROUP_BY' (id=4) output batch 0 column count mismatch: got 13, expected 10
[2026-09-08 05:53:42.436] [warning] [gpu_pipeline_task.cpp:77] gpu_pipeline_task: operator 'HASH_GROUP_BY' (id=4) output batch 0 column count mismatch: got 13, expected 10
[2026-09-08 05:53:42.437] [warning] [gpu_pipeline_task.cpp:77] gpu_pipeline_task: operator 'HASH_GROUP_BY' (id=4) output batch 0 column count mismatch: got 13, expected 10
[2026-09-08 05:53:42.448] [warning] [gpu_pipeline_task.cpp:77] gpu_pipeline_task: operator 'HASH_GROUP_BY' (id=4) output batch 0 column count mismatch: got 13, expected 10
[2026-09-08 05:53:42.451] [warning] [gpu_pipeline_task.cpp:77] gpu_pipeline_task: operator 'HASH_GROUP_BY' (id=4) output batch 0 column count mismatch: got 13, expected 10
[2026-09-08 05:53:42.451] [warning] [gpu_pipeline_task.cpp:77] gpu_pipeline_task: operator 'HASH_GROUP_BY' (id=4) output batch 0 column count mismatch: got 13, expected 10
[2026-09-08 05:53:42.452] [warning] [gpu_pipeline_task.cpp:77] gpu_pipeline_task: operator 'HASH_GROUP_BY' (id=4) output batch 0 column count mismatch: got 13, expected 10
[2026-09-08 05:53:42.455] [warning] [gpu_pipeline_task.cpp:77] gpu_pipeline_task: operator 'HASH_GROUP_BY' (id=4) output batch 0 column count mismatch: got 13, expected 10
[2026-09-08 05:53:42.455] [warning] [gpu_pipeline_task.cpp:77] gpu_pipeline_task: operator 'HASH_GROUP_BY' (id=4) output batch 0 column count mismatch: got 13, expected 10
[2026-09-08 05:53:42.455] [warning] [gpu_pipeline_task.cpp:77] gpu_pipeline_task: operator 'HASH_GROUP_BY' (id=4) output batch 0 column count mismatch: got 13, expected 10
[2026-09-08 05:53:42.458] [warning] [gpu_pipeline_task.cpp:77] gpu_pipeline_task: operator 'HASH_GROUP_BY' (id=4) output batch 0 column count mismatch: got 13, expected 10
[2026-09-08 05:53:42.463] [warning] [gpu_pipeline_task.cpp:77] gpu_pipeline_task: operator 'HASH_GROUP_BY' (id=4) output batch 0 column count mismatch: got 13, expected 10
[2026-09-08 05:53:42.466] [warning] [gpu_pipeline_task.cpp:77] gpu_pipeline_task: operator 'HASH_GROUP_BY' (id=4) output batch 0 column count mismatch: got 13, expected 10
[2026-09-08 05:53:42.466] [warning] [gpu_pipeline_task.cpp:77] gpu_pipeline_task: operator 'HASH_GROUP_BY' (id=4) output batch 0 column count mismatch: got 13, expected 10
[2026-09-08 05:53:42.467] [warning] [gpu_pipeline_task.cpp:77] gpu_pipeline_task: operator 'HASH_GROUP_BY' (id=4) output batch 0 column count mismatch: got 13, expected 10
[2026-09-08 05:53:42.471] [warning] [gpu_pipeline_task.cpp:77] gpu_pipeline_task: operator 'HASH_GROUP_BY' (id=4) output batch 0 column count mismatch: got 13, expected 10
[2026-09-08 05:53:42.471] [warning] [gpu_pipeline_task.cpp:77] gpu_pipeline_task: operator 'HASH_GROUP_BY' (id=4) output batch 0 column count mismatch: got 13, expected 10
[2026-09-08 05:53:42.472] [warning] [gpu_pipeline_task.cpp:77] gpu_pipeline_task: operator 'HASH_GROUP_BY' (id=4) output batch 0 column count mismatch: got 13, expected 10
[2026-09-08 05:53:42.474] [warning] [gpu_pipeline_task.cpp:77] gpu_pipeline_task: operator 'HASH_GROUP_BY' (id=4) output batch 0 column count mismatch: got 13, expected 10
[2026-09-08 05:53:42.476] [warning] [gpu_pipeline_task.cpp:77] gpu_pipeline_task: operator 'HASH_GROUP_BY' (id=4) output batch 0 column count mismatch: got 13, expected 10
[2026-09-08 05:53:42.478] [warning] [gpu_pipeline_task.cpp:77] gpu_pipeline_task: operator 'HASH_GROUP_BY' (id=4) output batch 0 column count mismatch: got 13, expected 10
[2026-09-08 05:53:42.478] [warning] [gpu_pipeline_task.cpp:77] gpu_pipeline_task: operator 'HASH_GROUP_BY' (id=4) output batch 0 column count mismatch: got 13, expected 10
[2026-09-08 05:53:42.479] [warning] [gpu_pipeline_task.cpp:77] gpu_pipeline_task: operator 'HASH_GROUP_BY' (id=4) output batch 0 column count mismatch: got 13, expected 10
[2026-09-08 05:53:42.480] [warning] [gpu_pipeline_task.cpp:77] gpu_pipeline_task: operator 'HASH_GROUP_BY' (id=4) output batch 0 column count mismatch: got 13, expected 10
[2026-09-08 05:53:42.481] [warning] [gpu_pipeline_task.cpp:77] gpu_pipeline_task: operator 'HASH_GROUP_BY' (id=4) output batch 0 column count mismatch: got 13, expected 10
[2026-09-08 05:53:42.481] [warning] [gpu_pipeline_task.cpp:77] gpu_pipeline_task: operator 'HASH_GROUP_BY' (id=4) output batch 0 column count mismatch: got 13, expected 10
[2026-09-08 05:53:42.483] [warning] [gpu_pipeline_task.cpp:77] gpu_pipeline_task: operator 'HASH_GROUP_BY' (id=4) output batch 0 column count mismatch: got 13, expected 10
[2026-09-08 05:53:42.487] [warning] [gpu_pipeline_task.cpp:77] gpu_pipeline_task: operator 'HASH_GROUP_BY' (id=4) output batch 0 column count mismatch: got 13, expected 10
[2026-09-08 05:53:42.490] [warning] [gpu_pipeline_task.cpp:77] gpu_pipeline_task: operator 'HASH_GROUP_BY' (id=4) output batch 0 column count mismatch: got 13, expected 10
[2026-09-08 05:53:42.490] [warning] [gpu_pipeline_task.cpp:77] gpu_pipeline_task: operator 'HASH_GROUP_BY' (id=4) output batch 0 column count mismatch: got 13, expected 10
[2026-09-08 05:53:42.492] [warning] [gpu_pipeline_task.cpp:77] gpu_pipeline_task: operator 'HASH_GROUP_BY' (id=4) output batch 0 column count mismatch: got 13, expected 10
[2026-09-08 05:53:42.493] [warning] [gpu_pipeline_task.cpp:77] gpu_pipeline_task: operator 'HASH_GROUP_BY' (id=4) output batch 0 column count mismatch: got 13, expected 10
[2026-09-08 05:53:42.496] [warning] [gpu_pipeline_task.cpp:77] gpu_pipeline_task: operator 'HASH_GROUP_BY' (id=4) output batch 0 column count mismatch: got 13, expected 10
[2026-09-08 05:53:42.500] [warning] [gpu_pipeline_task.cpp:77] gpu_pipeline_task: operator 'HASH_GROUP_BY' (id=4) output batch 0 column count mismatch: got 13, expected 10
[2026-09-08 05:53:42.501] [warning] [gpu_pipeline_task.cpp:77] gpu_pipeline_task: operator 'HASH_GROUP_BY' (id=4) output batch 0 column count mismatch: got 13, expected 10
[2026-09-08 05:53:42.505] [warning] [gpu_pipeline_task.cpp:77] gpu_pipeline_task: operator 'HASH_GROUP_BY' (id=4) output batch 0 column count mismatch: got 13, expected 10
[2026-09-08 05:53:42.505] [warning] [gpu_pipeline_task.cpp:77] gpu_pipeline_task: operator 'HASH_GROUP_BY' (id=4) output batch 0 column count mismatch: got 13, expected 10
[2026-09-08 05:53:42.505] [warning] [gpu_pipeline_task.cpp:77] gpu_pipeline_task: operator 'HASH_GROUP_BY' (id=4) output batch 0 column count mismatch: got 13, expected 10
[2026-09-08 05:53:42.508] [warning] [gpu_pipeline_task.cpp:77] gpu_pipeline_task: operator 'HASH_GROUP_BY' (id=4) output batch 0 column count mismatch: got 13, expected 10
[2026-09-08 05:53:42.511] [warning] [gpu_pipeline_task.cpp:77] gpu_pipeline_task: operator 'HASH_GROUP_BY' (id=4) output batch 0 column count mismatch: got 13, expected 10
[2026-09-08 05:53:42.512] [warning] [gpu_pipeline_task.cpp:77] gpu_pipeline_task: operator 'HASH_GROUP_BY' (id=4) output batch 0 column count mismatch: got 13, expected 10
[2026-09-08 05:53:42.513] [warning] [gpu_pipeline_task.cpp:77] gpu_pipeline_task: operator 'HASH_GROUP_BY' (id=4) output batch 0 column count mismatch: got 13, expected 10
[2026-09-08 05:53:42.517] [warning] [gpu_pipeline_task.cpp:77] gpu_pipeline_task: operator 'HASH_GROUP_BY' (id=4) output batch 0 column count mismatch: got 13, expected 10
[2026-09-08 05:53:42.517] [warning] [gpu_pipeline_task.cpp:77] gpu_pipeline_task: operator 'HASH_GROUP_BY' (id=4) output batch 0 column count mismatch: got 13, expected 10
[2026-09-08 05:53:42.519] [warning] [gpu_pipeline_task.cpp:77] gpu_pipeline_task: operator 'HASH_GROUP_BY' (id=4) output batch 0 column count mismatch: got 13, expected 10
[2026-09-08 05:53:42.520] [warning] [gpu_pipeline_task.cpp:77] gpu_pipeline_task: operator 'HASH_GROUP_BY' (id=4) output batch 0 column count mismatch: got 13, expected 10
[2026-09-08 05:53:42.521] [warning] [gpu_pipeline_task.cpp:77] gpu_pipeline_task: operator 'HASH_GROUP_BY' (id=4) output batch 0 column count mismatch: got 13, expected 10
[2026-09-08 05:53:42.521] [warning] [gpu_pipeline_task.cpp:77] gpu_pipeline_task: operator 'HASH_GROUP_BY' (id=4) output batch 0 column count mismatch: got 13, expected 10
[2026-09-08 05:53:42.522] [warning] [gpu_pipeline_task.cpp:77] gpu_pipeline_task: operator 'HASH_GROUP_BY' (id=4) output batch 0 column count mismatch: got 13, expected 10
[2026-09-08 05:53:42.522] [warning] [gpu_pipeline_task.cpp:77] gpu_pipeline_task: operator 'HASH_GROUP_BY' (id=4) output batch 0 column count mismatch: got 13, expected 10
[2026-09-08 05:53:42.522] [warning] [gpu_pipeline_task.cpp:77] gpu_pipeline_task: operator 'HASH_GROUP_BY' (id=4) output batch 0 column count mismatch: got 13, expected 10
[2026-09-08 05:53:42.524] [warning] [gpu_pipeline_task.cpp:77] gpu_pipeline_task: operator 'HASH_GROUP_BY' (id=4) output batch 0 column count mismatch: got 13, expected 10
[2026-09-08 05:53:42.524] [warning] [gpu_pipeline_task.cpp:77] gpu_pipeline_task: operator 'HASH_GROUP_BY' (id=4) output batch 0 column count mismatch: got 13, expected 10
[2026-09-08 05:53:42.524] [warning] [gpu_pipeline_task.cpp:77] gpu_pipeline_task: operator 'HASH_GROUP_BY' (id=4) output batch 0 column count mismatch: got 13, expected 10
[2026-09-08 05:53:42.525] [warning] [gpu_pipeline_task.cpp:77] gpu_pipeline_task: operator 'HASH_GROUP_BY' (id=4) output batch 0 column count mismatch: got 13, expected 10
[2026-09-08 05:53:42.525] [warning] [gpu_pipeline_task.cpp:77] gpu_pipeline_task: operator 'HASH_GROUP_BY' (id=4) output batch 0 column count mismatch: got 13, expected 10
[2026-09-08 05:53:42.525] [warning] [gpu_pipeline_task.cpp:77] gpu_pipeline_task: operator 'HASH_GROUP_BY' (id=4) output batch 0 column count mismatch: got 13, expected 10
[2026-09-08 05:53:42.525] [warning] [gpu_pipeline_task.cpp:77] gpu_pipeline_task: operator 'HASH_GROUP_BY' (id=4) output batch 0 column count mismatch: got 13, expected 10
[2026-09-08 05:53:42.525] [warning] [gpu_pipeline_task.cpp:77] gpu_pipeline_task: operator 'HASH_GROUP_BY' (id=4) output batch 0 column count mismatch: got 13, expected 10
[2026-09-08 05:53:42.533] [warning] [gpu_pipeline_task.cpp:77] gpu_pipeline_task: operator 'HASH_GROUP_BY' (id=4) output batch 0 column count mismatch: got 13, expected 10
[2026-09-08 05:53:42.537] [warning] [gpu_pipeline_task.cpp:77] gpu_pipeline_task: operator 'HASH_GROUP_BY' (id=4) output batch 0 column count mismatch: got 13, expected 10
[2026-09-08 05:53:42.537] [warning] [gpu_pipeline_task.cpp:77] gpu_pipeline_task: operator 'HASH_GROUP_BY' (id=4) output batch 0 column count mismatch: got 13, expected 10
[2026-09-08 05:53:42.539] [warning] [gpu_pipeline_task.cpp:77] gpu_pipeline_task: operator 'HASH_GROUP_BY' (id=4) output batch 0 column count mismatch: got 13, expected 10
[2026-09-08 05:53:42.540] [warning] [gpu_pipeline_task.cpp:77] gpu_pipeline_task: operator 'HASH_GROUP_BY' (id=4) output batch 0 column count mismatch: got 13, expected 10
[2026-09-08 05:53:42.541] [warning] [gpu_pipeline_task.cpp:77] gpu_pipeline_task: operator 'HASH_GROUP_BY' (id=4) output batch 0 column count mismatch: got 13, expected 10
[2026-09-08 05:53:42.542] [warning] [gpu_pipeline_task.cpp:77] gpu_pipeline_task: operator 'HASH_GROUP_BY' (id=4) output batch 0 column count mismatch: got 13, expected 10
[2026-09-08 05:53:42.545] [warning] [gpu_pipeline_task.cpp:77] gpu_pipeline_task: operator 'HASH_GROUP_BY' (id=4) output batch 0 column count mismatch: got 13, expected 10
[2026-09-08 05:53:42.545] [warning] [gpu_pipeline_task.cpp:77] gpu_pipeline_task: operator 'HASH_GROUP_BY' (id=4) output batch 0 column count mismatch: got 13, expected 10
[2026-09-08 05:53:42.549] [warning] [gpu_pipeline_task.cpp:77] gpu_pipeline_task: operator 'HASH_GROUP_BY' (id=4) output batch 0 column count mismatch: got 13, expected 10
[2026-09-08 05:53:42.549] [warning] [gpu_pipeline_task.cpp:77] gpu_pipeline_task: operator 'HASH_GROUP_BY' (id=4) output batch 0 column count mismatch: got 13, expected 10
[2026-09-08 05:53:42.551] [warning] [gpu_pipeline_task.cpp:77] gpu_pipeline_task: operator 'HASH_GROUP_BY' (id=4) output batch 0 column count mismatch: got 13, expected 10
[2026-09-08 05:53:42.554] [warning] [gpu_pipeline_task.cpp:77] gpu_pipeline_task: operator 'HASH_GROUP_BY' (id=4) output batch 0 column count mismatch: got 13, expected 10
[2026-09-08 05:53:42.555] [warning] [gpu_pipeline_task.cpp:77] gpu_pipeline_task: operator 'HASH_GROUP_BY' (id=4) output batch 0 column count mismatch: got 13, expected 10
[2026-09-08 05:53:42.556] [warning] [gpu_pipeline_task.cpp:77] gpu_pipeline_task: operator 'HASH_GROUP_BY' (id=4) output batch 0 column count mismatch: got 13, expected 10
[2026-09-08 05:53:42.557] [warning] [gpu_pipeline_task.cpp:77] gpu_pipeline_task: operator 'HASH_GROUP_BY' (id=4) output batch 0 column count mismatch: got 13, expected 10
[2026-09-08 05:53:42.558] [warning] [gpu_pipeline_task.cpp:77] gpu_pipeline_task: operator 'HASH_GROUP_BY' (id=4) output batch 0 column count mismatch: got 13, expected 10
[2026-09-08 05:53:42.558] [warning] [gpu_pipeline_task.cpp:77] gpu_pipeline_task: operator 'HASH_GROUP_BY' (id=4) output batch 0 column count mismatch: got 13, expected 10
[2026-09-08 05:53:42.559] [warning] [gpu_pipeline_task.cpp:77] gpu_pipeline_task: operator 'HASH_GROUP_BY' (id=4) output batch 0 column count mismatch: got 13, expected 10
[2026-09-08 05:53:42.559] [warning] [gpu_pipeline_task.cpp:77] gpu_pipeline_task: operator 'HASH_GROUP_BY' (id=4) output batch 0 column count mismatch: got 13, expected 10
[2026-09-08 05:53:42.559] [warning] [gpu_pipeline_task.cpp:77] gpu_pipeline_task: operator 'HASH_GROUP_BY' (id=4) output batch 0 column count mismatch: got 13, expected 10
[2026-09-08 05:53:42.560] [warning] [gpu_pipeline_task.cpp:77] gpu_pipeline_task: operator 'HASH_GROUP_BY' (id=4) output batch 0 column count mismatch: got 13, expected 10
[2026-09-08 05:53:42.560] [warning] [gpu_pipeline_task.cpp:77] gpu_pipeline_task: operator 'HASH_GROUP_BY' (id=4) output batch 0 column count mismatch: got 13, expected 10
[2026-09-08 05:53:42.560] [warning] [gpu_pipeline_task.cpp:77] gpu_pipeline_task: operator 'HASH_GROUP_BY' (id=4) output batch 0 column count mismatch: got 13, expected 10
[2026-09-08 05:53:42.561] [warning] [gpu_pipeline_task.cpp:77] gpu_pipeline_task: operator 'HASH_GROUP_BY' (id=4) output batch 0 column count mismatch: got 13, expected 10
[2026-09-08 05:53:42.561] [warning] [gpu_pipeline_task.cpp:77] gpu_pipeline_task: operator 'HASH_GROUP_BY' (id=4) output batch 0 column count mismatch: got 13, expected 10
[2026-09-08 05:53:42.561] [warning] [gpu_pipeline_task.cpp:77] gpu_pipeline_task: operator 'HASH_GROUP_BY' (id=4) output batch 0 column count mismatch: got 13, expected 10
[2026-09-08 05:53:42.561] [warning] [gpu_pipeline_task.cpp:77] gpu_pipeline_task: operator 'HASH_GROUP_BY' (id=4) output batch 0 column count mismatch: got 13, expected 10
[2026-09-08 05:53:42.561] [warning] [gpu_pipeline_task.cpp:77] gpu_pipeline_task: operator 'HASH_GROUP_BY' (id=4) output batch 0 column count mismatch: got 13, expected 10
[2026-09-08 05:53:42.562] [warning] [gpu_pipeline_task.cpp:77] gpu_pipeline_task: operator 'HASH_GROUP_BY' (id=4) output batch 0 column count mismatch: got 13, expected 10
[2026-09-08 05:53:42.562] [warning] [gpu_pipeline_task.cpp:77] gpu_pipeline_task: operator 'HASH_GROUP_BY' (id=4) output batch 0 column count mismatch: got 13, expected 10
[2026-09-08 05:53:42.562] [warning] [gpu_pipeline_task.cpp:77] gpu_pipeline_task: operator 'HASH_GROUP_BY' (id=4) output batch 0 column count mismatch: got 13, expected 10
[2026-09-08 05:53:42.562] [warning] [gpu_pipeline_task.cpp:77] gpu_pipeline_task: operator 'HASH_GROUP_BY' (id=4) output batch 0 column count mismatch: got 13, expected 10
[2026-09-08 05:53:42.562] [warning] [gpu_pipeline_task.cpp:77] gpu_pipeline_task: operator 'HASH_GROUP_BY' (id=4) output batch 0 column count mismatch: got 13, expected 10
[2026-09-08 05:53:42.563] [warning] [gpu_pipeline_task.cpp:77] gpu_pipeline_task: operator 'HASH_GROUP_BY' (id=4) output batch 0 column count mismatch: got 13, expected 10
[2026-09-08 05:53:42.563] [warning] [gpu_pipeline_task.cpp:77] gpu_pipeline_task: operator 'HASH_GROUP_BY' (id=4) output batch 0 column count mismatch: got 13, expected 10
[2026-09-08 05:53:42.563] [warning] [gpu_pipeline_task.cpp:77] gpu_pipeline_task: operator 'HASH_GROUP_BY' (id=4) output batch 0 column count mismatch: got 13, expected 10
[2026-09-08 05:53:42.563] [warning] [gpu_pipeline_task.cpp:77] gpu_pipeline_task: operator 'HASH_GROUP_BY' (id=4) output batch 0 column count mismatch: got 13, expected 10
[2026-09-08 05:53:42.563] [warning] [gpu_pipeline_task.cpp:77] gpu_pipeline_task: operator 'HASH_GROUP_BY' (id=4) output batch 0 column count mismatch: got 13, expected 10
[2026-09-08 05:53:42.564] [warning] [gpu_pipeline_task.cpp:77] gpu_pipeline_task: operator 'HASH_GROUP_BY' (id=4) output batch 0 column count mismatch: got 13, expected 10
[2026-09-08 05:53:42.564] [warning] [gpu_pipeline_task.cpp:77] gpu_pipeline_task: operator 'HASH_GROUP_BY' (id=4) output batch 0 column count mismatch: got 13, expected 10
[2026-09-08 05:53:42.564] [warning] [gpu_pipeline_task.cpp:77] gpu_pipeline_task: operator 'HASH_GROUP_BY' (id=4) output batch 0 column count mismatch: got 13, expected 10
[2026-09-08 05:53:42.564] [warning] [gpu_pipeline_task.cpp:77] gpu_pipeline_task: operator 'HASH_GROUP_BY' (id=4) output batch 0 column count mismatch: got 13, expected 10
[2026-09-08 05:53:42.564] [warning] [gpu_pipeline_task.cpp:77] gpu_pipeline_task: operator 'HASH_GROUP_BY' (id=4) output batch 0 column count mismatch: got 13, expected 10
[2026-09-08 05:53:42.564] [warning] [gpu_pipeline_task.cpp:77] gpu_pipeline_task: operator 'HASH_GROUP_BY' (id=4) output batch 0 column count mismatch: got 13, expected 10
[2026-09-08 05:53:42.564] [warning] [gpu_pipeline_task.cpp:77] gpu_pipeline_task: operator 'HASH_GROUP_BY' (id=4) output batch 0 column count mismatch: got 13, expected 10
[2026-09-08 05:53:42.565] [warning] [gpu_pipeline_task.cpp:77] gpu_pipeline_task: operator 'HASH_GROUP_BY' (id=4) output batch 0 column count mismatch: got 13, expected 10
[2026-09-08 05:53:42.565] [warning] [gpu_pipeline_task.cpp:77] gpu_pipeline_task: operator 'HASH_GROUP_BY' (id=4) output batch 0 column count mismatch: got 13, expected 10
[2026-09-08 05:53:42.565] [warning] [gpu_pipeline_task.cpp:77] gpu_pipeline_task: operator 'HASH_GROUP_BY' (id=4) output batch 0 column count mismatch: got 13, expected 10
[2026-09-08 05:53:42.565] [warning] [gpu_pipeline_task.cpp:77] gpu_pipeline_task: operator 'HASH_GROUP_BY' (id=4) output batch 0 column count mismatch: got 13, expected 10
[2026-09-08 05:53:42.565] [warning] [gpu_pipeline_task.cpp:77] gpu_pipeline_task: operator 'HASH_GROUP_BY' (id=4) output batch 0 column count mismatch: got 13, expected 10
[2026-09-08 05:53:42.565] [warning] [gpu_pipeline_task.cpp:77] gpu_pipeline_task: operator 'HASH_GROUP_BY' (id=4) output batch 0 column count mismatch: got 13, expected 10
[2026-09-08 05:53:42.566] [warning] [gpu_pipeline_task.cpp:77] gpu_pipeline_task: operator 'HASH_GROUP_BY' (id=4) output batch 0 column count mismatch: got 13, expected 10
[2026-09-08 05:53:42.566] [warning] [gpu_pipeline_task.cpp:77] gpu_pipeline_task: operator 'HASH_GROUP_BY' (id=4) output batch 0 column count mismatch: got 13, expected 10
[2026-09-08 05:53:42.566] [warning] [gpu_pipeline_task.cpp:77] gpu_pipeline_task: operator 'HASH_GROUP_BY' (id=4) output batch 0 column count mismatch: got 13, expected 10
[2026-09-08 05:53:42.566] [warning] [gpu_pipeline_task.cpp:77] gpu_pipeline_task: operator 'HASH_GROUP_BY' (id=4) output batch 0 column count mismatch: got 13, expected 10
[2026-09-08 05:53:42.566] [warning] [gpu_pipeline_task.cpp:77] gpu_pipeline_task: operator 'HASH_GROUP_BY' (id=4) output batch 0 column count mismatch: got 13, expected 10
[2026-09-08 05:53:42.566] [warning] [gpu_pipeline_task.cpp:77] gpu_pipeline_task: operator 'HASH_GROUP_BY' (id=4) output batch 0 column count mismatch: got 13, expected 10
[2026-09-08 05:53:42.566] [warning] [gpu_pipeline_task.cpp:77] gpu_pipeline_task: operator 'HASH_GROUP_BY' (id=4) output batch 0 column count mismatch: got 13, expected 10
[2026-09-08 05:53:42.566] [warning] [gpu_pipeline_task.cpp:77] gpu_pipeline_task: operator 'HASH_GROUP_BY' (id=4) output batch 0 column count mismatch: got 13, expected 10
[2026-09-08 05:53:42.567] [warning] [gpu_pipeline_task.cpp:77] gpu_pipeline_task: operator 'HASH_GROUP_BY' (id=4) output batch 0 column count mismatch: got 13, expected 10
[2026-09-08 05:53:42.567] [warning] [gpu_pipeline_task.cpp:77] gpu_pipeline_task: operator 'HASH_GROUP_BY' (id=4) output batch 0 column count mismatch: got 13, expected 10
[2026-09-08 05:53:42.567] [warning] [gpu_pipeline_task.cpp:77] gpu_pipeline_task: operator 'HASH_GROUP_BY' (id=4) output batch 0 column count mismatch: got 13, expected 10
[2026-09-08 05:53:42.567] [warning] [gpu_pipeline_task.cpp:77] gpu_pipeline_task: operator 'HASH_GROUP_BY' (id=4) output batch 0 column count mismatch: got 13, expected 10
[2026-09-08 05:53:42.567] [warning] [gpu_pipeline_task.cpp:77] gpu_pipeline_task: operator 'HASH_GROUP_BY' (id=4) output batch 0 column count mismatch: got 13, expected 10
[2026-09-08 05:53:42.567] [warning] [gpu_pipeline_task.cpp:77] gpu_pipeline_task: operator 'HASH_GROUP_BY' (id=4) output batch 0 column count mismatch: got 13, expected 10
[2026-09-08 05:53:42.568] [warning] [gpu_pipeline_task.cpp:77] gpu_pipeline_task: operator 'HASH_GROUP_BY' (id=4) output batch 0 column count mismatch: got 13, expected 10
[2026-09-08 05:53:42.568] [warning] [gpu_pipeline_task.cpp:77] gpu_pipeline_task: operator 'HASH_GROUP_BY' (id=4) output batch 0 column count mismatch: got 13, expected 10
[2026-09-08 05:53:42.568] [warning] [gpu_pipeline_task.cpp:77] gpu_pipeline_task: operator 'HASH_GROUP_BY' (id=4) output batch 0 column count mismatch: got 13, expected 10
[2026-09-08 05:53:42.568] [warning] [gpu_pipeline_task.cpp:77] gpu_pipeline_task: operator 'HASH_GROUP_BY' (id=4) output batch 0 column count mismatch: got 13, expected 10
[2026-09-08 05:53:42.568] [warning] [gpu_pipeline_task.cpp:77] gpu_pipeline_task: operator 'HASH_GROUP_BY' (id=4) output batch 0 column count mismatch: got 13, expected 10
[2026-09-08 05:53:42.568] [warning] [gpu_pipeline_task.cpp:77] gpu_pipeline_task: operator 'HASH_GROUP_BY' (id=4) output batch 0 column count mismatch: got 13, expected 10
[2026-09-08 05:53:42.568] [warning] [gpu_pipeline_task.cpp:77] gpu_pipeline_task: operator 'HASH_GROUP_BY' (id=4) output batch 0 column count mismatch: got 13, expected 10
[2026-09-08 05:53:42.569] [warning] [gpu_pipeline_task.cpp:77] gpu_pipeline_task: operator 'HASH_GROUP_BY' (id=4) output batch 0 column count mismatch: got 13, expected 10
[2026-09-08 05:53:42.569] [warning] [gpu_pipeline_task.cpp:77] gpu_pipeline_task: operator 'HASH_GROUP_BY' (id=4) output batch 0 column count mismatch: got 13, expected 10
[2026-09-08 05:53:42.569] [warning] [gpu_pipeline_task.cpp:77] gpu_pipeline_task: operator 'HASH_GROUP_BY' (id=4) output batch 0 column count mismatch: got 13, expected 10
[2026-09-08 05:53:42.569] [warning] [gpu_pipeline_task.cpp:77] gpu_pipeline_task: operator 'HASH_GROUP_BY' (id=4) output batch 0 column count mismatch: got 13, expected 10
[2026-09-08 05:53:42.569] [warning] [gpu_pipeline_task.cpp:77] gpu_pipeline_task: operator 'HASH_GROUP_BY' (id=4) output batch 0 column count mismatch: got 13, expected 10
[2026-09-08 05:53:42.569] [warning] [gpu_pipeline_task.cpp:77] gpu_pipeline_task: operator 'HASH_GROUP_BY' (id=4) output batch 0 column count mismatch: got 13, expected 10
[2026-09-08 05:53:42.570] [warning] [gpu_pipeline_task.cpp:77] gpu_pipeline_task: operator 'HASH_GROUP_BY' (id=4) output batch 0 column count mismatch: got 13, expected 10
[2026-09-08 05:53:42.570] [warning] [gpu_pipeline_task.cpp:77] gpu_pipeline_task: operator 'HASH_GROUP_BY' (id=4) output batch 0 column count mismatch: got 13, expected 10
[2026-09-08 05:53:42.570] [warning] [gpu_pipeline_task.cpp:77] gpu_pipeline_task: operator 'HASH_GROUP_BY' (id=4) output batch 0 column count mismatch: got 13, expected 10
[2026-09-08 05:53:42.570] [warning] [gpu_pipeline_task.cpp:77] gpu_pipeline_task: operator 'HASH_GROUP_BY' (id=4) output batch 0 column count mismatch: got 13, expected 10
[2026-09-08 05:53:42.570] [warning] [gpu_pipeline_task.cpp:77] gpu_pipeline_task: operator 'HASH_GROUP_BY' (id=4) output batch 0 column count mismatch: got 13, expected 10
[2026-09-08 05:53:42.571] [warning] [gpu_pipeline_task.cpp:77] gpu_pipeline_task: operator 'HASH_GROUP_BY' (id=4) output batch 0 column count mismatch: got 13, expected 10
[2026-09-08 05:53:42.571] [warning] [gpu_pipeline_task.cpp:77] gpu_pipeline_task: operator 'HASH_GROUP_BY' (id=4) output batch 0 column count mismatch: got 13, expected 10
[2026-09-08 05:53:42.571] [warning] [gpu_pipeline_task.cpp:77] gpu_pipeline_task: operator 'HASH_GROUP_BY' (id=4) output batch 0 column count mismatch: got 13, expected 10
[2026-09-08 05:53:42.571] [warning] [gpu_pipeline_task.cpp:77] gpu_pipeline_task: operator 'HASH_GROUP_BY' (id=4) output batch 0 column count mismatch: got 13, expected 10
[2026-09-08 05:53:42.571] [warning] [gpu_pipeline_task.cpp:77] gpu_pipeline_task: operator 'HASH_GROUP_BY' (id=4) output batch 0 column count mismatch: got 13, expected 10
[2026-09-08 05:53:42.571] [warning] [gpu_pipeline_task.cpp:77] gpu_pipeline_task: operator 'HASH_GROUP_BY' (id=4) output batch 0 column count mismatch: got 13, expected 10
[2026-09-08 05:53:42.571] [warning] [gpu_pipeline_task.cpp:77] gpu_pipeline_task: operator 'HASH_GROUP_BY' (id=4) output batch 0 column count mismatch: got 13, expected 10
[2026-09-08 05:53:42.571] [warning] [gpu_pipeline_task.cpp:77] gpu_pipeline_task: operator 'HASH_GROUP_BY' (id=4) output batch 0 column count mismatch: got 13, expected 10
[2026-09-08 05:53:42.572] [warning] [gpu_pipeline_task.cpp:77] gpu_pipeline_task: operator 'HASH_GROUP_BY' (id=4) output batch 0 column count mismatch: got 13, expected 10
[2026-09-08 05:53:42.572] [warning] [gpu_pipeline_task.cpp:77] gpu_pipeline_task: operator 'HASH_GROUP_BY' (id=4) output batch 0 column count mismatch: got 13, expected 10
[2026-09-08 05:53:42.572] [warning] [gpu_pipeline_task.cpp:77] gpu_pipeline_task: operator 'HASH_GROUP_BY' (id=4) output batch 0 column count mismatch: got 13, expected 10
[2026-09-08 05:53:42.572] [warning] [gpu_pipeline_task.cpp:77] gpu_pipeline_task: operator 'PARTITION' (id=5) output batch 0 column count mismatch: got 13, expected 10
[2026-09-08 05:53:42.572] [warning] [gpu_pipeline_task.cpp:77] gpu_pipeline_task: operator 'PARTITION' (id=5) output batch 0 column count mismatch: got 13, expected 10
[2026-09-08 05:53:42.572] [warning] [gpu_pipeline_task.cpp:77] gpu_pipeline_task: operator 'PARTITION' (id=5) output batch 0 column count mismatch: got 13, expected 10
[2026-09-08 05:53:42.572] [warning] [gpu_pipeline_task.cpp:77] gpu_pipeline_task: operator 'PARTITION' (id=5) output batch 0 column count mismatch: got 13, expected 10
[2026-09-08 05:53:42.572] [warning] [gpu_pipeline_task.cpp:77] gpu_pipeline_task: operator 'PARTITION' (id=5) output batch 0 column count mismatch: got 13, expected 10
[2026-09-08 05:53:42.572] [warning] [gpu_pipeline_task.cpp:77] gpu_pipeline_task: operator 'PARTITION' (id=5) output batch 0 column count mismatch: got 13, expected 10
[2026-09-08 05:53:42.572] [warning] [gpu_pipeline_task.cpp:77] gpu_pipeline_task: operator 'PARTITION' (id=5) output batch 0 column count mismatch: got 13, expected 10
[2026-09-08 05:53:42.573] [warning] [gpu_pipeline_task.cpp:77] gpu_pipeline_task: operator 'PARTITION' (id=5) output batch 0 column count mismatch: got 13, expected 10
[2026-09-08 05:53:42.573] [warning] [gpu_pipeline_task.cpp:77] gpu_pipeline_task: operator 'PARTITION' (id=5) output batch 0 column count mismatch: got 13, expected 10
[2026-09-08 05:53:42.573] [warning] [gpu_pipeline_task.cpp:77] gpu_pipeline_task: operator 'PARTITION' (id=5) output batch 0 column count mismatch: got 13, expected 10
[2026-09-08 05:53:42.573] [warning] [gpu_pipeline_task.cpp:77] gpu_pipeline_task: operator 'PARTITION' (id=5) output batch 0 column count mismatch: got 13, expected 10
[2026-09-08 05:53:42.573] [warning] [gpu_pipeline_task.cpp:77] gpu_pipeline_task: operator 'PARTITION' (id=5) output batch 0 column count mismatch: got 13, expected 10
[2026-09-08 05:53:42.573] [warning] [gpu_pipeline_task.cpp:77] gpu_pipeline_task: operator 'PARTITION' (id=5) output batch 0 column count mismatch: got 13, expected 10
[2026-09-08 05:53:42.573] [warning] [gpu_pipeline_task.cpp:77] gpu_pipeline_task: operator 'PARTITION' (id=5) output batch 0 column count mismatch: got 13, expected 10
[2026-09-08 05:53:42.573] [warning] [gpu_pipeline_task.cpp:77] gpu_pipeline_task: operator 'PARTITION' (id=5) output batch 0 column count mismatch: got 13, expected 10
[2026-09-08 05:53:42.573] [warning] [gpu_pipeline_task.cpp:77] gpu_pipeline_task: operator 'PARTITION' (id=5) output batch 0 column count mismatch: got 13, expected 10
[2026-09-08 05:53:42.573] [warning] [gpu_pipeline_task.cpp:77] gpu_pipeline_task: operator 'PARTITION' (id=5) output batch 0 column count mismatch: got 13, expected 10
[2026-09-08 05:53:42.573] [warning] [gpu_pipeline_task.cpp:77] gpu_pipeline_task: operator 'PARTITION' (id=5) output batch 0 column count mismatch: got 13, expected 10
[2026-09-08 05:53:42.573] [warning] [gpu_pipeline_task.cpp:77] gpu_pipeline_task: operator 'PARTITION' (id=5) output batch 0 column count mismatch: got 13, expected 10
[2026-09-08 05:53:42.573] [warning] [gpu_pipeline_task.cpp:77] gpu_pipeline_task: operator 'PARTITION' (id=5) output batch 0 column count mismatch: got 13, expected 10
[2026-09-08 05:53:42.573] [warning] [gpu_pipeline_task.cpp:77] gpu_pipeline_task: operator 'PARTITION' (id=5) output batch 0 column count mismatch: got 13, expected 10
[2026-09-08 05:53:42.573] [warning] [gpu_pipeline_task.cpp:77] gpu_pipeline_task: operator 'PARTITION' (id=5) output batch 0 column count mismatch: got 13, expected 10
[2026-09-08 05:53:42.573] [warning] [gpu_pipeline_task.cpp:77] gpu_pipeline_task: operator 'PARTITION' (id=5) output batch 0 column count mismatch: got 13, expected 10
[2026-09-08 05:53:42.573] [warning] [gpu_pipeline_task.cpp:77] gpu_pipeline_task: operator 'PARTITION' (id=5) output batch 0 column count mismatch: got 13, expected 10
[2026-09-08 05:53:42.573] [warning] [gpu_pipeline_task.cpp:77] gpu_pipeline_task: operator 'PARTITION' (id=5) output batch 0 column count mismatch: got 13, expected 10
[2026-09-08 05:53:42.573] [warning] [gpu_pipeline_task.cpp:77] gpu_pipeline_task: operator 'PARTITION' (id=5) output batch 0 column count mismatch: got 13, expected 10
[2026-09-08 05:53:42.573] [warning] [gpu_pipeline_task.cpp:77] gpu_pipeline_task: operator 'PARTITION' (id=5) output batch 0 column count mismatch: got 13, expected 10
[2026-09-08 05:53:42.573] [warning] [gpu_pipeline_task.cpp:77] gpu_pipeline_task: operator 'PARTITION' (id=5) output batch 0 column count mismatch: got 13, expected 10
[2026-09-08 05:53:42.573] [warning] [gpu_pipeline_task.cpp:77] gpu_pipeline_task: operator 'PARTITION' (id=5) output batch 0 column count mismatch: got 13, expected 10
[2026-09-08 05:53:42.573] [warning] [gpu_pipeline_task.cpp:77] gpu_pipeline_task: operator 'PARTITION' (id=5) output batch 0 column count mismatch: got 13, expected 10
[2026-09-08 05:53:42.573] [warning] [gpu_pipeline_task.cpp:77] gpu_pipeline_task: operator 'PARTITION' (id=5) output batch 0 column count mismatch: got 13, expected 10
[2026-09-08 05:53:42.573] [warning] [gpu_pipeline_task.cpp:77] gpu_pipeline_task: operator 'PARTITION' (id=5) output batch 0 column count mismatch: got 13, expected 10
[2026-09-08 05:53:42.573] [warning] [gpu_pipeline_task.cpp:77] gpu_pipeline_task: operator 'PARTITION' (id=5) output batch 0 column count mismatch: got 13, expected 10
[2026-09-08 05:53:42.573] [warning] [gpu_pipeline_task.cpp:77] gpu_pipeline_task: operator 'PARTITION' (id=5) output batch 0 column count mismatch: got 13, expected 10
[2026-09-08 05:53:42.573] [warning] [gpu_pipeline_task.cpp:77] gpu_pipeline_task: operator 'PARTITION' (id=5) output batch 0 column count mismatch: got 13, expected 10
[2026-09-08 05:53:42.573] [warning] [gpu_pipeline_task.cpp:77] gpu_pipeline_task: operator 'PARTITION' (id=5) output batch 0 column count mismatch: got 13, expected 10
[2026-09-08 05:53:42.573] [warning] [gpu_pipeline_task.cpp:77] gpu_pipeline_task: operator 'PARTITION' (id=5) output batch 0 column count mismatch: got 13, expected 10
[2026-09-08 05:53:42.573] [warning] [gpu_pipeline_task.cpp:77] gpu_pipeline_task: operator 'PARTITION' (id=5) output batch 0 column count mismatch: got 13, expected 10
[2026-09-08 05:53:42.573] [warning] [gpu_pipeline_task.cpp:77] gpu_pipeline_task: operator 'PARTITION' (id=5) output batch 0 column count mismatch: got 13, expected 10
[2026-09-08 05:53:42.573] [warning] [gpu_pipeline_task.cpp:77] gpu_pipeline_task: operator 'PARTITION' (id=5) output batch 0 column count mismatch: got 13, expected 10
[2026-09-08 05:53:42.573] [warning] [gpu_pipeline_task.cpp:77] gpu_pipeline_task: operator 'PARTITION' (id=5) output batch 0 column count mismatch: got 13, expected 10
[2026-09-08 05:53:42.573] [warning] [gpu_pipeline_task.cpp:77] gpu_pipeline_task: operator 'PARTITION' (id=5) output batch 0 column count mismatch: got 13, expected 10
[2026-09-08 05:53:42.573] [warning] [gpu_pipeline_task.cpp:77] gpu_pipeline_task: operator 'PARTITION' (id=5) output batch 0 column count mismatch: got 13, expected 10
[2026-09-08 05:53:42.573] [warning] [gpu_pipeline_task.cpp:77] gpu_pipeline_task: operator 'PARTITION' (id=5) output batch 0 column count mismatch: got 13, expected 10
[2026-09-08 05:53:42.573] [warning] [gpu_pipeline_task.cpp:77] gpu_pipeline_task: operator 'PARTITION' (id=5) output batch 0 column count mismatch: got 13, expected 10
[2026-09-08 05:53:42.573] [warning] [gpu_pipeline_task.cpp:77] gpu_pipeline_task: operator 'PARTITION' (id=5) output batch 0 column count mismatch: got 13, expected 10
[2026-09-08 05:53:42.573] [warning] [gpu_pipeline_task.cpp:77] gpu_pipeline_task: operator 'PARTITION' (id=5) output batch 0 column count mismatch: got 13, expected 10
[2026-09-08 05:53:42.573] [warning] [gpu_pipeline_task.cpp:77] gpu_pipeline_task: operator 'PARTITION' (id=5) output batch 0 column count mismatch: got 13, expected 10
[2026-09-08 05:53:42.573] [warning] [gpu_pipeline_task.cpp:77] gpu_pipeline_task: operator 'PARTITION' (id=5) output batch 0 column count mismatch: got 13, expected 10
[2026-09-08 05:53:42.573] [warning] [gpu_pipeline_task.cpp:77] gpu_pipeline_task: operator 'PARTITION' (id=5) output batch 0 column count mismatch: got 13, expected 10
[2026-09-08 05:53:42.573] [warning] [gpu_pipeline_task.cpp:77] gpu_pipeline_task: operator 'PARTITION' (id=5) output batch 0 column count mismatch: got 13, expected 10
[2026-09-08 05:53:42.573] [warning] [gpu_pipeline_task.cpp:77] gpu_pipeline_task: operator 'PARTITION' (id=5) output batch 0 column count mismatch: got 13, expected 10
[2026-09-08 05:53:42.573] [warning] [gpu_pipeline_task.cpp:77] gpu_pipeline_task: operator 'PARTITION' (id=5) output batch 0 column count mismatch: got 13, expected 10
[2026-09-08 05:53:42.573] [warning] [gpu_pipeline_task.cpp:77] gpu_pipeline_task: operator 'PARTITION' (id=5) output batch 0 column count mismatch: got 13, expected 10
[2026-09-08 05:53:42.573] [warning] [gpu_pipeline_task.cpp:77] gpu_pipeline_task: operator 'PARTITION' (id=5) output batch 0 column count mismatch: got 13, expected 10
[2026-09-08 05:53:42.573] [warning] [gpu_pipeline_task.cpp:77] gpu_pipeline_task: operator 'PARTITION' (id=5) output batch 0 column count mismatch: got 13, expected 10
[2026-09-08 05:53:42.573] [warning] [gpu_pipeline_task.cpp:77] gpu_pipeline_task: operator 'PARTITION' (id=5) output batch 0 column count mismatch: got 13, expected 10
[2026-09-08 05:53:42.573] [warning] [gpu_pipeline_task.cpp:77] gpu_pipeline_task: operator 'PARTITION' (id=5) output batch 0 column count mismatch: got 13, expected 10
[2026-09-08 05:53:42.573] [warning] [gpu_pipeline_task.cpp:77] gpu_pipeline_task: operator 'PARTITION' (id=5) output batch 0 column count mismatch: got 13, expected 10
[2026-09-08 05:53:42.573] [warning] [gpu_pipeline_task.cpp:77] gpu_pipeline_task: operator 'PARTITION' (id=5) output batch 0 column count mismatch: got 13, expected 10
[2026-09-08 05:53:42.573] [warning] [gpu_pipeline_task.cpp:77] gpu_pipeline_task: operator 'PARTITION' (id=5) output batch 0 column count mismatch: got 13, expected 10
[2026-09-08 05:53:42.573] [warning] [gpu_pipeline_task.cpp:77] gpu_pipeline_task: operator 'PARTITION' (id=5) output batch 0 column count mismatch: got 13, expected 10
[2026-09-08 05:53:42.573] [warning] [gpu_pipeline_task.cpp:77] gpu_pipeline_task: operator 'PARTITION' (id=5) output batch 0 column count mismatch: got 13, expected 10
[2026-09-08 05:53:42.573] [warning] [gpu_pipeline_task.cpp:77] gpu_pipeline_task: operator 'PARTITION' (id=5) output batch 0 column count mismatch: got 13, expected 10
[2026-09-08 05:53:42.573] [warning] [gpu_pipeline_task.cpp:77] gpu_pipeline_task: operator 'PARTITION' (id=5) output batch 0 column count mismatch: got 13, expected 10
[2026-09-08 05:53:42.573] [warning] [gpu_pipeline_task.cpp:77] gpu_pipeline_task: operator 'PARTITION' (id=5) output batch 0 column count mismatch: got 13, expected 10
[2026-09-08 05:53:42.573] [warning] [gpu_pipeline_task.cpp:77] gpu_pipeline_task: operator 'PARTITION' (id=5) output batch 0 column count mismatch: got 13, expected 10
[2026-09-08 05:53:42.573] [warning] [gpu_pipeline_task.cpp:77] gpu_pipeline_task: operator 'PARTITION' (id=5) output batch 0 column count mismatch: got 13, expected 10
[2026-09-08 05:53:42.573] [warning] [gpu_pipeline_task.cpp:77] gpu_pipeline_task: operator 'PARTITION' (id=5) output batch 0 column count mismatch: got 13, expected 10
[2026-09-08 05:53:42.573] [warning] [gpu_pipeline_task.cpp:77] gpu_pipeline_task: operator 'PARTITION' (id=5) output batch 0 column count mismatch: got 13, expected 10
[2026-09-08 05:53:42.573] [warning] [gpu_pipeline_task.cpp:77] gpu_pipeline_task: operator 'PARTITION' (id=5) output batch 0 column count mismatch: got 13, expected 10
[2026-09-08 05:53:42.573] [warning] [gpu_pipeline_task.cpp:77] gpu_pipeline_task: operator 'PARTITION' (id=5) output batch 0 column count mismatch: got 13, expected 10
[2026-09-08 05:53:42.573] [warning] [gpu_pipeline_task.cpp:77] gpu_pipeline_task: operator 'PARTITION' (id=5) output batch 0 column count mismatch: got 13, expected 10
[2026-09-08 05:53:42.573] [warning] [gpu_pipeline_task.cpp:77] gpu_pipeline_task: operator 'PARTITION' (id=5) output batch 0 column count mismatch: got 13, expected 10
[2026-09-08 05:53:42.573] [warning] [gpu_pipeline_task.cpp:77] gpu_pipeline_task: operator 'PARTITION' (id=5) output batch 0 column count mismatch: got 13, expected 10
[2026-09-08 05:53:42.573] [warning] [gpu_pipeline_task.cpp:77] gpu_pipeline_task: operator 'PARTITION' (id=5) output batch 0 column count mismatch: got 13, expected 10
[2026-09-08 05:53:42.574] [warning] [gpu_pipeline_task.cpp:77] gpu_pipeline_task: operator 'PARTITION' (id=5) output batch 0 column count mismatch: got 13, expected 10
[2026-09-08 05:53:42.574] [warning] [gpu_pipeline_task.cpp:77] gpu_pipeline_task: operator 'PARTITION' (id=5) output batch 0 column count mismatch: got 13, expected 10
[2026-09-08 05:53:42.574] [warning] [gpu_pipeline_task.cpp:77] gpu_pipeline_task: operator 'PARTITION' (id=5) output batch 0 column count mismatch: got 13, expected 10
[2026-09-08 05:53:42.574] [warning] [gpu_pipeline_task.cpp:77] gpu_pipeline_task: operator 'PARTITION' (id=5) output batch 0 column count mismatch: got 13, expected 10
[2026-09-08 05:53:42.574] [warning] [gpu_pipeline_task.cpp:77] gpu_pipeline_task: operator 'PARTITION' (id=5) output batch 0 column count mismatch: got 13, expected 10
[2026-09-08 05:53:42.574] [warning] [gpu_pipeline_task.cpp:77] gpu_pipeline_task: operator 'PARTITION' (id=5) output batch 0 column count mismatch: got 13, expected 10
[2026-09-08 05:53:42.574] [warning] [gpu_pipeline_task.cpp:77] gpu_pipeline_task: operator 'PARTITION' (id=5) output batch 0 column count mismatch: got 13, expected 10
[2026-09-08 05:53:42.574] [warning] [gpu_pipeline_task.cpp:77] gpu_pipeline_task: operator 'PARTITION' (id=5) output batch 0 column count mismatch: got 13, expected 10
[2026-09-08 05:53:42.574] [warning] [gpu_pipeline_task.cpp:77] gpu_pipeline_task: operator 'PARTITION' (id=5) output batch 0 column count mismatch: got 13, expected 10
[2026-09-08 05:53:42.574] [warning] [gpu_pipeline_task.cpp:77] gpu_pipeline_task: operator 'PARTITION' (id=5) output batch 0 column count mismatch: got 13, expected 10
[2026-09-08 05:53:42.574] [warning] [gpu_pipeline_task.cpp:77] gpu_pipeline_task: operator 'PARTITION' (id=5) output batch 0 column count mismatch: got 13, expected 10
[2026-09-08 05:53:42.574] [warning] [gpu_pipeline_task.cpp:77] gpu_pipeline_task: operator 'PARTITION' (id=5) output batch 0 column count mismatch: got 13, expected 10
[2026-09-08 05:53:42.574] [warning] [gpu_pipeline_task.cpp:77] gpu_pipeline_task: operator 'PARTITION' (id=5) output batch 0 column count mismatch: got 13, expected 10
[2026-09-08 05:53:42.574] [warning] [gpu_pipeline_task.cpp:77] gpu_pipeline_task: operator 'PARTITION' (id=5) output batch 0 column count mismatch: got 13, expected 10
[2026-09-08 05:53:42.574] [warning] [gpu_pipeline_task.cpp:77] gpu_pipeline_task: operator 'PARTITION' (id=5) output batch 0 column count mismatch: got 13, expected 10
[2026-09-08 05:53:42.574] [warning] [gpu_pipeline_task.cpp:77] gpu_pipeline_task: operator 'PARTITION' (id=5) output batch 0 column count mismatch: got 13, expected 10
[2026-09-08 05:53:42.574] [warning] [gpu_pipeline_task.cpp:77] gpu_pipeline_task: operator 'PARTITION' (id=5) output batch 0 column count mismatch: got 13, expected 10
[2026-09-08 05:53:42.574] [warning] [gpu_pipeline_task.cpp:77] gpu_pipeline_task: operator 'PARTITION' (id=5) output batch 0 column count mismatch: got 13, expected 10
[2026-09-08 05:53:42.574] [warning] [gpu_pipeline_task.cpp:77] gpu_pipeline_task: operator 'PARTITION' (id=5) output batch 0 column count mismatch: got 13, expected 10
[2026-09-08 05:53:42.574] [warning] [gpu_pipeline_task.cpp:77] gpu_pipeline_task: operator 'PARTITION' (id=5) output batch 0 column count mismatch: got 13, expected 10
[2026-09-08 05:53:42.574] [warning] [gpu_pipeline_task.cpp:77] gpu_pipeline_task: operator 'PARTITION' (id=5) output batch 0 column count mismatch: got 13, expected 10
[2026-09-08 05:53:42.574] [warning] [gpu_pipeline_task.cpp:77] gpu_pipeline_task: operator 'PARTITION' (id=5) output batch 0 column count mismatch: got 13, expected 10
[2026-09-08 05:53:42.574] [warning] [gpu_pipeline_task.cpp:77] gpu_pipeline_task: operator 'PARTITION' (id=5) output batch 0 column count mismatch: got 13, expected 10
[2026-09-08 05:53:42.574] [warning] [gpu_pipeline_task.cpp:77] gpu_pipeline_task: operator 'PARTITION' (id=5) output batch 0 column count mismatch: got 13, expected 10
[2026-09-08 05:53:42.574] [warning] [gpu_pipeline_task.cpp:77] gpu_pipeline_task: operator 'PARTITION' (id=5) output batch 0 column count mismatch: got 13, expected 10
[2026-09-08 05:53:42.574] [warning] [gpu_pipeline_task.cpp:77] gpu_pipeline_task: operator 'PARTITION' (id=5) output batch 0 column count mismatch: got 13, expected 10
[2026-09-08 05:53:42.574] [warning] [gpu_pipeline_task.cpp:77] gpu_pipeline_task: operator 'PARTITION' (id=5) output batch 0 column count mismatch: got 13, expected 10
[2026-09-08 05:53:42.574] [warning] [gpu_pipeline_task.cpp:77] gpu_pipeline_task: operator 'PARTITION' (id=5) output batch 0 column count mismatch: got 13, expected 10
[2026-09-08 05:53:42.574] [warning] [gpu_pipeline_task.cpp:77] gpu_pipeline_task: operator 'PARTITION' (id=5) output batch 0 column count mismatch: got 13, expected 10
[2026-09-08 05:53:42.574] [warning] [gpu_pipeline_task.cpp:77] gpu_pipeline_task: operator 'PARTITION' (id=5) output batch 0 column count mismatch: got 13, expected 10
[2026-09-08 05:53:42.574] [warning] [gpu_pipeline_task.cpp:77] gpu_pipeline_task: operator 'PARTITION' (id=5) output batch 0 column count mismatch: got 13, expected 10
[2026-09-08 05:53:42.574] [warning] [gpu_pipeline_task.cpp:77] gpu_pipeline_task: operator 'PARTITION' (id=5) output batch 0 column count mismatch: got 13, expected 10
[2026-09-08 05:53:42.574] [warning] [gpu_pipeline_task.cpp:77] gpu_pipeline_task: operator 'PARTITION' (id=5) output batch 0 column count mismatch: got 13, expected 10
[2026-09-08 05:53:42.574] [warning] [gpu_pipeline_task.cpp:77] gpu_pipeline_task: operator 'PARTITION' (id=5) output batch 0 column count mismatch: got 13, expected 10
[2026-09-08 05:53:42.574] [warning] [gpu_pipeline_task.cpp:77] gpu_pipeline_task: operator 'PARTITION' (id=5) output batch 0 column count mismatch: got 13, expected 10
[2026-09-08 05:53:42.574] [warning] [gpu_pipeline_task.cpp:77] gpu_pipeline_task: operator 'PARTITION' (id=5) output batch 0 column count mismatch: got 13, expected 10
[2026-09-08 05:53:42.574] [warning] [gpu_pipeline_task.cpp:77] gpu_pipeline_task: operator 'PARTITION' (id=5) output batch 0 column count mismatch: got 13, expected 10
[2026-09-08 05:53:42.574] [warning] [gpu_pipeline_task.cpp:77] gpu_pipeline_task: operator 'PARTITION' (id=5) output batch 0 column count mismatch: got 13, expected 10
[2026-09-08 05:53:42.574] [warning] [gpu_pipeline_task.cpp:77] gpu_pipeline_task: operator 'PARTITION' (id=5) output batch 0 column count mismatch: got 13, expected 10
[2026-09-08 05:53:42.574] [warning] [gpu_pipeline_task.cpp:77] gpu_pipeline_task: operator 'PARTITION' (id=5) output batch 0 column count mismatch: got 13, expected 10
[2026-09-08 05:53:42.574] [warning] [gpu_pipeline_task.cpp:77] gpu_pipeline_task: operator 'PARTITION' (id=5) output batch 0 column count mismatch: got 13, expected 10
[2026-09-08 05:53:42.574] [warning] [gpu_pipeline_task.cpp:77] gpu_pipeline_task: operator 'PARTITION' (id=5) output batch 0 column count mismatch: got 13, expected 10
[2026-09-08 05:53:42.574] [warning] [gpu_pipeline_task.cpp:77] gpu_pipeline_task: operator 'PARTITION' (id=5) output batch 0 column count mismatch: got 13, expected 10
[2026-09-08 05:53:42.574] [warning] [gpu_pipeline_task.cpp:77] gpu_pipeline_task: operator 'PARTITION' (id=5) output batch 0 column count mismatch: got 13, expected 10
[2026-09-08 05:53:42.574] [warning] [gpu_pipeline_task.cpp:77] gpu_pipeline_task: operator 'PARTITION' (id=5) output batch 0 column count mismatch: got 13, expected 10
[2026-09-08 05:53:42.574] [warning] [gpu_pipeline_task.cpp:77] gpu_pipeline_task: operator 'PARTITION' (id=5) output batch 0 column count mismatch: got 13, expected 10
[2026-09-08 05:53:42.574] [warning] [gpu_pipeline_task.cpp:77] gpu_pipeline_task: operator 'PARTITION' (id=5) output batch 0 column count mismatch: got 13, expected 10
[2026-09-08 05:53:42.574] [warning] [gpu_pipeline_task.cpp:77] gpu_pipeline_task: operator 'PARTITION' (id=5) output batch 0 column count mismatch: got 13, expected 10
[2026-09-08 05:53:42.574] [warning] [gpu_pipeline_task.cpp:77] gpu_pipeline_task: operator 'PARTITION' (id=5) output batch 0 column count mismatch: got 13, expected 10
[2026-09-08 05:53:42.574] [warning] [gpu_pipeline_task.cpp:77] gpu_pipeline_task: operator 'PARTITION' (id=5) output batch 0 column count mismatch: got 13, expected 10
[2026-09-08 05:53:42.574] [warning] [gpu_pipeline_task.cpp:77] gpu_pipeline_task: operator 'PARTITION' (id=5) output batch 0 column count mismatch: got 13, expected 10
[2026-09-08 05:53:42.574] [warning] [gpu_pipeline_task.cpp:77] gpu_pipeline_task: operator 'PARTITION' (id=5) output batch 0 column count mismatch: got 13, expected 10
[2026-09-08 05:53:42.574] [warning] [gpu_pipeline_task.cpp:77] gpu_pipeline_task: operator 'PARTITION' (id=5) output batch 0 column count mismatch: got 13, expected 10
[2026-09-08 05:53:42.574] [warning] [gpu_pipeline_task.cpp:77] gpu_pipeline_task: operator 'PARTITION' (id=5) output batch 0 column count mismatch: got 13, expected 10
[2026-09-08 05:53:42.574] [warning] [gpu_pipeline_task.cpp:77] gpu_pipeline_task: operator 'PARTITION' (id=5) output batch 0 column count mismatch: got 13, expected 10
[2026-09-08 05:53:42.574] [warning] [gpu_pipeline_task.cpp:77] gpu_pipeline_task: operator 'PARTITION' (id=5) output batch 0 column count mismatch: got 13, expected 10
[2026-09-08 05:53:42.574] [warning] [gpu_pipeline_task.cpp:77] gpu_pipeline_task: operator 'PARTITION' (id=5) output batch 0 column count mismatch: got 13, expected 10
[2026-09-08 05:53:42.574] [warning] [gpu_pipeline_task.cpp:77] gpu_pipeline_task: operator 'PARTITION' (id=5) output batch 0 column count mismatch: got 13, expected 10
[2026-09-08 05:53:42.574] [warning] [gpu_pipeline_task.cpp:77] gpu_pipeline_task: operator 'PARTITION' (id=5) output batch 0 column count mismatch: got 13, expected 10
[2026-09-08 05:53:42.574] [warning] [gpu_pipeline_task.cpp:77] gpu_pipeline_task: operator 'PARTITION' (id=5) output batch 0 column count mismatch: got 13, expected 10
[2026-09-08 05:53:42.574] [warning] [gpu_pipeline_task.cpp:77] gpu_pipeline_task: operator 'PARTITION' (id=5) output batch 0 column count mismatch: got 13, expected 10
[2026-09-08 05:53:42.574] [warning] [gpu_pipeline_task.cpp:77] gpu_pipeline_task: operator 'PARTITION' (id=5) output batch 0 column count mismatch: got 13, expected 10
[2026-09-08 05:53:42.574] [warning] [gpu_pipeline_task.cpp:77] gpu_pipeline_task: operator 'PARTITION' (id=5) output batch 0 column count mismatch: got 13, expected 10
[2026-09-08 05:53:42.574] [warning] [gpu_pipeline_task.cpp:77] gpu_pipeline_task: operator 'PARTITION' (id=5) output batch 0 column count mismatch: got 13, expected 10
[2026-09-08 05:53:42.574] [warning] [gpu_pipeline_task.cpp:77] gpu_pipeline_task: operator 'PARTITION' (id=5) output batch 0 column count mismatch: got 13, expected 10
[2026-09-08 05:53:42.574] [warning] [gpu_pipeline_task.cpp:77] gpu_pipeline_task: operator 'PARTITION' (id=5) output batch 0 column count mismatch: got 13, expected 10
[2026-09-08 05:53:42.574] [warning] [gpu_pipeline_task.cpp:77] gpu_pipeline_task: operator 'PARTITION' (id=5) output batch 0 column count mismatch: got 13, expected 10
[2026-09-08 05:53:42.574] [warning] [gpu_pipeline_task.cpp:77] gpu_pipeline_task: operator 'PARTITION' (id=5) output batch 0 column count mismatch: got 13, expected 10
[2026-09-08 05:53:42.574] [warning] [gpu_pipeline_task.cpp:77] gpu_pipeline_task: operator 'PARTITION' (id=5) output batch 0 column count mismatch: got 13, expected 10
[2026-09-08 05:53:42.574] [warning] [gpu_pipeline_task.cpp:77] gpu_pipeline_task: operator 'PARTITION' (id=5) output batch 0 column count mismatch: got 13, expected 10
[2026-09-08 05:53:42.574] [warning] [gpu_pipeline_task.cpp:77] gpu_pipeline_task: operator 'PARTITION' (id=5) output batch 0 column count mismatch: got 13, expected 10
[2026-09-08 05:53:42.574] [warning] [gpu_pipeline_task.cpp:77] gpu_pipeline_task: operator 'PARTITION' (id=5) output batch 0 column count mismatch: got 13, expected 10
[2026-09-08 05:53:42.574] [warning] [gpu_pipeline_task.cpp:77] gpu_pipeline_task: operator 'PARTITION' (id=5) output batch 0 column count mismatch: got 13, expected 10
[2026-09-08 05:53:42.574] [warning] [gpu_pipeline_task.cpp:77] gpu_pipeline_task: operator 'PARTITION' (id=5) output batch 0 column count mismatch: got 13, expected 10
[2026-09-08 05:53:42.574] [warning] [gpu_pipeline_task.cpp:77] gpu_pipeline_task: operator 'PARTITION' (id=5) output batch 0 column count mismatch: got 13, expected 10
[2026-09-08 05:53:42.574] [warning] [gpu_pipeline_task.cpp:77] gpu_pipeline_task: operator 'PARTITION' (id=5) output batch 0 column count mismatch: got 13, expected 10
[2026-09-08 05:53:42.574] [warning] [gpu_pipeline_task.cpp:77] gpu_pipeline_task: operator 'PARTITION' (id=5) output batch 0 column count mismatch: got 13, expected 10
[2026-09-08 05:53:42.574] [warning] [gpu_pipeline_task.cpp:77] gpu_pipeline_task: operator 'PARTITION' (id=5) output batch 0 column count mismatch: got 13, expected 10
[2026-09-08 05:53:42.574] [warning] [gpu_pipeline_task.cpp:77] gpu_pipeline_task: operator 'PARTITION' (id=5) output batch 0 column count mismatch: got 13, expected 10
[2026-09-08 05:53:42.574] [warning] [gpu_pipeline_task.cpp:77] gpu_pipeline_task: operator 'PARTITION' (id=5) output batch 0 column count mismatch: got 13, expected 10
[2026-09-08 05:53:42.574] [warning] [gpu_pipeline_task.cpp:77] gpu_pipeline_task: operator 'PARTITION' (id=5) output batch 0 column count mismatch: got 13, expected 10
[2026-09-08 05:53:42.574] [warning] [gpu_pipeline_task.cpp:77] gpu_pipeline_task: operator 'PARTITION' (id=5) output batch 0 column count mismatch: got 13, expected 10
[2026-09-08 05:53:42.574] [warning] [gpu_pipeline_task.cpp:77] gpu_pipeline_task: operator 'PARTITION' (id=5) output batch 0 column count mismatch: got 13, expected 10
[2026-09-08 05:53:42.574] [warning] [gpu_pipeline_task.cpp:77] gpu_pipeline_task: operator 'PARTITION' (id=5) output batch 0 column count mismatch: got 13, expected 10
[2026-09-08 05:53:42.574] [warning] [gpu_pipeline_task.cpp:77] gpu_pipeline_task: operator 'PARTITION' (id=5) output batch 0 column count mismatch: got 13, expected 10
[2026-09-08 05:53:42.574] [warning] [gpu_pipeline_task.cpp:77] gpu_pipeline_task: operator 'PARTITION' (id=5) output batch 0 column count mismatch: got 13, expected 10
[2026-09-08 05:53:42.574] [warning] [gpu_pipeline_task.cpp:77] gpu_pipeline_task: operator 'PARTITION' (id=5) output batch 0 column count mismatch: got 13, expected 10
[2026-09-08 05:53:42.574] [warning] [gpu_pipeline_task.cpp:77] gpu_pipeline_task: operator 'PARTITION' (id=5) output batch 0 column count mismatch: got 13, expected 10
[2026-09-08 05:53:42.574] [warning] [gpu_pipeline_task.cpp:77] gpu_pipeline_task: operator 'PARTITION' (id=5) output batch 0 column count mismatch: got 13, expected 10
[2026-09-08 05:53:42.574] [warning] [gpu_pipeline_task.cpp:77] gpu_pipeline_task: operator 'PARTITION' (id=5) output batch 0 column count mismatch: got 13, expected 10
[2026-09-08 05:53:42.574] [warning] [gpu_pipeline_task.cpp:77] gpu_pipeline_task: operator 'PARTITION' (id=5) output batch 0 column count mismatch: got 13, expected 10
[2026-09-08 05:53:42.574] [warning] [gpu_pipeline_task.cpp:77] gpu_pipeline_task: operator 'PARTITION' (id=5) output batch 0 column count mismatch: got 13, expected 10
[2026-09-08 05:53:42.574] [warning] [gpu_pipeline_task.cpp:77] gpu_pipeline_task: operator 'PARTITION' (id=5) output batch 0 column count mismatch: got 13, expected 10
[2026-09-08 05:53:42.574] [warning] [gpu_pipeline_task.cpp:77] gpu_pipeline_task: operator 'PARTITION' (id=5) output batch 0 column count mismatch: got 13, expected 10
[2026-09-08 05:53:42.574] [warning] [gpu_pipeline_task.cpp:77] gpu_pipeline_task: operator 'PARTITION' (id=5) output batch 0 column count mismatch: got 13, expected 10
[2026-09-08 05:53:42.575] [warning] [gpu_pipeline_task.cpp:77] gpu_pipeline_task: operator 'PARTITION' (id=5) output batch 0 column count mismatch: got 13, expected 10
[2026-09-08 05:53:42.575] [warning] [gpu_pipeline_task.cpp:77] gpu_pipeline_task: operator 'PARTITION' (id=5) output batch 0 column count mismatch: got 13, expected 10
[2026-09-08 05:53:42.575] [warning] [gpu_pipeline_task.cpp:77] gpu_pipeline_task: operator 'PARTITION' (id=5) output batch 0 column count mismatch: got 13, expected 10
[2026-09-08 05:53:42.575] [warning] [gpu_pipeline_task.cpp:77] gpu_pipeline_task: operator 'PARTITION' (id=5) output batch 0 column count mismatch: got 13, expected 10
[2026-09-08 05:53:42.575] [warning] [gpu_pipeline_task.cpp:77] gpu_pipeline_task: operator 'PARTITION' (id=5) output batch 0 column count mismatch: got 13, expected 10
[2026-09-08 05:53:42.575] [warning] [gpu_pipeline_task.cpp:77] gpu_pipeline_task: operator 'PARTITION' (id=5) output batch 0 column count mismatch: got 13, expected 10
[2026-09-08 05:53:42.575] [warning] [gpu_pipeline_task.cpp:77] gpu_pipeline_task: operator 'PARTITION' (id=5) output batch 0 column count mismatch: got 13, expected 10
[2026-09-08 05:53:42.575] [warning] [gpu_pipeline_task.cpp:77] gpu_pipeline_task: operator 'PARTITION' (id=5) output batch 0 column count mismatch: got 13, expected 10
[2026-09-08 05:53:42.575] [warning] [gpu_pipeline_task.cpp:77] gpu_pipeline_task: operator 'PARTITION' (id=5) output batch 0 column count mismatch: got 13, expected 10
[2026-09-08 05:53:42.575] [warning] [gpu_pipeline_task.cpp:77] gpu_pipeline_task: operator 'PARTITION' (id=5) output batch 0 column count mismatch: got 13, expected 10
[2026-09-08 05:53:42.575] [warning] [gpu_pipeline_task.cpp:77] gpu_pipeline_task: operator 'PARTITION' (id=5) output batch 0 column count mismatch: got 13, expected 10
[2026-09-08 05:53:42.575] [warning] [gpu_pipeline_task.cpp:77] gpu_pipeline_task: operator 'PARTITION' (id=5) output batch 0 column count mismatch: got 13, expected 10
[2026-09-08 05:53:42.575] [warning] [gpu_pipeline_task.cpp:77] gpu_pipeline_task: operator 'PARTITION' (id=5) output batch 0 column count mismatch: got 13, expected 10
[2026-09-08 05:53:42.575] [warning] [gpu_pipeline_task.cpp:77] gpu_pipeline_task: operator 'PARTITION' (id=5) output batch 0 column count mismatch: got 13, expected 10
[2026-09-08 05:53:42.575] [warning] [gpu_pipeline_task.cpp:77] gpu_pipeline_task: operator 'PARTITION' (id=5) output batch 0 column count mismatch: got 13, expected 10
[2026-09-08 05:53:42.575] [warning] [gpu_pipeline_task.cpp:77] gpu_pipeline_task: operator 'PARTITION' (id=5) output batch 0 column count mismatch: got 13, expected 10
[2026-09-08 05:53:42.575] [warning] [gpu_pipeline_task.cpp:77] gpu_pipeline_task: operator 'PARTITION' (id=5) output batch 0 column count mismatch: got 13, expected 10
[2026-09-08 05:53:42.575] [warning] [gpu_pipeline_task.cpp:77] gpu_pipeline_task: operator 'PARTITION' (id=5) output batch 0 column count mismatch: got 13, expected 10
[2026-09-08 05:53:42.575] [warning] [gpu_pipeline_task.cpp:77] gpu_pipeline_task: operator 'PARTITION' (id=5) output batch 0 column count mismatch: got 13, expected 10
[2026-09-08 05:53:42.575] [warning] [gpu_pipeline_task.cpp:77] gpu_pipeline_task: operator 'PARTITION' (id=5) output batch 0 column count mismatch: got 13, expected 10
[2026-09-08 05:53:42.575] [warning] [gpu_pipeline_task.cpp:77] gpu_pipeline_task: operator 'PARTITION' (id=5) output batch 0 column count mismatch: got 13, expected 10
[2026-09-08 05:53:42.575] [warning] [gpu_pipeline_task.cpp:77] gpu_pipeline_task: operator 'PARTITION' (id=5) output batch 0 column count mismatch: got 13, expected 10
[2026-09-08 05:53:42.575] [warning] [gpu_pipeline_task.cpp:77] gpu_pipeline_task: operator 'PARTITION' (id=5) output batch 0 column count mismatch: got 13, expected 10
[2026-09-08 05:53:42.575] [warning] [gpu_pipeline_task.cpp:77] gpu_pipeline_task: operator 'PARTITION' (id=5) output batch 0 column count mismatch: got 13, expected 10
[2026-09-08 05:53:42.575] [warning] [gpu_pipeline_task.cpp:77] gpu_pipeline_task: operator 'PARTITION' (id=5) output batch 0 column count mismatch: got 13, expected 10
[2026-09-08 05:53:42.575] [warning] [gpu_pipeline_task.cpp:77] gpu_pipeline_task: operator 'PARTITION' (id=5) output batch 0 column count mismatch: got 13, expected 10
[2026-09-08 05:53:42.575] [warning] [gpu_pipeline_task.cpp:77] gpu_pipeline_task: operator 'PARTITION' (id=5) output batch 0 column count mismatch: got 13, expected 10
[2026-09-08 05:53:42.575] [warning] [gpu_pipeline_task.cpp:77] gpu_pipeline_task: operator 'PARTITION' (id=5) output batch 0 column count mismatch: got 13, expected 10
[2026-09-08 05:53:42.575] [warning] [gpu_pipeline_task.cpp:77] gpu_pipeline_task: operator 'PARTITION' (id=5) output batch 0 column count mismatch: got 13, expected 10
[2026-09-08 05:53:42.575] [warning] [gpu_pipeline_task.cpp:77] gpu_pipeline_task: operator 'PARTITION' (id=5) output batch 0 column count mismatch: got 13, expected 10
[2026-09-08 05:53:42.575] [warning] [gpu_pipeline_task.cpp:77] gpu_pipeline_task: operator 'PARTITION' (id=5) output batch 0 column count mismatch: got 13, expected 10
[2026-09-08 05:53:42.575] [warning] [gpu_pipeline_task.cpp:77] gpu_pipeline_task: operator 'PARTITION' (id=5) output batch 0 column count mismatch: got 13, expected 10
[2026-09-08 05:53:42.575] [warning] [gpu_pipeline_task.cpp:77] gpu_pipeline_task: operator 'PARTITION' (id=5) output batch 0 column count mismatch: got 13, expected 10
[2026-09-08 05:53:42.575] [warning] [gpu_pipeline_task.cpp:77] gpu_pipeline_task: operator 'PARTITION' (id=5) output batch 0 column count mismatch: got 13, expected 10
[2026-09-08 05:53:42.575] [warning] [gpu_pipeline_task.cpp:77] gpu_pipeline_task: operator 'PARTITION' (id=5) output batch 0 column count mismatch: got 13, expected 10
[2026-09-08 05:53:42.575] [warning] [gpu_pipeline_task.cpp:77] gpu_pipeline_task: operator 'PARTITION' (id=5) output batch 0 column count mismatch: got 13, expected 10
[2026-09-08 05:53:42.575] [warning] [gpu_pipeline_task.cpp:77] gpu_pipeline_task: operator 'PARTITION' (id=5) output batch 0 column count mismatch: got 13, expected 10
[2026-09-08 05:53:42.575] [warning] [gpu_pipeline_task.cpp:77] gpu_pipeline_task: operator 'PARTITION' (id=5) output batch 0 column count mismatch: got 13, expected 10
[2026-09-08 05:53:42.575] [warning] [gpu_pipeline_task.cpp:77] gpu_pipeline_task: operator 'PARTITION' (id=5) output batch 0 column count mismatch: got 13, expected 10
[2026-09-08 05:53:42.575] [warning] [gpu_pipeline_task.cpp:77] gpu_pipeline_task: operator 'PARTITION' (id=5) output batch 0 column count mismatch: got 13, expected 10
[2026-09-08 05:53:42.575] [warning] [gpu_pipeline_task.cpp:77] gpu_pipeline_task: operator 'PARTITION' (id=5) output batch 0 column count mismatch: got 13, expected 10
[2026-09-08 05:53:42.575] [warning] [gpu_pipeline_task.cpp:77] gpu_pipeline_task: operator 'PARTITION' (id=5) output batch 0 column count mismatch: got 13, expected 10
[2026-09-08 05:53:42.575] [warning] [gpu_pipeline_task.cpp:77] gpu_pipeline_task: operator 'PARTITION' (id=5) output batch 0 column count mismatch: got 13, expected 10
[2026-09-08 05:53:42.575] [warning] [gpu_pipeline_task.cpp:77] gpu_pipeline_task: operator 'PARTITION' (id=5) output batch 0 column count mismatch: got 13, expected 10
[2026-09-08 05:53:42.575] [warning] [gpu_pipeline_task.cpp:77] gpu_pipeline_task: operator 'PARTITION' (id=5) output batch 0 column count mismatch: got 13, expected 10
[2026-09-08 05:53:42.575] [warning] [gpu_pipeline_task.cpp:77] gpu_pipeline_task: operator 'PARTITION' (id=5) output batch 0 column count mismatch: got 13, expected 10
[2026-09-08 05:53:42.575] [warning] [gpu_pipeline_task.cpp:77] gpu_pipeline_task: operator 'PARTITION' (id=5) output batch 0 column count mismatch: got 13, expected 10
[2026-09-08 05:53:42.575] [warning] [gpu_pipeline_task.cpp:77] gpu_pipeline_task: operator 'PARTITION' (id=5) output batch 0 column count mismatch: got 13, expected 10
[2026-09-08 05:53:42.575] [warning] [gpu_pipeline_task.cpp:77] gpu_pipeline_task: operator 'PARTITION' (id=5) output batch 0 column count mismatch: got 13, expected 10
[2026-09-08 05:53:42.575] [warning] [gpu_pipeline_task.cpp:77] gpu_pipeline_task: operator 'PARTITION' (id=5) output batch 0 column count mismatch: got 13, expected 10
[2026-09-08 05:53:42.575] [warning] [gpu_pipeline_task.cpp:77] gpu_pipeline_task: operator 'PARTITION' (id=5) output batch 0 column count mismatch: got 13, expected 10
[2026-09-08 05:53:42.575] [warning] [gpu_pipeline_task.cpp:77] gpu_pipeline_task: operator 'PARTITION' (id=5) output batch 0 column count mismatch: got 13, expected 10
[2026-09-08 05:53:42.575] [warning] [gpu_pipeline_task.cpp:77] gpu_pipeline_task: operator 'PARTITION' (id=5) output batch 0 column count mismatch: got 13, expected 10
[2026-09-08 05:53:42.575] [warning] [gpu_pipeline_task.cpp:77] gpu_pipeline_task: operator 'PARTITION' (id=5) output batch 0 column count mismatch: got 13, expected 10
[2026-09-08 05:53:42.575] [warning] [gpu_pipeline_task.cpp:77] gpu_pipeline_task: operator 'PARTITION' (id=5) output batch 0 column count mismatch: got 13, expected 10
[2026-09-08 05:53:42.575] [warning] [gpu_pipeline_task.cpp:77] gpu_pipeline_task: operator 'PARTITION' (id=5) output batch 0 column count mismatch: got 13, expected 10
[2026-09-08 05:53:42.575] [warning] [gpu_pipeline_task.cpp:77] gpu_pipeline_task: operator 'PARTITION' (id=5) output batch 0 column count mismatch: got 13, expected 10
[2026-09-08 05:53:42.575] [warning] [gpu_pipeline_task.cpp:77] gpu_pipeline_task: operator 'PARTITION' (id=5) output batch 0 column count mismatch: got 13, expected 10
[2026-09-08 05:53:42.575] [warning] [gpu_pipeline_task.cpp:77] gpu_pipeline_task: operator 'PARTITION' (id=5) output batch 0 column count mismatch: got 13, expected 10
[2026-09-08 05:53:42.575] [warning] [gpu_pipeline_task.cpp:77] gpu_pipeline_task: operator 'PARTITION' (id=5) output batch 0 column count mismatch: got 13, expected 10
[2026-09-08 05:53:42.575] [warning] [gpu_pipeline_task.cpp:77] gpu_pipeline_task: operator 'PARTITION' (id=5) output batch 0 column count mismatch: got 13, expected 10
[2026-09-08 05:53:42.575] [warning] [gpu_pipeline_task.cpp:77] gpu_pipeline_task: operator 'PARTITION' (id=5) output batch 0 column count mismatch: got 13, expected 10
[2026-09-08 05:53:42.575] [warning] [gpu_pipeline_task.cpp:77] gpu_pipeline_task: operator 'PARTITION' (id=5) output batch 0 column count mismatch: got 13, expected 10
[2026-09-08 05:53:42.575] [warning] [gpu_pipeline_task.cpp:77] gpu_pipeline_task: operator 'PARTITION' (id=5) output batch 0 column count mismatch: got 13, expected 10
[2026-09-08 05:53:42.575] [warning] [gpu_pipeline_task.cpp:77] gpu_pipeline_task: operator 'PARTITION' (id=5) output batch 0 column count mismatch: got 13, expected 10
[2026-09-08 05:53:42.575] [warning] [gpu_pipeline_task.cpp:77] gpu_pipeline_task: operator 'PARTITION' (id=5) output batch 0 column count mismatch: got 13, expected 10
[2026-09-08 05:53:42.575] [warning] [gpu_pipeline_task.cpp:77] gpu_pipeline_task: operator 'PARTITION' (id=5) output batch 0 column count mismatch: got 13, expected 10
[2026-09-08 05:53:42.575] [warning] [gpu_pipeline_task.cpp:77] gpu_pipeline_task: operator 'PARTITION' (id=5) output batch 0 column count mismatch: got 13, expected 10
[2026-09-08 05:53:42.575] [warning] [gpu_pipeline_task.cpp:77] gpu_pipeline_task: operator 'PARTITION' (id=5) output batch 0 column count mismatch: got 13, expected 10
[2026-09-08 05:53:42.575] [warning] [gpu_pipeline_task.cpp:77] gpu_pipeline_task: operator 'PARTITION' (id=5) output batch 0 column count mismatch: got 13, expected 10
[2026-09-08 05:53:42.575] [warning] [gpu_pipeline_task.cpp:77] gpu_pipeline_task: operator 'PARTITION' (id=5) output batch 0 column count mismatch: got 13, expected 10
[2026-09-08 05:53:42.575] [warning] [gpu_pipeline_task.cpp:77] gpu_pipeline_task: operator 'PARTITION' (id=5) output batch 0 column count mismatch: got 13, expected 10
[2026-09-08 05:53:42.575] [warning] [gpu_pipeline_task.cpp:77] gpu_pipeline_task: operator 'PARTITION' (id=5) output batch 0 column count mismatch: got 13, expected 10
[2026-09-08 05:53:42.575] [warning] [gpu_pipeline_task.cpp:77] gpu_pipeline_task: operator 'PARTITION' (id=5) output batch 0 column count mismatch: got 13, expected 10
[2026-09-08 05:53:42.575] [warning] [gpu_pipeline_task.cpp:77] gpu_pipeline_task: operator 'PARTITION' (id=5) output batch 0 column count mismatch: got 13, expected 10
[2026-09-08 05:53:42.575] [warning] [gpu_pipeline_task.cpp:77] gpu_pipeline_task: operator 'PARTITION' (id=5) output batch 0 column count mismatch: got 13, expected 10
[2026-09-08 05:53:42.575] [warning] [gpu_pipeline_task.cpp:77] gpu_pipeline_task: operator 'PARTITION' (id=5) output batch 0 column count mismatch: got 13, expected 10
[2026-09-08 05:53:42.575] [warning] [gpu_pipeline_task.cpp:77] gpu_pipeline_task: operator 'PARTITION' (id=5) output batch 0 column count mismatch: got 13, expected 10
[2026-09-08 05:53:42.575] [warning] [gpu_pipeline_task.cpp:77] gpu_pipeline_task: operator 'PARTITION' (id=5) output batch 0 column count mismatch: got 13, expected 10
[2026-09-08 05:53:42.575] [warning] [gpu_pipeline_task.cpp:77] gpu_pipeline_task: operator 'PARTITION' (id=5) output batch 0 column count mismatch: got 13, expected 10
[2026-09-08 05:53:42.575] [warning] [gpu_pipeline_task.cpp:77] gpu_pipeline_task: operator 'PARTITION' (id=5) output batch 0 column count mismatch: got 13, expected 10
[2026-09-08 05:53:42.575] [warning] [gpu_pipeline_task.cpp:77] gpu_pipeline_task: operator 'PARTITION' (id=5) output batch 0 column count mismatch: got 13, expected 10
[2026-09-08 05:53:42.575] [warning] [gpu_pipeline_task.cpp:77] gpu_pipeline_task: operator 'PARTITION' (id=5) output batch 0 column count mismatch: got 13, expected 10
[2026-09-08 05:53:42.575] [warning] [gpu_pipeline_task.cpp:77] gpu_pipeline_task: operator 'PARTITION' (id=5) output batch 0 column count mismatch: got 13, expected 10
[2026-09-08 05:53:42.576] [warning] [gpu_pipeline_task.cpp:77] gpu_pipeline_task: operator 'PARTITION' (id=5) output batch 0 column count mismatch: got 13, expected 10
[2026-09-08 05:53:42.576] [warning] [gpu_pipeline_task.cpp:77] gpu_pipeline_task: operator 'PARTITION' (id=5) output batch 0 column count mismatch: got 13, expected 10
[2026-09-08 05:53:42.576] [warning] [gpu_pipeline_task.cpp:77] gpu_pipeline_task: operator 'PARTITION' (id=5) output batch 0 column count mismatch: got 13, expected 10
[2026-09-08 05:53:42.576] [warning] [gpu_pipeline_task.cpp:77] gpu_pipeline_task: operator 'PARTITION' (id=5) output batch 0 column count mismatch: got 13, expected 10
[2026-09-08 05:53:42.576] [warning] [gpu_pipeline_task.cpp:77] gpu_pipeline_task: operator 'PARTITION' (id=5) output batch 0 column count mismatch: got 13, expected 10
[2026-09-08 05:53:42.576] [warning] [gpu_pipeline_task.cpp:77] gpu_pipeline_task: operator 'PARTITION' (id=5) output batch 0 column count mismatch: got 13, expected 10
[2026-09-08 05:53:42.576] [warning] [gpu_pipeline_task.cpp:77] gpu_pipeline_task: operator 'PARTITION' (id=5) output batch 0 column count mismatch: got 13, expected 10
[2026-09-08 05:53:42.576] [warning] [gpu_pipeline_task.cpp:77] gpu_pipeline_task: operator 'PARTITION' (id=5) output batch 0 column count mismatch: got 13, expected 10
[2026-09-08 05:53:42.576] [warning] [gpu_pipeline_task.cpp:77] gpu_pipeline_task: operator 'PARTITION' (id=5) output batch 0 column count mismatch: got 13, expected 10
[2026-09-08 05:53:42.576] [warning] [gpu_pipeline_task.cpp:77] gpu_pipeline_task: operator 'PARTITION' (id=5) output batch 0 column count mismatch: got 13, expected 10
[2026-09-08 05:53:42.576] [warning] [gpu_pipeline_task.cpp:77] gpu_pipeline_task: operator 'PARTITION' (id=5) output batch 0 column count mismatch: got 13, expected 10
[2026-09-08 05:53:42.576] [warning] [gpu_pipeline_task.cpp:77] gpu_pipeline_task: operator 'PARTITION' (id=5) output batch 0 column count mismatch: got 13, expected 10
[2026-09-08 05:53:42.576] [warning] [gpu_pipeline_task.cpp:77] gpu_pipeline_task: operator 'PARTITION' (id=5) output batch 0 column count mismatch: got 13, expected 10
[2026-09-08 05:53:42.576] [warning] [gpu_pipeline_task.cpp:77] gpu_pipeline_task: operator 'PARTITION' (id=5) output batch 0 column count mismatch: got 13, expected 10
[2026-09-08 05:53:42.576] [warning] [gpu_pipeline_task.cpp:77] gpu_pipeline_task: operator 'PARTITION' (id=5) output batch 0 column count mismatch: got 13, expected 10
[2026-09-08 05:53:42.576] [warning] [gpu_pipeline_task.cpp:77] gpu_pipeline_task: operator 'PARTITION' (id=5) output batch 0 column count mismatch: got 13, expected 10
[2026-09-08 05:53:42.576] [warning] [gpu_pipeline_task.cpp:77] gpu_pipeline_task: operator 'PARTITION' (id=5) output batch 0 column count mismatch: got 13, expected 10
[2026-09-08 05:53:42.576] [warning] [gpu_pipeline_task.cpp:77] gpu_pipeline_task: operator 'PARTITION' (id=5) output batch 0 column count mismatch: got 13, expected 10
[2026-09-08 05:53:42.576] [warning] [gpu_pipeline_task.cpp:77] gpu_pipeline_task: operator 'PARTITION' (id=5) output batch 0 column count mismatch: got 13, expected 10
[2026-09-08 05:53:42.576] [warning] [gpu_pipeline_task.cpp:77] gpu_pipeline_task: operator 'PARTITION' (id=5) output batch 0 column count mismatch: got 13, expected 10
[2026-09-08 05:53:42.576] [warning] [gpu_pipeline_task.cpp:77] gpu_pipeline_task: operator 'PARTITION' (id=5) output batch 0 column count mismatch: got 13, expected 10
[2026-09-08 05:53:42.576] [warning] [gpu_pipeline_task.cpp:77] gpu_pipeline_task: operator 'PARTITION' (id=5) output batch 0 column count mismatch: got 13, expected 10
[2026-09-08 05:53:42.576] [warning] [gpu_pipeline_task.cpp:77] gpu_pipeline_task: operator 'PARTITION' (id=5) output batch 0 column count mismatch: got 13, expected 10
[2026-09-08 05:53:42.576] [warning] [gpu_pipeline_task.cpp:77] gpu_pipeline_task: operator 'PARTITION' (id=5) output batch 0 column count mismatch: got 13, expected 10
[2026-09-08 05:53:42.576] [warning] [gpu_pipeline_task.cpp:77] gpu_pipeline_task: operator 'PARTITION' (id=5) output batch 0 column count mismatch: got 13, expected 10
[2026-09-08 05:53:42.576] [warning] [gpu_pipeline_task.cpp:77] gpu_pipeline_task: operator 'PARTITION' (id=5) output batch 0 column count mismatch: got 13, expected 10
[2026-09-08 05:53:42.576] [warning] [gpu_pipeline_task.cpp:77] gpu_pipeline_task: operator 'PARTITION' (id=5) output batch 0 column count mismatch: got 13, expected 10
[2026-09-08 05:53:42.576] [warning] [gpu_pipeline_task.cpp:77] gpu_pipeline_task: operator 'PARTITION' (id=5) output batch 0 column count mismatch: got 13, expected 10
[2026-09-08 05:53:42.576] [warning] [gpu_pipeline_task.cpp:77] gpu_pipeline_task: operator 'PARTITION' (id=5) output batch 0 column count mismatch: got 13, expected 10
[2026-09-08 05:53:42.576] [warning] [gpu_pipeline_task.cpp:77] gpu_pipeline_task: operator 'PARTITION' (id=5) output batch 0 column count mismatch: got 13, expected 10
[2026-09-08 05:53:42.576] [warning] [gpu_pipeline_task.cpp:77] gpu_pipeline_task: operator 'PARTITION' (id=5) output batch 0 column count mismatch: got 13, expected 10
[2026-09-08 05:53:42.576] [warning] [gpu_pipeline_task.cpp:77] gpu_pipeline_task: operator 'PARTITION' (id=5) output batch 0 column count mismatch: got 13, expected 10
[2026-09-08 05:53:42.576] [warning] [gpu_pipeline_task.cpp:77] gpu_pipeline_task: operator 'PARTITION' (id=5) output batch 0 column count mismatch: got 13, expected 10
[2026-09-08 05:53:42.576] [warning] [gpu_pipeline_task.cpp:77] gpu_pipeline_task: operator 'PARTITION' (id=5) output batch 0 column count mismatch: got 13, expected 10
[2026-09-08 05:53:42.576] [warning] [gpu_pipeline_task.cpp:77] gpu_pipeline_task: operator 'PARTITION' (id=5) output batch 0 column count mismatch: got 13, expected 10
[2026-09-08 05:53:42.576] [warning] [gpu_pipeline_task.cpp:77] gpu_pipeline_task: operator 'PARTITION' (id=5) output batch 0 column count mismatch: got 13, expected 10
[2026-09-08 05:53:42.576] [warning] [gpu_pipeline_task.cpp:77] gpu_pipeline_task: operator 'PARTITION' (id=5) output batch 0 column count mismatch: got 13, expected 10
[2026-09-08 05:53:42.576] [warning] [gpu_pipeline_task.cpp:77] gpu_pipeline_task: operator 'PARTITION' (id=5) output batch 0 column count mismatch: got 13, expected 10
[2026-09-08 05:53:42.576] [warning] [gpu_pipeline_task.cpp:77] gpu_pipeline_task: operator 'PARTITION' (id=5) output batch 0 column count mismatch: got 13, expected 10
[2026-09-08 05:53:42.576] [warning] [gpu_pipeline_task.cpp:77] gpu_pipeline_task: operator 'PARTITION' (id=5) output batch 0 column count mismatch: got 13, expected 10
[2026-09-08 05:53:42.576] [warning] [gpu_pipeline_task.cpp:77] gpu_pipeline_task: operator 'PARTITION' (id=5) output batch 0 column count mismatch: got 13, expected 10
[2026-09-08 05:53:42.576] [warning] [gpu_pipeline_task.cpp:77] gpu_pipeline_task: operator 'PARTITION' (id=5) output batch 0 column count mismatch: got 13, expected 10
[2026-09-08 05:53:42.576] [warning] [gpu_pipeline_task.cpp:77] gpu_pipeline_task: operator 'PARTITION' (id=5) output batch 0 column count mismatch: got 13, expected 10
[2026-09-08 05:53:42.576] [warning] [gpu_pipeline_task.cpp:77] gpu_pipeline_task: operator 'PARTITION' (id=5) output batch 0 column count mismatch: got 13, expected 10
[2026-09-08 05:53:42.576] [warning] [gpu_pipeline_task.cpp:77] gpu_pipeline_task: operator 'PARTITION' (id=5) output batch 0 column count mismatch: got 13, expected 10
[2026-09-08 05:53:42.576] [warning] [gpu_pipeline_task.cpp:77] gpu_pipeline_task: operator 'PARTITION' (id=5) output batch 0 column count mismatch: got 13, expected 10
[2026-09-08 05:53:42.576] [warning] [gpu_pipeline_task.cpp:77] gpu_pipeline_task: operator 'PARTITION' (id=5) output batch 0 column count mismatch: got 13, expected 10
[2026-09-08 05:53:42.576] [warning] [gpu_pipeline_task.cpp:77] gpu_pipeline_task: operator 'PARTITION' (id=5) output batch 0 column count mismatch: got 13, expected 10
[2026-09-08 05:53:42.576] [warning] [gpu_pipeline_task.cpp:77] gpu_pipeline_task: operator 'PARTITION' (id=5) output batch 0 column count mismatch: got 13, expected 10
[2026-09-08 05:53:42.576] [warning] [gpu_pipeline_task.cpp:77] gpu_pipeline_task: operator 'PARTITION' (id=5) output batch 0 column count mismatch: got 13, expected 10
[2026-09-08 05:53:42.576] [warning] [gpu_pipeline_task.cpp:77] gpu_pipeline_task: operator 'PARTITION' (id=5) output batch 0 column count mismatch: got 13, expected 10
[2026-09-08 05:53:42.576] [warning] [gpu_pipeline_task.cpp:77] gpu_pipeline_task: operator 'PARTITION' (id=5) output batch 0 column count mismatch: got 13, expected 10
[2026-09-08 05:53:42.576] [warning] [gpu_pipeline_task.cpp:77] gpu_pipeline_task: operator 'PARTITION' (id=5) output batch 0 column count mismatch: got 13, expected 10
[2026-09-08 05:53:42.576] [warning] [gpu_pipeline_task.cpp:77] gpu_pipeline_task: operator 'PARTITION' (id=5) output batch 0 column count mismatch: got 13, expected 10
[2026-09-08 05:53:42.576] [warning] [gpu_pipeline_task.cpp:77] gpu_pipeline_task: operator 'PARTITION' (id=5) output batch 0 column count mismatch: got 13, expected 10
[2026-09-08 05:53:42.576] [warning] [gpu_pipeline_task.cpp:77] gpu_pipeline_task: operator 'PARTITION' (id=5) output batch 0 column count mismatch: got 13, expected 10
[2026-09-08 05:53:42.576] [warning] [gpu_pipeline_task.cpp:77] gpu_pipeline_task: operator 'PARTITION' (id=5) output batch 0 column count mismatch: got 13, expected 10
[2026-09-08 05:53:42.576] [warning] [gpu_pipeline_task.cpp:77] gpu_pipeline_task: operator 'PARTITION' (id=5) output batch 0 column count mismatch: got 13, expected 10
[2026-09-08 05:53:42.576] [warning] [gpu_pipeline_task.cpp:77] gpu_pipeline_task: operator 'PARTITION' (id=5) output batch 0 column count mismatch: got 13, expected 10
[2026-09-08 05:53:42.576] [warning] [gpu_pipeline_task.cpp:77] gpu_pipeline_task: operator 'PARTITION' (id=5) output batch 0 column count mismatch: got 13, expected 10
[2026-09-08 05:53:42.576] [warning] [gpu_pipeline_task.cpp:77] gpu_pipeline_task: operator 'PARTITION' (id=5) output batch 0 column count mismatch: got 13, expected 10
[2026-09-08 05:53:42.576] [warning] [gpu_pipeline_task.cpp:77] gpu_pipeline_task: operator 'PARTITION' (id=5) output batch 0 column count mismatch: got 13, expected 10
[2026-09-08 05:53:42.576] [warning] [gpu_pipeline_task.cpp:77] gpu_pipeline_task: operator 'PARTITION' (id=5) output batch 0 column count mismatch: got 13, expected 10
[2026-09-08 05:53:42.576] [warning] [gpu_pipeline_task.cpp:77] gpu_pipeline_task: operator 'PARTITION' (id=5) output batch 0 column count mismatch: got 13, expected 10
[2026-09-08 05:53:42.576] [warning] [gpu_pipeline_task.cpp:77] gpu_pipeline_task: operator 'PARTITION' (id=5) output batch 0 column count mismatch: got 13, expected 10
[2026-09-08 05:53:42.576] [warning] [gpu_pipeline_task.cpp:77] gpu_pipeline_task: operator 'PARTITION' (id=5) output batch 0 column count mismatch: got 13, expected 10
[2026-09-08 05:53:42.576] [warning] [gpu_pipeline_task.cpp:77] gpu_pipeline_task: operator 'PARTITION' (id=5) output batch 0 column count mismatch: got 13, expected 10
[2026-09-08 05:53:42.576] [warning] [gpu_pipeline_task.cpp:77] gpu_pipeline_task: operator 'PARTITION' (id=5) output batch 0 column count mismatch: got 13, expected 10
[2026-09-08 05:53:42.576] [warning] [gpu_pipeline_task.cpp:77] gpu_pipeline_task: operator 'PARTITION' (id=5) output batch 0 column count mismatch: got 13, expected 10
[2026-09-08 05:53:42.576] [warning] [gpu_pipeline_task.cpp:77] gpu_pipeline_task: operator 'PARTITION' (id=5) output batch 0 column count mismatch: got 13, expected 10
[2026-09-08 05:53:42.576] [warning] [gpu_pipeline_task.cpp:77] gpu_pipeline_task: operator 'PARTITION' (id=5) output batch 0 column count mismatch: got 13, expected 10
[2026-09-08 05:53:42.576] [warning] [gpu_pipeline_task.cpp:77] gpu_pipeline_task: operator 'PARTITION' (id=5) output batch 0 column count mismatch: got 13, expected 10
[2026-09-08 05:53:42.576] [warning] [gpu_pipeline_task.cpp:77] gpu_pipeline_task: operator 'PARTITION' (id=5) output batch 0 column count mismatch: got 13, expected 10
[2026-09-08 05:53:42.576] [warning] [gpu_pipeline_task.cpp:77] gpu_pipeline_task: operator 'PARTITION' (id=5) output batch 0 column count mismatch: got 13, expected 10
[2026-09-08 05:53:42.576] [warning] [gpu_pipeline_task.cpp:77] gpu_pipeline_task: operator 'PARTITION' (id=5) output batch 0 column count mismatch: got 13, expected 10
[2026-09-08 05:53:42.576] [warning] [gpu_pipeline_task.cpp:77] gpu_pipeline_task: operator 'PARTITION' (id=5) output batch 0 column count mismatch: got 13, expected 10
[2026-09-08 05:53:42.576] [warning] [gpu_pipeline_task.cpp:77] gpu_pipeline_task: operator 'PARTITION' (id=5) output batch 0 column count mismatch: got 13, expected 10
[2026-09-08 05:53:42.576] [warning] [gpu_pipeline_task.cpp:77] gpu_pipeline_task: operator 'PARTITION' (id=5) output batch 0 column count mismatch: got 13, expected 10
[2026-09-08 05:53:42.576] [warning] [gpu_pipeline_task.cpp:77] gpu_pipeline_task: operator 'PARTITION' (id=5) output batch 0 column count mismatch: got 13, expected 10
[2026-09-08 05:53:42.576] [warning] [gpu_pipeline_task.cpp:77] gpu_pipeline_task: operator 'PARTITION' (id=5) output batch 0 column count mismatch: got 13, expected 10
[2026-09-08 05:53:42.576] [warning] [gpu_pipeline_task.cpp:77] gpu_pipeline_task: operator 'PARTITION' (id=5) output batch 0 column count mismatch: got 13, expected 10
[2026-09-08 05:53:42.576] [warning] [gpu_pipeline_task.cpp:77] gpu_pipeline_task: operator 'PARTITION' (id=5) output batch 0 column count mismatch: got 13, expected 10
[2026-09-08 05:53:42.576] [warning] [gpu_pipeline_task.cpp:77] gpu_pipeline_task: operator 'PARTITION' (id=5) output batch 0 column count mismatch: got 13, expected 10
[2026-09-08 05:53:42.576] [warning] [gpu_pipeline_task.cpp:77] gpu_pipeline_task: operator 'PARTITION' (id=5) output batch 0 column count mismatch: got 13, expected 10
[2026-09-08 05:53:42.576] [warning] [gpu_pipeline_task.cpp:77] gpu_pipeline_task: operator 'PARTITION' (id=5) output batch 0 column count mismatch: got 13, expected 10
[2026-09-08 05:53:42.576] [warning] [gpu_pipeline_task.cpp:77] gpu_pipeline_task: operator 'PARTITION' (id=5) output batch 0 column count mismatch: got 13, expected 10
[2026-09-08 05:53:42.576] [warning] [gpu_pipeline_task.cpp:77] gpu_pipeline_task: operator 'PARTITION' (id=5) output batch 0 column count mismatch: got 13, expected 10
[2026-09-08 05:53:42.576] [warning] [gpu_pipeline_task.cpp:77] gpu_pipeline_task: operator 'PARTITION' (id=5) output batch 0 column count mismatch: got 13, expected 10
[2026-09-08 05:53:42.576] [warning] [gpu_pipeline_task.cpp:77] gpu_pipeline_task: operator 'PARTITION' (id=5) output batch 0 column count mismatch: got 13, expected 10
[2026-09-08 05:53:42.576] [warning] [gpu_pipeline_task.cpp:77] gpu_pipeline_task: operator 'PARTITION' (id=5) output batch 0 column count mismatch: got 13, expected 10
[2026-09-08 05:53:42.576] [warning] [gpu_pipeline_task.cpp:77] gpu_pipeline_task: operator 'PARTITION' (id=5) output batch 0 column count mismatch: got 13, expected 10
[2026-09-08 05:53:42.576] [warning] [gpu_pipeline_task.cpp:77] gpu_pipeline_task: operator 'PARTITION' (id=5) output batch 0 column count mismatch: got 13, expected 10
[2026-09-08 05:53:42.576] [warning] [gpu_pipeline_task.cpp:77] gpu_pipeline_task: operator 'PARTITION' (id=5) output batch 0 column count mismatch: got 13, expected 10
[2026-09-08 05:53:42.576] [warning] [gpu_pipeline_task.cpp:77] gpu_pipeline_task: operator 'PARTITION' (id=5) output batch 0 column count mismatch: got 13, expected 10
[2026-09-08 05:53:42.576] [warning] [gpu_pipeline_task.cpp:77] gpu_pipeline_task: operator 'PARTITION' (id=5) output batch 0 column count mismatch: got 13, expected 10
[2026-09-08 05:53:42.576] [warning] [gpu_pipeline_task.cpp:77] gpu_pipeline_task: operator 'PARTITION' (id=5) output batch 0 column count mismatch: got 13, expected 10
[2026-09-08 05:53:42.576] [warning] [gpu_pipeline_task.cpp:77] gpu_pipeline_task: operator 'PARTITION' (id=5) output batch 0 column count mismatch: got 13, expected 10
[2026-09-08 05:53:42.576] [warning] [gpu_pipeline_task.cpp:77] gpu_pipeline_task: operator 'PARTITION' (id=5) output batch 0 column count mismatch: got 13, expected 10
[2026-09-08 05:53:42.576] [warning] [gpu_pipeline_task.cpp:77] gpu_pipeline_task: operator 'PARTITION' (id=5) output batch 0 column count mismatch: got 13, expected 10
[2026-09-08 05:53:42.577] [warning] [gpu_pipeline_task.cpp:77] gpu_pipeline_task: operator 'PARTITION' (id=5) output batch 0 column count mismatch: got 13, expected 10
[2026-09-08 05:53:42.577] [warning] [gpu_pipeline_task.cpp:77] gpu_pipeline_task: operator 'PARTITION' (id=5) output batch 0 column count mismatch: got 13, expected 10
[2026-09-08 05:53:42.577] [warning] [gpu_pipeline_task.cpp:77] gpu_pipeline_task: operator 'PARTITION' (id=5) output batch 0 column count mismatch: got 13, expected 10
[2026-09-08 05:53:42.577] [warning] [gpu_pipeline_task.cpp:77] gpu_pipeline_task: operator 'PARTITION' (id=5) output batch 0 column count mismatch: got 13, expected 10
[2026-09-08 05:53:42.577] [warning] [gpu_pipeline_task.cpp:77] gpu_pipeline_task: operator 'PARTITION' (id=5) output batch 0 column count mismatch: got 13, expected 10
[2026-09-08 05:53:42.577] [warning] [gpu_pipeline_task.cpp:77] gpu_pipeline_task: operator 'PARTITION' (id=5) output batch 0 column count mismatch: got 13, expected 10
[2026-09-08 05:53:42.577] [warning] [gpu_pipeline_task.cpp:77] gpu_pipeline_task: operator 'PARTITION' (id=5) output batch 0 column count mismatch: got 13, expected 10
[2026-09-08 05:53:42.577] [warning] [gpu_pipeline_task.cpp:77] gpu_pipeline_task: operator 'PARTITION' (id=5) output batch 0 column count mismatch: got 13, expected 10
[2026-09-08 05:53:42.577] [warning] [gpu_pipeline_task.cpp:77] gpu_pipeline_task: operator 'PARTITION' (id=5) output batch 0 column count mismatch: got 13, expected 10
[2026-09-08 05:53:42.577] [warning] [gpu_pipeline_task.cpp:77] gpu_pipeline_task: operator 'PARTITION' (id=5) output batch 0 column count mismatch: got 13, expected 10
[2026-09-08 05:53:42.577] [warning] [gpu_pipeline_task.cpp:77] gpu_pipeline_task: operator 'PARTITION' (id=5) output batch 0 column count mismatch: got 13, expected 10
[2026-09-08 05:53:42.577] [warning] [gpu_pipeline_task.cpp:77] gpu_pipeline_task: operator 'PARTITION' (id=5) output batch 0 column count mismatch: got 13, expected 10
[2026-09-08 05:53:42.577] [warning] [gpu_pipeline_task.cpp:77] gpu_pipeline_task: operator 'PARTITION' (id=5) output batch 0 column count mismatch: got 13, expected 10
[2026-09-08 05:53:42.577] [warning] [gpu_pipeline_task.cpp:77] gpu_pipeline_task: operator 'PARTITION' (id=5) output batch 0 column count mismatch: got 13, expected 10
[2026-09-08 05:53:42.577] [warning] [gpu_pipeline_task.cpp:77] gpu_pipeline_task: operator 'PARTITION' (id=5) output batch 0 column count mismatch: got 13, expected 10
[2026-09-08 05:53:42.577] [warning] [gpu_pipeline_task.cpp:77] gpu_pipeline_task: operator 'PARTITION' (id=5) output batch 0 column count mismatch: got 13, expected 10
[2026-09-08 05:53:42.577] [warning] [gpu_pipeline_task.cpp:77] gpu_pipeline_task: operator 'PARTITION' (id=5) output batch 0 column count mismatch: got 13, expected 10
[2026-09-08 05:53:42.577] [warning] [gpu_pipeline_task.cpp:77] gpu_pipeline_task: operator 'PARTITION' (id=5) output batch 0 column count mismatch: got 13, expected 10
[2026-09-08 05:53:42.577] [warning] [gpu_pipeline_task.cpp:77] gpu_pipeline_task: operator 'PARTITION' (id=5) output batch 0 column count mismatch: got 13, expected 10
[2026-09-08 05:53:42.577] [warning] [gpu_pipeline_task.cpp:77] gpu_pipeline_task: operator 'PARTITION' (id=5) output batch 0 column count mismatch: got 13, expected 10
[2026-09-08 05:53:42.577] [warning] [gpu_pipeline_task.cpp:77] gpu_pipeline_task: operator 'PARTITION' (id=5) output batch 0 column count mismatch: got 13, expected 10
[2026-09-08 05:53:42.577] [warning] [gpu_pipeline_task.cpp:77] gpu_pipeline_task: operator 'PARTITION' (id=5) output batch 0 column count mismatch: got 13, expected 10
[2026-09-08 05:53:42.577] [warning] [gpu_pipeline_task.cpp:77] gpu_pipeline_task: operator 'PARTITION' (id=5) output batch 0 column count mismatch: got 13, expected 10
[2026-09-08 05:53:42.577] [warning] [gpu_pipeline_task.cpp:77] gpu_pipeline_task: operator 'PARTITION' (id=5) output batch 0 column count mismatch: got 13, expected 10
[2026-09-08 05:53:42.577] [warning] [gpu_pipeline_task.cpp:77] gpu_pipeline_task: operator 'PARTITION' (id=5) output batch 0 column count mismatch: got 13, expected 10
[2026-09-08 05:53:42.577] [warning] [gpu_pipeline_task.cpp:77] gpu_pipeline_task: operator 'PARTITION' (id=5) output batch 0 column count mismatch: got 13, expected 10
[2026-09-08 05:53:42.577] [warning] [gpu_pipeline_task.cpp:77] gpu_pipeline_task: operator 'PARTITION' (id=5) output batch 0 column count mismatch: got 13, expected 10
[2026-09-08 05:53:42.577] [warning] [gpu_pipeline_task.cpp:77] gpu_pipeline_task: operator 'PARTITION' (id=5) output batch 0 column count mismatch: got 13, expected 10
[2026-09-08 05:53:42.577] [warning] [gpu_pipeline_task.cpp:77] gpu_pipeline_task: operator 'PARTITION' (id=5) output batch 0 column count mismatch: got 13, expected 10
[2026-09-08 05:53:42.577] [warning] [gpu_pipeline_task.cpp:77] gpu_pipeline_task: operator 'PARTITION' (id=5) output batch 0 column count mismatch: got 13, expected 10
[2026-09-08 05:53:42.577] [warning] [gpu_pipeline_task.cpp:77] gpu_pipeline_task: operator 'PARTITION' (id=5) output batch 0 column count mismatch: got 13, expected 10
[2026-09-08 05:53:42.577] [warning] [gpu_pipeline_task.cpp:77] gpu_pipeline_task: operator 'PARTITION' (id=5) output batch 0 column count mismatch: got 13, expected 10
[2026-09-08 05:53:42.577] [warning] [gpu_pipeline_task.cpp:77] gpu_pipeline_task: operator 'PARTITION' (id=5) output batch 0 column count mismatch: got 13, expected 10
[2026-09-08 05:53:42.577] [warning] [gpu_pipeline_task.cpp:77] gpu_pipeline_task: operator 'PARTITION' (id=5) output batch 0 column count mismatch: got 13, expected 10
[2026-09-08 05:53:42.577] [warning] [gpu_pipeline_task.cpp:77] gpu_pipeline_task: operator 'PARTITION' (id=5) output batch 0 column count mismatch: got 13, expected 10
[2026-09-08 05:53:42.577] [warning] [gpu_pipeline_task.cpp:77] gpu_pipeline_task: operator 'PARTITION' (id=5) output batch 0 column count mismatch: got 13, expected 10
[2026-09-08 05:53:42.577] [warning] [gpu_pipeline_task.cpp:77] gpu_pipeline_task: operator 'PARTITION' (id=5) output batch 0 column count mismatch: got 13, expected 10
[2026-09-08 05:53:42.577] [warning] [gpu_pipeline_task.cpp:77] gpu_pipeline_task: operator 'PARTITION' (id=5) output batch 0 column count mismatch: got 13, expected 10
[2026-09-08 05:53:42.577] [warning] [gpu_pipeline_task.cpp:77] gpu_pipeline_task: operator 'PARTITION' (id=5) output batch 0 column count mismatch: got 13, expected 10
[2026-09-08 05:53:42.577] [warning] [gpu_pipeline_task.cpp:77] gpu_pipeline_task: operator 'PARTITION' (id=5) output batch 0 column count mismatch: got 13, expected 10
[2026-09-08 05:53:42.577] [warning] [gpu_pipeline_task.cpp:77] gpu_pipeline_task: operator 'PARTITION' (id=5) output batch 0 column count mismatch: got 13, expected 10
[2026-09-08 05:53:42.577] [warning] [gpu_pipeline_task.cpp:77] gpu_pipeline_task: operator 'PARTITION' (id=5) output batch 0 column count mismatch: got 13, expected 10
[2026-09-08 05:53:42.577] [warning] [gpu_pipeline_task.cpp:77] gpu_pipeline_task: operator 'PARTITION' (id=5) output batch 0 column count mismatch: got 13, expected 10
[2026-09-08 05:53:42.577] [warning] [gpu_pipeline_task.cpp:77] gpu_pipeline_task: operator 'PARTITION' (id=5) output batch 0 column count mismatch: got 13, expected 10
[2026-09-08 05:53:42.577] [warning] [gpu_pipeline_task.cpp:77] gpu_pipeline_task: operator 'PARTITION' (id=5) output batch 0 column count mismatch: got 13, expected 10
[2026-09-08 05:53:42.577] [warning] [gpu_pipeline_task.cpp:77] gpu_pipeline_task: operator 'PARTITION' (id=5) output batch 0 column count mismatch: got 13, expected 10
[2026-09-08 05:53:42.577] [warning] [gpu_pipeline_task.cpp:77] gpu_pipeline_task: operator 'PARTITION' (id=5) output batch 0 column count mismatch: got 13, expected 10
[2026-09-08 05:53:42.577] [warning] [gpu_pipeline_task.cpp:77] gpu_pipeline_task: operator 'PARTITION' (id=5) output batch 0 column count mismatch: got 13, expected 10
[2026-09-08 05:53:42.577] [warning] [gpu_pipeline_task.cpp:77] gpu_pipeline_task: operator 'PARTITION' (id=5) output batch 0 column count mismatch: got 13, expected 10
[2026-09-08 05:53:42.577] [warning] [gpu_pipeline_task.cpp:77] gpu_pipeline_task: operator 'PARTITION' (id=5) output batch 0 column count mismatch: got 13, expected 10
[2026-09-08 05:53:42.577] [warning] [gpu_pipeline_task.cpp:77] gpu_pipeline_task: operator 'PARTITION' (id=5) output batch 0 column count mismatch: got 13, expected 10
[2026-09-08 05:53:42.577] [warning] [gpu_pipeline_task.cpp:77] gpu_pipeline_task: operator 'PARTITION' (id=5) output batch 0 column count mismatch: got 13, expected 10
[2026-09-08 05:53:42.577] [warning] [gpu_pipeline_task.cpp:77] gpu_pipeline_task: operator 'PARTITION' (id=5) output batch 0 column count mismatch: got 13, expected 10
[2026-09-08 05:53:42.577] [warning] [gpu_pipeline_task.cpp:77] gpu_pipeline_task: operator 'PARTITION' (id=5) output batch 0 column count mismatch: got 13, expected 10
[2026-09-08 05:53:42.577] [warning] [gpu_pipeline_task.cpp:77] gpu_pipeline_task: operator 'PARTITION' (id=5) output batch 0 column count mismatch: got 13, expected 10
[2026-09-08 05:53:42.577] [warning] [gpu_pipeline_task.cpp:77] gpu_pipeline_task: operator 'PARTITION' (id=5) output batch 0 column count mismatch: got 13, expected 10
[2026-09-08 05:53:42.577] [warning] [gpu_pipeline_task.cpp:77] gpu_pipeline_task: operator 'PARTITION' (id=5) output batch 0 column count mismatch: got 13, expected 10
[2026-09-08 05:53:42.577] [warning] [gpu_pipeline_task.cpp:77] gpu_pipeline_task: operator 'PARTITION' (id=5) output batch 0 column count mismatch: got 13, expected 10
[2026-09-08 05:53:42.577] [warning] [gpu_pipeline_task.cpp:77] gpu_pipeline_task: operator 'PARTITION' (id=5) output batch 0 column count mismatch: got 13, expected 10
[2026-09-08 05:53:42.577] [warning] [gpu_pipeline_task.cpp:77] gpu_pipeline_task: operator 'PARTITION' (id=5) output batch 0 column count mismatch: got 13, expected 10
[2026-09-08 05:53:42.577] [warning] [gpu_pipeline_task.cpp:77] gpu_pipeline_task: operator 'PARTITION' (id=5) output batch 0 column count mismatch: got 13, expected 10
[2026-09-08 05:53:42.577] [warning] [gpu_pipeline_task.cpp:77] gpu_pipeline_task: operator 'PARTITION' (id=5) output batch 0 column count mismatch: got 13, expected 10
[2026-09-08 05:53:42.577] [warning] [gpu_pipeline_task.cpp:77] gpu_pipeline_task: operator 'PARTITION' (id=5) output batch 0 column count mismatch: got 13, expected 10
[2026-09-08 05:53:42.577] [warning] [gpu_pipeline_task.cpp:77] gpu_pipeline_task: operator 'PARTITION' (id=5) output batch 0 column count mismatch: got 13, expected 10
[2026-09-08 05:53:42.577] [warning] [gpu_pipeline_task.cpp:77] gpu_pipeline_task: operator 'PARTITION' (id=5) output batch 0 column count mismatch: got 13, expected 10
[2026-09-08 05:53:42.577] [warning] [gpu_pipeline_task.cpp:77] gpu_pipeline_task: operator 'PARTITION' (id=5) output batch 0 column count mismatch: got 13, expected 10
[2026-09-08 05:53:42.577] [warning] [gpu_pipeline_task.cpp:77] gpu_pipeline_task: operator 'PARTITION' (id=5) output batch 0 column count mismatch: got 13, expected 10
[2026-09-08 05:53:42.577] [warning] [gpu_pipeline_task.cpp:77] gpu_pipeline_task: operator 'PARTITION' (id=5) output batch 0 column count mismatch: got 13, expected 10
[2026-09-08 05:53:42.577] [warning] [gpu_pipeline_task.cpp:77] gpu_pipeline_task: operator 'PARTITION' (id=5) output batch 0 column count mismatch: got 13, expected 10
[2026-09-08 05:53:42.577] [warning] [gpu_pipeline_task.cpp:77] gpu_pipeline_task: operator 'PARTITION' (id=5) output batch 0 column count mismatch: got 13, expected 10
[2026-09-08 05:53:42.577] [warning] [gpu_pipeline_task.cpp:77] gpu_pipeline_task: operator 'PARTITION' (id=5) output batch 0 column count mismatch: got 13, expected 10
[2026-09-08 05:53:42.577] [warning] [gpu_pipeline_task.cpp:77] gpu_pipeline_task: operator 'PARTITION' (id=5) output batch 0 column count mismatch: got 13, expected 10
[2026-09-08 05:53:42.577] [warning] [gpu_pipeline_task.cpp:77] gpu_pipeline_task: operator 'PARTITION' (id=5) output batch 0 column count mismatch: got 13, expected 10
[2026-09-08 05:53:42.577] [warning] [gpu_pipeline_task.cpp:77] gpu_pipeline_task: operator 'PARTITION' (id=5) output batch 0 column count mismatch: got 13, expected 10
[2026-09-08 05:53:42.577] [warning] [gpu_pipeline_task.cpp:77] gpu_pipeline_task: operator 'PARTITION' (id=5) output batch 0 column count mismatch: got 13, expected 10
[2026-09-08 05:53:42.577] [warning] [gpu_pipeline_task.cpp:77] gpu_pipeline_task: operator 'PARTITION' (id=5) output batch 0 column count mismatch: got 13, expected 10
[2026-09-08 05:53:42.577] [warning] [gpu_pipeline_task.cpp:77] gpu_pipeline_task: operator 'PARTITION' (id=5) output batch 0 column count mismatch: got 13, expected 10
[2026-09-08 05:53:42.577] [warning] [gpu_pipeline_task.cpp:77] gpu_pipeline_task: operator 'PARTITION' (id=5) output batch 0 column count mismatch: got 13, expected 10
[2026-09-08 05:53:42.577] [warning] [gpu_pipeline_task.cpp:77] gpu_pipeline_task: operator 'PARTITION' (id=5) output batch 0 column count mismatch: got 13, expected 10
[2026-09-08 05:53:42.577] [warning] [gpu_pipeline_task.cpp:77] gpu_pipeline_task: operator 'PARTITION' (id=5) output batch 0 column count mismatch: got 13, expected 10
[2026-09-08 05:53:42.577] [warning] [gpu_pipeline_task.cpp:77] gpu_pipeline_task: operator 'PARTITION' (id=5) output batch 0 column count mismatch: got 13, expected 10
[2026-09-08 05:53:42.577] [warning] [gpu_pipeline_task.cpp:77] gpu_pipeline_task: operator 'PARTITION' (id=5) output batch 0 column count mismatch: got 13, expected 10
[2026-09-08 05:53:42.577] [warning] [gpu_pipeline_task.cpp:77] gpu_pipeline_task: operator 'PARTITION' (id=5) output batch 0 column count mismatch: got 13, expected 10
[2026-09-08 05:53:42.577] [warning] [gpu_pipeline_task.cpp:77] gpu_pipeline_task: operator 'PARTITION' (id=5) output batch 0 column count mismatch: got 13, expected 10
[2026-09-08 05:53:42.577] [warning] [gpu_pipeline_task.cpp:77] gpu_pipeline_task: operator 'PARTITION' (id=5) output batch 0 column count mismatch: got 13, expected 10
[2026-09-08 05:53:42.577] [warning] [gpu_pipeline_task.cpp:77] gpu_pipeline_task: operator 'PARTITION' (id=5) output batch 0 column count mismatch: got 13, expected 10
[2026-09-08 05:53:42.577] [warning] [gpu_pipeline_task.cpp:77] gpu_pipeline_task: operator 'PARTITION' (id=5) output batch 0 column count mismatch: got 13, expected 10
[2026-09-08 05:53:42.577] [warning] [gpu_pipeline_task.cpp:77] gpu_pipeline_task: operator 'PARTITION' (id=5) output batch 0 column count mismatch: got 13, expected 10
[2026-09-08 05:53:42.577] [warning] [gpu_pipeline_task.cpp:77] gpu_pipeline_task: operator 'PARTITION' (id=5) output batch 0 column count mismatch: got 13, expected 10
[2026-09-08 05:53:42.577] [warning] [gpu_pipeline_task.cpp:77] gpu_pipeline_task: operator 'PARTITION' (id=5) output batch 0 column count mismatch: got 13, expected 10
[2026-09-08 05:53:42.577] [warning] [gpu_pipeline_task.cpp:77] gpu_pipeline_task: operator 'PARTITION' (id=5) output batch 0 column count mismatch: got 13, expected 10
[2026-09-08 05:53:42.577] [warning] [gpu_pipeline_task.cpp:77] gpu_pipeline_task: operator 'PARTITION' (id=5) output batch 0 column count mismatch: got 13, expected 10
[2026-09-08 05:53:42.577] [warning] [gpu_pipeline_task.cpp:77] gpu_pipeline_task: operator 'PARTITION' (id=5) output batch 0 column count mismatch: got 13, expected 10
[2026-09-08 05:53:42.577] [warning] [gpu_pipeline_task.cpp:77] gpu_pipeline_task: operator 'PARTITION' (id=5) output batch 0 column count mismatch: got 13, expected 10
[2026-09-08 05:53:42.577] [warning] [gpu_pipeline_task.cpp:77] gpu_pipeline_task: operator 'PARTITION' (id=5) output batch 0 column count mismatch: got 13, expected 10
[2026-09-08 05:53:42.577] [warning] [gpu_pipeline_task.cpp:77] gpu_pipeline_task: operator 'PARTITION' (id=5) output batch 0 column count mismatch: got 13, expected 10
[2026-09-08 05:53:42.577] [warning] [gpu_pipeline_task.cpp:77] gpu_pipeline_task: operator 'PARTITION' (id=5) output batch 0 column count mismatch: got 13, expected 10
[2026-09-08 05:53:42.577] [warning] [gpu_pipeline_task.cpp:77] gpu_pipeline_task: operator 'PARTITION' (id=5) output batch 0 column count mismatch: got 13, expected 10
[2026-09-08 05:53:42.577] [warning] [gpu_pipeline_task.cpp:77] gpu_pipeline_task: operator 'PARTITION' (id=5) output batch 0 column count mismatch: got 13, expected 10
[2026-09-08 05:53:42.577] [warning] [gpu_pipeline_task.cpp:77] gpu_pipeline_task: operator 'PARTITION' (id=5) output batch 0 column count mismatch: got 13, expected 10
[2026-09-08 05:53:42.577] [warning] [gpu_pipeline_task.cpp:77] gpu_pipeline_task: operator 'PARTITION' (id=5) output batch 0 column count mismatch: got 13, expected 10
[2026-09-08 05:53:42.577] [warning] [gpu_pipeline_task.cpp:77] gpu_pipeline_task: operator 'PARTITION' (id=5) output batch 0 column count mismatch: got 13, expected 10
[2026-09-08 05:53:42.577] [warning] [gpu_pipeline_task.cpp:77] gpu_pipeline_task: operator 'PARTITION' (id=5) output batch 0 column count mismatch: got 13, expected 10
[2026-09-08 05:53:42.577] [warning] [gpu_pipeline_task.cpp:77] gpu_pipeline_task: operator 'PARTITION' (id=5) output batch 0 column count mismatch: got 13, expected 10
[2026-09-08 05:53:42.577] [warning] [gpu_pipeline_task.cpp:77] gpu_pipeline_task: operator 'PARTITION' (id=5) output batch 0 column count mismatch: got 13, expected 10
[2026-09-08 05:53:42.577] [warning] [gpu_pipeline_task.cpp:77] gpu_pipeline_task: operator 'PARTITION' (id=5) output batch 0 column count mismatch: got 13, expected 10
[2026-09-08 05:53:42.577] [warning] [gpu_pipeline_task.cpp:77] gpu_pipeline_task: operator 'PARTITION' (id=5) output batch 0 column count mismatch: got 13, expected 10
[2026-09-08 05:53:42.577] [warning] [gpu_pipeline_task.cpp:77] gpu_pipeline_task: operator 'PARTITION' (id=5) output batch 0 column count mismatch: got 13, expected 10
[2026-09-08 05:53:42.577] [warning] [gpu_pipeline_task.cpp:77] gpu_pipeline_task: operator 'PARTITION' (id=5) output batch 0 column count mismatch: got 13, expected 10
[2026-09-08 05:53:42.577] [warning] [gpu_pipeline_task.cpp:77] gpu_pipeline_task: operator 'PARTITION' (id=5) output batch 0 column count mismatch: got 13, expected 10
[2026-09-08 05:53:42.577] [warning] [gpu_pipeline_task.cpp:77] gpu_pipeline_task: operator 'PARTITION' (id=5) output batch 0 column count mismatch: got 13, expected 10
[2026-09-08 05:53:42.577] [warning] [gpu_pipeline_task.cpp:77] gpu_pipeline_task: operator 'PARTITION' (id=5) output batch 0 column count mismatch: got 13, expected 10
[2026-09-08 05:53:42.577] [warning] [gpu_pipeline_task.cpp:77] gpu_pipeline_task: operator 'PARTITION' (id=5) output batch 0 column count mismatch: got 13, expected 10
[2026-09-08 05:53:42.577] [warning] [gpu_pipeline_task.cpp:77] gpu_pipeline_task: operator 'PARTITION' (id=5) output batch 0 column count mismatch: got 13, expected 10
[2026-09-08 05:53:42.577] [warning] [gpu_pipeline_task.cpp:77] gpu_pipeline_task: operator 'PARTITION' (id=5) output batch 0 column count mismatch: got 13, expected 10
[2026-09-08 05:53:42.577] [warning] [gpu_pipeline_task.cpp:77] gpu_pipeline_task: operator 'PARTITION' (id=5) output batch 0 column count mismatch: got 13, expected 10
[2026-09-08 05:53:42.577] [warning] [gpu_pipeline_task.cpp:77] gpu_pipeline_task: operator 'PARTITION' (id=5) output batch 0 column count mismatch: got 13, expected 10
[2026-09-08 05:53:42.577] [warning] [gpu_pipeline_task.cpp:77] gpu_pipeline_task: operator 'PARTITION' (id=5) output batch 0 column count mismatch: got 13, expected 10
[2026-09-08 05:53:42.577] [warning] [gpu_pipeline_task.cpp:77] gpu_pipeline_task: operator 'PARTITION' (id=5) output batch 0 column count mismatch: got 13, expected 10
[2026-09-08 05:53:42.577] [warning] [gpu_pipeline_task.cpp:77] gpu_pipeline_task: operator 'PARTITION' (id=5) output batch 0 column count mismatch: got 13, expected 10
[2026-09-08 05:53:42.577] [warning] [gpu_pipeline_task.cpp:77] gpu_pipeline_task: operator 'PARTITION' (id=5) output batch 0 column count mismatch: got 13, expected 10
[2026-09-08 05:53:42.577] [warning] [gpu_pipeline_task.cpp:77] gpu_pipeline_task: operator 'PARTITION' (id=5) output batch 0 column count mismatch: got 13, expected 10
[2026-09-08 05:53:42.577] [warning] [gpu_pipeline_task.cpp:77] gpu_pipeline_task: operator 'PARTITION' (id=5) output batch 0 column count mismatch: got 13, expected 10
[2026-09-08 05:53:42.577] [warning] [gpu_pipeline_task.cpp:77] gpu_pipeline_task: operator 'PARTITION' (id=5) output batch 0 column count mismatch: got 13, expected 10
[2026-09-08 05:53:42.577] [warning] [gpu_pipeline_task.cpp:77] gpu_pipeline_task: operator 'PARTITION' (id=5) output batch 0 column count mismatch: got 13, expected 10
[2026-09-08 05:53:42.577] [warning] [gpu_pipeline_task.cpp:77] gpu_pipeline_task: operator 'PARTITION' (id=5) output batch 0 column count mismatch: got 13, expected 10
[2026-09-08 05:53:42.577] [warning] [gpu_pipeline_task.cpp:77] gpu_pipeline_task: operator 'PARTITION' (id=5) output batch 0 column count mismatch: got 13, expected 10
[2026-09-08 05:53:42.577] [warning] [gpu_pipeline_task.cpp:77] gpu_pipeline_task: operator 'PARTITION' (id=5) output batch 0 column count mismatch: got 13, expected 10
[2026-09-08 05:53:42.577] [warning] [gpu_pipeline_task.cpp:77] gpu_pipeline_task: operator 'PARTITION' (id=5) output batch 0 column count mismatch: got 13, expected 10
[2026-09-08 05:53:42.577] [warning] [gpu_pipeline_task.cpp:77] gpu_pipeline_task: operator 'PARTITION' (id=5) output batch 0 column count mismatch: got 13, expected 10
[2026-09-08 05:53:42.577] [warning] [gpu_pipeline_task.cpp:77] gpu_pipeline_task: operator 'PARTITION' (id=5) output batch 0 column count mismatch: got 13, expected 10
[2026-09-08 05:53:42.578] [warning] [gpu_pipeline_task.cpp:77] gpu_pipeline_task: operator 'PARTITION' (id=5) output batch 0 column count mismatch: got 13, expected 10
[2026-09-08 05:53:42.578] [warning] [gpu_pipeline_task.cpp:77] gpu_pipeline_task: operator 'PARTITION' (id=5) output batch 0 column count mismatch: got 13, expected 10
[2026-09-08 05:53:42.578] [warning] [gpu_pipeline_task.cpp:77] gpu_pipeline_task: operator 'PARTITION' (id=5) output batch 0 column count mismatch: got 13, expected 10
[2026-09-08 05:53:42.578] [warning] [gpu_pipeline_task.cpp:77] gpu_pipeline_task: operator 'PARTITION' (id=5) output batch 0 column count mismatch: got 13, expected 10
[2026-09-08 05:53:42.578] [warning] [gpu_pipeline_task.cpp:77] gpu_pipeline_task: operator 'PARTITION' (id=5) output batch 0 column count mismatch: got 13, expected 10
[2026-09-08 05:53:42.578] [warning] [gpu_pipeline_task.cpp:77] gpu_pipeline_task: operator 'PARTITION' (id=5) output batch 0 column count mismatch: got 13, expected 10
[2026-09-08 05:53:42.578] [warning] [gpu_pipeline_task.cpp:77] gpu_pipeline_task: operator 'PARTITION' (id=5) output batch 0 column count mismatch: got 13, expected 10
[2026-09-08 05:53:42.578] [warning] [gpu_pipeline_task.cpp:77] gpu_pipeline_task: operator 'PARTITION' (id=5) output batch 0 column count mismatch: got 13, expected 10
[2026-09-08 05:53:42.578] [warning] [gpu_pipeline_task.cpp:77] gpu_pipeline_task: operator 'PARTITION' (id=5) output batch 0 column count mismatch: got 13, expected 10
[2026-09-08 05:53:42.578] [warning] [gpu_pipeline_task.cpp:77] gpu_pipeline_task: operator 'PARTITION' (id=5) output batch 0 column count mismatch: got 13, expected 10
[2026-09-08 05:53:42.578] [warning] [gpu_pipeline_task.cpp:77] gpu_pipeline_task: operator 'PARTITION' (id=5) output batch 0 column count mismatch: got 13, expected 10
[2026-09-08 05:53:42.578] [warning] [gpu_pipeline_task.cpp:77] gpu_pipeline_task: operator 'PARTITION' (id=5) output batch 0 column count mismatch: got 13, expected 10
[2026-09-08 05:53:42.578] [warning] [gpu_pipeline_task.cpp:77] gpu_pipeline_task: operator 'PARTITION' (id=5) output batch 0 column count mismatch: got 13, expected 10
[2026-09-08 05:53:42.578] [warning] [gpu_pipeline_task.cpp:77] gpu_pipeline_task: operator 'PARTITION' (id=5) output batch 0 column count mismatch: got 13, expected 10
[2026-09-08 05:53:42.578] [warning] [gpu_pipeline_task.cpp:77] gpu_pipeline_task: operator 'PARTITION' (id=5) output batch 0 column count mismatch: got 13, expected 10
[2026-09-08 05:53:42.578] [warning] [gpu_pipeline_task.cpp:77] gpu_pipeline_task: operator 'PARTITION' (id=5) output batch 0 column count mismatch: got 13, expected 10
[2026-09-08 05:53:42.578] [warning] [gpu_pipeline_task.cpp:77] gpu_pipeline_task: operator 'PARTITION' (id=5) output batch 0 column count mismatch: got 13, expected 10
[2026-09-08 05:53:42.578] [warning] [gpu_pipeline_task.cpp:77] gpu_pipeline_task: operator 'PARTITION' (id=5) output batch 0 column count mismatch: got 13, expected 10
[2026-09-08 05:53:42.578] [warning] [gpu_pipeline_task.cpp:77] gpu_pipeline_task: operator 'PARTITION' (id=5) output batch 0 column count mismatch: got 13, expected 10
[2026-09-08 05:53:42.578] [warning] [gpu_pipeline_task.cpp:77] gpu_pipeline_task: operator 'PARTITION' (id=5) output batch 0 column count mismatch: got 13, expected 10
[2026-09-08 05:53:42.578] [warning] [gpu_pipeline_task.cpp:77] gpu_pipeline_task: operator 'PARTITION' (id=5) output batch 0 column count mismatch: got 13, expected 10
[2026-09-08 05:53:42.578] [warning] [gpu_pipeline_task.cpp:77] gpu_pipeline_task: operator 'PARTITION' (id=5) output batch 0 column count mismatch: got 13, expected 10
[2026-09-08 05:53:42.578] [warning] [gpu_pipeline_task.cpp:77] gpu_pipeline_task: operator 'PARTITION' (id=5) output batch 0 column count mismatch: got 13, expected 10
[2026-09-08 05:53:42.578] [warning] [gpu_pipeline_task.cpp:77] gpu_pipeline_task: operator 'PARTITION' (id=5) output batch 0 column count mismatch: got 13, expected 10
[2026-09-08 05:53:42.578] [warning] [gpu_pipeline_task.cpp:77] gpu_pipeline_task: operator 'PARTITION' (id=5) output batch 0 column count mismatch: got 13, expected 10
[2026-09-08 05:53:42.578] [warning] [gpu_pipeline_task.cpp:77] gpu_pipeline_task: operator 'PARTITION' (id=5) output batch 0 column count mismatch: got 13, expected 10
[2026-09-08 05:53:42.578] [warning] [gpu_pipeline_task.cpp:77] gpu_pipeline_task: operator 'PARTITION' (id=5) output batch 0 column count mismatch: got 13, expected 10
[2026-09-08 05:53:42.578] [warning] [gpu_pipeline_task.cpp:77] gpu_pipeline_task: operator 'PARTITION' (id=5) output batch 0 column count mismatch: got 13, expected 10
[2026-09-08 05:53:42.578] [warning] [gpu_pipeline_task.cpp:77] gpu_pipeline_task: operator 'PARTITION' (id=5) output batch 0 column count mismatch: got 13, expected 10
[2026-09-08 05:53:42.578] [warning] [gpu_pipeline_task.cpp:77] gpu_pipeline_task: operator 'PARTITION' (id=5) output batch 0 column count mismatch: got 13, expected 10
[2026-09-08 05:53:42.578] [warning] [gpu_pipeline_task.cpp:77] gpu_pipeline_task: operator 'PARTITION' (id=5) output batch 0 column count mismatch: got 13, expected 10
[2026-09-08 05:53:42.578] [warning] [gpu_pipeline_task.cpp:77] gpu_pipeline_task: operator 'PARTITION' (id=5) output batch 0 column count mismatch: got 13, expected 10
[2026-09-08 05:53:42.578] [warning] [gpu_pipeline_task.cpp:77] gpu_pipeline_task: operator 'PARTITION' (id=5) output batch 0 column count mismatch: got 13, expected 10
[2026-09-08 05:53:42.578] [warning] [gpu_pipeline_task.cpp:77] gpu_pipeline_task: operator 'PARTITION' (id=5) output batch 0 column count mismatch: got 13, expected 10
[2026-09-08 05:53:42.578] [warning] [gpu_pipeline_task.cpp:77] gpu_pipeline_task: operator 'PARTITION' (id=5) output batch 0 column count mismatch: got 13, expected 10
[2026-09-08 05:53:42.578] [warning] [gpu_pipeline_task.cpp:77] gpu_pipeline_task: operator 'PARTITION' (id=5) output batch 0 column count mismatch: got 13, expected 10
[2026-09-08 05:53:42.578] [warning] [gpu_pipeline_task.cpp:77] gpu_pipeline_task: operator 'PARTITION' (id=5) output batch 0 column count mismatch: got 13, expected 10
[2026-09-08 05:53:42.578] [warning] [gpu_pipeline_task.cpp:77] gpu_pipeline_task: operator 'PARTITION' (id=5) output batch 0 column count mismatch: got 13, expected 10
[2026-09-08 05:53:42.578] [warning] [gpu_pipeline_task.cpp:77] gpu_pipeline_task: operator 'PARTITION' (id=5) output batch 0 column count mismatch: got 13, expected 10
[2026-09-08 05:53:42.578] [warning] [gpu_pipeline_task.cpp:77] gpu_pipeline_task: operator 'PARTITION' (id=5) output batch 0 column count mismatch: got 13, expected 10
[2026-09-08 05:53:42.578] [warning] [gpu_pipeline_task.cpp:77] gpu_pipeline_task: operator 'PARTITION' (id=5) output batch 0 column count mismatch: got 13, expected 10
[2026-09-08 05:53:42.578] [warning] [gpu_pipeline_task.cpp:77] gpu_pipeline_task: operator 'PARTITION' (id=5) output batch 0 column count mismatch: got 13, expected 10
[2026-09-08 05:53:42.578] [warning] [gpu_pipeline_task.cpp:77] gpu_pipeline_task: operator 'PARTITION' (id=5) output batch 0 column count mismatch: got 13, expected 10
[2026-09-08 05:53:42.578] [warning] [gpu_pipeline_task.cpp:77] gpu_pipeline_task: operator 'PARTITION' (id=5) output batch 0 column count mismatch: got 13, expected 10
[2026-09-08 05:53:42.578] [warning] [gpu_pipeline_task.cpp:77] gpu_pipeline_task: operator 'PARTITION' (id=5) output batch 0 column count mismatch: got 13, expected 10
[2026-09-08 05:53:42.578] [warning] [gpu_pipeline_task.cpp:77] gpu_pipeline_task: operator 'PARTITION' (id=5) output batch 0 column count mismatch: got 13, expected 10
[2026-09-08 05:53:42.578] [warning] [gpu_pipeline_task.cpp:77] gpu_pipeline_task: operator 'PARTITION' (id=5) output batch 0 column count mismatch: got 13, expected 10
[2026-09-08 05:53:42.578] [warning] [gpu_pipeline_task.cpp:77] gpu_pipeline_task: operator 'PARTITION' (id=5) output batch 0 column count mismatch: got 13, expected 10
[2026-09-08 05:53:42.578] [warning] [gpu_pipeline_task.cpp:77] gpu_pipeline_task: operator 'PARTITION' (id=5) output batch 0 column count mismatch: got 13, expected 10
[2026-09-08 05:53:42.578] [warning] [gpu_pipeline_task.cpp:77] gpu_pipeline_task: operator 'PARTITION' (id=5) output batch 0 column count mismatch: got 13, expected 10
[2026-09-08 05:53:42.578] [warning] [gpu_pipeline_task.cpp:77] gpu_pipeline_task: operator 'PARTITION' (id=5) output batch 0 column count mismatch: got 13, expected 10
[2026-09-08 05:53:42.578] [warning] [gpu_pipeline_task.cpp:77] gpu_pipeline_task: operator 'PARTITION' (id=5) output batch 0 column count mismatch: got 13, expected 10
[2026-09-08 05:53:42.578] [warning] [gpu_pipeline_task.cpp:77] gpu_pipeline_task: operator 'PARTITION' (id=5) output batch 0 column count mismatch: got 13, expected 10
[2026-09-08 05:53:42.578] [warning] [gpu_pipeline_task.cpp:77] gpu_pipeline_task: operator 'PARTITION' (id=5) output batch 0 column count mismatch: got 13, expected 10
[2026-09-08 05:53:42.578] [warning] [gpu_pipeline_task.cpp:77] gpu_pipeline_task: operator 'PARTITION' (id=5) output batch 0 column count mismatch: got 13, expected 10
[2026-09-08 05:53:42.578] [warning] [gpu_pipeline_task.cpp:77] gpu_pipeline_task: operator 'PARTITION' (id=5) output batch 0 column count mismatch: got 13, expected 10
[2026-09-08 05:53:42.578] [warning] [gpu_pipeline_task.cpp:77] gpu_pipeline_task: operator 'PARTITION' (id=5) output batch 0 column count mismatch: got 13, expected 10
[2026-09-08 05:53:42.578] [warning] [gpu_pipeline_task.cpp:77] gpu_pipeline_task: operator 'PARTITION' (id=5) output batch 0 column count mismatch: got 13, expected 10
[2026-09-08 05:53:42.578] [warning] [gpu_pipeline_task.cpp:77] gpu_pipeline_task: operator 'PARTITION' (id=5) output batch 0 column count mismatch: got 13, expected 10
[2026-09-08 05:53:42.578] [warning] [gpu_pipeline_task.cpp:77] gpu_pipeline_task: operator 'PARTITION' (id=5) output batch 0 column count mismatch: got 13, expected 10
[2026-09-08 05:53:42.578] [warning] [gpu_pipeline_task.cpp:77] gpu_pipeline_task: operator 'PARTITION' (id=5) output batch 0 column count mismatch: got 13, expected 10
[2026-09-08 05:53:42.578] [warning] [gpu_pipeline_task.cpp:77] gpu_pipeline_task: operator 'PARTITION' (id=5) output batch 0 column count mismatch: got 13, expected 10
[2026-09-08 05:53:42.578] [warning] [gpu_pipeline_task.cpp:77] gpu_pipeline_task: operator 'PARTITION' (id=5) output batch 0 column count mismatch: got 13, expected 10
[2026-09-08 05:53:42.578] [warning] [gpu_pipeline_task.cpp:77] gpu_pipeline_task: operator 'PARTITION' (id=5) output batch 0 column count mismatch: got 13, expected 10
[2026-09-08 05:53:42.578] [warning] [gpu_pipeline_task.cpp:77] gpu_pipeline_task: operator 'PARTITION' (id=5) output batch 0 column count mismatch: got 13, expected 10
[2026-09-08 05:53:42.578] [warning] [gpu_pipeline_task.cpp:77] gpu_pipeline_task: operator 'PARTITION' (id=5) output batch 0 column count mismatch: got 13, expected 10
[2026-09-08 05:53:42.578] [warning] [gpu_pipeline_task.cpp:77] gpu_pipeline_task: operator 'PARTITION' (id=5) output batch 0 column count mismatch: got 13, expected 10
[2026-09-08 05:53:42.578] [warning] [gpu_pipeline_task.cpp:77] gpu_pipeline_task: operator 'PARTITION' (id=5) output batch 0 column count mismatch: got 13, expected 10
[2026-09-08 05:53:42.578] [warning] [gpu_pipeline_task.cpp:77] gpu_pipeline_task: operator 'PARTITION' (id=5) output batch 0 column count mismatch: got 13, expected 10
[2026-09-08 05:53:42.578] [warning] [gpu_pipeline_task.cpp:77] gpu_pipeline_task: operator 'PARTITION' (id=5) output batch 0 column count mismatch: got 13, expected 10
[2026-09-08 05:53:42.578] [warning] [gpu_pipeline_task.cpp:77] gpu_pipeline_task: operator 'PARTITION' (id=5) output batch 0 column count mismatch: got 13, expected 10
[2026-09-08 05:53:42.578] [warning] [gpu_pipeline_task.cpp:77] gpu_pipeline_task: operator 'PARTITION' (id=5) output batch 0 column count mismatch: got 13, expected 10
[2026-09-08 05:53:42.578] [warning] [gpu_pipeline_task.cpp:77] gpu_pipeline_task: operator 'PARTITION' (id=5) output batch 0 column count mismatch: got 13, expected 10
[2026-09-08 05:53:42.578] [warning] [gpu_pipeline_task.cpp:77] gpu_pipeline_task: operator 'PARTITION' (id=5) output batch 0 column count mismatch: got 13, expected 10
[2026-09-08 05:53:42.578] [warning] [gpu_pipeline_task.cpp:77] gpu_pipeline_task: operator 'PARTITION' (id=5) output batch 0 column count mismatch: got 13, expected 10
[2026-09-08 05:53:42.578] [warning] [gpu_pipeline_task.cpp:77] gpu_pipeline_task: operator 'PARTITION' (id=5) output batch 0 column count mismatch: got 13, expected 10
[2026-09-08 05:53:42.578] [warning] [gpu_pipeline_task.cpp:77] gpu_pipeline_task: operator 'PARTITION' (id=5) output batch 0 column count mismatch: got 13, expected 10
[2026-09-08 05:53:42.578] [warning] [gpu_pipeline_task.cpp:77] gpu_pipeline_task: operator 'PARTITION' (id=5) output batch 0 column count mismatch: got 13, expected 10
[2026-09-08 05:53:42.578] [warning] [gpu_pipeline_task.cpp:77] gpu_pipeline_task: operator 'PARTITION' (id=5) output batch 0 column count mismatch: got 13, expected 10
[2026-09-08 05:53:42.578] [warning] [gpu_pipeline_task.cpp:77] gpu_pipeline_task: operator 'PARTITION' (id=5) output batch 0 column count mismatch: got 13, expected 10
[2026-09-08 05:53:42.578] [warning] [gpu_pipeline_task.cpp:77] gpu_pipeline_task: operator 'PARTITION' (id=5) output batch 0 column count mismatch: got 13, expected 10
[2026-09-08 05:53:42.578] [warning] [gpu_pipeline_task.cpp:77] gpu_pipeline_task: operator 'PARTITION' (id=5) output batch 0 column count mismatch: got 13, expected 10
[2026-09-08 05:53:42.578] [warning] [gpu_pipeline_task.cpp:77] gpu_pipeline_task: operator 'PARTITION' (id=5) output batch 0 column count mismatch: got 13, expected 10
[2026-09-08 05:53:42.578] [warning] [gpu_pipeline_task.cpp:77] gpu_pipeline_task: operator 'PARTITION' (id=5) output batch 0 column count mismatch: got 13, expected 10
[2026-09-08 05:53:42.578] [warning] [gpu_pipeline_task.cpp:77] gpu_pipeline_task: operator 'PARTITION' (id=5) output batch 0 column count mismatch: got 13, expected 10
[2026-09-08 05:53:42.578] [warning] [gpu_pipeline_task.cpp:77] gpu_pipeline_task: operator 'PARTITION' (id=5) output batch 0 column count mismatch: got 13, expected 10
[2026-09-08 05:53:42.578] [warning] [gpu_pipeline_task.cpp:77] gpu_pipeline_task: operator 'PARTITION' (id=5) output batch 0 column count mismatch: got 13, expected 10
[2026-09-08 05:53:42.578] [warning] [gpu_pipeline_task.cpp:77] gpu_pipeline_task: operator 'PARTITION' (id=5) output batch 0 column count mismatch: got 13, expected 10
[2026-09-08 05:53:42.593] [info] [gpu_pipeline_executor.cpp:129] GPU Pipeline Executor: task queue interrupted, stopping manager loop
[2026-09-08 05:53:42.593] [info] [sirius_context.cpp:405] QueryEnd
[2026-09-08 05:53:42.594] [info] [memory_prefetcher.cpp:72] [memory_prefetcher] stopping: prefetched 143 batches / 8541970527 bytes (stops: headroom=1 reservation=0, skips: lock=0 draining=4, errors=0)
[2026-09-08 05:53:42.594] [info] [sirius_context.cpp:256] [host_pool] HOST:0 QueryEnd instance=0xbbc78d5621e0 connection=1 window=4 query=13 allocated=55901683712 bytes peak=55968792576 bytes free_blocks=2303
[2026-09-08 05:53:42.594] [info] [sirius_context.cpp:271] [gpu_pool] GPU:0 QueryEnd instance=0xbbc78d5621e0 connection=1 window=4 query=13 allocated=0 bytes peak=153568977007 bytes reserved=0 bytes
[2026-09-08 05:53:42.594] [info] [sirius_context.cpp:521] [window] end instance=0xbbc78d5621e0 connection=1 window=4 query=13 outcome=ok
[2026-09-08 05:53:42.594] [info] [physical_sirius_execution.cpp:327] Transparent GPU execution: query completed
[2026-09-08 05:53:42.611] [info] [sirius_context.cpp:329] QueryBegin: instance=0xbbc78d5621e0 connection=1 query=14 SQL: CALL unpin_table('lineitem')
[2026-09-08 05:53:42.613] [info] [sirius_context.cpp:329] QueryBegin: instance=0xbbc78d5621e0 connection=1 query=15 SQL: CALL pin_table('/datasets/tpch_sf1000_sorted/part/*.parquet', tier='host', name='part', cols=['p_partkey','p_mfgr','p_size','p_type'])
[2026-09-08 05:53:42.613] [info] [sirius_context.cpp:521] [window] begin instance=0xbbc78d5621e0 connection=1 window=5 query=15 outcome=-
[2026-09-08 05:53:42.613] [info] [sirius_context.cpp:256] [host_pool] HOST:0 QueryBegin instance=0xbbc78d5621e0 connection=1 window=5 query=15 allocated=17448304640 bytes peak=55968792576 bytes free_blocks=2876
[2026-09-08 05:53:42.613] [info] [sirius_context.cpp:271] [gpu_pool] GPU:0 QueryBegin instance=0xbbc78d5621e0 connection=1 window=5 query=15 allocated=0 bytes peak=153568977007 bytes reserved=0 bytes
[2026-09-08 05:53:42.613] [info] [sirius_context.cpp:389] QueryBegin: pin_table
[2026-09-08 05:53:42.615] [warning] [sirius_extension.cpp:1430] [pin_table] 'part': pin_table_compression is enabled but no plan file was found in '/home/nvidia/joost/sirius-zonemap/bench/sf1000-repro/plans'; pinning uncompressed
[2026-09-08 05:53:42.775] [info] [sirius_context.cpp:405] QueryEnd
[2026-09-08 05:53:42.775] [info] [sirius_context.cpp:256] [host_pool] HOST:0 QueryEnd instance=0xbbc78d5621e0 connection=1 window=5 query=15 allocated=28454158336 bytes peak=55968792576 bytes free_blocks=2712
[2026-09-08 05:53:42.776] [info] [sirius_context.cpp:271] [gpu_pool] GPU:0 QueryEnd instance=0xbbc78d5621e0 connection=1 window=5 query=15 allocated=0 bytes peak=153568977007 bytes reserved=0 bytes
[2026-09-08 05:53:42.776] [info] [sirius_context.cpp:521] [window] end instance=0xbbc78d5621e0 connection=1 window=5 query=15 outcome=ok
[2026-09-08 05:53:42.776] [info] [sirius_context.cpp:329] QueryBegin: instance=0xbbc78d5621e0 connection=1 query=16 SQL: CALL pin_table('/datasets/tpch_sf1000_sorted/supplier/*.parquet', tier='host', name='supplier', cols=['s_suppkey','s_acctbal','s_name','s_address','s_phone','s_comment','s_nationkey'])
[2026-09-08 05:53:42.776] [info] [sirius_context.cpp:521] [window] begin instance=0xbbc78d5621e0 connection=1 window=6 query=16 outcome=-
[2026-09-08 05:53:42.776] [info] [sirius_context.cpp:256] [host_pool] HOST:0 QueryBegin instance=0xbbc78d5621e0 connection=1 window=6 query=16 allocated=28454158336 bytes peak=55968792576 bytes free_blocks=2712
[2026-09-08 05:53:42.776] [info] [sirius_context.cpp:271] [gpu_pool] GPU:0 QueryBegin instance=0xbbc78d5621e0 connection=1 window=6 query=16 allocated=0 bytes peak=153568977007 bytes reserved=0 bytes
[2026-09-08 05:53:42.776] [info] [sirius_context.cpp:389] QueryBegin: pin_table
[2026-09-08 05:53:42.777] [warning] [sirius_extension.cpp:1430] [pin_table] 'supplier': pin_table_compression is enabled but no plan file was found in '/home/nvidia/joost/sirius-zonemap/bench/sf1000-repro/plans'; pinning uncompressed
[2026-09-08 05:53:42.857] [info] [sirius_context.cpp:405] QueryEnd
[2026-09-08 05:53:42.857] [info] [sirius_context.cpp:256] [host_pool] HOST:0 QueryEnd instance=0xbbc78d5621e0 connection=1 window=6 query=16 allocated=29930553344 bytes peak=55968792576 bytes free_blocks=2690
[2026-09-08 05:53:42.857] [info] [sirius_context.cpp:271] [gpu_pool] GPU:0 QueryEnd instance=0xbbc78d5621e0 connection=1 window=6 query=16 allocated=0 bytes peak=153568977007 bytes reserved=0 bytes
[2026-09-08 05:53:42.857] [info] [sirius_context.cpp:521] [window] end instance=0xbbc78d5621e0 connection=1 window=6 query=16 outcome=ok
[2026-09-08 05:53:42.857] [info] [sirius_context.cpp:329] QueryBegin: instance=0xbbc78d5621e0 connection=1 query=17 SQL: CALL pin_table('/datasets/tpch_sf1000_sorted/partsupp/*.parquet', tier='host', name='partsupp', cols=['ps_partkey','ps_suppkey','ps_supplycost'])
[2026-09-08 05:53:42.858] [info] [sirius_context.cpp:521] [window] begin instance=0xbbc78d5621e0 connection=1 window=7 query=17 outcome=-
[2026-09-08 05:53:42.858] [info] [sirius_context.cpp:256] [host_pool] HOST:0 QueryBegin instance=0xbbc78d5621e0 connection=1 window=7 query=17 allocated=29930553344 bytes peak=55968792576 bytes free_blocks=2690
[2026-09-08 05:53:42.858] [info] [sirius_context.cpp:271] [gpu_pool] GPU:0 QueryBegin instance=0xbbc78d5621e0 connection=1 window=7 query=17 allocated=0 bytes peak=153568977007 bytes reserved=0 bytes
[2026-09-08 05:53:42.858] [info] [sirius_context.cpp:389] QueryBegin: pin_table
[2026-09-08 05:53:42.859] [warning] [sirius_extension.cpp:1430] [pin_table] 'partsupp': pin_table_compression is enabled but no plan file was found in '/home/nvidia/joost/sirius-zonemap/bench/sf1000-repro/plans'; pinning uncompressed
[2026-09-08 05:53:43.349] [info] [sirius_context.cpp:405] QueryEnd
[2026-09-08 05:53:43.349] [info] [sirius_context.cpp:256] [host_pool] HOST:0 QueryEnd instance=0xbbc78d5621e0 connection=1 window=7 query=17 allocated=40265318400 bytes peak=55968792576 bytes free_blocks=2536
[2026-09-08 05:53:43.349] [info] [sirius_context.cpp:271] [gpu_pool] GPU:0 QueryEnd instance=0xbbc78d5621e0 connection=1 window=7 query=17 allocated=0 bytes peak=153568977007 bytes reserved=0 bytes
[2026-09-08 05:53:43.349] [info] [sirius_context.cpp:521] [window] end instance=0xbbc78d5621e0 connection=1 window=7 query=17 outcome=ok
[2026-09-08 05:53:43.350] [info] [sirius_context.cpp:329] QueryBegin: instance=0xbbc78d5621e0 connection=1 query=18 SQL: CALL pin_table('/datasets/tpch_sf1000_sorted/nation/*.parquet', tier='host', name='nation', cols=['n_nationkey','n_name','n_regionkey'])
[2026-09-08 05:53:43.350] [info] [sirius_context.cpp:521] [window] begin instance=0xbbc78d5621e0 connection=1 window=8 query=18 outcome=-
[2026-09-08 05:53:43.350] [info] [sirius_context.cpp:256] [host_pool] HOST:0 QueryBegin instance=0xbbc78d5621e0 connection=1 window=8 query=18 allocated=40265318400 bytes peak=55968792576 bytes free_blocks=2536
[2026-09-08 05:53:43.350] [info] [sirius_context.cpp:271] [gpu_pool] GPU:0 QueryBegin instance=0xbbc78d5621e0 connection=1 window=8 query=18 allocated=0 bytes peak=153568977007 bytes reserved=0 bytes
[2026-09-08 05:53:43.350] [info] [sirius_context.cpp:389] QueryBegin: pin_table
[2026-09-08 05:53:43.350] [warning] [sirius_extension.cpp:1430] [pin_table] 'nation': pin_table_compression is enabled but no plan file was found in '/home/nvidia/joost/sirius-zonemap/bench/sf1000-repro/plans'; pinning uncompressed
[2026-09-08 05:53:43.387] [info] [sirius_extension.cpp:1478] [late-mat] pin 'nation': column 'n_nationkey' proven distinct table-wide (per-chunk)
[2026-09-08 05:53:43.387] [info] [sirius_extension.cpp:1478] [late-mat] pin 'nation': column 'n_name' proven distinct table-wide (per-chunk)
[2026-09-08 05:53:43.387] [info] [sirius_context.cpp:405] QueryEnd
[2026-09-08 05:53:43.387] [info] [sirius_context.cpp:256] [host_pool] HOST:0 QueryEnd instance=0xbbc78d5621e0 connection=1 window=8 query=18 allocated=40332427264 bytes peak=55968792576 bytes free_blocks=2535
[2026-09-08 05:53:43.387] [info] [sirius_context.cpp:271] [gpu_pool] GPU:0 QueryEnd instance=0xbbc78d5621e0 connection=1 window=8 query=18 allocated=0 bytes peak=153568977007 bytes reserved=0 bytes
[2026-09-08 05:53:43.387] [info] [sirius_context.cpp:521] [window] end instance=0xbbc78d5621e0 connection=1 window=8 query=18 outcome=ok
[2026-09-08 05:53:43.388] [info] [sirius_context.cpp:329] QueryBegin: instance=0xbbc78d5621e0 connection=1 query=19 SQL: CALL pin_table('/datasets/tpch_sf1000_sorted/region/*.parquet', tier='host', name='region', cols=['r_regionkey','r_name'])
[2026-09-08 05:53:43.388] [info] [sirius_context.cpp:521] [window] begin instance=0xbbc78d5621e0 connection=1 window=9 query=19 outcome=-
[2026-09-08 05:53:43.388] [info] [sirius_context.cpp:256] [host_pool] HOST:0 QueryBegin instance=0xbbc78d5621e0 connection=1 window=9 query=19 allocated=40332427264 bytes peak=55968792576 bytes free_blocks=2535
[2026-09-08 05:53:43.388] [info] [sirius_context.cpp:271] [gpu_pool] GPU:0 QueryBegin instance=0xbbc78d5621e0 connection=1 window=9 query=19 allocated=0 bytes peak=153568977007 bytes reserved=0 bytes
[2026-09-08 05:53:43.388] [info] [sirius_context.cpp:389] QueryBegin: pin_table
[2026-09-08 05:53:43.388] [warning] [sirius_extension.cpp:1430] [pin_table] 'region': pin_table_compression is enabled but no plan file was found in '/home/nvidia/joost/sirius-zonemap/bench/sf1000-repro/plans'; pinning uncompressed
[2026-09-08 05:53:43.390] [info] [sirius_context.cpp:405] QueryEnd
[2026-09-08 05:53:43.390] [info] [sirius_context.cpp:256] [host_pool] HOST:0 QueryEnd instance=0xbbc78d5621e0 connection=1 window=9 query=19 allocated=40399536128 bytes peak=55968792576 bytes free_blocks=2534
[2026-09-08 05:53:43.390] [info] [sirius_context.cpp:271] [gpu_pool] GPU:0 QueryEnd instance=0xbbc78d5621e0 connection=1 window=9 query=19 allocated=0 bytes peak=153568977007 bytes reserved=0 bytes
[2026-09-08 05:53:43.390] [info] [sirius_context.cpp:521] [window] end instance=0xbbc78d5621e0 connection=1 window=9 query=19 outcome=ok
[2026-09-08 05:53:43.390] [info] [sirius_context.cpp:329] QueryBegin: instance=0xbbc78d5621e0 connection=1 query=20 SQL: CALL sirius_set_query_label('q2_iter0')
[2026-09-08 05:53:43.391] [info] [sirius_context.cpp:329] QueryBegin: instance=0xbbc78d5621e0 connection=1 query=21 SQL: SET gpu_execution = true;
