[2026-09-07 12:51:10.470] [info] [sirius_context.cpp:329] QueryBegin: instance=0xe15cdd960390 connection=1 query=22 SQL: select s.s_acctbal, s.s_name, n.n_name, p.p_partkey, p.p_mfgr, s.s_address, s.s_phone, s.s_comment from part p, supplier s, partsupp ps, nation n, region r where p.p_partkey = ps.ps_partkey and s.s_suppkey = ps.ps_suppkey and p.p_size = 41 and p.p_type like '%NICKEL' and s.s_nationkey = n.n_nationkey and n.n_regionkey = r.r_regionkey and r.r_name = 'EUROPE' and ps.ps_supplycost = ( select min(ps.ps_supplycost) from partsupp ps, supplier s, nation n, region r where p.p_partkey = ps.ps_partkey and s.s_suppkey = ps.ps_suppkey and s.s_nationkey = n.n_nationkey and n.n_regionkey = r.r_regionkey and r.r_name = 'EUROPE' ) order by s.s_acctbal desc, n.n_name, s.s_name, p.p_partkey limit 100
[2026-09-07 12:51:10.496] [info] [sirius_plan_comparison_join.cpp:646] [sirius_plan_comparison_join] Wired hash join with 1 dynamic-filter probe target(s) (1 scan-bound, 0 join-edge; evidence=filtered; build est 5 rows).
[2026-09-07 12:51:10.496] [info] [sirius_plan_comparison_join.cpp:646] [sirius_plan_comparison_join] Wired hash join with 1 dynamic-filter probe target(s) (1 scan-bound, 0 join-edge; evidence=filtered; build est 25 rows).
[2026-09-07 12:51:10.496] [info] [sirius_plan_comparison_join.cpp:646] [sirius_plan_comparison_join] Wired hash join with 1 dynamic-filter probe target(s) (1 scan-bound, 0 join-edge; evidence=filtered; build est 1000000 rows).
[2026-09-07 12:51:10.496] [info] [sirius_plan_comparison_join.cpp:646] [sirius_plan_comparison_join] Wired hash join with 1 dynamic-filter probe target(s) (1 scan-bound, 0 join-edge; evidence=filtered; build est 20000000 rows).
[2026-09-07 12:51:10.496] [info] [sirius_plan_comparison_join.cpp:646] [sirius_plan_comparison_join] Wired hash join with 1 dynamic-filter probe target(s) (1 scan-bound, 0 join-edge; evidence=opaque; build est 0 rows).
[2026-09-07 12:51:10.496] [info] [sirius_plan_comparison_join.cpp:646] [sirius_plan_comparison_join] Wired hash join with 1 dynamic-filter probe target(s) (1 scan-bound, 0 join-edge; evidence=filtered; build est 5 rows).
[2026-09-07 12:51:10.496] [info] [sirius_plan_comparison_join.cpp:646] [sirius_plan_comparison_join] Wired hash join with 1 dynamic-filter probe target(s) (1 scan-bound, 0 join-edge; evidence=filtered; build est 25 rows).
[2026-09-07 12:51:10.496] [info] [sirius_plan_comparison_join.cpp:646] [sirius_plan_comparison_join] Wired hash join with 1 dynamic-filter probe target(s) (1 scan-bound, 0 join-edge; evidence=filtered; build est 1000000 rows).
[2026-09-07 12:51:10.496] [info] [sirius_context.cpp:1467] Transparent execution: Sirius physical plan generated successfully
[2026-09-07 12:51:10.496] [info] [sirius_context.cpp:1495] Transparent execution: physical plan replaced with GPU operator
[2026-09-07 12:51:10.496] [info] [physical_sirius_execution.cpp:157] Transparent GPU execution: executing query
[2026-09-07 12:51:10.496] [info] [sirius_context.cpp:521] [window] begin instance=0xe15cdd960390 connection=1 window=10 query=22 outcome=-
[2026-09-07 12:51:10.496] [info] [sirius_context.cpp:256] [host_pool] HOST:0 QueryBegin instance=0xe15cdd960390 connection=1 window=10 query=22 allocated=17515413504 bytes peak=17515413504 bytes free_blocks=539
[2026-09-07 12:51:10.496] [info] [sirius_context.cpp:271] [gpu_pool] GPU:0 QueryBegin instance=0xe15cdd960390 connection=1 window=10 query=22 allocated=2098380800 bytes peak=9898440970 bytes reserved=0 bytes
[2026-09-07 12:51:10.496] [info] [sirius_context.cpp:389] QueryBegin: transparent_execution
[2026-09-07 12:51:10.498] [info] [sirius_plan_comparison_join.cpp:646] [sirius_plan_comparison_join] Wired hash join with 1 dynamic-filter probe target(s) (1 scan-bound, 0 join-edge; evidence=filtered; build est 5 rows).
[2026-09-07 12:51:10.498] [info] [sirius_plan_comparison_join.cpp:646] [sirius_plan_comparison_join] Wired hash join with 1 dynamic-filter probe target(s) (1 scan-bound, 0 join-edge; evidence=filtered; build est 25 rows).
[2026-09-07 12:51:10.498] [info] [sirius_plan_comparison_join.cpp:646] [sirius_plan_comparison_join] Wired hash join with 1 dynamic-filter probe target(s) (1 scan-bound, 0 join-edge; evidence=filtered; build est 1000000 rows).
[2026-09-07 12:51:10.498] [info] [sirius_plan_comparison_join.cpp:646] [sirius_plan_comparison_join] Wired hash join with 1 dynamic-filter probe target(s) (1 scan-bound, 0 join-edge; evidence=filtered; build est 20000000 rows).
[2026-09-07 12:51:10.498] [info] [sirius_plan_comparison_join.cpp:646] [sirius_plan_comparison_join] Wired hash join with 1 dynamic-filter probe target(s) (1 scan-bound, 0 join-edge; evidence=opaque; build est 0 rows).
[2026-09-07 12:51:10.498] [info] [sirius_plan_comparison_join.cpp:646] [sirius_plan_comparison_join] Wired hash join with 1 dynamic-filter probe target(s) (1 scan-bound, 0 join-edge; evidence=filtered; build est 5 rows).
[2026-09-07 12:51:10.498] [info] [sirius_plan_comparison_join.cpp:646] [sirius_plan_comparison_join] Wired hash join with 1 dynamic-filter probe target(s) (1 scan-bound, 0 join-edge; evidence=filtered; build est 25 rows).
[2026-09-07 12:51:10.498] [info] [sirius_plan_comparison_join.cpp:646] [sirius_plan_comparison_join] Wired hash join with 1 dynamic-filter probe target(s) (1 scan-bound, 0 join-edge; evidence=filtered; build est 1000000 rows).
[2026-09-07 12:51:10.499] [info] [sirius_engine.cpp:265] [gpu_alloc] query allocated 1 GPU(s): [0]
[2026-09-07 12:51:10.499] [info] [sirius_engine.cpp:318] Query Plan:
=== Pipeline Overview ===
Pipeline #0: GPU_SCAN (id=0)
  Output: -> PARTITION [port: default, barrier: FULL]
Pipeline #1: PARTITION (id=1)
  Input: <- Pipeline #0 [on: PARTITION (id=1), port: default, barrier: FULL]
  Dependencies: Pipeline #0
  Output: -> CONCAT [port: default, barrier: PARTIAL]
Pipeline #2: CONCAT (id=2)
  Input: <- Pipeline #1 [on: CONCAT (id=2), port: default, barrier: PARTIAL]
  Dependencies: Pipeline #1
  Output: -> HASH_JOIN [port: build, barrier: PARTIAL]
Pipeline #3: GPU_SCAN (id=3) -> DYNAMIC_FILTER (id=4)
  Output: -> PARTITION [port: default, barrier: PARTIAL]
Pipeline #4: PARTITION (id=5)
  Input: <- Pipeline #3 [on: PARTITION (id=5), port: default, barrier: PARTIAL]
  Dependencies: Pipeline #3
  Output: -> CONCAT [port: default, barrier: PARTIAL]
Pipeline #5: CONCAT (id=6)
  Input: <- Pipeline #4 [on: CONCAT (id=6), port: default, barrier: PARTIAL]
  Dependencies: Pipeline #4
  Output: -> HASH_JOIN [port: default, barrier: PARTIAL]
Pipeline #6: HASH_JOIN (id=7) -> PROJECTION (id=8)
  Input: <- Pipeline #2 [on: HASH_JOIN (id=7), port: build, barrier: PARTIAL]
  Input: <- Pipeline #5 [on: HASH_JOIN (id=7), port: default, barrier: PARTIAL]
  Dependencies: Pipeline #2, Pipeline #5
  Output: -> PARTITION [port: default, barrier: FULL]
Pipeline #7: PARTITION (id=9)
  Input: <- Pipeline #6 [on: PARTITION (id=9), port: default, barrier: FULL]
  Dependencies: Pipeline #6
  Output: -> CONCAT [port: default, barrier: PARTIAL]
Pipeline #8: CONCAT (id=10)
  Input: <- Pipeline #7 [on: CONCAT (id=10), port: default, barrier: PARTIAL]
  Dependencies: Pipeline #7
  Output: -> HASH_JOIN [port: build, barrier: PARTIAL]
Pipeline #9: GPU_SCAN (id=11) -> DYNAMIC_FILTER (id=12)
  Output: -> PARTITION [port: default, barrier: PARTIAL]
Pipeline #10: PARTITION (id=13)
  Input: <- Pipeline #9 [on: PARTITION (id=13), port: default, barrier: PARTIAL]
  Dependencies: Pipeline #9
  Output: -> CONCAT [port: default, barrier: PARTIAL]
Pipeline #11: CONCAT (id=14)
  Input: <- Pipeline #10 [on: CONCAT (id=14), port: default, barrier: PARTIAL]
  Dependencies: Pipeline #10
  Output: -> HASH_JOIN [port: default, barrier: PARTIAL]
Pipeline #12: HASH_JOIN (id=15)
  Input: <- Pipeline #8 [on: HASH_JOIN (id=15), port: build, barrier: PARTIAL]
  Input: <- Pipeline #11 [on: HASH_JOIN (id=15), port: default, barrier: PARTIAL]
  Dependencies: Pipeline #8, Pipeline #11
  Output: -> PARTITION [port: default, barrier: FULL]
Pipeline #13: PARTITION (id=16)
  Input: <- Pipeline #12 [on: PARTITION (id=16), port: default, barrier: FULL]
  Dependencies: Pipeline #12
  Output: -> CONCAT [port: default, barrier: PARTIAL]
Pipeline #14: CONCAT (id=17)
  Input: <- Pipeline #13 [on: CONCAT (id=17), port: default, barrier: PARTIAL]
  Dependencies: Pipeline #13
  Output: -> HASH_JOIN [port: build, barrier: PARTIAL]
Pipeline #15: GPU_SCAN (id=18)
  Output: -> PARTITION [port: default, barrier: FULL]
Pipeline #16: PARTITION (id=19)
  Input: <- Pipeline #15 [on: PARTITION (id=19), port: default, barrier: FULL]
  Dependencies: Pipeline #15
  Output: -> CONCAT [port: default, barrier: PARTIAL]
Pipeline #17: CONCAT (id=20)
  Input: <- Pipeline #16 [on: CONCAT (id=20), port: default, barrier: PARTIAL]
  Dependencies: Pipeline #16
  Output: -> HASH_JOIN [port: build, barrier: PARTIAL]
Pipeline #18: GPU_SCAN (id=21)
  Output: -> PARTITION [port: default, barrier: FULL]
Pipeline #19: PARTITION (id=22)
  Input: <- Pipeline #18 [on: PARTITION (id=22), port: default, barrier: FULL]
  Dependencies: Pipeline #18
  Output: -> CONCAT [port: default, barrier: PARTIAL]
Pipeline #20: CONCAT (id=23)
  Input: <- Pipeline #19 [on: CONCAT (id=23), port: default, barrier: PARTIAL]
  Dependencies: Pipeline #19
  Output: -> HASH_JOIN [port: build, barrier: PARTIAL]
Pipeline #21: GPU_SCAN (id=24) -> DYNAMIC_FILTER (id=25)
  Output: -> PARTITION [port: default, barrier: PARTIAL]
Pipeline #22: PARTITION (id=26)
  Input: <- Pipeline #21 [on: PARTITION (id=26), port: default, barrier: PARTIAL]
  Dependencies: Pipeline #21
  Output: -> CONCAT [port: default, barrier: PARTIAL]
Pipeline #23: CONCAT (id=27)
  Input: <- Pipeline #22 [on: CONCAT (id=27), port: default, barrier: PARTIAL]
  Dependencies: Pipeline #22
  Output: -> HASH_JOIN [port: default, barrier: PARTIAL]
Pipeline #24: HASH_JOIN (id=28) -> PROJECTION (id=29)
  Input: <- Pipeline #20 [on: HASH_JOIN (id=28), port: build, barrier: PARTIAL]
  Input: <- Pipeline #23 [on: HASH_JOIN (id=28), port: default, barrier: PARTIAL]
  Dependencies: Pipeline #20, Pipeline #23
  Output: -> PARTITION [port: default, barrier: FULL]
Pipeline #25: PARTITION (id=30)
  Input: <- Pipeline #24 [on: PARTITION (id=30), port: default, barrier: FULL]
  Dependencies: Pipeline #24
  Output: -> CONCAT [port: default, barrier: PARTIAL]
Pipeline #26: CONCAT (id=31)
  Input: <- Pipeline #25 [on: CONCAT (id=31), port: default, barrier: PARTIAL]
  Dependencies: Pipeline #25
  Output: -> HASH_JOIN [port: build, barrier: PARTIAL]
Pipeline #27: GPU_SCAN (id=32) -> DYNAMIC_FILTER (id=33)
  Output: -> PARTITION [port: default, barrier: PARTIAL]
Pipeline #28: PARTITION (id=34)
  Input: <- Pipeline #27 [on: PARTITION (id=34), port: default, barrier: PARTIAL]
  Dependencies: Pipeline #27
  Output: -> CONCAT [port: default, barrier: PARTIAL]
Pipeline #29: CONCAT (id=35)
  Input: <- Pipeline #28 [on: CONCAT (id=35), port: default, barrier: PARTIAL]
  Dependencies: Pipeline #28
  Output: -> HASH_JOIN [port: default, barrier: PARTIAL]
Pipeline #30: HASH_JOIN (id=36)
  Input: <- Pipeline #26 [on: HASH_JOIN (id=36), port: build, barrier: PARTIAL]
  Input: <- Pipeline #29 [on: HASH_JOIN (id=36), port: default, barrier: PARTIAL]
  Dependencies: Pipeline #26, Pipeline #29
  Output: -> PARTITION [port: default, barrier: FULL]
Pipeline #31: PARTITION (id=37)
  Input: <- Pipeline #30 [on: PARTITION (id=37), port: default, barrier: FULL]
  Dependencies: Pipeline #30
  Output: -> CONCAT [port: default, barrier: PARTIAL]
Pipeline #32: CONCAT (id=38)
  Input: <- Pipeline #31 [on: CONCAT (id=38), port: default, barrier: PARTIAL]
  Dependencies: Pipeline #31
  Output: -> HASH_JOIN [port: build, barrier: PARTIAL]
Pipeline #33: GPU_SCAN (id=39) -> DYNAMIC_FILTER (id=40)
  Output: -> PARTITION [port: default, barrier: PARTIAL]
Pipeline #34: PARTITION (id=41)
  Input: <- Pipeline #33 [on: PARTITION (id=41), port: default, barrier: PARTIAL]
  Dependencies: Pipeline #33
  Output: -> CONCAT [port: default, barrier: PARTIAL]
Pipeline #35: CONCAT (id=42)
  Input: <- Pipeline #34 [on: CONCAT (id=42), port: default, barrier: PARTIAL]
  Dependencies: Pipeline #34
  Output: -> HASH_JOIN [port: default, barrier: PARTIAL]
Pipeline #36: HASH_JOIN (id=43)
  Input: <- Pipeline #32 [on: HASH_JOIN (id=43), port: build, barrier: PARTIAL]
  Input: <- Pipeline #35 [on: HASH_JOIN (id=43), port: default, barrier: PARTIAL]
  Dependencies: Pipeline #32, Pipeline #35
  Output: -> PARTITION [port: default, barrier: PARTIAL]
Pipeline #37: PARTITION (id=44)
  Input: <- Pipeline #36 [on: PARTITION (id=44), port: default, barrier: PARTIAL]
  Dependencies: Pipeline #36
  Output: -> CONCAT [port: default, barrier: PARTIAL]
Pipeline #38: CONCAT (id=45)
  Input: <- Pipeline #37 [on: CONCAT (id=45), port: default, barrier: PARTIAL]
  Dependencies: Pipeline #37
  Output: -> HASH_JOIN [port: default, barrier: PARTIAL]
Pipeline #39: HASH_JOIN (id=46) -> PROJECTION (id=47) -> LEFT_DELIM_JOIN (id=48)
  Input: <- Pipeline #17 [on: HASH_JOIN (id=46), port: build, barrier: PARTIAL]
  Input: <- Pipeline #38 [on: HASH_JOIN (id=46), port: default, barrier: PARTIAL]
  Dependencies: Pipeline #17, Pipeline #38
  Output: -> COLUMN_DATA_SCAN [port: default, barrier: FULL]
  Output: -> HASH_GROUP_BY [port: default, barrier: FULL]
Pipeline #40: HASH_GROUP_BY (id=49)
  Input: <- Pipeline #39 [on: HASH_GROUP_BY (id=49), port: default, barrier: FULL]
  Dependencies: Pipeline #39
  Output: -> PARTITION [port: default, barrier: FULL]
Pipeline #41: PARTITION (id=50)
  Input: <- Pipeline #40 [on: PARTITION (id=50), port: default, barrier: FULL]
  Dependencies: Pipeline #40
  Output: -> MERGE_GROUP_BY [port: default, barrier: FULL]
Pipeline #42: MERGE_GROUP_BY (id=51)
  Input: <- Pipeline #41 [on: MERGE_GROUP_BY (id=51), port: default, barrier: FULL]
  Dependencies: Pipeline #41
  Output: -> PARTITION [port: default, barrier: FULL]
Pipeline #43: PARTITION (id=52)
  Input: <- Pipeline #42 [on: PARTITION (id=52), port: default, barrier: FULL]
  Dependencies: Pipeline #42
  Output: -> CONCAT [port: default, barrier: PARTIAL]
Pipeline #44: CONCAT (id=53)
  Input: <- Pipeline #43 [on: CONCAT (id=53), port: default, barrier: PARTIAL]
  Dependencies: Pipeline #43
  Output: -> HASH_JOIN [port: build, barrier: PARTIAL]
Pipeline #45: GPU_SCAN (id=54) -> DYNAMIC_FILTER (id=55)
  Output: -> PARTITION [port: default, barrier: PARTIAL]
Pipeline #46: PARTITION (id=56)
  Input: <- Pipeline #45 [on: PARTITION (id=56), port: default, barrier: PARTIAL]
  Dependencies: Pipeline #45
  Output: -> CONCAT [port: default, barrier: PARTIAL]
Pipeline #47: CONCAT (id=57)
  Input: <- Pipeline #46 [on: CONCAT (id=57), port: default, barrier: PARTIAL]
  Dependencies: Pipeline #46
  Output: -> HASH_JOIN [port: default, barrier: PARTIAL]
Pipeline #48: HASH_JOIN (id=58)
  Input: <- Pipeline #44 [on: HASH_JOIN (id=58), port: build, barrier: PARTIAL]
  Input: <- Pipeline #47 [on: HASH_JOIN (id=58), port: default, barrier: PARTIAL]
  Dependencies: Pipeline #44, Pipeline #47
  Output: -> PARTITION [port: default, barrier: PARTIAL]
Pipeline #49: PARTITION (id=59)
  Input: <- Pipeline #48 [on: PARTITION (id=59), port: default, barrier: PARTIAL]
  Dependencies: Pipeline #48
  Output: -> CONCAT [port: default, barrier: PARTIAL]
Pipeline #50: CONCAT (id=60)
  Input: <- Pipeline #49 [on: CONCAT (id=60), port: default, barrier: PARTIAL]
  Dependencies: Pipeline #49
  Output: -> HASH_JOIN [port: default, barrier: PARTIAL]
Pipeline #51: HASH_JOIN (id=61) -> PROJECTION (id=62) -> PROJECTION (id=63) -> HASH_GROUP_BY (id=64)
  Input: <- Pipeline #50 [on: HASH_JOIN (id=61), port: default, barrier: PARTIAL]
  Input: <- Pipeline #14 [on: HASH_JOIN (id=61), port: build, barrier: PARTIAL]
  Dependencies: Pipeline #14, Pipeline #50
  Output: -> PARTITION [port: default, barrier: FULL]
Pipeline #52: PARTITION (id=65)
  Input: <- Pipeline #51 [on: PARTITION (id=65), port: default, barrier: FULL]
  Dependencies: Pipeline #51
  Output: -> MERGE_GROUP_BY [port: default, barrier: FULL]
Pipeline #53: MERGE_GROUP_BY (id=66) -> PROJECTION (id=67)
  Input: <- Pipeline #52 [on: MERGE_GROUP_BY (id=66), port: default, barrier: FULL]
  Dependencies: Pipeline #52
  Output: -> PARTITION [port: default, barrier: FULL]
Pipeline #54: PARTITION (id=68)
  Input: <- Pipeline #53 [on: PARTITION (id=68), port: default, barrier: FULL]
  Dependencies: Pipeline #53
  Output: -> CONCAT [port: default, barrier: PARTIAL]
Pipeline #55: CONCAT (id=69)
  Input: <- Pipeline #54 [on: CONCAT (id=69), port: default, barrier: PARTIAL]
  Dependencies: Pipeline #54
  Output: -> HASH_JOIN [port: build, barrier: PARTIAL]
Pipeline #56: COLUMN_DATA_SCAN (id=70)
  Input: <- Pipeline #39 [on: COLUMN_DATA_SCAN (id=70), port: default, barrier: FULL]
  Dependencies: Pipeline #39
  Output: -> PARTITION [port: default, barrier: PARTIAL]
Pipeline #57: PARTITION (id=71)
  Input: <- Pipeline #56 [on: PARTITION (id=71), port: default, barrier: PARTIAL]
  Dependencies: Pipeline #56
  Output: -> CONCAT [port: default, barrier: PARTIAL]
Pipeline #58: CONCAT (id=72)
  Input: <- Pipeline #57 [on: CONCAT (id=72), port: default, barrier: PARTIAL]
  Dependencies: Pipeline #57
  Output: -> HASH_JOIN [port: default, barrier: PARTIAL]
Pipeline #59: HASH_JOIN (id=73) -> FILTER (id=74) -> PROJECTION (id=75) -> TOP_N (id=76)
  Input: <- Pipeline #55 [on: HASH_JOIN (id=73), port: build, barrier: PARTIAL]
  Input: <- Pipeline #58 [on: HASH_JOIN (id=73), port: default, barrier: PARTIAL]
  Dependencies: Pipeline #55, Pipeline #58
  Output: -> MERGE_TOP_N [port: default, barrier: FULL]
Pipeline #60: MERGE_TOP_N (id=77) -> RESULT_COLLECTOR (id=78)
  Input: <- Pipeline #59 [on: MERGE_TOP_N (id=77), port: default, barrier: FULL]
  Dependencies: Pipeline #59

=== Query Plan DAG ===
┌──────────────────────────┐                                                                                                                                                                                                                                                            
│ Pipeline #60             │                                                                                                                                                                                                                                                            
│ RESULT_COLLECTOR (id=78) │                                                                                                                                                                                                                                                            
│ MERGE_TOP_N (id=77)      │                                                                                                                                                                                                                                                            
│ Input(#59): FULL         │                                                                                                                                                                                                                                                            
└────────────┬─────────────┘                                                                                                                                                                                                                                                            
             │                                                                                                                                                                                                                                                                          
┌──────────────────────────┐                                                                                                                                                                                                                                                            
│ Pipeline #59             │                                                                                                                                                                                                                                                            
│ TOP_N (id=76)            │                                                                                                                                                                                                                                                            
│ PROJECTION (id=75)       │                                                                                                                                                                                                                                                            
│ FILTER (id=74)           │                                                                                                                                                                                                                                                            
│ HASH_JOIN (id=73)        │                                                                                                                                                                                                                                                            
│   type: LEFT             │                                                                                                                                                                                                                                                            
│ Input(#55): PARTIAL      │                                                                                                                                                                                                                                                            
│ Input(#58): PARTIAL      │                                                                                                                                                                                                                                                            
└────────────┬─────────────┘                                                                                                                                                                                                                                                            
             ┌───────────────────────────────────────────────────────────────────────────────────────────────────────────────────────────────────────────────────────────────────────────────────────────────────────────────────────────────────────────────────────────┐              
             │                                                                                                                                                                                                                                                           │              
┌──────────────────────────┐                                                                                                                                                                                                                                ┌──────────────────────────┐
│ Pipeline #55             │                                                                                                                                                                                                                                │ Pipeline #58             │
│ CONCAT (id=69)           │                                                                                                                                                                                                                                │ CONCAT (id=72)           │
│ Input(#54): PARTIAL      │                                                                                                                                                                                                                                │ Input(#57): PARTIAL      │
└────────────┬─────────────┘                                                                                                                                                                                                                                └────────────┬─────────────┘
             │                                                                                                                                                                                                                                                           │              
┌──────────────────────────┐                                                                                                                                                                                                                                ┌──────────────────────────┐
│ Pipeline #54             │                                                                                                                                                                                                                                │ Pipeline #57             │
│ PARTITION (id=68)        │                                                                                                                                                                                                                                │ PARTITION (id=71)        │
│ Input(#53): FULL         │                                                                                                                                                                                                                                │ Input(#56): PARTIAL      │
└────────────┬─────────────┘                                                                                                                                                                                                                                └────────────┬─────────────┘
             │                                                                                                                                                                                                                                                           │              
┌──────────────────────────┐                                                                                                                                                                                                                                ┌──────────────────────────┐
│ Pipeline #53             │                                                                                                                                                                                                                                │ Pipeline #56             │
│ PROJECTION (id=67)       │                                                                                                                                                                                                                                │ COLUMN_DATA_SCAN (id=70) │
│ MERGE_GROUP_BY (id=66)   │                                                                                                                                                                                                                                │ Input(#39): FULL         │
│ Input(#52): FULL         │                                                                                                                                                                                                                                │                          │
└────────────┬─────────────┘                                                                                                                                                                                                                                └────────────┬─────────────┘
             │                                                                                                                                                                                                                                                           │              
┌──────────────────────────┐                                                                                                                                                                                                                                ┌──────────────────────────┐
│ Pipeline #52             │                                                                                                                                                                                                                                │ (-> Pipeline #39)        │
│ PARTITION (id=65)        │                                                                                                                                                                                                                                │                          │
│ Input(#51): FULL         │                                                                                                                                                                                                                                │                          │
└────────────┬─────────────┘                                                                                                                                                                                                                                └────────────┬─────────────┘
             │                                                                                                                                                                                                                                                                          
┌──────────────────────────┐                                                                                                                                                                                                                                                            
│ Pipeline #51             │                                                                                                                                                                                                                                                            
│ HASH_GROUP_BY (id=64)    │                                                                                                                                                                                                                                                            
│ PROJECTION (id=63)       │                                                                                                                                                                                                                                                            
│ PROJECTION (id=62)       │                                                                                                                                                                                                                                                            
│ HASH_JOIN (id=61)        │                                                                                                                                                                                                                                                            
│   type: INNER            │                                                                                                                                                                                                                                                            
│ Input(#50): PARTIAL      │                                                                                                                                                                                                                                                            
│ Input(#14): PARTIAL      │                                                                                                                                                                                                                                                            
└────────────┬─────────────┘                                                                                                                                                                                                                                                            
             ┌───────────────────────────────────────────────────────────────────────────────────┐                                                                                                                                                                                      
             │                                                                                   │                                                                                                                                                                                      
┌──────────────────────────┐                                                        ┌──────────────────────────┐                                                                                                                                                                        
│ Pipeline #14             │                                                        │ Pipeline #50             │                                                                                                                                                                        
│ CONCAT (id=17)           │                                                        │ CONCAT (id=60)           │                                                                                                                                                                        
│ Input(#13): PARTIAL      │                                                        │ Input(#49): PARTIAL      │                                                                                                                                                                        
└────────────┬─────────────┘                                                        └────────────┬─────────────┘                                                                                                                                                                        
             │                                                                                   │                                                                                                                                                                                      
┌──────────────────────────┐                                                        ┌──────────────────────────┐                                                                                                                                                                        
│ Pipeline #13             │                                                        │ Pipeline #49             │                                                                                                                                                                        
│ PARTITION (id=16)        │                                                        │ PARTITION (id=59)        │                                                                                                                                                                        
│ Input(#12): FULL         │                                                        │ Input(#48): PARTIAL      │                                                                                                                                                                        
└────────────┬─────────────┘                                                        └────────────┬─────────────┘                                                                                                                                                                        
             │                                                                                   │                                                                                                                                                                                      
┌──────────────────────────┐                                                        ┌──────────────────────────┐                                                                                                                                                                        
│ Pipeline #12             │                                                        │ Pipeline #48             │                                                                                                                                                                        
│ HASH_JOIN (id=15)        │                                                        │ HASH_JOIN (id=58)        │                                                                                                                                                                        
│   type: INNER            │                                                        │   type: INNER            │                                                                                                                                                                        
│ Input(#8): PARTIAL       │                                                        │ Input(#44): PARTIAL      │                                                                                                                                                                        
│ Input(#11): PARTIAL      │                                                        │ Input(#47): PARTIAL      │                                                                                                                                                                        
└────────────┬─────────────┘                                                        └────────────┬─────────────┘                                                                                                                                                                        
             ┌───────────────────────────────────────────────────────┐                           ┌───────────────────────────────────────────────────────────────────────────────────────────────────────────────────────────────────────────┐                                          
             │                                                       │                           │                                                                                                                                           │                                          
┌──────────────────────────┐                            ┌──────────────────────────┐┌──────────────────────────┐                                                                                                                ┌──────────────────────────┐                            
│ Pipeline #8              │                            │ Pipeline #11             ││ Pipeline #44             │                                                                                                                │ Pipeline #47             │                            
│ CONCAT (id=10)           │                            │ CONCAT (id=14)           ││ CONCAT (id=53)           │                                                                                                                │ CONCAT (id=57)           │                            
│ Input(#7): PARTIAL       │                            │ Input(#10): PARTIAL      ││ Input(#43): PARTIAL      │                                                                                                                │ Input(#46): PARTIAL      │                            
└────────────┬─────────────┘                            └────────────┬─────────────┘└────────────┬─────────────┘                                                                                                                └────────────┬─────────────┘                            
             │                                                       │                           │                                                                                                                                           │                                          
┌──────────────────────────┐                            ┌──────────────────────────┐┌──────────────────────────┐                                                                                                                ┌──────────────────────────┐                            
│ Pipeline #7              │                            │ Pipeline #10             ││ Pipeline #43             │                                                                                                                │ Pipeline #46             │                            
│ PARTITION (id=9)         │                            │ PARTITION (id=13)        ││ PARTITION (id=52)        │                                                                                                                │ PARTITION (id=56)        │                            
│ Input(#6): FULL          │                            │ Input(#9): PARTIAL       ││ Input(#42): FULL         │                                                                                                                │ Input(#45): PARTIAL      │                            
└────────────┬─────────────┘                            └────────────┬─────────────┘└────────────┬─────────────┘                                                                                                                └────────────┬─────────────┘                            
             │                                                       │                           │                                                                                                                                           │                                          
┌──────────────────────────┐                            ┌──────────────────────────┐┌──────────────────────────┐                                                                                                                ┌──────────────────────────┐                            
│ Pipeline #6              │                            │ Pipeline #9              ││ Pipeline #42             │                                                                                                                │ Pipeline #45             │                            
│ PROJECTION (id=8)        │                            │ DYNAMIC_FILTER (id=12)   ││ MERGE_GROUP_BY (id=51)   │                                                                                                                │ DYNAMIC_FILTER (id=55)   │                            
│ HASH_JOIN (id=7)         │                            │ GPU_SCAN (id=11)         ││ Input(#41): FULL         │                                                                                                                │ GPU_SCAN (id=54)         │                            
│   type: INNER            │                            │                          ││                          │                                                                                                                │                          │                            
│ Input(#2): PARTIAL       │                            │                          ││                          │                                                                                                                │                          │                            
│ Input(#5): PARTIAL       │                            │                          ││                          │                                                                                                                │                          │                            
└────────────┬─────────────┘                            └──────────────────────────┘└────────────┬─────────────┘                                                                                                                └──────────────────────────┘                            
             ┌───────────────────────────┐                                                       │                                                                                                                                                                                      
             │                           │                                                       │                                                                                                                                                                                      
┌──────────────────────────┐┌──────────────────────────┐                            ┌──────────────────────────┐                                                                                                                                                                        
│ Pipeline #2              ││ Pipeline #5              │                            │ Pipeline #41             │                                                                                                                                                                        
│ CONCAT (id=2)            ││ CONCAT (id=6)            │                            │ PARTITION (id=50)        │                                                                                                                                                                        
│ Input(#1): PARTIAL       ││ Input(#4): PARTIAL       │                            │ Input(#40): FULL         │                                                                                                                                                                        
└────────────┬─────────────┘└────────────┬─────────────┘                            └────────────┬─────────────┘                                                                                                                                                                        
             │                           │                                                       │                                                                                                                                                                                      
┌──────────────────────────┐┌──────────────────────────┐                            ┌──────────────────────────┐                                                                                                                                                                        
│ Pipeline #1              ││ Pipeline #4              │                            │ Pipeline #40             │                                                                                                                                                                        
│ PARTITION (id=1)         ││ PARTITION (id=5)         │                            │ HASH_GROUP_BY (id=49)    │                                                                                                                                                                        
│ Input(#0): FULL          ││ Input(#3): PARTIAL       │                            │ Input(#39): FULL         │                                                                                                                                                                        
└────────────┬─────────────┘└────────────┬─────────────┘                            └────────────┬─────────────┘                                                                                                                                                                        
             │                           │                                                       │                                                                                                                                                                                      
┌──────────────────────────┐┌──────────────────────────┐                            ┌──────────────────────────┐                                                                                                                                                                        
│ Pipeline #0              ││ Pipeline #3              │                            │ Pipeline #39             │                                                                                                                                                                        
│ GPU_SCAN (id=0)          ││ DYNAMIC_FILTER (id=4)    │                            │ LEFT_DELIM_JOIN (id=48)  │                                                                                                                                                                        
│                          ││ GPU_SCAN (id=3)          │                            │ PROJECTION (id=47)       │                                                                                                                                                                        
│                          ││                          │                            │ HASH_JOIN (id=46)        │                                                                                                                                                                        
│                          ││                          │                            │   type: INNER            │                                                                                                                                                                        
│                          ││                          │                            │ Input(#17): PARTIAL      │                                                                                                                                                                        
│                          ││                          │                            │ Input(#38): PARTIAL      │                                                                                                                                                                        
└──────────────────────────┘└──────────────────────────┘                            └────────────┬─────────────┘                                                                                                                                                                        
                                                                                                 ┌───────────────────────────┐                                                                                                                                                          
                                                                                                 │                           │                                                                                                                                                          
                                                                                    ┌──────────────────────────┐┌──────────────────────────┐                                                                                                                                            
                                                                                    │ Pipeline #17             ││ Pipeline #38             │                                                                                                                                            
                                                                                    │ CONCAT (id=20)           ││ CONCAT (id=45)           │                                                                                                                                            
                                                                                    │ Input(#16): PARTIAL      ││ Input(#37): PARTIAL      │                                                                                                                                            
                                                                                    └────────────┬─────────────┘└────────────┬─────────────┘                                                                                                                                            
                                                                                                 │                           │                                                                                                                                                          
                                                                                    ┌──────────────────────────┐┌──────────────────────────┐                                                                                                                                            
                                                                                    │ Pipeline #16             ││ Pipeline #37             │                                                                                                                                            
                                                                                    │ PARTITION (id=19)        ││ PARTITION (id=44)        │                                                                                                                                            
                                                                                    │ Input(#15): FULL         ││ Input(#36): PARTIAL      │                                                                                                                                            
                                                                                    └────────────┬─────────────┘└────────────┬─────────────┘                                                                                                                                            
                                                                                                 │                           │                                                                                                                                                          
                                                                                    ┌──────────────────────────┐┌──────────────────────────┐                                                                                                                                            
                                                                                    │ Pipeline #15             ││ Pipeline #36             │                                                                                                                                            
                                                                                    │ GPU_SCAN (id=18)         ││ HASH_JOIN (id=43)        │                                                                                                                                            
                                                                                    │                          ││   type: INNER            │                                                                                                                                            
                                                                                    │                          ││ Input(#32): PARTIAL      │                                                                                                                                            
                                                                                    │                          ││ Input(#35): PARTIAL      │                                                                                                                                            
                                                                                    └──────────────────────────┘└────────────┬─────────────┘                                                                                                                                            
                                                                                                                             ┌───────────────────────────────────────────────────────────────────────────────────┐                                                                      
                                                                                                                             │                                                                                   │                                                                      
                                                                                                                ┌──────────────────────────┐                                                        ┌──────────────────────────┐                                                        
                                                                                                                │ Pipeline #32             │                                                        │ Pipeline #35             │                                                        
                                                                                                                │ CONCAT (id=38)           │                                                        │ CONCAT (id=42)           │                                                        
                                                                                                                │ Input(#31): PARTIAL      │                                                        │ Input(#34): PARTIAL      │                                                        
                                                                                                                └────────────┬─────────────┘                                                        └────────────┬─────────────┘                                                        
                                                                                                                             │                                                                                   │                                                                      
                                                                                                                ┌──────────────────────────┐                                                        ┌──────────────────────────┐                                                        
                                                                                                                │ Pipeline #31             │                                                        │ Pipeline #34             │                                                        
                                                                                                                │ PARTITION (id=37)        │                                                        │ PARTITION (id=41)        │                                                        
                                                                                                                │ Input(#30): FULL         │                                                        │ Input(#33): PARTIAL      │                                                        
                                                                                                                └────────────┬─────────────┘                                                        └────────────┬─────────────┘                                                        
                                                                                                                             │                                                                                   │                                                                      
                                                                                                                ┌──────────────────────────┐                                                        ┌──────────────────────────┐                                                        
                                                                                                                │ Pipeline #30             │                                                        │ Pipeline #33             │                                                        
                                                                                                                │ HASH_JOIN (id=36)        │                                                        │ DYNAMIC_FILTER (id=40)   │                                                        
                                                                                                                │   type: INNER            │                                                        │ GPU_SCAN (id=39)         │                                                        
                                                                                                                │ Input(#26): PARTIAL      │                                                        │                          │                                                        
                                                                                                                │ Input(#29): PARTIAL      │                                                        │                          │                                                        
                                                                                                                └────────────┬─────────────┘                                                        └──────────────────────────┘                                                        
                                                                                                                             ┌───────────────────────────────────────────────────────┐                                                                                                  
                                                                                                                             │                                                       │                                                                                                  
                                                                                                                ┌──────────────────────────┐                            ┌──────────────────────────┐                                                                                    
                                                                                                                │ Pipeline #26             │                            │ Pipeline #29             │                                                                                    
                                                                                                                │ CONCAT (id=31)           │                            │ CONCAT (id=35)           │                                                                                    
                                                                                                                │ Input(#25): PARTIAL      │                            │ Input(#28): PARTIAL      │                                                                                    
                                                                                                                └────────────┬─────────────┘                            └────────────┬─────────────┘                                                                                    
                                                                                                                             │                                                       │                                                                                                  
                                                                                                                ┌──────────────────────────┐                            ┌──────────────────────────┐                                                                                    
                                                                                                                │ Pipeline #25             │                            │ Pipeline #28             │                                                                                    
                                                                                                                │ PARTITION (id=30)        │                            │ PARTITION (id=34)        │                                                                                    
                                                                                                                │ Input(#24): FULL         │                            │ Input(#27): PARTIAL      │                                                                                    
                                                                                                                └────────────┬─────────────┘                            └────────────┬─────────────┘                                                                                    
                                                                                                                             │                                                       │                                                                                                  
                                                                                                                ┌──────────────────────────┐                            ┌──────────────────────────┐                                                                                    
                                                                                                                │ Pipeline #24             │                            │ Pipeline #27             │                                                                                    
                                                                                                                │ PROJECTION (id=29)       │                            │ DYNAMIC_FILTER (id=33)   │                                                                                    
                                                                                                                │ HASH_JOIN (id=28)        │                            │ GPU_SCAN (id=32)         │                                                                                    
                                                                                                                │   type: INNER            │                            │                          │                                                                                    
                                                                                                                │ Input(#20): PARTIAL      │                            │                          │                                                                                    
                                                                                                                │ Input(#23): PARTIAL      │                            │                          │                                                                                    
                                                                                                                └────────────┬─────────────┘                            └──────────────────────────┘                                                                                    
                                                                                                                             ┌───────────────────────────┐                                                                                                                              
                                                                                                                             │                           │                                                                                                                              
                                                                                                                ┌──────────────────────────┐┌──────────────────────────┐                                                                                                                
                                                                                                                │ Pipeline #20             ││ Pipeline #23             │                                                                                                                
                                                                                                                │ CONCAT (id=23)           ││ CONCAT (id=27)           │                                                                                                                
                                                                                                                │ Input(#19): PARTIAL      ││ Input(#22): PARTIAL      │                                                                                                                
                                                                                                                └────────────┬─────────────┘└────────────┬─────────────┘                                                                                                                
                                                                                                                             │                           │                                                                                                                              
                                                                                                                ┌──────────────────────────┐┌──────────────────────────┐                                                                                                                
                                                                                                                │ Pipeline #19             ││ Pipeline #22             │                                                                                                                
                                                                                                                │ PARTITION (id=22)        ││ PARTITION (id=26)        │                                                                                                                
                                                                                                                │ Input(#18): FULL         ││ Input(#21): PARTIAL      │                                                                                                                
                                                                                                                └────────────┬─────────────┘└────────────┬─────────────┘                                                                                                                
                                                                                                                             │                           │                                                                                                                              
                                                                                                                ┌──────────────────────────┐┌──────────────────────────┐                                                                                                                
                                                                                                                │ Pipeline #18             ││ Pipeline #21             │                                                                                                                
                                                                                                                │ GPU_SCAN (id=21)         ││ DYNAMIC_FILTER (id=25)   │                                                                                                                
                                                                                                                │                          ││ GPU_SCAN (id=24)         │                                                                                                                
                                                                                                                └──────────────────────────┘└──────────────────────────┘                                                                                                                

[2026-09-07 12:51:10.499] [info] [sirius_engine.cpp:186] query 10 telemetry_query=01a07d6cb1a3744187b17bda021c1bb3
[2026-09-07 12:51:10.500] [info] [sirius_scan_manager.cpp:2999] [sirius_scan_manager] assigned pinned entry 'region' to operator '0'
[2026-09-07 12:51:10.500] [info] [sirius_scan_manager.cpp:2999] [sirius_scan_manager] assigned pinned entry 'nation' to operator '3'
[2026-09-07 12:51:10.500] [info] [sirius_scan_manager.cpp:2999] [sirius_scan_manager] assigned pinned entry 'supplier' to operator '11'
[2026-09-07 12:51:10.500] [info] [sirius_scan_manager.cpp:2999] [sirius_scan_manager] assigned pinned entry 'part' to operator '18'
[2026-09-07 12:51:10.500] [info] [sirius_scan_manager.cpp:2999] [sirius_scan_manager] assigned pinned entry 'region' to operator '21'
[2026-09-07 12:51:10.500] [info] [sirius_scan_manager.cpp:2999] [sirius_scan_manager] assigned pinned entry 'nation' to operator '24'
[2026-09-07 12:51:10.500] [info] [sirius_scan_manager.cpp:2999] [sirius_scan_manager] assigned pinned entry 'supplier' to operator '32'
[2026-09-07 12:51:10.500] [info] [sirius_scan_manager.cpp:2999] [sirius_scan_manager] assigned pinned entry 'partsupp' to operator '39'
[2026-09-07 12:51:10.500] [info] [sirius_scan_manager.cpp:2999] [sirius_scan_manager] assigned pinned entry 'partsupp' to operator '54'
[2026-09-07 12:51:10.500] [info] [sirius_scan_manager.cpp:897] [late-mat] operator 0: 1 column(s) withheld — a partition hashes them
[2026-09-07 12:51:10.500] [info] [sirius_scan_manager.cpp:897] [late-mat] operator 3: 2 column(s) withheld — a partition hashes them
[2026-09-07 12:51:10.500] [info] [sirius_scan_manager.cpp:897] [late-mat] operator 11: 2 column(s) withheld — a partition hashes them
[2026-09-07 12:51:10.500] [info] [sirius_scan_manager.cpp:897] [late-mat] operator 18: 1 column(s) withheld — a partition hashes them
[2026-09-07 12:51:10.500] [info] [sirius_scan_manager.cpp:897] [late-mat] operator 21: 1 column(s) withheld — a partition hashes them
[2026-09-07 12:51:10.500] [info] [sirius_scan_manager.cpp:897] [late-mat] operator 24: 2 column(s) withheld — a partition hashes them
[2026-09-07 12:51:10.500] [info] [sirius_scan_manager.cpp:897] [late-mat] operator 32: 2 column(s) withheld — a partition hashes them
[2026-09-07 12:51:10.500] [info] [sirius_scan_manager.cpp:897] [late-mat] operator 39: 2 column(s) withheld — a partition hashes them
[2026-09-07 12:51:10.500] [info] [sirius_scan_manager.cpp:884] [late-mat] operator 54: slot0 — deferred value below the floor (0 B/row over 6 boundaries)
[2026-09-07 12:51:10.500] [info] [sirius_scan_manager.cpp:897] [late-mat] operator 54: 2 column(s) withheld — a partition hashes them
[2026-09-07 12:51:10.500] [info] [memory_prefetcher.cpp:59] [memory_prefetcher] started: 3 threads, 9 connectors, min_free_fraction=0.40
[2026-09-07 12:51:10.512] [info] [dynamic_filter_publisher.cpp:297] [sirius_physical_hash_join] Pushed 1 dynamic filter(s) across 1 active target(s) of 1 wired target(s) (1 build rows, 1 bound keys of 1 admitted).
[2026-09-07 12:51:10.523] [warning] [sirius_physical_partition.cpp:375] slot_for_device: device_id 0 not found in active GPU list, falling back to slot 0
[2026-09-07 12:51:10.532] [info] [dynamic_filter_publisher.cpp:297] [sirius_physical_hash_join] Pushed 1 dynamic filter(s) across 1 active target(s) of 1 wired target(s) (5 build rows, 1 bound keys of 1 admitted).
[2026-09-07 12:51:10.532] [warning] [sirius_physical_partition.cpp:375] slot_for_device: device_id 0 not found in active GPU list, falling back to slot 0
[2026-09-07 12:51:10.533] [info] [dynamic_filter_publisher.cpp:297] [sirius_physical_hash_join] Pushed 1 dynamic filter(s) across 1 active target(s) of 1 wired target(s) (200535 build rows, 1 bound keys of 1 admitted).
[2026-09-07 12:51:10.552] [info] [dynamic_filter_publisher.cpp:297] [sirius_physical_hash_join] Pushed 1 dynamic filter(s) across 1 active target(s) of 1 wired target(s) (80157 build rows, 1 bound keys of 1 admitted).
[2026-09-07 12:51:10.552] [info] [dynamic_filter_publisher.cpp:297] [sirius_physical_hash_join] Pushed 1 dynamic filter(s) across 1 active target(s) of 1 wired target(s) (1 build rows, 1 bound keys of 1 admitted).
[2026-09-07 12:51:10.553] [warning] [sirius_physical_partition.cpp:375] slot_for_device: device_id 0 not found in active GPU list, falling back to slot 0
[2026-09-07 12:51:10.554] [info] [dynamic_filter_publisher.cpp:297] [sirius_physical_hash_join] Pushed 1 dynamic filter(s) across 1 active target(s) of 1 wired target(s) (5 build rows, 1 bound keys of 1 admitted).
[2026-09-07 12:51:10.555] [warning] [sirius_physical_partition.cpp:375] slot_for_device: device_id 0 not found in active GPU list, falling back to slot 0
[2026-09-07 12:51:10.556] [info] [dynamic_filter_publisher.cpp:297] [sirius_physical_hash_join] Pushed 1 dynamic filter(s) across 1 active target(s) of 1 wired target(s) (200535 build rows, 1 bound keys of 1 admitted).
[2026-09-07 12:51:10.558] [warning] [sirius_physical_partition.cpp:375] slot_for_device: device_id 0 not found in active GPU list, falling back to slot 0
[2026-09-07 12:51:10.558] [warning] [sirius_physical_partition.cpp:375] slot_for_device: device_id 0 not found in active GPU list, falling back to slot 0
[2026-09-07 12:51:10.558] [warning] [sirius_physical_partition.cpp:375] slot_for_device: device_id 0 not found in active GPU list, falling back to slot 0
[2026-09-07 12:51:10.559] [warning] [sirius_physical_partition.cpp:375] slot_for_device: device_id 0 not found in active GPU list, falling back to slot 0
[2026-09-07 12:51:10.561] [info] [dynamic_filter_publisher.cpp:297] [sirius_physical_hash_join] Pushed 1 dynamic filter(s) across 1 active target(s) of 1 wired target(s) (47481 build rows, 1 bound keys of 1 admitted).
[2026-09-07 12:51:10.562] [warning] [sirius_physical_partition.cpp:375] slot_for_device: device_id 0 not found in active GPU list, falling back to slot 0
[2026-09-07 12:51:10.562] [warning] [sirius_physical_partition.cpp:375] slot_for_device: device_id 0 not found in active GPU list, falling back to slot 0
[2026-09-07 12:51:10.562] [warning] [sirius_physical_partition.cpp:375] slot_for_device: device_id 0 not found in active GPU list, falling back to slot 0
[2026-09-07 12:51:10.570] [warning] [sirius_physical_partition.cpp:375] slot_for_device: device_id 0 not found in active GPU list, falling back to slot 0
[2026-09-07 12:51:10.571] [warning] [sirius_physical_partition.cpp:375] slot_for_device: device_id 0 not found in active GPU list, falling back to slot 0
[2026-09-07 12:51:10.583] [info] [gpu_pipeline_executor.cpp:129] GPU Pipeline Executor: task queue interrupted, stopping manager loop
[2026-09-07 12:51:10.583] [info] [sirius_context.cpp:405] QueryEnd
[2026-09-07 12:51:10.583] [info] [memory_prefetcher.cpp:72] [memory_prefetcher] stopping: prefetched 0 batches / 0 bytes (stops: headroom=0 reservation=0, skips: lock=0 draining=306, errors=0)
[2026-09-07 12:51:10.583] [info] [sirius_context.cpp:256] [host_pool] HOST:0 QueryEnd instance=0xe15cdd960390 connection=1 window=10 query=22 allocated=17515413504 bytes peak=17582522368 bytes free_blocks=539
[2026-09-07 12:51:10.583] [info] [sirius_context.cpp:271] [gpu_pool] GPU:0 QueryEnd instance=0xe15cdd960390 connection=1 window=10 query=22 allocated=2098380800 bytes peak=9898440970 bytes reserved=0 bytes
[2026-09-07 12:51:10.583] [info] [sirius_context.cpp:521] [window] end instance=0xe15cdd960390 connection=1 window=10 query=22 outcome=ok
[2026-09-07 12:51:10.583] [info] [physical_sirius_execution.cpp:327] Transparent GPU execution: query completed
[2026-09-07 12:51:10.585] [info] [sirius_context.cpp:329] QueryBegin: instance=0xe15cdd960390 connection=1 query=23 SQL: CALL sirius_set_query_label('q2_iter1')
[2026-09-07 12:51:10.585] [info] [sirius_context.cpp:329] QueryBegin: instance=0xe15cdd960390 connection=1 query=24 SQL: SET gpu_execution = true;
[2026-09-07 12:51:10.586] [info] [sirius_context.cpp:329] QueryBegin: instance=0xe15cdd960390 connection=1 query=25 SQL: select s.s_acctbal, s.s_name, n.n_name, p.p_partkey, p.p_mfgr, s.s_address, s.s_phone, s.s_comment from part p, supplier s, partsupp ps, nation n, region r where p.p_partkey = ps.ps_partkey and s.s_suppkey = ps.ps_suppkey and p.p_size = 41 and p.p_type like '%NICKEL' and s.s_nationkey = n.n_nationkey and n.n_regionkey = r.r_regionkey and r.r_name = 'EUROPE' and ps.ps_supplycost = ( select min(ps.ps_supplycost) from partsupp ps, supplier s, nation n, region r where p.p_partkey = ps.ps_partkey and s.s_suppkey = ps.ps_suppkey and s.s_nationkey = n.n_nationkey and n.n_regionkey = r.r_regionkey and r.r_name = 'EUROPE' ) order by s.s_acctbal desc, n.n_name, s.s_name, p.p_partkey limit 100
[2026-09-07 12:51:10.594] [info] [sirius_plan_comparison_join.cpp:646] [sirius_plan_comparison_join] Wired hash join with 1 dynamic-filter probe target(s) (1 scan-bound, 0 join-edge; evidence=filtered; build est 5 rows).
[2026-09-07 12:51:10.594] [info] [sirius_plan_comparison_join.cpp:646] [sirius_plan_comparison_join] Wired hash join with 1 dynamic-filter probe target(s) (1 scan-bound, 0 join-edge; evidence=filtered; build est 25 rows).
[2026-09-07 12:51:10.594] [info] [sirius_plan_comparison_join.cpp:646] [sirius_plan_comparison_join] Wired hash join with 1 dynamic-filter probe target(s) (1 scan-bound, 0 join-edge; evidence=filtered; build est 1000000 rows).
[2026-09-07 12:51:10.594] [info] [sirius_plan_comparison_join.cpp:646] [sirius_plan_comparison_join] Wired hash join with 1 dynamic-filter probe target(s) (1 scan-bound, 0 join-edge; evidence=filtered; build est 20000000 rows).
[2026-09-07 12:51:10.594] [info] [sirius_plan_comparison_join.cpp:646] [sirius_plan_comparison_join] Wired hash join with 1 dynamic-filter probe target(s) (1 scan-bound, 0 join-edge; evidence=opaque; build est 0 rows).
[2026-09-07 12:51:10.594] [info] [sirius_plan_comparison_join.cpp:646] [sirius_plan_comparison_join] Wired hash join with 1 dynamic-filter probe target(s) (1 scan-bound, 0 join-edge; evidence=filtered; build est 5 rows).
[2026-09-07 12:51:10.594] [info] [sirius_plan_comparison_join.cpp:646] [sirius_plan_comparison_join] Wired hash join with 1 dynamic-filter probe target(s) (1 scan-bound, 0 join-edge; evidence=filtered; build est 25 rows).
[2026-09-07 12:51:10.594] [info] [sirius_plan_comparison_join.cpp:646] [sirius_plan_comparison_join] Wired hash join with 1 dynamic-filter probe target(s) (1 scan-bound, 0 join-edge; evidence=filtered; build est 1000000 rows).
[2026-09-07 12:51:10.594] [info] [sirius_context.cpp:1467] Transparent execution: Sirius physical plan generated successfully
[2026-09-07 12:51:10.594] [info] [sirius_context.cpp:1495] Transparent execution: physical plan replaced with GPU operator
[2026-09-07 12:51:10.595] [info] [physical_sirius_execution.cpp:157] Transparent GPU execution: executing query
[2026-09-07 12:51:10.595] [info] [sirius_context.cpp:521] [window] begin instance=0xe15cdd960390 connection=1 window=11 query=25 outcome=-
[2026-09-07 12:51:10.595] [info] [sirius_context.cpp:256] [host_pool] HOST:0 QueryBegin instance=0xe15cdd960390 connection=1 window=11 query=25 allocated=17515413504 bytes peak=17582522368 bytes free_blocks=539
[2026-09-07 12:51:10.595] [info] [sirius_context.cpp:271] [gpu_pool] GPU:0 QueryBegin instance=0xe15cdd960390 connection=1 window=11 query=25 allocated=2098380800 bytes peak=9898440970 bytes reserved=0 bytes
[2026-09-07 12:51:10.595] [info] [sirius_context.cpp:389] QueryBegin: transparent_execution
[2026-09-07 12:51:10.597] [info] [sirius_plan_comparison_join.cpp:646] [sirius_plan_comparison_join] Wired hash join with 1 dynamic-filter probe target(s) (1 scan-bound, 0 join-edge; evidence=filtered; build est 5 rows).
[2026-09-07 12:51:10.597] [info] [sirius_plan_comparison_join.cpp:646] [sirius_plan_comparison_join] Wired hash join with 1 dynamic-filter probe target(s) (1 scan-bound, 0 join-edge; evidence=filtered; build est 25 rows).
[2026-09-07 12:51:10.597] [info] [sirius_plan_comparison_join.cpp:646] [sirius_plan_comparison_join] Wired hash join with 1 dynamic-filter probe target(s) (1 scan-bound, 0 join-edge; evidence=filtered; build est 1000000 rows).
[2026-09-07 12:51:10.597] [info] [sirius_plan_comparison_join.cpp:646] [sirius_plan_comparison_join] Wired hash join with 1 dynamic-filter probe target(s) (1 scan-bound, 0 join-edge; evidence=filtered; build est 20000000 rows).
[2026-09-07 12:51:10.597] [info] [sirius_plan_comparison_join.cpp:646] [sirius_plan_comparison_join] Wired hash join with 1 dynamic-filter probe target(s) (1 scan-bound, 0 join-edge; evidence=opaque; build est 0 rows).
[2026-09-07 12:51:10.597] [info] [sirius_plan_comparison_join.cpp:646] [sirius_plan_comparison_join] Wired hash join with 1 dynamic-filter probe target(s) (1 scan-bound, 0 join-edge; evidence=filtered; build est 5 rows).
[2026-09-07 12:51:10.597] [info] [sirius_plan_comparison_join.cpp:646] [sirius_plan_comparison_join] Wired hash join with 1 dynamic-filter probe target(s) (1 scan-bound, 0 join-edge; evidence=filtered; build est 25 rows).
[2026-09-07 12:51:10.597] [info] [sirius_plan_comparison_join.cpp:646] [sirius_plan_comparison_join] Wired hash join with 1 dynamic-filter probe target(s) (1 scan-bound, 0 join-edge; evidence=filtered; build est 1000000 rows).
[2026-09-07 12:51:10.597] [info] [sirius_engine.cpp:265] [gpu_alloc] query allocated 1 GPU(s): [0]
[2026-09-07 12:51:10.598] [info] [sirius_engine.cpp:318] Query Plan:
=== Pipeline Overview ===
Pipeline #0: GPU_SCAN (id=0)
  Output: -> PARTITION [port: default, barrier: FULL]
Pipeline #1: PARTITION (id=1)
  Input: <- Pipeline #0 [on: PARTITION (id=1), port: default, barrier: FULL]
  Dependencies: Pipeline #0
  Output: -> CONCAT [port: default, barrier: PARTIAL]
Pipeline #2: CONCAT (id=2)
  Input: <- Pipeline #1 [on: CONCAT (id=2), port: default, barrier: PARTIAL]
  Dependencies: Pipeline #1
  Output: -> HASH_JOIN [port: build, barrier: PARTIAL]
Pipeline #3: GPU_SCAN (id=3) -> DYNAMIC_FILTER (id=4)
  Output: -> PARTITION [port: default, barrier: PARTIAL]
Pipeline #4: PARTITION (id=5)
  Input: <- Pipeline #3 [on: PARTITION (id=5), port: default, barrier: PARTIAL]
  Dependencies: Pipeline #3
  Output: -> CONCAT [port: default, barrier: PARTIAL]
Pipeline #5: CONCAT (id=6)
  Input: <- Pipeline #4 [on: CONCAT (id=6), port: default, barrier: PARTIAL]
  Dependencies: Pipeline #4
  Output: -> HASH_JOIN [port: default, barrier: PARTIAL]
Pipeline #6: HASH_JOIN (id=7) -> PROJECTION (id=8)
  Input: <- Pipeline #2 [on: HASH_JOIN (id=7), port: build, barrier: PARTIAL]
  Input: <- Pipeline #5 [on: HASH_JOIN (id=7), port: default, barrier: PARTIAL]
  Dependencies: Pipeline #2, Pipeline #5
  Output: -> PARTITION [port: default, barrier: FULL]
Pipeline #7: PARTITION (id=9)
  Input: <- Pipeline #6 [on: PARTITION (id=9), port: default, barrier: FULL]
  Dependencies: Pipeline #6
  Output: -> CONCAT [port: default, barrier: PARTIAL]
Pipeline #8: CONCAT (id=10)
  Input: <- Pipeline #7 [on: CONCAT (id=10), port: default, barrier: PARTIAL]
  Dependencies: Pipeline #7
  Output: -> HASH_JOIN [port: build, barrier: PARTIAL]
Pipeline #9: GPU_SCAN (id=11) -> DYNAMIC_FILTER (id=12)
  Output: -> PARTITION [port: default, barrier: PARTIAL]
Pipeline #10: PARTITION (id=13)
  Input: <- Pipeline #9 [on: PARTITION (id=13), port: default, barrier: PARTIAL]
  Dependencies: Pipeline #9
  Output: -> CONCAT [port: default, barrier: PARTIAL]
Pipeline #11: CONCAT (id=14)
  Input: <- Pipeline #10 [on: CONCAT (id=14), port: default, barrier: PARTIAL]
  Dependencies: Pipeline #10
  Output: -> HASH_JOIN [port: default, barrier: PARTIAL]
Pipeline #12: HASH_JOIN (id=15)
  Input: <- Pipeline #8 [on: HASH_JOIN (id=15), port: build, barrier: PARTIAL]
  Input: <- Pipeline #11 [on: HASH_JOIN (id=15), port: default, barrier: PARTIAL]
  Dependencies: Pipeline #8, Pipeline #11
  Output: -> PARTITION [port: default, barrier: FULL]
Pipeline #13: PARTITION (id=16)
  Input: <- Pipeline #12 [on: PARTITION (id=16), port: default, barrier: FULL]
  Dependencies: Pipeline #12
  Output: -> CONCAT [port: default, barrier: PARTIAL]
Pipeline #14: CONCAT (id=17)
  Input: <- Pipeline #13 [on: CONCAT (id=17), port: default, barrier: PARTIAL]
  Dependencies: Pipeline #13
  Output: -> HASH_JOIN [port: build, barrier: PARTIAL]
Pipeline #15: GPU_SCAN (id=18)
  Output: -> PARTITION [port: default, barrier: FULL]
Pipeline #16: PARTITION (id=19)
  Input: <- Pipeline #15 [on: PARTITION (id=19), port: default, barrier: FULL]
  Dependencies: Pipeline #15
  Output: -> CONCAT [port: default, barrier: PARTIAL]
Pipeline #17: CONCAT (id=20)
  Input: <- Pipeline #16 [on: CONCAT (id=20), port: default, barrier: PARTIAL]
  Dependencies: Pipeline #16
  Output: -> HASH_JOIN [port: build, barrier: PARTIAL]
Pipeline #18: GPU_SCAN (id=21)
  Output: -> PARTITION [port: default, barrier: FULL]
Pipeline #19: PARTITION (id=22)
  Input: <- Pipeline #18 [on: PARTITION (id=22), port: default, barrier: FULL]
  Dependencies: Pipeline #18
  Output: -> CONCAT [port: default, barrier: PARTIAL]
Pipeline #20: CONCAT (id=23)
  Input: <- Pipeline #19 [on: CONCAT (id=23), port: default, barrier: PARTIAL]
  Dependencies: Pipeline #19
  Output: -> HASH_JOIN [port: build, barrier: PARTIAL]
Pipeline #21: GPU_SCAN (id=24) -> DYNAMIC_FILTER (id=25)
  Output: -> PARTITION [port: default, barrier: PARTIAL]
Pipeline #22: PARTITION (id=26)
  Input: <- Pipeline #21 [on: PARTITION (id=26), port: default, barrier: PARTIAL]
  Dependencies: Pipeline #21
  Output: -> CONCAT [port: default, barrier: PARTIAL]
Pipeline #23: CONCAT (id=27)
  Input: <- Pipeline #22 [on: CONCAT (id=27), port: default, barrier: PARTIAL]
  Dependencies: Pipeline #22
  Output: -> HASH_JOIN [port: default, barrier: PARTIAL]
Pipeline #24: HASH_JOIN (id=28) -> PROJECTION (id=29)
  Input: <- Pipeline #20 [on: HASH_JOIN (id=28), port: build, barrier: PARTIAL]
  Input: <- Pipeline #23 [on: HASH_JOIN (id=28), port: default, barrier: PARTIAL]
  Dependencies: Pipeline #20, Pipeline #23
  Output: -> PARTITION [port: default, barrier: FULL]
Pipeline #25: PARTITION (id=30)
  Input: <- Pipeline #24 [on: PARTITION (id=30), port: default, barrier: FULL]
  Dependencies: Pipeline #24
  Output: -> CONCAT [port: default, barrier: PARTIAL]
Pipeline #26: CONCAT (id=31)
  Input: <- Pipeline #25 [on: CONCAT (id=31), port: default, barrier: PARTIAL]
  Dependencies: Pipeline #25
  Output: -> HASH_JOIN [port: build, barrier: PARTIAL]
Pipeline #27: GPU_SCAN (id=32) -> DYNAMIC_FILTER (id=33)
  Output: -> PARTITION [port: default, barrier: PARTIAL]
Pipeline #28: PARTITION (id=34)
  Input: <- Pipeline #27 [on: PARTITION (id=34), port: default, barrier: PARTIAL]
  Dependencies: Pipeline #27
  Output: -> CONCAT [port: default, barrier: PARTIAL]
Pipeline #29: CONCAT (id=35)
  Input: <- Pipeline #28 [on: CONCAT (id=35), port: default, barrier: PARTIAL]
  Dependencies: Pipeline #28
  Output: -> HASH_JOIN [port: default, barrier: PARTIAL]
Pipeline #30: HASH_JOIN (id=36)
  Input: <- Pipeline #26 [on: HASH_JOIN (id=36), port: build, barrier: PARTIAL]
  Input: <- Pipeline #29 [on: HASH_JOIN (id=36), port: default, barrier: PARTIAL]
  Dependencies: Pipeline #26, Pipeline #29
  Output: -> PARTITION [port: default, barrier: FULL]
Pipeline #31: PARTITION (id=37)
  Input: <- Pipeline #30 [on: PARTITION (id=37), port: default, barrier: FULL]
  Dependencies: Pipeline #30
  Output: -> CONCAT [port: default, barrier: PARTIAL]
Pipeline #32: CONCAT (id=38)
  Input: <- Pipeline #31 [on: CONCAT (id=38), port: default, barrier: PARTIAL]
  Dependencies: Pipeline #31
  Output: -> HASH_JOIN [port: build, barrier: PARTIAL]
Pipeline #33: GPU_SCAN (id=39) -> DYNAMIC_FILTER (id=40)
  Output: -> PARTITION [port: default, barrier: PARTIAL]
Pipeline #34: PARTITION (id=41)
  Input: <- Pipeline #33 [on: PARTITION (id=41), port: default, barrier: PARTIAL]
  Dependencies: Pipeline #33
  Output: -> CONCAT [port: default, barrier: PARTIAL]
Pipeline #35: CONCAT (id=42)
  Input: <- Pipeline #34 [on: CONCAT (id=42), port: default, barrier: PARTIAL]
  Dependencies: Pipeline #34
  Output: -> HASH_JOIN [port: default, barrier: PARTIAL]
Pipeline #36: HASH_JOIN (id=43)
  Input: <- Pipeline #32 [on: HASH_JOIN (id=43), port: build, barrier: PARTIAL]
  Input: <- Pipeline #35 [on: HASH_JOIN (id=43), port: default, barrier: PARTIAL]
  Dependencies: Pipeline #32, Pipeline #35
  Output: -> PARTITION [port: default, barrier: PARTIAL]
Pipeline #37: PARTITION (id=44)
  Input: <- Pipeline #36 [on: PARTITION (id=44), port: default, barrier: PARTIAL]
  Dependencies: Pipeline #36
  Output: -> CONCAT [port: default, barrier: PARTIAL]
Pipeline #38: CONCAT (id=45)
  Input: <- Pipeline #37 [on: CONCAT (id=45), port: default, barrier: PARTIAL]
  Dependencies: Pipeline #37
  Output: -> HASH_JOIN [port: default, barrier: PARTIAL]
Pipeline #39: HASH_JOIN (id=46) -> PROJECTION (id=47) -> LEFT_DELIM_JOIN (id=48)
  Input: <- Pipeline #17 [on: HASH_JOIN (id=46), port: build, barrier: PARTIAL]
  Input: <- Pipeline #38 [on: HASH_JOIN (id=46), port: default, barrier: PARTIAL]
  Dependencies: Pipeline #17, Pipeline #38
  Output: -> COLUMN_DATA_SCAN [port: default, barrier: FULL]
  Output: -> HASH_GROUP_BY [port: default, barrier: FULL]
Pipeline #40: HASH_GROUP_BY (id=49)
  Input: <- Pipeline #39 [on: HASH_GROUP_BY (id=49), port: default, barrier: FULL]
  Dependencies: Pipeline #39
  Output: -> PARTITION [port: default, barrier: FULL]
Pipeline #41: PARTITION (id=50)
  Input: <- Pipeline #40 [on: PARTITION (id=50), port: default, barrier: FULL]
  Dependencies: Pipeline #40
  Output: -> MERGE_GROUP_BY [port: default, barrier: FULL]
Pipeline #42: MERGE_GROUP_BY (id=51)
  Input: <- Pipeline #41 [on: MERGE_GROUP_BY (id=51), port: default, barrier: FULL]
  Dependencies: Pipeline #41
  Output: -> PARTITION [port: default, barrier: FULL]
Pipeline #43: PARTITION (id=52)
  Input: <- Pipeline #42 [on: PARTITION (id=52), port: default, barrier: FULL]
  Dependencies: Pipeline #42
  Output: -> CONCAT [port: default, barrier: PARTIAL]
Pipeline #44: CONCAT (id=53)
  Input: <- Pipeline #43 [on: CONCAT (id=53), port: default, barrier: PARTIAL]
  Dependencies: Pipeline #43
  Output: -> HASH_JOIN [port: build, barrier: PARTIAL]
Pipeline #45: GPU_SCAN (id=54) -> DYNAMIC_FILTER (id=55)
  Output: -> PARTITION [port: default, barrier: PARTIAL]
Pipeline #46: PARTITION (id=56)
  Input: <- Pipeline #45 [on: PARTITION (id=56), port: default, barrier: PARTIAL]
  Dependencies: Pipeline #45
  Output: -> CONCAT [port: default, barrier: PARTIAL]
Pipeline #47: CONCAT (id=57)
  Input: <- Pipeline #46 [on: CONCAT (id=57), port: default, barrier: PARTIAL]
  Dependencies: Pipeline #46
  Output: -> HASH_JOIN [port: default, barrier: PARTIAL]
Pipeline #48: HASH_JOIN (id=58)
  Input: <- Pipeline #44 [on: HASH_JOIN (id=58), port: build, barrier: PARTIAL]
  Input: <- Pipeline #47 [on: HASH_JOIN (id=58), port: default, barrier: PARTIAL]
  Dependencies: Pipeline #44, Pipeline #47
  Output: -> PARTITION [port: default, barrier: PARTIAL]
Pipeline #49: PARTITION (id=59)
  Input: <- Pipeline #48 [on: PARTITION (id=59), port: default, barrier: PARTIAL]
  Dependencies: Pipeline #48
  Output: -> CONCAT [port: default, barrier: PARTIAL]
Pipeline #50: CONCAT (id=60)
  Input: <- Pipeline #49 [on: CONCAT (id=60), port: default, barrier: PARTIAL]
  Dependencies: Pipeline #49
  Output: -> HASH_JOIN [port: default, barrier: PARTIAL]
Pipeline #51: HASH_JOIN (id=61) -> PROJECTION (id=62) -> PROJECTION (id=63) -> HASH_GROUP_BY (id=64)
  Input: <- Pipeline #50 [on: HASH_JOIN (id=61), port: default, barrier: PARTIAL]
  Input: <- Pipeline #14 [on: HASH_JOIN (id=61), port: build, barrier: PARTIAL]
  Dependencies: Pipeline #14, Pipeline #50
  Output: -> PARTITION [port: default, barrier: FULL]
Pipeline #52: PARTITION (id=65)
  Input: <- Pipeline #51 [on: PARTITION (id=65), port: default, barrier: FULL]
  Dependencies: Pipeline #51
  Output: -> MERGE_GROUP_BY [port: default, barrier: FULL]
Pipeline #53: MERGE_GROUP_BY (id=66) -> PROJECTION (id=67)
  Input: <- Pipeline #52 [on: MERGE_GROUP_BY (id=66), port: default, barrier: FULL]
  Dependencies: Pipeline #52
  Output: -> PARTITION [port: default, barrier: FULL]
Pipeline #54: PARTITION (id=68)
  Input: <- Pipeline #53 [on: PARTITION (id=68), port: default, barrier: FULL]
  Dependencies: Pipeline #53
  Output: -> CONCAT [port: default, barrier: PARTIAL]
Pipeline #55: CONCAT (id=69)
  Input: <- Pipeline #54 [on: CONCAT (id=69), port: default, barrier: PARTIAL]
  Dependencies: Pipeline #54
  Output: -> HASH_JOIN [port: build, barrier: PARTIAL]
Pipeline #56: COLUMN_DATA_SCAN (id=70)
  Input: <- Pipeline #39 [on: COLUMN_DATA_SCAN (id=70), port: default, barrier: FULL]
  Dependencies: Pipeline #39
  Output: -> PARTITION [port: default, barrier: PARTIAL]
Pipeline #57: PARTITION (id=71)
  Input: <- Pipeline #56 [on: PARTITION (id=71), port: default, barrier: PARTIAL]
  Dependencies: Pipeline #56
  Output: -> CONCAT [port: default, barrier: PARTIAL]
Pipeline #58: CONCAT (id=72)
  Input: <- Pipeline #57 [on: CONCAT (id=72), port: default, barrier: PARTIAL]
  Dependencies: Pipeline #57
  Output: -> HASH_JOIN [port: default, barrier: PARTIAL]
Pipeline #59: HASH_JOIN (id=73) -> FILTER (id=74) -> PROJECTION (id=75) -> TOP_N (id=76)
  Input: <- Pipeline #55 [on: HASH_JOIN (id=73), port: build, barrier: PARTIAL]
  Input: <- Pipeline #58 [on: HASH_JOIN (id=73), port: default, barrier: PARTIAL]
  Dependencies: Pipeline #55, Pipeline #58
  Output: -> MERGE_TOP_N [port: default, barrier: FULL]
Pipeline #60: MERGE_TOP_N (id=77) -> RESULT_COLLECTOR (id=78)
  Input: <- Pipeline #59 [on: MERGE_TOP_N (id=77), port: default, barrier: FULL]
  Dependencies: Pipeline #59

=== Query Plan DAG ===
┌──────────────────────────┐                                                                                                                                                                                                                                                            
│ Pipeline #60             │                                                                                                                                                                                                                                                            
│ RESULT_COLLECTOR (id=78) │                                                                                                                                                                                                                                                            
│ MERGE_TOP_N (id=77)      │                                                                                                                                                                                                                                                            
│ Input(#59): FULL         │                                                                                                                                                                                                                                                            
└────────────┬─────────────┘                                                                                                                                                                                                                                                            
             │                                                                                                                                                                                                                                                                          
┌──────────────────────────┐                                                                                                                                                                                                                                                            
│ Pipeline #59             │                                                                                                                                                                                                                                                            
│ TOP_N (id=76)            │                                                                                                                                                                                                                                                            
│ PROJECTION (id=75)       │                                                                                                                                                                                                                                                            
│ FILTER (id=74)           │                                                                                                                                                                                                                                                            
│ HASH_JOIN (id=73)        │                                                                                                                                                                                                                                                            
│   type: LEFT             │                                                                                                                                                                                                                                                            
│ Input(#55): PARTIAL      │                                                                                                                                                                                                                                                            
│ Input(#58): PARTIAL      │                                                                                                                                                                                                                                                            
└────────────┬─────────────┘                                                                                                                                                                                                                                                            
             ┌───────────────────────────────────────────────────────────────────────────────────────────────────────────────────────────────────────────────────────────────────────────────────────────────────────────────────────────────────────────────────────────┐              
             │                                                                                                                                                                                                                                                           │              
┌──────────────────────────┐                                                                                                                                                                                                                                ┌──────────────────────────┐
│ Pipeline #55             │                                                                                                                                                                                                                                │ Pipeline #58             │
│ CONCAT (id=69)           │                                                                                                                                                                                                                                │ CONCAT (id=72)           │
│ Input(#54): PARTIAL      │                                                                                                                                                                                                                                │ Input(#57): PARTIAL      │
└────────────┬─────────────┘                                                                                                                                                                                                                                └────────────┬─────────────┘
             │                                                                                                                                                                                                                                                           │              
┌──────────────────────────┐                                                                                                                                                                                                                                ┌──────────────────────────┐
│ Pipeline #54             │                                                                                                                                                                                                                                │ Pipeline #57             │
│ PARTITION (id=68)        │                                                                                                                                                                                                                                │ PARTITION (id=71)        │
│ Input(#53): FULL         │                                                                                                                                                                                                                                │ Input(#56): PARTIAL      │
└────────────┬─────────────┘                                                                                                                                                                                                                                └────────────┬─────────────┘
             │                                                                                                                                                                                                                                                           │              
┌──────────────────────────┐                                                                                                                                                                                                                                ┌──────────────────────────┐
│ Pipeline #53             │                                                                                                                                                                                                                                │ Pipeline #56             │
│ PROJECTION (id=67)       │                                                                                                                                                                                                                                │ COLUMN_DATA_SCAN (id=70) │
│ MERGE_GROUP_BY (id=66)   │                                                                                                                                                                                                                                │ Input(#39): FULL         │
│ Input(#52): FULL         │                                                                                                                                                                                                                                │                          │
└────────────┬─────────────┘                                                                                                                                                                                                                                └────────────┬─────────────┘
             │                                                                                                                                                                                                                                                           │              
┌──────────────────────────┐                                                                                                                                                                                                                                ┌──────────────────────────┐
│ Pipeline #52             │                                                                                                                                                                                                                                │ (-> Pipeline #39)        │
│ PARTITION (id=65)        │                                                                                                                                                                                                                                │                          │
│ Input(#51): FULL         │                                                                                                                                                                                                                                │                          │
└────────────┬─────────────┘                                                                                                                                                                                                                                └────────────┬─────────────┘
             │                                                                                                                                                                                                                                                                          
┌──────────────────────────┐                                                                                                                                                                                                                                                            
│ Pipeline #51             │                                                                                                                                                                                                                                                            
│ HASH_GROUP_BY (id=64)    │                                                                                                                                                                                                                                                            
│ PROJECTION (id=63)       │                                                                                                                                                                                                                                                            
│ PROJECTION (id=62)       │                                                                                                                                                                                                                                                            
│ HASH_JOIN (id=61)        │                                                                                                                                                                                                                                                            
│   type: INNER            │                                                                                                                                                                                                                                                            
│ Input(#50): PARTIAL      │                                                                                                                                                                                                                                                            
│ Input(#14): PARTIAL      │                                                                                                                                                                                                                                                            
└────────────┬─────────────┘                                                                                                                                                                                                                                                            
             ┌───────────────────────────────────────────────────────────────────────────────────┐                                                                                                                                                                                      
             │                                                                                   │                                                                                                                                                                                      
┌──────────────────────────┐                                                        ┌──────────────────────────┐                                                                                                                                                                        
│ Pipeline #14             │                                                        │ Pipeline #50             │                                                                                                                                                                        
│ CONCAT (id=17)           │                                                        │ CONCAT (id=60)           │                                                                                                                                                                        
│ Input(#13): PARTIAL      │                                                        │ Input(#49): PARTIAL      │                                                                                                                                                                        
└────────────┬─────────────┘                                                        └────────────┬─────────────┘                                                                                                                                                                        
             │                                                                                   │                                                                                                                                                                                      
┌──────────────────────────┐                                                        ┌──────────────────────────┐                                                                                                                                                                        
│ Pipeline #13             │                                                        │ Pipeline #49             │                                                                                                                                                                        
│ PARTITION (id=16)        │                                                        │ PARTITION (id=59)        │                                                                                                                                                                        
│ Input(#12): FULL         │                                                        │ Input(#48): PARTIAL      │                                                                                                                                                                        
└────────────┬─────────────┘                                                        └────────────┬─────────────┘                                                                                                                                                                        
             │                                                                                   │                                                                                                                                                                                      
┌──────────────────────────┐                                                        ┌──────────────────────────┐                                                                                                                                                                        
│ Pipeline #12             │                                                        │ Pipeline #48             │                                                                                                                                                                        
│ HASH_JOIN (id=15)        │                                                        │ HASH_JOIN (id=58)        │                                                                                                                                                                        
│   type: INNER            │                                                        │   type: INNER            │                                                                                                                                                                        
│ Input(#8): PARTIAL       │                                                        │ Input(#44): PARTIAL      │                                                                                                                                                                        
│ Input(#11): PARTIAL      │                                                        │ Input(#47): PARTIAL      │                                                                                                                                                                        
└────────────┬─────────────┘                                                        └────────────┬─────────────┘                                                                                                                                                                        
             ┌───────────────────────────────────────────────────────┐                           ┌───────────────────────────────────────────────────────────────────────────────────────────────────────────────────────────────────────────┐                                          
             │                                                       │                           │                                                                                                                                           │                                          
┌──────────────────────────┐                            ┌──────────────────────────┐┌──────────────────────────┐                                                                                                                ┌──────────────────────────┐                            
│ Pipeline #8              │                            │ Pipeline #11             ││ Pipeline #44             │                                                                                                                │ Pipeline #47             │                            
│ CONCAT (id=10)           │                            │ CONCAT (id=14)           ││ CONCAT (id=53)           │                                                                                                                │ CONCAT (id=57)           │                            
│ Input(#7): PARTIAL       │                            │ Input(#10): PARTIAL      ││ Input(#43): PARTIAL      │                                                                                                                │ Input(#46): PARTIAL      │                            
└────────────┬─────────────┘                            └────────────┬─────────────┘└────────────┬─────────────┘                                                                                                                └────────────┬─────────────┘                            
             │                                                       │                           │                                                                                                                                           │                                          
┌──────────────────────────┐                            ┌──────────────────────────┐┌──────────────────────────┐                                                                                                                ┌──────────────────────────┐                            
│ Pipeline #7              │                            │ Pipeline #10             ││ Pipeline #43             │                                                                                                                │ Pipeline #46             │                            
│ PARTITION (id=9)         │                            │ PARTITION (id=13)        ││ PARTITION (id=52)        │                                                                                                                │ PARTITION (id=56)        │                            
│ Input(#6): FULL          │                            │ Input(#9): PARTIAL       ││ Input(#42): FULL         │                                                                                                                │ Input(#45): PARTIAL      │                            
└────────────┬─────────────┘                            └────────────┬─────────────┘└────────────┬─────────────┘                                                                                                                └────────────┬─────────────┘                            
             │                                                       │                           │                                                                                                                                           │                                          
┌──────────────────────────┐                            ┌──────────────────────────┐┌──────────────────────────┐                                                                                                                ┌──────────────────────────┐                            
│ Pipeline #6              │                            │ Pipeline #9              ││ Pipeline #42             │                                                                                                                │ Pipeline #45             │                            
│ PROJECTION (id=8)        │                            │ DYNAMIC_FILTER (id=12)   ││ MERGE_GROUP_BY (id=51)   │                                                                                                                │ DYNAMIC_FILTER (id=55)   │                            
│ HASH_JOIN (id=7)         │                            │ GPU_SCAN (id=11)         ││ Input(#41): FULL         │                                                                                                                │ GPU_SCAN (id=54)         │                            
│   type: INNER            │                            │                          ││                          │                                                                                                                │                          │                            
│ Input(#2): PARTIAL       │                            │                          ││                          │                                                                                                                │                          │                            
│ Input(#5): PARTIAL       │                            │                          ││                          │                                                                                                                │                          │                            
└────────────┬─────────────┘                            └──────────────────────────┘└────────────┬─────────────┘                                                                                                                └──────────────────────────┘                            
             ┌───────────────────────────┐                                                       │                                                                                                                                                                                      
             │                           │                                                       │                                                                                                                                                                                      
┌──────────────────────────┐┌──────────────────────────┐                            ┌──────────────────────────┐                                                                                                                                                                        
│ Pipeline #2              ││ Pipeline #5              │                            │ Pipeline #41             │                                                                                                                                                                        
│ CONCAT (id=2)            ││ CONCAT (id=6)            │                            │ PARTITION (id=50)        │                                                                                                                                                                        
│ Input(#1): PARTIAL       ││ Input(#4): PARTIAL       │                            │ Input(#40): FULL         │                                                                                                                                                                        
└────────────┬─────────────┘└────────────┬─────────────┘                            └────────────┬─────────────┘                                                                                                                                                                        
             │                           │                                                       │                                                                                                                                                                                      
┌──────────────────────────┐┌──────────────────────────┐                            ┌──────────────────────────┐                                                                                                                                                                        
│ Pipeline #1              ││ Pipeline #4              │                            │ Pipeline #40             │                                                                                                                                                                        
│ PARTITION (id=1)         ││ PARTITION (id=5)         │                            │ HASH_GROUP_BY (id=49)    │                                                                                                                                                                        
│ Input(#0): FULL          ││ Input(#3): PARTIAL       │                            │ Input(#39): FULL         │                                                                                                                                                                        
└────────────┬─────────────┘└────────────┬─────────────┘                            └────────────┬─────────────┘                                                                                                                                                                        
             │                           │                                                       │                                                                                                                                                                                      
┌──────────────────────────┐┌──────────────────────────┐                            ┌──────────────────────────┐                                                                                                                                                                        
│ Pipeline #0              ││ Pipeline #3              │                            │ Pipeline #39             │                                                                                                                                                                        
│ GPU_SCAN (id=0)          ││ DYNAMIC_FILTER (id=4)    │                            │ LEFT_DELIM_JOIN (id=48)  │                                                                                                                                                                        
│                          ││ GPU_SCAN (id=3)          │                            │ PROJECTION (id=47)       │                                                                                                                                                                        
│                          ││                          │                            │ HASH_JOIN (id=46)        │                                                                                                                                                                        
│                          ││                          │                            │   type: INNER            │                                                                                                                                                                        
│                          ││                          │                            │ Input(#17): PARTIAL      │                                                                                                                                                                        
│                          ││                          │                            │ Input(#38): PARTIAL      │                                                                                                                                                                        
└──────────────────────────┘└──────────────────────────┘                            └────────────┬─────────────┘                                                                                                                                                                        
                                                                                                 ┌───────────────────────────┐                                                                                                                                                          
                                                                                                 │                           │                                                                                                                                                          
                                                                                    ┌──────────────────────────┐┌──────────────────────────┐                                                                                                                                            
                                                                                    │ Pipeline #17             ││ Pipeline #38             │                                                                                                                                            
                                                                                    │ CONCAT (id=20)           ││ CONCAT (id=45)           │                                                                                                                                            
                                                                                    │ Input(#16): PARTIAL      ││ Input(#37): PARTIAL      │                                                                                                                                            
                                                                                    └────────────┬─────────────┘└────────────┬─────────────┘                                                                                                                                            
                                                                                                 │                           │                                                                                                                                                          
                                                                                    ┌──────────────────────────┐┌──────────────────────────┐                                                                                                                                            
                                                                                    │ Pipeline #16             ││ Pipeline #37             │                                                                                                                                            
                                                                                    │ PARTITION (id=19)        ││ PARTITION (id=44)        │                                                                                                                                            
                                                                                    │ Input(#15): FULL         ││ Input(#36): PARTIAL      │                                                                                                                                            
                                                                                    └────────────┬─────────────┘└────────────┬─────────────┘                                                                                                                                            
                                                                                                 │                           │                                                                                                                                                          
                                                                                    ┌──────────────────────────┐┌──────────────────────────┐                                                                                                                                            
                                                                                    │ Pipeline #15             ││ Pipeline #36             │                                                                                                                                            
                                                                                    │ GPU_SCAN (id=18)         ││ HASH_JOIN (id=43)        │                                                                                                                                            
                                                                                    │                          ││   type: INNER            │                                                                                                                                            
                                                                                    │                          ││ Input(#32): PARTIAL      │                                                                                                                                            
                                                                                    │                          ││ Input(#35): PARTIAL      │                                                                                                                                            
                                                                                    └──────────────────────────┘└────────────┬─────────────┘                                                                                                                                            
                                                                                                                             ┌───────────────────────────────────────────────────────────────────────────────────┐                                                                      
                                                                                                                             │                                                                                   │                                                                      
                                                                                                                ┌──────────────────────────┐                                                        ┌──────────────────────────┐                                                        
                                                                                                                │ Pipeline #32             │                                                        │ Pipeline #35             │                                                        
                                                                                                                │ CONCAT (id=38)           │                                                        │ CONCAT (id=42)           │                                                        
                                                                                                                │ Input(#31): PARTIAL      │                                                        │ Input(#34): PARTIAL      │                                                        
                                                                                                                └────────────┬─────────────┘                                                        └────────────┬─────────────┘                                                        
                                                                                                                             │                                                                                   │                                                                      
                                                                                                                ┌──────────────────────────┐                                                        ┌──────────────────────────┐                                                        
                                                                                                                │ Pipeline #31             │                                                        │ Pipeline #34             │                                                        
                                                                                                                │ PARTITION (id=37)        │                                                        │ PARTITION (id=41)        │                                                        
                                                                                                                │ Input(#30): FULL         │                                                        │ Input(#33): PARTIAL      │                                                        
                                                                                                                └────────────┬─────────────┘                                                        └────────────┬─────────────┘                                                        
                                                                                                                             │                                                                                   │                                                                      
                                                                                                                ┌──────────────────────────┐                                                        ┌──────────────────────────┐                                                        
                                                                                                                │ Pipeline #30             │                                                        │ Pipeline #33             │                                                        
                                                                                                                │ HASH_JOIN (id=36)        │                                                        │ DYNAMIC_FILTER (id=40)   │                                                        
                                                                                                                │   type: INNER            │                                                        │ GPU_SCAN (id=39)         │                                                        
                                                                                                                │ Input(#26): PARTIAL      │                                                        │                          │                                                        
                                                                                                                │ Input(#29): PARTIAL      │                                                        │                          │                                                        
                                                                                                                └────────────┬─────────────┘                                                        └──────────────────────────┘                                                        
                                                                                                                             ┌───────────────────────────────────────────────────────┐                                                                                                  
                                                                                                                             │                                                       │                                                                                                  
                                                                                                                ┌──────────────────────────┐                            ┌──────────────────────────┐                                                                                    
                                                                                                                │ Pipeline #26             │                            │ Pipeline #29             │                                                                                    
                                                                                                                │ CONCAT (id=31)           │                            │ CONCAT (id=35)           │                                                                                    
                                                                                                                │ Input(#25): PARTIAL      │                            │ Input(#28): PARTIAL      │                                                                                    
                                                                                                                └────────────┬─────────────┘                            └────────────┬─────────────┘                                                                                    
                                                                                                                             │                                                       │                                                                                                  
                                                                                                                ┌──────────────────────────┐                            ┌──────────────────────────┐                                                                                    
                                                                                                                │ Pipeline #25             │                            │ Pipeline #28             │                                                                                    
                                                                                                                │ PARTITION (id=30)        │                            │ PARTITION (id=34)        │                                                                                    
                                                                                                                │ Input(#24): FULL         │                            │ Input(#27): PARTIAL      │                                                                                    
                                                                                                                └────────────┬─────────────┘                            └────────────┬─────────────┘                                                                                    
                                                                                                                             │                                                       │                                                                                                  
                                                                                                                ┌──────────────────────────┐                            ┌──────────────────────────┐                                                                                    
                                                                                                                │ Pipeline #24             │                            │ Pipeline #27             │                                                                                    
                                                                                                                │ PROJECTION (id=29)       │                            │ DYNAMIC_FILTER (id=33)   │                                                                                    
                                                                                                                │ HASH_JOIN (id=28)        │                            │ GPU_SCAN (id=32)         │                                                                                    
                                                                                                                │   type: INNER            │                            │                          │                                                                                    
                                                                                                                │ Input(#20): PARTIAL      │                            │                          │                                                                                    
                                                                                                                │ Input(#23): PARTIAL      │                            │                          │                                                                                    
                                                                                                                └────────────┬─────────────┘                            └──────────────────────────┘                                                                                    
                                                                                                                             ┌───────────────────────────┐                                                                                                                              
                                                                                                                             │                           │                                                                                                                              
                                                                                                                ┌──────────────────────────┐┌──────────────────────────┐                                                                                                                
                                                                                                                │ Pipeline #20             ││ Pipeline #23             │                                                                                                                
                                                                                                                │ CONCAT (id=23)           ││ CONCAT (id=27)           │                                                                                                                
                                                                                                                │ Input(#19): PARTIAL      ││ Input(#22): PARTIAL      │                                                                                                                
                                                                                                                └────────────┬─────────────┘└────────────┬─────────────┘                                                                                                                
                                                                                                                             │                           │                                                                                                                              
                                                                                                                ┌──────────────────────────┐┌──────────────────────────┐                                                                                                                
                                                                                                                │ Pipeline #19             ││ Pipeline #22             │                                                                                                                
                                                                                                                │ PARTITION (id=22)        ││ PARTITION (id=26)        │                                                                                                                
                                                                                                                │ Input(#18): FULL         ││ Input(#21): PARTIAL      │                                                                                                                
                                                                                                                └────────────┬─────────────┘└────────────┬─────────────┘                                                                                                                
                                                                                                                             │                           │                                                                                                                              
                                                                                                                ┌──────────────────────────┐┌──────────────────────────┐                                                                                                                
                                                                                                                │ Pipeline #18             ││ Pipeline #21             │                                                                                                                
                                                                                                                │ GPU_SCAN (id=21)         ││ DYNAMIC_FILTER (id=25)   │                                                                                                                
                                                                                                                │                          ││ GPU_SCAN (id=24)         │                                                                                                                
                                                                                                                └──────────────────────────┘└──────────────────────────┘                                                                                                                

[2026-09-07 12:51:10.598] [info] [sirius_engine.cpp:186] query 11 telemetry_query=01a07d6cb2057170a83afb6e4379b4e7
[2026-09-07 12:51:10.598] [info] [sirius_scan_manager.cpp:2999] [sirius_scan_manager] assigned pinned entry 'region' to operator '0'
[2026-09-07 12:51:10.598] [info] [sirius_scan_manager.cpp:2999] [sirius_scan_manager] assigned pinned entry 'nation' to operator '3'
[2026-09-07 12:51:10.598] [info] [sirius_scan_manager.cpp:2999] [sirius_scan_manager] assigned pinned entry 'supplier' to operator '11'
[2026-09-07 12:51:10.598] [info] [sirius_scan_manager.cpp:2999] [sirius_scan_manager] assigned pinned entry 'part' to operator '18'
[2026-09-07 12:51:10.598] [info] [sirius_scan_manager.cpp:2999] [sirius_scan_manager] assigned pinned entry 'region' to operator '21'
[2026-09-07 12:51:10.598] [info] [sirius_scan_manager.cpp:2999] [sirius_scan_manager] assigned pinned entry 'nation' to operator '24'
[2026-09-07 12:51:10.598] [info] [sirius_scan_manager.cpp:2999] [sirius_scan_manager] assigned pinned entry 'supplier' to operator '32'
[2026-09-07 12:51:10.598] [info] [sirius_scan_manager.cpp:2999] [sirius_scan_manager] assigned pinned entry 'partsupp' to operator '39'
[2026-09-07 12:51:10.598] [info] [sirius_scan_manager.cpp:2999] [sirius_scan_manager] assigned pinned entry 'partsupp' to operator '54'
[2026-09-07 12:51:10.598] [info] [sirius_scan_manager.cpp:897] [late-mat] operator 0: 1 column(s) withheld — a partition hashes them
[2026-09-07 12:51:10.598] [info] [sirius_scan_manager.cpp:897] [late-mat] operator 3: 2 column(s) withheld — a partition hashes them
[2026-09-07 12:51:10.598] [info] [sirius_scan_manager.cpp:897] [late-mat] operator 11: 2 column(s) withheld — a partition hashes them
[2026-09-07 12:51:10.598] [info] [sirius_scan_manager.cpp:897] [late-mat] operator 18: 1 column(s) withheld — a partition hashes them
[2026-09-07 12:51:10.598] [info] [sirius_scan_manager.cpp:897] [late-mat] operator 21: 1 column(s) withheld — a partition hashes them
[2026-09-07 12:51:10.598] [info] [sirius_scan_manager.cpp:897] [late-mat] operator 24: 2 column(s) withheld — a partition hashes them
[2026-09-07 12:51:10.598] [info] [sirius_scan_manager.cpp:897] [late-mat] operator 32: 2 column(s) withheld — a partition hashes them
[2026-09-07 12:51:10.598] [info] [sirius_scan_manager.cpp:897] [late-mat] operator 39: 2 column(s) withheld — a partition hashes them
[2026-09-07 12:51:10.598] [info] [sirius_scan_manager.cpp:884] [late-mat] operator 54: slot0 — deferred value below the floor (0 B/row over 6 boundaries)
[2026-09-07 12:51:10.598] [info] [sirius_scan_manager.cpp:897] [late-mat] operator 54: 2 column(s) withheld — a partition hashes them
[2026-09-07 12:51:10.598] [info] [memory_prefetcher.cpp:59] [memory_prefetcher] started: 3 threads, 9 connectors, min_free_fraction=0.40
[2026-09-07 12:51:10.599] [info] [dynamic_filter_publisher.cpp:297] [sirius_physical_hash_join] Pushed 1 dynamic filter(s) across 1 active target(s) of 1 wired target(s) (1 build rows, 1 bound keys of 1 admitted).
[2026-09-07 12:51:10.599] [warning] [sirius_physical_partition.cpp:375] slot_for_device: device_id 0 not found in active GPU list, falling back to slot 0
[2026-09-07 12:51:10.600] [info] [dynamic_filter_publisher.cpp:297] [sirius_physical_hash_join] Pushed 1 dynamic filter(s) across 1 active target(s) of 1 wired target(s) (5 build rows, 1 bound keys of 1 admitted).
[2026-09-07 12:51:10.600] [warning] [sirius_physical_partition.cpp:375] slot_for_device: device_id 0 not found in active GPU list, falling back to slot 0
[2026-09-07 12:51:10.601] [info] [dynamic_filter_publisher.cpp:297] [sirius_physical_hash_join] Pushed 1 dynamic filter(s) across 1 active target(s) of 1 wired target(s) (200535 build rows, 1 bound keys of 1 admitted).
[2026-09-07 12:51:10.602] [info] [dynamic_filter_publisher.cpp:297] [sirius_physical_hash_join] Pushed 1 dynamic filter(s) across 1 active target(s) of 1 wired target(s) (80157 build rows, 1 bound keys of 1 admitted).
[2026-09-07 12:51:10.603] [info] [dynamic_filter_publisher.cpp:297] [sirius_physical_hash_join] Pushed 1 dynamic filter(s) across 1 active target(s) of 1 wired target(s) (1 build rows, 1 bound keys of 1 admitted).
[2026-09-07 12:51:10.603] [warning] [sirius_physical_partition.cpp:375] slot_for_device: device_id 0 not found in active GPU list, falling back to slot 0
[2026-09-07 12:51:10.604] [info] [dynamic_filter_publisher.cpp:297] [sirius_physical_hash_join] Pushed 1 dynamic filter(s) across 1 active target(s) of 1 wired target(s) (5 build rows, 1 bound keys of 1 admitted).
[2026-09-07 12:51:10.605] [warning] [sirius_physical_partition.cpp:375] slot_for_device: device_id 0 not found in active GPU list, falling back to slot 0
[2026-09-07 12:51:10.606] [info] [dynamic_filter_publisher.cpp:297] [sirius_physical_hash_join] Pushed 1 dynamic filter(s) across 1 active target(s) of 1 wired target(s) (200535 build rows, 1 bound keys of 1 admitted).
[2026-09-07 12:51:10.608] [warning] [sirius_physical_partition.cpp:375] slot_for_device: device_id 0 not found in active GPU list, falling back to slot 0
[2026-09-07 12:51:10.608] [warning] [sirius_physical_partition.cpp:375] slot_for_device: device_id 0 not found in active GPU list, falling back to slot 0
[2026-09-07 12:51:10.608] [warning] [sirius_physical_partition.cpp:375] slot_for_device: device_id 0 not found in active GPU list, falling back to slot 0
[2026-09-07 12:51:10.609] [warning] [sirius_physical_partition.cpp:375] slot_for_device: device_id 0 not found in active GPU list, falling back to slot 0
[2026-09-07 12:51:10.611] [info] [dynamic_filter_publisher.cpp:297] [sirius_physical_hash_join] Pushed 1 dynamic filter(s) across 1 active target(s) of 1 wired target(s) (47481 build rows, 1 bound keys of 1 admitted).
[2026-09-07 12:51:10.612] [warning] [sirius_physical_partition.cpp:375] slot_for_device: device_id 0 not found in active GPU list, falling back to slot 0
[2026-09-07 12:51:10.612] [warning] [sirius_physical_partition.cpp:375] slot_for_device: device_id 0 not found in active GPU list, falling back to slot 0
[2026-09-07 12:51:10.612] [warning] [sirius_physical_partition.cpp:375] slot_for_device: device_id 0 not found in active GPU list, falling back to slot 0
[2026-09-07 12:51:10.613] [warning] [sirius_physical_partition.cpp:375] slot_for_device: device_id 0 not found in active GPU list, falling back to slot 0
[2026-09-07 12:51:10.614] [warning] [sirius_physical_partition.cpp:375] slot_for_device: device_id 0 not found in active GPU list, falling back to slot 0
[2026-09-07 12:51:10.619] [info] [gpu_pipeline_executor.cpp:129] GPU Pipeline Executor: task queue interrupted, stopping manager loop
[2026-09-07 12:51:10.620] [info] [sirius_context.cpp:405] QueryEnd
[2026-09-07 12:51:10.620] [info] [memory_prefetcher.cpp:72] [memory_prefetcher] stopping: prefetched 0 batches / 0 bytes (stops: headroom=0 reservation=0, skips: lock=0 draining=142, errors=0)
[2026-09-07 12:51:10.620] [info] [sirius_context.cpp:256] [host_pool] HOST:0 QueryEnd instance=0xe15cdd960390 connection=1 window=11 query=25 allocated=17515413504 bytes peak=17582522368 bytes free_blocks=539
[2026-09-07 12:51:10.620] [info] [sirius_context.cpp:271] [gpu_pool] GPU:0 QueryEnd instance=0xe15cdd960390 connection=1 window=11 query=25 allocated=2098380800 bytes peak=9898440970 bytes reserved=0 bytes
[2026-09-07 12:51:10.620] [info] [sirius_context.cpp:521] [window] end instance=0xe15cdd960390 connection=1 window=11 query=25 outcome=ok
[2026-09-07 12:51:10.620] [info] [physical_sirius_execution.cpp:327] Transparent GPU execution: query completed
[2026-09-07 12:51:10.621] [info] [sirius_context.cpp:329] QueryBegin: instance=0xe15cdd960390 connection=1 query=26 SQL: CALL sirius_set_query_label('q2_iter2')
[2026-09-07 12:51:10.621] [info] [sirius_context.cpp:329] QueryBegin: instance=0xe15cdd960390 connection=1 query=27 SQL: SET gpu_execution = true;
[2026-09-07 12:51:10.622] [info] [sirius_context.cpp:329] QueryBegin: instance=0xe15cdd960390 connection=1 query=28 SQL: select s.s_acctbal, s.s_name, n.n_name, p.p_partkey, p.p_mfgr, s.s_address, s.s_phone, s.s_comment from part p, supplier s, partsupp ps, nation n, region r where p.p_partkey = ps.ps_partkey and s.s_suppkey = ps.ps_suppkey and p.p_size = 41 and p.p_type like '%NICKEL' and s.s_nationkey = n.n_nationkey and n.n_regionkey = r.r_regionkey and r.r_name = 'EUROPE' and ps.ps_supplycost = ( select min(ps.ps_supplycost) from partsupp ps, supplier s, nation n, region r where p.p_partkey = ps.ps_partkey and s.s_suppkey = ps.ps_suppkey and s.s_nationkey = n.n_nationkey and n.n_regionkey = r.r_regionkey and r.r_name = 'EUROPE' ) order by s.s_acctbal desc, n.n_name, s.s_name, p.p_partkey limit 100
[2026-09-07 12:51:10.629] [info] [sirius_plan_comparison_join.cpp:646] [sirius_plan_comparison_join] Wired hash join with 1 dynamic-filter probe target(s) (1 scan-bound, 0 join-edge; evidence=filtered; build est 5 rows).
[2026-09-07 12:51:10.629] [info] [sirius_plan_comparison_join.cpp:646] [sirius_plan_comparison_join] Wired hash join with 1 dynamic-filter probe target(s) (1 scan-bound, 0 join-edge; evidence=filtered; build est 25 rows).
[2026-09-07 12:51:10.629] [info] [sirius_plan_comparison_join.cpp:646] [sirius_plan_comparison_join] Wired hash join with 1 dynamic-filter probe target(s) (1 scan-bound, 0 join-edge; evidence=filtered; build est 1000000 rows).
[2026-09-07 12:51:10.629] [info] [sirius_plan_comparison_join.cpp:646] [sirius_plan_comparison_join] Wired hash join with 1 dynamic-filter probe target(s) (1 scan-bound, 0 join-edge; evidence=filtered; build est 20000000 rows).
[2026-09-07 12:51:10.630] [info] [sirius_plan_comparison_join.cpp:646] [sirius_plan_comparison_join] Wired hash join with 1 dynamic-filter probe target(s) (1 scan-bound, 0 join-edge; evidence=opaque; build est 0 rows).
[2026-09-07 12:51:10.630] [info] [sirius_plan_comparison_join.cpp:646] [sirius_plan_comparison_join] Wired hash join with 1 dynamic-filter probe target(s) (1 scan-bound, 0 join-edge; evidence=filtered; build est 5 rows).
[2026-09-07 12:51:10.630] [info] [sirius_plan_comparison_join.cpp:646] [sirius_plan_comparison_join] Wired hash join with 1 dynamic-filter probe target(s) (1 scan-bound, 0 join-edge; evidence=filtered; build est 25 rows).
[2026-09-07 12:51:10.630] [info] [sirius_plan_comparison_join.cpp:646] [sirius_plan_comparison_join] Wired hash join with 1 dynamic-filter probe target(s) (1 scan-bound, 0 join-edge; evidence=filtered; build est 1000000 rows).
[2026-09-07 12:51:10.630] [info] [sirius_context.cpp:1467] Transparent execution: Sirius physical plan generated successfully
[2026-09-07 12:51:10.630] [info] [sirius_context.cpp:1495] Transparent execution: physical plan replaced with GPU operator
[2026-09-07 12:51:10.630] [info] [physical_sirius_execution.cpp:157] Transparent GPU execution: executing query
[2026-09-07 12:51:10.630] [info] [sirius_context.cpp:521] [window] begin instance=0xe15cdd960390 connection=1 window=12 query=28 outcome=-
[2026-09-07 12:51:10.630] [info] [sirius_context.cpp:256] [host_pool] HOST:0 QueryBegin instance=0xe15cdd960390 connection=1 window=12 query=28 allocated=17515413504 bytes peak=17582522368 bytes free_blocks=539
[2026-09-07 12:51:10.630] [info] [sirius_context.cpp:271] [gpu_pool] GPU:0 QueryBegin instance=0xe15cdd960390 connection=1 window=12 query=28 allocated=2098380800 bytes peak=9898440970 bytes reserved=0 bytes
[2026-09-07 12:51:10.630] [info] [sirius_context.cpp:389] QueryBegin: transparent_execution
[2026-09-07 12:51:10.632] [info] [sirius_plan_comparison_join.cpp:646] [sirius_plan_comparison_join] Wired hash join with 1 dynamic-filter probe target(s) (1 scan-bound, 0 join-edge; evidence=filtered; build est 5 rows).
[2026-09-07 12:51:10.632] [info] [sirius_plan_comparison_join.cpp:646] [sirius_plan_comparison_join] Wired hash join with 1 dynamic-filter probe target(s) (1 scan-bound, 0 join-edge; evidence=filtered; build est 25 rows).
[2026-09-07 12:51:10.632] [info] [sirius_plan_comparison_join.cpp:646] [sirius_plan_comparison_join] Wired hash join with 1 dynamic-filter probe target(s) (1 scan-bound, 0 join-edge; evidence=filtered; build est 1000000 rows).
[2026-09-07 12:51:10.632] [info] [sirius_plan_comparison_join.cpp:646] [sirius_plan_comparison_join] Wired hash join with 1 dynamic-filter probe target(s) (1 scan-bound, 0 join-edge; evidence=filtered; build est 20000000 rows).
[2026-09-07 12:51:10.632] [info] [sirius_plan_comparison_join.cpp:646] [sirius_plan_comparison_join] Wired hash join with 1 dynamic-filter probe target(s) (1 scan-bound, 0 join-edge; evidence=opaque; build est 0 rows).
[2026-09-07 12:51:10.632] [info] [sirius_plan_comparison_join.cpp:646] [sirius_plan_comparison_join] Wired hash join with 1 dynamic-filter probe target(s) (1 scan-bound, 0 join-edge; evidence=filtered; build est 5 rows).
[2026-09-07 12:51:10.632] [info] [sirius_plan_comparison_join.cpp:646] [sirius_plan_comparison_join] Wired hash join with 1 dynamic-filter probe target(s) (1 scan-bound, 0 join-edge; evidence=filtered; build est 25 rows).
[2026-09-07 12:51:10.632] [info] [sirius_plan_comparison_join.cpp:646] [sirius_plan_comparison_join] Wired hash join with 1 dynamic-filter probe target(s) (1 scan-bound, 0 join-edge; evidence=filtered; build est 1000000 rows).
[2026-09-07 12:51:10.632] [info] [sirius_engine.cpp:265] [gpu_alloc] query allocated 1 GPU(s): [0]
[2026-09-07 12:51:10.633] [info] [sirius_engine.cpp:318] Query Plan:
=== Pipeline Overview ===
Pipeline #0: GPU_SCAN (id=0)
  Output: -> PARTITION [port: default, barrier: FULL]
Pipeline #1: PARTITION (id=1)
  Input: <- Pipeline #0 [on: PARTITION (id=1), port: default, barrier: FULL]
  Dependencies: Pipeline #0
  Output: -> CONCAT [port: default, barrier: PARTIAL]
Pipeline #2: CONCAT (id=2)
  Input: <- Pipeline #1 [on: CONCAT (id=2), port: default, barrier: PARTIAL]
  Dependencies: Pipeline #1
  Output: -> HASH_JOIN [port: build, barrier: PARTIAL]
Pipeline #3: GPU_SCAN (id=3) -> DYNAMIC_FILTER (id=4)
  Output: -> PARTITION [port: default, barrier: PARTIAL]
Pipeline #4: PARTITION (id=5)
  Input: <- Pipeline #3 [on: PARTITION (id=5), port: default, barrier: PARTIAL]
  Dependencies: Pipeline #3
  Output: -> CONCAT [port: default, barrier: PARTIAL]
Pipeline #5: CONCAT (id=6)
  Input: <- Pipeline #4 [on: CONCAT (id=6), port: default, barrier: PARTIAL]
  Dependencies: Pipeline #4
  Output: -> HASH_JOIN [port: default, barrier: PARTIAL]
Pipeline #6: HASH_JOIN (id=7) -> PROJECTION (id=8)
  Input: <- Pipeline #2 [on: HASH_JOIN (id=7), port: build, barrier: PARTIAL]
  Input: <- Pipeline #5 [on: HASH_JOIN (id=7), port: default, barrier: PARTIAL]
  Dependencies: Pipeline #2, Pipeline #5
  Output: -> PARTITION [port: default, barrier: FULL]
Pipeline #7: PARTITION (id=9)
  Input: <- Pipeline #6 [on: PARTITION (id=9), port: default, barrier: FULL]
  Dependencies: Pipeline #6
  Output: -> CONCAT [port: default, barrier: PARTIAL]
Pipeline #8: CONCAT (id=10)
  Input: <- Pipeline #7 [on: CONCAT (id=10), port: default, barrier: PARTIAL]
  Dependencies: Pipeline #7
  Output: -> HASH_JOIN [port: build, barrier: PARTIAL]
Pipeline #9: GPU_SCAN (id=11) -> DYNAMIC_FILTER (id=12)
  Output: -> PARTITION [port: default, barrier: PARTIAL]
Pipeline #10: PARTITION (id=13)
  Input: <- Pipeline #9 [on: PARTITION (id=13), port: default, barrier: PARTIAL]
  Dependencies: Pipeline #9
  Output: -> CONCAT [port: default, barrier: PARTIAL]
Pipeline #11: CONCAT (id=14)
  Input: <- Pipeline #10 [on: CONCAT (id=14), port: default, barrier: PARTIAL]
  Dependencies: Pipeline #10
  Output: -> HASH_JOIN [port: default, barrier: PARTIAL]
Pipeline #12: HASH_JOIN (id=15)
  Input: <- Pipeline #8 [on: HASH_JOIN (id=15), port: build, barrier: PARTIAL]
  Input: <- Pipeline #11 [on: HASH_JOIN (id=15), port: default, barrier: PARTIAL]
  Dependencies: Pipeline #8, Pipeline #11
  Output: -> PARTITION [port: default, barrier: FULL]
Pipeline #13: PARTITION (id=16)
  Input: <- Pipeline #12 [on: PARTITION (id=16), port: default, barrier: FULL]
  Dependencies: Pipeline #12
  Output: -> CONCAT [port: default, barrier: PARTIAL]
Pipeline #14: CONCAT (id=17)
  Input: <- Pipeline #13 [on: CONCAT (id=17), port: default, barrier: PARTIAL]
  Dependencies: Pipeline #13
  Output: -> HASH_JOIN [port: build, barrier: PARTIAL]
Pipeline #15: GPU_SCAN (id=18)
  Output: -> PARTITION [port: default, barrier: FULL]
Pipeline #16: PARTITION (id=19)
  Input: <- Pipeline #15 [on: PARTITION (id=19), port: default, barrier: FULL]
  Dependencies: Pipeline #15
  Output: -> CONCAT [port: default, barrier: PARTIAL]
Pipeline #17: CONCAT (id=20)
  Input: <- Pipeline #16 [on: CONCAT (id=20), port: default, barrier: PARTIAL]
  Dependencies: Pipeline #16
  Output: -> HASH_JOIN [port: build, barrier: PARTIAL]
Pipeline #18: GPU_SCAN (id=21)
  Output: -> PARTITION [port: default, barrier: FULL]
Pipeline #19: PARTITION (id=22)
  Input: <- Pipeline #18 [on: PARTITION (id=22), port: default, barrier: FULL]
  Dependencies: Pipeline #18
  Output: -> CONCAT [port: default, barrier: PARTIAL]
Pipeline #20: CONCAT (id=23)
  Input: <- Pipeline #19 [on: CONCAT (id=23), port: default, barrier: PARTIAL]
  Dependencies: Pipeline #19
  Output: -> HASH_JOIN [port: build, barrier: PARTIAL]
Pipeline #21: GPU_SCAN (id=24) -> DYNAMIC_FILTER (id=25)
  Output: -> PARTITION [port: default, barrier: PARTIAL]
Pipeline #22: PARTITION (id=26)
  Input: <- Pipeline #21 [on: PARTITION (id=26), port: default, barrier: PARTIAL]
  Dependencies: Pipeline #21
  Output: -> CONCAT [port: default, barrier: PARTIAL]
Pipeline #23: CONCAT (id=27)
  Input: <- Pipeline #22 [on: CONCAT (id=27), port: default, barrier: PARTIAL]
  Dependencies: Pipeline #22
  Output: -> HASH_JOIN [port: default, barrier: PARTIAL]
Pipeline #24: HASH_JOIN (id=28) -> PROJECTION (id=29)
  Input: <- Pipeline #20 [on: HASH_JOIN (id=28), port: build, barrier: PARTIAL]
  Input: <- Pipeline #23 [on: HASH_JOIN (id=28), port: default, barrier: PARTIAL]
  Dependencies: Pipeline #20, Pipeline #23
  Output: -> PARTITION [port: default, barrier: FULL]
Pipeline #25: PARTITION (id=30)
  Input: <- Pipeline #24 [on: PARTITION (id=30), port: default, barrier: FULL]
  Dependencies: Pipeline #24
  Output: -> CONCAT [port: default, barrier: PARTIAL]
Pipeline #26: CONCAT (id=31)
  Input: <- Pipeline #25 [on: CONCAT (id=31), port: default, barrier: PARTIAL]
  Dependencies: Pipeline #25
  Output: -> HASH_JOIN [port: build, barrier: PARTIAL]
Pipeline #27: GPU_SCAN (id=32) -> DYNAMIC_FILTER (id=33)
  Output: -> PARTITION [port: default, barrier: PARTIAL]
Pipeline #28: PARTITION (id=34)
  Input: <- Pipeline #27 [on: PARTITION (id=34), port: default, barrier: PARTIAL]
  Dependencies: Pipeline #27
  Output: -> CONCAT [port: default, barrier: PARTIAL]
Pipeline #29: CONCAT (id=35)
  Input: <- Pipeline #28 [on: CONCAT (id=35), port: default, barrier: PARTIAL]
  Dependencies: Pipeline #28
  Output: -> HASH_JOIN [port: default, barrier: PARTIAL]
Pipeline #30: HASH_JOIN (id=36)
  Input: <- Pipeline #26 [on: HASH_JOIN (id=36), port: build, barrier: PARTIAL]
  Input: <- Pipeline #29 [on: HASH_JOIN (id=36), port: default, barrier: PARTIAL]
  Dependencies: Pipeline #26, Pipeline #29
  Output: -> PARTITION [port: default, barrier: FULL]
Pipeline #31: PARTITION (id=37)
  Input: <- Pipeline #30 [on: PARTITION (id=37), port: default, barrier: FULL]
  Dependencies: Pipeline #30
  Output: -> CONCAT [port: default, barrier: PARTIAL]
Pipeline #32: CONCAT (id=38)
  Input: <- Pipeline #31 [on: CONCAT (id=38), port: default, barrier: PARTIAL]
  Dependencies: Pipeline #31
  Output: -> HASH_JOIN [port: build, barrier: PARTIAL]
Pipeline #33: GPU_SCAN (id=39) -> DYNAMIC_FILTER (id=40)
  Output: -> PARTITION [port: default, barrier: PARTIAL]
Pipeline #34: PARTITION (id=41)
  Input: <- Pipeline #33 [on: PARTITION (id=41), port: default, barrier: PARTIAL]
  Dependencies: Pipeline #33
  Output: -> CONCAT [port: default, barrier: PARTIAL]
Pipeline #35: CONCAT (id=42)
  Input: <- Pipeline #34 [on: CONCAT (id=42), port: default, barrier: PARTIAL]
  Dependencies: Pipeline #34
  Output: -> HASH_JOIN [port: default, barrier: PARTIAL]
Pipeline #36: HASH_JOIN (id=43)
  Input: <- Pipeline #32 [on: HASH_JOIN (id=43), port: build, barrier: PARTIAL]
  Input: <- Pipeline #35 [on: HASH_JOIN (id=43), port: default, barrier: PARTIAL]
  Dependencies: Pipeline #32, Pipeline #35
  Output: -> PARTITION [port: default, barrier: PARTIAL]
Pipeline #37: PARTITION (id=44)
  Input: <- Pipeline #36 [on: PARTITION (id=44), port: default, barrier: PARTIAL]
  Dependencies: Pipeline #36
  Output: -> CONCAT [port: default, barrier: PARTIAL]
Pipeline #38: CONCAT (id=45)
  Input: <- Pipeline #37 [on: CONCAT (id=45), port: default, barrier: PARTIAL]
  Dependencies: Pipeline #37
  Output: -> HASH_JOIN [port: default, barrier: PARTIAL]
Pipeline #39: HASH_JOIN (id=46) -> PROJECTION (id=47) -> LEFT_DELIM_JOIN (id=48)
  Input: <- Pipeline #17 [on: HASH_JOIN (id=46), port: build, barrier: PARTIAL]
  Input: <- Pipeline #38 [on: HASH_JOIN (id=46), port: default, barrier: PARTIAL]
  Dependencies: Pipeline #17, Pipeline #38
  Output: -> COLUMN_DATA_SCAN [port: default, barrier: FULL]
  Output: -> HASH_GROUP_BY [port: default, barrier: FULL]
Pipeline #40: HASH_GROUP_BY (id=49)
  Input: <- Pipeline #39 [on: HASH_GROUP_BY (id=49), port: default, barrier: FULL]
  Dependencies: Pipeline #39
  Output: -> PARTITION [port: default, barrier: FULL]
Pipeline #41: PARTITION (id=50)
  Input: <- Pipeline #40 [on: PARTITION (id=50), port: default, barrier: FULL]
  Dependencies: Pipeline #40
  Output: -> MERGE_GROUP_BY [port: default, barrier: FULL]
Pipeline #42: MERGE_GROUP_BY (id=51)
  Input: <- Pipeline #41 [on: MERGE_GROUP_BY (id=51), port: default, barrier: FULL]
  Dependencies: Pipeline #41
  Output: -> PARTITION [port: default, barrier: FULL]
Pipeline #43: PARTITION (id=52)
  Input: <- Pipeline #42 [on: PARTITION (id=52), port: default, barrier: FULL]
  Dependencies: Pipeline #42
  Output: -> CONCAT [port: default, barrier: PARTIAL]
Pipeline #44: CONCAT (id=53)
  Input: <- Pipeline #43 [on: CONCAT (id=53), port: default, barrier: PARTIAL]
  Dependencies: Pipeline #43
  Output: -> HASH_JOIN [port: build, barrier: PARTIAL]
Pipeline #45: GPU_SCAN (id=54) -> DYNAMIC_FILTER (id=55)
  Output: -> PARTITION [port: default, barrier: PARTIAL]
Pipeline #46: PARTITION (id=56)
  Input: <- Pipeline #45 [on: PARTITION (id=56), port: default, barrier: PARTIAL]
  Dependencies: Pipeline #45
  Output: -> CONCAT [port: default, barrier: PARTIAL]
Pipeline #47: CONCAT (id=57)
  Input: <- Pipeline #46 [on: CONCAT (id=57), port: default, barrier: PARTIAL]
  Dependencies: Pipeline #46
  Output: -> HASH_JOIN [port: default, barrier: PARTIAL]
Pipeline #48: HASH_JOIN (id=58)
  Input: <- Pipeline #44 [on: HASH_JOIN (id=58), port: build, barrier: PARTIAL]
  Input: <- Pipeline #47 [on: HASH_JOIN (id=58), port: default, barrier: PARTIAL]
  Dependencies: Pipeline #44, Pipeline #47
  Output: -> PARTITION [port: default, barrier: PARTIAL]
Pipeline #49: PARTITION (id=59)
  Input: <- Pipeline #48 [on: PARTITION (id=59), port: default, barrier: PARTIAL]
  Dependencies: Pipeline #48
  Output: -> CONCAT [port: default, barrier: PARTIAL]
Pipeline #50: CONCAT (id=60)
  Input: <- Pipeline #49 [on: CONCAT (id=60), port: default, barrier: PARTIAL]
  Dependencies: Pipeline #49
  Output: -> HASH_JOIN [port: default, barrier: PARTIAL]
Pipeline #51: HASH_JOIN (id=61) -> PROJECTION (id=62) -> PROJECTION (id=63) -> HASH_GROUP_BY (id=64)
  Input: <- Pipeline #50 [on: HASH_JOIN (id=61), port: default, barrier: PARTIAL]
  Input: <- Pipeline #14 [on: HASH_JOIN (id=61), port: build, barrier: PARTIAL]
  Dependencies: Pipeline #14, Pipeline #50
  Output: -> PARTITION [port: default, barrier: FULL]
Pipeline #52: PARTITION (id=65)
  Input: <- Pipeline #51 [on: PARTITION (id=65), port: default, barrier: FULL]
  Dependencies: Pipeline #51
  Output: -> MERGE_GROUP_BY [port: default, barrier: FULL]
Pipeline #53: MERGE_GROUP_BY (id=66) -> PROJECTION (id=67)
  Input: <- Pipeline #52 [on: MERGE_GROUP_BY (id=66), port: default, barrier: FULL]
  Dependencies: Pipeline #52
  Output: -> PARTITION [port: default, barrier: FULL]
Pipeline #54: PARTITION (id=68)
  Input: <- Pipeline #53 [on: PARTITION (id=68), port: default, barrier: FULL]
  Dependencies: Pipeline #53
  Output: -> CONCAT [port: default, barrier: PARTIAL]
Pipeline #55: CONCAT (id=69)
  Input: <- Pipeline #54 [on: CONCAT (id=69), port: default, barrier: PARTIAL]
  Dependencies: Pipeline #54
  Output: -> HASH_JOIN [port: build, barrier: PARTIAL]
Pipeline #56: COLUMN_DATA_SCAN (id=70)
  Input: <- Pipeline #39 [on: COLUMN_DATA_SCAN (id=70), port: default, barrier: FULL]
  Dependencies: Pipeline #39
  Output: -> PARTITION [port: default, barrier: PARTIAL]
Pipeline #57: PARTITION (id=71)
  Input: <- Pipeline #56 [on: PARTITION (id=71), port: default, barrier: PARTIAL]
  Dependencies: Pipeline #56
  Output: -> CONCAT [port: default, barrier: PARTIAL]
Pipeline #58: CONCAT (id=72)
  Input: <- Pipeline #57 [on: CONCAT (id=72), port: default, barrier: PARTIAL]
  Dependencies: Pipeline #57
  Output: -> HASH_JOIN [port: default, barrier: PARTIAL]
Pipeline #59: HASH_JOIN (id=73) -> FILTER (id=74) -> PROJECTION (id=75) -> TOP_N (id=76)
  Input: <- Pipeline #55 [on: HASH_JOIN (id=73), port: build, barrier: PARTIAL]
  Input: <- Pipeline #58 [on: HASH_JOIN (id=73), port: default, barrier: PARTIAL]
  Dependencies: Pipeline #55, Pipeline #58
  Output: -> MERGE_TOP_N [port: default, barrier: FULL]
Pipeline #60: MERGE_TOP_N (id=77) -> RESULT_COLLECTOR (id=78)
  Input: <- Pipeline #59 [on: MERGE_TOP_N (id=77), port: default, barrier: FULL]
  Dependencies: Pipeline #59

=== Query Plan DAG ===
┌──────────────────────────┐                                                                                                                                                                                                                                                            
│ Pipeline #60             │                                                                                                                                                                                                                                                            
│ RESULT_COLLECTOR (id=78) │                                                                                                                                                                                                                                                            
│ MERGE_TOP_N (id=77)      │                                                                                                                                                                                                                                                            
│ Input(#59): FULL         │                                                                                                                                                                                                                                                            
└────────────┬─────────────┘                                                                                                                                                                                                                                                            
             │                                                                                                                                                                                                                                                                          
┌──────────────────────────┐                                                                                                                                                                                                                                                            
│ Pipeline #59             │                                                                                                                                                                                                                                                            
│ TOP_N (id=76)            │                                                                                                                                                                                                                                                            
│ PROJECTION (id=75)       │                                                                                                                                                                                                                                                            
│ FILTER (id=74)           │                                                                                                                                                                                                                                                            
│ HASH_JOIN (id=73)        │                                                                                                                                                                                                                                                            
│   type: LEFT             │                                                                                                                                                                                                                                                            
│ Input(#55): PARTIAL      │                                                                                                                                                                                                                                                            
│ Input(#58): PARTIAL      │                                                                                                                                                                                                                                                            
└────────────┬─────────────┘                                                                                                                                                                                                                                                            
             ┌───────────────────────────────────────────────────────────────────────────────────────────────────────────────────────────────────────────────────────────────────────────────────────────────────────────────────────────────────────────────────────────┐              
             │                                                                                                                                                                                                                                                           │              
┌──────────────────────────┐                                                                                                                                                                                                                                ┌──────────────────────────┐
│ Pipeline #55             │                                                                                                                                                                                                                                │ Pipeline #58             │
│ CONCAT (id=69)           │                                                                                                                                                                                                                                │ CONCAT (id=72)           │
│ Input(#54): PARTIAL      │                                                                                                                                                                                                                                │ Input(#57): PARTIAL      │
└────────────┬─────────────┘                                                                                                                                                                                                                                └────────────┬─────────────┘
             │                                                                                                                                                                                                                                                           │              
┌──────────────────────────┐                                                                                                                                                                                                                                ┌──────────────────────────┐
│ Pipeline #54             │                                                                                                                                                                                                                                │ Pipeline #57             │
│ PARTITION (id=68)        │                                                                                                                                                                                                                                │ PARTITION (id=71)        │
│ Input(#53): FULL         │                                                                                                                                                                                                                                │ Input(#56): PARTIAL      │
└────────────┬─────────────┘                                                                                                                                                                                                                                └────────────┬─────────────┘
             │                                                                                                                                                                                                                                                           │              
┌──────────────────────────┐                                                                                                                                                                                                                                ┌──────────────────────────┐
│ Pipeline #53             │                                                                                                                                                                                                                                │ Pipeline #56             │
│ PROJECTION (id=67)       │                                                                                                                                                                                                                                │ COLUMN_DATA_SCAN (id=70) │
│ MERGE_GROUP_BY (id=66)   │                                                                                                                                                                                                                                │ Input(#39): FULL         │
│ Input(#52): FULL         │                                                                                                                                                                                                                                │                          │
└────────────┬─────────────┘                                                                                                                                                                                                                                └────────────┬─────────────┘
             │                                                                                                                                                                                                                                                           │              
┌──────────────────────────┐                                                                                                                                                                                                                                ┌──────────────────────────┐
│ Pipeline #52             │                                                                                                                                                                                                                                │ (-> Pipeline #39)        │
│ PARTITION (id=65)        │                                                                                                                                                                                                                                │                          │
│ Input(#51): FULL         │                                                                                                                                                                                                                                │                          │
└────────────┬─────────────┘                                                                                                                                                                                                                                └────────────┬─────────────┘
             │                                                                                                                                                                                                                                                                          
┌──────────────────────────┐                                                                                                                                                                                                                                                            
│ Pipeline #51             │                                                                                                                                                                                                                                                            
│ HASH_GROUP_BY (id=64)    │                                                                                                                                                                                                                                                            
│ PROJECTION (id=63)       │                                                                                                                                                                                                                                                            
│ PROJECTION (id=62)       │                                                                                                                                                                                                                                                            
│ HASH_JOIN (id=61)        │                                                                                                                                                                                                                                                            
│   type: INNER            │                                                                                                                                                                                                                                                            
│ Input(#50): PARTIAL      │                                                                                                                                                                                                                                                            
│ Input(#14): PARTIAL      │                                                                                                                                                                                                                                                            
└────────────┬─────────────┘                                                                                                                                                                                                                                                            
             ┌───────────────────────────────────────────────────────────────────────────────────┐                                                                                                                                                                                      
             │                                                                                   │                                                                                                                                                                                      
┌──────────────────────────┐                                                        ┌──────────────────────────┐                                                                                                                                                                        
│ Pipeline #14             │                                                        │ Pipeline #50             │                                                                                                                                                                        
│ CONCAT (id=17)           │                                                        │ CONCAT (id=60)           │                                                                                                                                                                        
│ Input(#13): PARTIAL      │                                                        │ Input(#49): PARTIAL      │                                                                                                                                                                        
└────────────┬─────────────┘                                                        └────────────┬─────────────┘                                                                                                                                                                        
             │                                                                                   │                                                                                                                                                                                      
┌──────────────────────────┐                                                        ┌──────────────────────────┐                                                                                                                                                                        
│ Pipeline #13             │                                                        │ Pipeline #49             │                                                                                                                                                                        
│ PARTITION (id=16)        │                                                        │ PARTITION (id=59)        │                                                                                                                                                                        
│ Input(#12): FULL         │                                                        │ Input(#48): PARTIAL      │                                                                                                                                                                        
└────────────┬─────────────┘                                                        └────────────┬─────────────┘                                                                                                                                                                        
             │                                                                                   │                                                                                                                                                                                      
┌──────────────────────────┐                                                        ┌──────────────────────────┐                                                                                                                                                                        
│ Pipeline #12             │                                                        │ Pipeline #48             │                                                                                                                                                                        
│ HASH_JOIN (id=15)        │                                                        │ HASH_JOIN (id=58)        │                                                                                                                                                                        
│   type: INNER            │                                                        │   type: INNER            │                                                                                                                                                                        
│ Input(#8): PARTIAL       │                                                        │ Input(#44): PARTIAL      │                                                                                                                                                                        
│ Input(#11): PARTIAL      │                                                        │ Input(#47): PARTIAL      │                                                                                                                                                                        
└────────────┬─────────────┘                                                        └────────────┬─────────────┘                                                                                                                                                                        
             ┌───────────────────────────────────────────────────────┐                           ┌───────────────────────────────────────────────────────────────────────────────────────────────────────────────────────────────────────────┐                                          
             │                                                       │                           │                                                                                                                                           │                                          
┌──────────────────────────┐                            ┌──────────────────────────┐┌──────────────────────────┐                                                                                                                ┌──────────────────────────┐                            
│ Pipeline #8              │                            │ Pipeline #11             ││ Pipeline #44             │                                                                                                                │ Pipeline #47             │                            
│ CONCAT (id=10)           │                            │ CONCAT (id=14)           ││ CONCAT (id=53)           │                                                                                                                │ CONCAT (id=57)           │                            
│ Input(#7): PARTIAL       │                            │ Input(#10): PARTIAL      ││ Input(#43): PARTIAL      │                                                                                                                │ Input(#46): PARTIAL      │                            
└────────────┬─────────────┘                            └────────────┬─────────────┘└────────────┬─────────────┘                                                                                                                └────────────┬─────────────┘                            
             │                                                       │                           │                                                                                                                                           │                                          
┌──────────────────────────┐                            ┌──────────────────────────┐┌──────────────────────────┐                                                                                                                ┌──────────────────────────┐                            
│ Pipeline #7              │                            │ Pipeline #10             ││ Pipeline #43             │                                                                                                                │ Pipeline #46             │                            
│ PARTITION (id=9)         │                            │ PARTITION (id=13)        ││ PARTITION (id=52)        │                                                                                                                │ PARTITION (id=56)        │                            
│ Input(#6): FULL          │                            │ Input(#9): PARTIAL       ││ Input(#42): FULL         │                                                                                                                │ Input(#45): PARTIAL      │                            
└────────────┬─────────────┘                            └────────────┬─────────────┘└────────────┬─────────────┘                                                                                                                └────────────┬─────────────┘                            
             │                                                       │                           │                                                                                                                                           │                                          
┌──────────────────────────┐                            ┌──────────────────────────┐┌──────────────────────────┐                                                                                                                ┌──────────────────────────┐                            
│ Pipeline #6              │                            │ Pipeline #9              ││ Pipeline #42             │                                                                                                                │ Pipeline #45             │                            
│ PROJECTION (id=8)        │                            │ DYNAMIC_FILTER (id=12)   ││ MERGE_GROUP_BY (id=51)   │                                                                                                                │ DYNAMIC_FILTER (id=55)   │                            
│ HASH_JOIN (id=7)         │                            │ GPU_SCAN (id=11)         ││ Input(#41): FULL         │                                                                                                                │ GPU_SCAN (id=54)         │                            
│   type: INNER            │                            │                          ││                          │                                                                                                                │                          │                            
│ Input(#2): PARTIAL       │                            │                          ││                          │                                                                                                                │                          │                            
│ Input(#5): PARTIAL       │                            │                          ││                          │                                                                                                                │                          │                            
└────────────┬─────────────┘                            └──────────────────────────┘└────────────┬─────────────┘                                                                                                                └──────────────────────────┘                            
             ┌───────────────────────────┐                                                       │                                                                                                                                                                                      
             │                           │                                                       │                                                                                                                                                                                      
┌──────────────────────────┐┌──────────────────────────┐                            ┌──────────────────────────┐                                                                                                                                                                        
│ Pipeline #2              ││ Pipeline #5              │                            │ Pipeline #41             │                                                                                                                                                                        
│ CONCAT (id=2)            ││ CONCAT (id=6)            │                            │ PARTITION (id=50)        │                                                                                                                                                                        
│ Input(#1): PARTIAL       ││ Input(#4): PARTIAL       │                            │ Input(#40): FULL         │                                                                                                                                                                        
└────────────┬─────────────┘└────────────┬─────────────┘                            └────────────┬─────────────┘                                                                                                                                                                        
             │                           │                                                       │                                                                                                                                                                                      
┌──────────────────────────┐┌──────────────────────────┐                            ┌──────────────────────────┐                                                                                                                                                                        
│ Pipeline #1              ││ Pipeline #4              │                            │ Pipeline #40             │                                                                                                                                                                        
│ PARTITION (id=1)         ││ PARTITION (id=5)         │                            │ HASH_GROUP_BY (id=49)    │                                                                                                                                                                        
│ Input(#0): FULL          ││ Input(#3): PARTIAL       │                            │ Input(#39): FULL         │                                                                                                                                                                        
└────────────┬─────────────┘└────────────┬─────────────┘                            └────────────┬─────────────┘                                                                                                                                                                        
             │                           │                                                       │                                                                                                                                                                                      
┌──────────────────────────┐┌──────────────────────────┐                            ┌──────────────────────────┐                                                                                                                                                                        
│ Pipeline #0              ││ Pipeline #3              │                            │ Pipeline #39             │                                                                                                                                                                        
│ GPU_SCAN (id=0)          ││ DYNAMIC_FILTER (id=4)    │                            │ LEFT_DELIM_JOIN (id=48)  │                                                                                                                                                                        
│                          ││ GPU_SCAN (id=3)          │                            │ PROJECTION (id=47)       │                                                                                                                                                                        
│                          ││                          │                            │ HASH_JOIN (id=46)        │                                                                                                                                                                        
│                          ││                          │                            │   type: INNER            │                                                                                                                                                                        
│                          ││                          │                            │ Input(#17): PARTIAL      │                                                                                                                                                                        
│                          ││                          │                            │ Input(#38): PARTIAL      │                                                                                                                                                                        
└──────────────────────────┘└──────────────────────────┘                            └────────────┬─────────────┘                                                                                                                                                                        
                                                                                                 ┌───────────────────────────┐                                                                                                                                                          
                                                                                                 │                           │                                                                                                                                                          
                                                                                    ┌──────────────────────────┐┌──────────────────────────┐                                                                                                                                            
                                                                                    │ Pipeline #17             ││ Pipeline #38             │                                                                                                                                            
                                                                                    │ CONCAT (id=20)           ││ CONCAT (id=45)           │                                                                                                                                            
                                                                                    │ Input(#16): PARTIAL      ││ Input(#37): PARTIAL      │                                                                                                                                            
                                                                                    └────────────┬─────────────┘└────────────┬─────────────┘                                                                                                                                            
                                                                                                 │                           │                                                                                                                                                          
                                                                                    ┌──────────────────────────┐┌──────────────────────────┐                                                                                                                                            
                                                                                    │ Pipeline #16             ││ Pipeline #37             │                                                                                                                                            
                                                                                    │ PARTITION (id=19)        ││ PARTITION (id=44)        │                                                                                                                                            
                                                                                    │ Input(#15): FULL         ││ Input(#36): PARTIAL      │                                                                                                                                            
                                                                                    └────────────┬─────────────┘└────────────┬─────────────┘                                                                                                                                            
                                                                                                 │                           │                                                                                                                                                          
                                                                                    ┌──────────────────────────┐┌──────────────────────────┐                                                                                                                                            
                                                                                    │ Pipeline #15             ││ Pipeline #36             │                                                                                                                                            
                                                                                    │ GPU_SCAN (id=18)         ││ HASH_JOIN (id=43)        │                                                                                                                                            
                                                                                    │                          ││   type: INNER            │                                                                                                                                            
                                                                                    │                          ││ Input(#32): PARTIAL      │                                                                                                                                            
                                                                                    │                          ││ Input(#35): PARTIAL      │                                                                                                                                            
                                                                                    └──────────────────────────┘└────────────┬─────────────┘                                                                                                                                            
                                                                                                                             ┌───────────────────────────────────────────────────────────────────────────────────┐                                                                      
                                                                                                                             │                                                                                   │                                                                      
                                                                                                                ┌──────────────────────────┐                                                        ┌──────────────────────────┐                                                        
                                                                                                                │ Pipeline #32             │                                                        │ Pipeline #35             │                                                        
                                                                                                                │ CONCAT (id=38)           │                                                        │ CONCAT (id=42)           │                                                        
                                                                                                                │ Input(#31): PARTIAL      │                                                        │ Input(#34): PARTIAL      │                                                        
                                                                                                                └────────────┬─────────────┘                                                        └────────────┬─────────────┘                                                        
                                                                                                                             │                                                                                   │                                                                      
                                                                                                                ┌──────────────────────────┐                                                        ┌──────────────────────────┐                                                        
                                                                                                                │ Pipeline #31             │                                                        │ Pipeline #34             │                                                        
                                                                                                                │ PARTITION (id=37)        │                                                        │ PARTITION (id=41)        │                                                        
                                                                                                                │ Input(#30): FULL         │                                                        │ Input(#33): PARTIAL      │                                                        
                                                                                                                └────────────┬─────────────┘                                                        └────────────┬─────────────┘                                                        
                                                                                                                             │                                                                                   │                                                                      
                                                                                                                ┌──────────────────────────┐                                                        ┌──────────────────────────┐                                                        
                                                                                                                │ Pipeline #30             │                                                        │ Pipeline #33             │                                                        
                                                                                                                │ HASH_JOIN (id=36)        │                                                        │ DYNAMIC_FILTER (id=40)   │                                                        
                                                                                                                │   type: INNER            │                                                        │ GPU_SCAN (id=39)         │                                                        
                                                                                                                │ Input(#26): PARTIAL      │                                                        │                          │                                                        
                                                                                                                │ Input(#29): PARTIAL      │                                                        │                          │                                                        
                                                                                                                └────────────┬─────────────┘                                                        └──────────────────────────┘                                                        
                                                                                                                             ┌───────────────────────────────────────────────────────┐                                                                                                  
                                                                                                                             │                                                       │                                                                                                  
                                                                                                                ┌──────────────────────────┐                            ┌──────────────────────────┐                                                                                    
                                                                                                                │ Pipeline #26             │                            │ Pipeline #29             │                                                                                    
                                                                                                                │ CONCAT (id=31)           │                            │ CONCAT (id=35)           │                                                                                    
                                                                                                                │ Input(#25): PARTIAL      │                            │ Input(#28): PARTIAL      │                                                                                    
                                                                                                                └────────────┬─────────────┘                            └────────────┬─────────────┘                                                                                    
                                                                                                                             │                                                       │                                                                                                  
                                                                                                                ┌──────────────────────────┐                            ┌──────────────────────────┐                                                                                    
                                                                                                                │ Pipeline #25             │                            │ Pipeline #28             │                                                                                    
                                                                                                                │ PARTITION (id=30)        │                            │ PARTITION (id=34)        │                                                                                    
                                                                                                                │ Input(#24): FULL         │                            │ Input(#27): PARTIAL      │                                                                                    
                                                                                                                └────────────┬─────────────┘                            └────────────┬─────────────┘                                                                                    
                                                                                                                             │                                                       │                                                                                                  
                                                                                                                ┌──────────────────────────┐                            ┌──────────────────────────┐                                                                                    
                                                                                                                │ Pipeline #24             │                            │ Pipeline #27             │                                                                                    
                                                                                                                │ PROJECTION (id=29)       │                            │ DYNAMIC_FILTER (id=33)   │                                                                                    
                                                                                                                │ HASH_JOIN (id=28)        │                            │ GPU_SCAN (id=32)         │                                                                                    
                                                                                                                │   type: INNER            │                            │                          │                                                                                    
                                                                                                                │ Input(#20): PARTIAL      │                            │                          │                                                                                    
                                                                                                                │ Input(#23): PARTIAL      │                            │                          │                                                                                    
                                                                                                                └────────────┬─────────────┘                            └──────────────────────────┘                                                                                    
                                                                                                                             ┌───────────────────────────┐                                                                                                                              
                                                                                                                             │                           │                                                                                                                              
                                                                                                                ┌──────────────────────────┐┌──────────────────────────┐                                                                                                                
                                                                                                                │ Pipeline #20             ││ Pipeline #23             │                                                                                                                
                                                                                                                │ CONCAT (id=23)           ││ CONCAT (id=27)           │                                                                                                                
                                                                                                                │ Input(#19): PARTIAL      ││ Input(#22): PARTIAL      │                                                                                                                
                                                                                                                └────────────┬─────────────┘└────────────┬─────────────┘                                                                                                                
                                                                                                                             │                           │                                                                                                                              
                                                                                                                ┌──────────────────────────┐┌──────────────────────────┐                                                                                                                
                                                                                                                │ Pipeline #19             ││ Pipeline #22             │                                                                                                                
                                                                                                                │ PARTITION (id=22)        ││ PARTITION (id=26)        │                                                                                                                
                                                                                                                │ Input(#18): FULL         ││ Input(#21): PARTIAL      │                                                                                                                
                                                                                                                └────────────┬─────────────┘└────────────┬─────────────┘                                                                                                                
                                                                                                                             │                           │                                                                                                                              
                                                                                                                ┌──────────────────────────┐┌──────────────────────────┐                                                                                                                
                                                                                                                │ Pipeline #18             ││ Pipeline #21             │                                                                                                                
                                                                                                                │ GPU_SCAN (id=21)         ││ DYNAMIC_FILTER (id=25)   │                                                                                                                
                                                                                                                │                          ││ GPU_SCAN (id=24)         │                                                                                                                
                                                                                                                └──────────────────────────┘└──────────────────────────┘                                                                                                                

[2026-09-07 12:51:10.633] [info] [sirius_engine.cpp:186] query 12 telemetry_query=01a07d6cb2287fb1ac6da057a0098b49
[2026-09-07 12:51:10.633] [info] [sirius_scan_manager.cpp:2999] [sirius_scan_manager] assigned pinned entry 'region' to operator '0'
[2026-09-07 12:51:10.633] [info] [sirius_scan_manager.cpp:2999] [sirius_scan_manager] assigned pinned entry 'nation' to operator '3'
[2026-09-07 12:51:10.633] [info] [sirius_scan_manager.cpp:2999] [sirius_scan_manager] assigned pinned entry 'supplier' to operator '11'
[2026-09-07 12:51:10.633] [info] [sirius_scan_manager.cpp:2999] [sirius_scan_manager] assigned pinned entry 'part' to operator '18'
[2026-09-07 12:51:10.633] [info] [sirius_scan_manager.cpp:2999] [sirius_scan_manager] assigned pinned entry 'region' to operator '21'
[2026-09-07 12:51:10.633] [info] [sirius_scan_manager.cpp:2999] [sirius_scan_manager] assigned pinned entry 'nation' to operator '24'
[2026-09-07 12:51:10.633] [info] [sirius_scan_manager.cpp:2999] [sirius_scan_manager] assigned pinned entry 'supplier' to operator '32'
[2026-09-07 12:51:10.633] [info] [sirius_scan_manager.cpp:2999] [sirius_scan_manager] assigned pinned entry 'partsupp' to operator '39'
[2026-09-07 12:51:10.633] [info] [sirius_scan_manager.cpp:2999] [sirius_scan_manager] assigned pinned entry 'partsupp' to operator '54'
[2026-09-07 12:51:10.633] [info] [sirius_scan_manager.cpp:897] [late-mat] operator 0: 1 column(s) withheld — a partition hashes them
[2026-09-07 12:51:10.633] [info] [sirius_scan_manager.cpp:897] [late-mat] operator 3: 2 column(s) withheld — a partition hashes them
[2026-09-07 12:51:10.633] [info] [sirius_scan_manager.cpp:897] [late-mat] operator 11: 2 column(s) withheld — a partition hashes them
[2026-09-07 12:51:10.633] [info] [sirius_scan_manager.cpp:897] [late-mat] operator 18: 1 column(s) withheld — a partition hashes them
[2026-09-07 12:51:10.633] [info] [sirius_scan_manager.cpp:897] [late-mat] operator 21: 1 column(s) withheld — a partition hashes them
[2026-09-07 12:51:10.633] [info] [sirius_scan_manager.cpp:897] [late-mat] operator 24: 2 column(s) withheld — a partition hashes them
[2026-09-07 12:51:10.633] [info] [sirius_scan_manager.cpp:897] [late-mat] operator 32: 2 column(s) withheld — a partition hashes them
[2026-09-07 12:51:10.633] [info] [sirius_scan_manager.cpp:897] [late-mat] operator 39: 2 column(s) withheld — a partition hashes them
[2026-09-07 12:51:10.633] [info] [sirius_scan_manager.cpp:884] [late-mat] operator 54: slot0 — deferred value below the floor (0 B/row over 6 boundaries)
[2026-09-07 12:51:10.633] [info] [sirius_scan_manager.cpp:897] [late-mat] operator 54: 2 column(s) withheld — a partition hashes them
[2026-09-07 12:51:10.634] [info] [memory_prefetcher.cpp:59] [memory_prefetcher] started: 3 threads, 9 connectors, min_free_fraction=0.40
[2026-09-07 12:51:10.634] [info] [dynamic_filter_publisher.cpp:297] [sirius_physical_hash_join] Pushed 1 dynamic filter(s) across 1 active target(s) of 1 wired target(s) (1 build rows, 1 bound keys of 1 admitted).
[2026-09-07 12:51:10.635] [warning] [sirius_physical_partition.cpp:375] slot_for_device: device_id 0 not found in active GPU list, falling back to slot 0
[2026-09-07 12:51:10.635] [info] [dynamic_filter_publisher.cpp:297] [sirius_physical_hash_join] Pushed 1 dynamic filter(s) across 1 active target(s) of 1 wired target(s) (5 build rows, 1 bound keys of 1 admitted).
[2026-09-07 12:51:10.635] [warning] [sirius_physical_partition.cpp:375] slot_for_device: device_id 0 not found in active GPU list, falling back to slot 0
[2026-09-07 12:51:10.636] [info] [dynamic_filter_publisher.cpp:297] [sirius_physical_hash_join] Pushed 1 dynamic filter(s) across 1 active target(s) of 1 wired target(s) (200535 build rows, 1 bound keys of 1 admitted).
[2026-09-07 12:51:10.638] [info] [dynamic_filter_publisher.cpp:297] [sirius_physical_hash_join] Pushed 1 dynamic filter(s) across 1 active target(s) of 1 wired target(s) (80157 build rows, 1 bound keys of 1 admitted).
[2026-09-07 12:51:10.638] [info] [dynamic_filter_publisher.cpp:297] [sirius_physical_hash_join] Pushed 1 dynamic filter(s) across 1 active target(s) of 1 wired target(s) (1 build rows, 1 bound keys of 1 admitted).
[2026-09-07 12:51:10.639] [warning] [sirius_physical_partition.cpp:375] slot_for_device: device_id 0 not found in active GPU list, falling back to slot 0
[2026-09-07 12:51:10.639] [info] [dynamic_filter_publisher.cpp:297] [sirius_physical_hash_join] Pushed 1 dynamic filter(s) across 1 active target(s) of 1 wired target(s) (5 build rows, 1 bound keys of 1 admitted).
[2026-09-07 12:51:10.640] [warning] [sirius_physical_partition.cpp:375] slot_for_device: device_id 0 not found in active GPU list, falling back to slot 0
[2026-09-07 12:51:10.642] [info] [dynamic_filter_publisher.cpp:297] [sirius_physical_hash_join] Pushed 1 dynamic filter(s) across 1 active target(s) of 1 wired target(s) (200535 build rows, 1 bound keys of 1 admitted).
[2026-09-07 12:51:10.643] [warning] [sirius_physical_partition.cpp:375] slot_for_device: device_id 0 not found in active GPU list, falling back to slot 0
[2026-09-07 12:51:10.643] [warning] [sirius_physical_partition.cpp:375] slot_for_device: device_id 0 not found in active GPU list, falling back to slot 0
[2026-09-07 12:51:10.643] [warning] [sirius_physical_partition.cpp:375] slot_for_device: device_id 0 not found in active GPU list, falling back to slot 0
[2026-09-07 12:51:10.645] [warning] [sirius_physical_partition.cpp:375] slot_for_device: device_id 0 not found in active GPU list, falling back to slot 0
[2026-09-07 12:51:10.646] [info] [dynamic_filter_publisher.cpp:297] [sirius_physical_hash_join] Pushed 1 dynamic filter(s) across 1 active target(s) of 1 wired target(s) (47481 build rows, 1 bound keys of 1 admitted).
[2026-09-07 12:51:10.647] [warning] [sirius_physical_partition.cpp:375] slot_for_device: device_id 0 not found in active GPU list, falling back to slot 0
[2026-09-07 12:51:10.647] [warning] [sirius_physical_partition.cpp:375] slot_for_device: device_id 0 not found in active GPU list, falling back to slot 0
[2026-09-07 12:51:10.648] [warning] [sirius_physical_partition.cpp:375] slot_for_device: device_id 0 not found in active GPU list, falling back to slot 0
[2026-09-07 12:51:10.648] [warning] [sirius_physical_partition.cpp:375] slot_for_device: device_id 0 not found in active GPU list, falling back to slot 0
[2026-09-07 12:51:10.649] [warning] [sirius_physical_partition.cpp:375] slot_for_device: device_id 0 not found in active GPU list, falling back to slot 0
[2026-09-07 12:51:10.655] [info] [gpu_pipeline_executor.cpp:129] GPU Pipeline Executor: task queue interrupted, stopping manager loop
[2026-09-07 12:51:10.655] [info] [sirius_context.cpp:405] QueryEnd
[2026-09-07 12:51:10.655] [info] [memory_prefetcher.cpp:72] [memory_prefetcher] stopping: prefetched 0 batches / 0 bytes (stops: headroom=0 reservation=0, skips: lock=0 draining=144, errors=0)
[2026-09-07 12:51:10.655] [info] [sirius_context.cpp:256] [host_pool] HOST:0 QueryEnd instance=0xe15cdd960390 connection=1 window=12 query=28 allocated=17515413504 bytes peak=17582522368 bytes free_blocks=539
[2026-09-07 12:51:10.655] [info] [sirius_context.cpp:271] [gpu_pool] GPU:0 QueryEnd instance=0xe15cdd960390 connection=1 window=12 query=28 allocated=2098380800 bytes peak=9898440970 bytes reserved=0 bytes
[2026-09-07 12:51:10.655] [info] [sirius_context.cpp:521] [window] end instance=0xe15cdd960390 connection=1 window=12 query=28 outcome=ok
[2026-09-07 12:51:10.655] [info] [physical_sirius_execution.cpp:327] Transparent GPU execution: query completed
[2026-09-07 12:51:10.657] [info] [sirius_context.cpp:329] QueryBegin: instance=0xe15cdd960390 connection=1 query=29 SQL: CALL unpin_table('part')
[2026-09-07 12:51:10.657] [info] [sirius_context.cpp:329] QueryBegin: instance=0xe15cdd960390 connection=1 query=30 SQL: CALL unpin_table('supplier')
[2026-09-07 12:51:10.657] [info] [sirius_context.cpp:329] QueryBegin: instance=0xe15cdd960390 connection=1 query=31 SQL: CALL unpin_table('partsupp')
[2026-09-07 12:51:10.658] [info] [sirius_context.cpp:329] QueryBegin: instance=0xe15cdd960390 connection=1 query=32 SQL: CALL unpin_table('nation')
[2026-09-07 12:51:10.658] [info] [sirius_context.cpp:329] QueryBegin: instance=0xe15cdd960390 connection=1 query=33 SQL: CALL unpin_table('region')
[2026-09-07 12:51:10.659] [info] [sirius_context.cpp:329] QueryBegin: instance=0xe15cdd960390 connection=1 query=34 SQL: CALL pin_table('/datasets/tpch_sf100_sorted/customer/*.parquet', tier='gpu', name='customer', cols=['c_mktsegment','c_custkey'])
[2026-09-07 12:51:10.659] [info] [sirius_context.cpp:521] [window] begin instance=0xe15cdd960390 connection=1 window=13 query=34 outcome=-
[2026-09-07 12:51:10.659] [info] [sirius_context.cpp:256] [host_pool] HOST:0 QueryBegin instance=0xe15cdd960390 connection=1 window=13 query=34 allocated=17515413504 bytes peak=17582522368 bytes free_blocks=539
[2026-09-07 12:51:10.659] [info] [sirius_context.cpp:271] [gpu_pool] GPU:0 QueryBegin instance=0xe15cdd960390 connection=1 window=13 query=34 allocated=0 bytes peak=9898440970 bytes reserved=0 bytes
[2026-09-07 12:51:10.659] [info] [sirius_context.cpp:389] QueryBegin: pin_table
[2026-09-07 12:51:10.660] [warning] [sirius_extension.cpp:1430] [pin_table] 'customer': pin_table_compression is enabled but no plan file was found in '/home/nvidia/joost/sirius-zonemap/bench/sf1000-repro/plans'; pinning uncompressed
[2026-09-07 12:51:10.665] [info] [sirius_extension.cpp:1478] [late-mat] pin 'customer': column 'c_custkey' proven distinct table-wide (per-chunk)
[2026-09-07 12:51:10.665] [info] [sirius_context.cpp:405] QueryEnd
[2026-09-07 12:51:10.665] [info] [sirius_context.cpp:256] [host_pool] HOST:0 QueryEnd instance=0xe15cdd960390 connection=1 window=13 query=34 allocated=17515413504 bytes peak=17582522368 bytes free_blocks=539
[2026-09-07 12:51:10.665] [info] [sirius_context.cpp:271] [gpu_pool] GPU:0 QueryEnd instance=0xe15cdd960390 connection=1 window=13 query=34 allocated=258753536 bytes peak=9898440970 bytes reserved=0 bytes
[2026-09-07 12:51:10.665] [info] [sirius_context.cpp:521] [window] end instance=0xe15cdd960390 connection=1 window=13 query=34 outcome=ok
[2026-09-07 12:51:10.665] [info] [sirius_context.cpp:329] QueryBegin: instance=0xe15cdd960390 connection=1 query=35 SQL: CALL pin_table('/datasets/tpch_sf100_sorted/orders/*.parquet', tier='gpu', name='orders', cols=['o_custkey','o_orderkey','o_orderdate','o_shippriority'])
[2026-09-07 12:51:10.666] [info] [sirius_context.cpp:521] [window] begin instance=0xe15cdd960390 connection=1 window=14 query=35 outcome=-
[2026-09-07 12:51:10.666] [info] [sirius_context.cpp:256] [host_pool] HOST:0 QueryBegin instance=0xe15cdd960390 connection=1 window=14 query=35 allocated=17515413504 bytes peak=17582522368 bytes free_blocks=539
[2026-09-07 12:51:10.666] [info] [sirius_context.cpp:271] [gpu_pool] GPU:0 QueryBegin instance=0xe15cdd960390 connection=1 window=14 query=35 allocated=258753536 bytes peak=9898440970 bytes reserved=0 bytes
[2026-09-07 12:51:10.666] [info] [sirius_context.cpp:389] QueryBegin: pin_table
[2026-09-07 12:51:10.667] [info] [sirius_extension.cpp:1420] [pin_table] 'orders' tier=gpu: compressing with plan for 4 column(s)
[2026-09-07 12:51:11.394] [info] [sirius_context.cpp:405] QueryEnd
[2026-09-07 12:51:11.394] [info] [sirius_context.cpp:256] [host_pool] HOST:0 QueryEnd instance=0xe15cdd960390 connection=1 window=14 query=35 allocated=17515413504 bytes peak=17582522368 bytes free_blocks=539
[2026-09-07 12:51:11.394] [info] [sirius_context.cpp:271] [gpu_pool] GPU:0 QueryEnd instance=0xe15cdd960390 connection=1 window=14 query=35 allocated=1274504448 bytes peak=9898440970 bytes reserved=0 bytes
[2026-09-07 12:51:11.394] [info] [sirius_context.cpp:521] [window] end instance=0xe15cdd960390 connection=1 window=14 query=35 outcome=ok
[2026-09-07 12:51:11.394] [info] [sirius_context.cpp:329] QueryBegin: instance=0xe15cdd960390 connection=1 query=36 SQL: CALL pin_table('/datasets/tpch_sf100_sorted/lineitem/*.parquet', tier='gpu', name='lineitem', cols=['l_orderkey','l_extendedprice','l_discount','l_shipdate'])
[2026-09-07 12:51:11.395] [info] [sirius_context.cpp:521] [window] begin instance=0xe15cdd960390 connection=1 window=15 query=36 outcome=-
[2026-09-07 12:51:11.395] [info] [sirius_context.cpp:256] [host_pool] HOST:0 QueryBegin instance=0xe15cdd960390 connection=1 window=15 query=36 allocated=17515413504 bytes peak=17582522368 bytes free_blocks=539
[2026-09-07 12:51:11.395] [info] [sirius_context.cpp:271] [gpu_pool] GPU:0 QueryBegin instance=0xe15cdd960390 connection=1 window=15 query=36 allocated=1274504448 bytes peak=9898440970 bytes reserved=0 bytes
[2026-09-07 12:51:11.395] [info] [sirius_context.cpp:389] QueryBegin: pin_table
[2026-09-07 12:51:11.395] [info] [sirius_extension.cpp:1420] [pin_table] 'lineitem' tier=gpu: compressing with plan for 4 column(s)
[2026-09-07 12:51:14.451] [info] [sirius_context.cpp:405] QueryEnd
[2026-09-07 12:51:14.451] [info] [sirius_context.cpp:256] [host_pool] HOST:0 QueryEnd instance=0xe15cdd960390 connection=1 window=15 query=36 allocated=17515413504 bytes peak=17582522368 bytes free_blocks=539
[2026-09-07 12:51:14.451] [info] [sirius_context.cpp:271] [gpu_pool] GPU:0 QueryEnd instance=0xe15cdd960390 connection=1 window=15 query=36 allocated=5589880832 bytes peak=9898440970 bytes reserved=0 bytes
[2026-09-07 12:51:14.451] [info] [sirius_context.cpp:521] [window] end instance=0xe15cdd960390 connection=1 window=15 query=36 outcome=ok
[2026-09-07 12:51:14.452] [info] [sirius_context.cpp:329] QueryBegin: instance=0xe15cdd960390 connection=1 query=37 SQL: CALL sirius_set_query_label('q3_iter0')
[2026-09-07 12:51:14.452] [info] [sirius_context.cpp:329] QueryBegin: instance=0xe15cdd960390 connection=1 query=38 SQL: SET gpu_execution = true;
