[2026-09-07 12:58:47.892] [info] [sirius_context.cpp:329] QueryBegin: instance=0xe6af19960390 connection=1 query=7 SQL: select l_returnflag, l_linestatus, sum(l_quantity) as sum_qty, sum(l_extendedprice) as sum_base_price, sum(l_extendedprice * (1 - l_discount)) as sum_disc_price, sum(l_extendedprice * (1 - l_discount) * (1 + l_tax)) as sum_charge, avg(l_quantity) as avg_qty, avg(l_extendedprice) as avg_price, avg(l_discount) as avg_disc, count(*) as count_order from lineitem where l_shipdate <= date '1995-08-19' group by l_returnflag, l_linestatus order by l_returnflag, l_linestatus
[2026-09-07 12:58:47.897] [info] [sirius_context.cpp:1467] Transparent execution: Sirius physical plan generated successfully
[2026-09-07 12:58:47.897] [info] [sirius_context.cpp:1495] Transparent execution: physical plan replaced with GPU operator
[2026-09-07 12:58:47.898] [info] [physical_sirius_execution.cpp:157] Transparent GPU execution: executing query
[2026-09-07 12:58:47.898] [info] [sirius_context.cpp:521] [window] begin instance=0xe6af19960390 connection=1 window=2 query=7 outcome=-
[2026-09-07 12:58:47.898] [info] [sirius_context.cpp:256] [host_pool] HOST:0 QueryBegin instance=0xe6af19960390 connection=1 window=2 query=7 allocated=17515413504 bytes peak=17515413504 bytes free_blocks=539
[2026-09-07 12:58:47.898] [info] [sirius_context.cpp:271] [gpu_pool] GPU:0 QueryBegin instance=0xe6af19960390 connection=1 window=2 query=7 allocated=3450527744 bytes peak=3612008960 bytes reserved=0 bytes
[2026-09-07 12:58:47.898] [info] [sirius_context.cpp:389] QueryBegin: transparent_execution
[2026-09-07 12:58:47.899] [info] [sirius_engine.cpp:265] [gpu_alloc] query allocated 1 GPU(s): [0]
[2026-09-07 12:58:47.899] [info] [sirius_engine.cpp:318] Query Plan:
=== Pipeline Overview ===
Pipeline #0: GPU_SCAN (id=0) -> PROJECTION (id=1) -> PROJECTION (id=2) -> HASH_GROUP_BY (id=3)
  Output: -> PARTITION [port: default, barrier: FULL]
Pipeline #1: PARTITION (id=4)
  Input: <- Pipeline #0 [on: PARTITION (id=4), port: default, barrier: FULL]
  Dependencies: Pipeline #0
  Output: -> MERGE_GROUP_BY [port: default, barrier: FULL]
Pipeline #2: MERGE_GROUP_BY (id=5) -> ORDER_BY (id=6)
  Input: <- Pipeline #1 [on: MERGE_GROUP_BY (id=5), port: default, barrier: FULL]
  Dependencies: Pipeline #1
  Output: -> SORT_SAMPLE [port: default, barrier: PIPELINE]
Pipeline #3: SORT_SAMPLE (id=7) -> SORT_PARTITION (id=8)
  Input: <- Pipeline #2 [on: SORT_SAMPLE (id=7), port: default, barrier: PIPELINE]
  Dependencies: Pipeline #2
  Output: -> MERGE_SORT [port: default, barrier: FULL]
Pipeline #4: MERGE_SORT (id=9)
  Input: <- Pipeline #3 [on: MERGE_SORT (id=9), port: default, barrier: FULL]
  Dependencies: Pipeline #3
  Output: -> RESULT_COLLECTOR [port: default, barrier: FULL]
Pipeline #5: RESULT_COLLECTOR (id=10)
  Input: <- Pipeline #4 [on: RESULT_COLLECTOR (id=10), port: default, barrier: FULL]
  Dependencies: Pipeline #4

=== Query Plan DAG ===
┌──────────────────────────┐
│ Pipeline #5              │
│ RESULT_COLLECTOR (id=10) │
│ Input(#4): FULL          │
└────────────┬─────────────┘
             │              
┌──────────────────────────┐
│ Pipeline #4              │
│ MERGE_SORT (id=9)        │
│ Input(#3): FULL          │
└────────────┬─────────────┘
             │              
┌──────────────────────────┐
│ Pipeline #3              │
│ SORT_PARTITION (id=8)    │
│ SORT_SAMPLE (id=7)       │
│ Input(#2): PIPELINE      │
└────────────┬─────────────┘
             │              
┌──────────────────────────┐
│ Pipeline #2              │
│ ORDER_BY (id=6)          │
│ MERGE_GROUP_BY (id=5)    │
│ Input(#1): FULL          │
└────────────┬─────────────┘
             │              
┌──────────────────────────┐
│ Pipeline #1              │
│ PARTITION (id=4)         │
│ Input(#0): FULL          │
└────────────┬─────────────┘
             │              
┌──────────────────────────┐
│ Pipeline #0              │
│ HASH_GROUP_BY (id=3)     │
│ PROJECTION (id=2)        │
│ PROJECTION (id=1)        │
│ GPU_SCAN (id=0)          │
└──────────────────────────┘

[2026-09-07 12:58:47.899] [info] [sirius_engine.cpp:186] query 2 telemetry_query=01a07d73ac5b7af39eac184462374f76
[2026-09-07 12:58:47.899] [info] [sirius_scan_manager.cpp:2999] [sirius_scan_manager] assigned pinned entry 'lineitem' to operator '0'
[2026-09-07 12:58:47.899] [info] [sirius_scan_manager.cpp:823] [late-mat] operator 0: not deferring — the scan restricts rows and its pin is compressed, so the surviving rows are decided inside the decode
[2026-09-07 12:58:47.900] [info] [memory_prefetcher.cpp:59] [memory_prefetcher] started: 3 threads, 1 connectors, min_free_fraction=0.40
[2026-09-07 12:58:47.949] [warning] [gpu_pipeline_task.cpp:77] gpu_pipeline_task: operator 'HASH_GROUP_BY' (id=3) output batch 0 column count mismatch: got 13, expected 10
[2026-09-07 12:58:47.949] [warning] [gpu_pipeline_task.cpp:77] gpu_pipeline_task: operator 'HASH_GROUP_BY' (id=3) output batch 0 column count mismatch: got 13, expected 10
[2026-09-07 12:58:47.949] [warning] [gpu_pipeline_task.cpp:77] gpu_pipeline_task: operator 'HASH_GROUP_BY' (id=3) output batch 0 column count mismatch: got 13, expected 10
[2026-09-07 12:58:47.949] [warning] [gpu_pipeline_task.cpp:77] gpu_pipeline_task: operator 'HASH_GROUP_BY' (id=3) output batch 0 column count mismatch: got 13, expected 10
[2026-09-07 12:58:47.950] [warning] [gpu_pipeline_task.cpp:77] gpu_pipeline_task: operator 'HASH_GROUP_BY' (id=3) output batch 0 column count mismatch: got 13, expected 10
[2026-09-07 12:58:47.950] [warning] [gpu_pipeline_task.cpp:77] gpu_pipeline_task: operator 'HASH_GROUP_BY' (id=3) output batch 0 column count mismatch: got 13, expected 10
[2026-09-07 12:58:47.950] [warning] [gpu_pipeline_task.cpp:77] gpu_pipeline_task: operator 'HASH_GROUP_BY' (id=3) output batch 0 column count mismatch: got 13, expected 10
[2026-09-07 12:58:47.950] [warning] [gpu_pipeline_task.cpp:77] gpu_pipeline_task: operator 'HASH_GROUP_BY' (id=3) output batch 0 column count mismatch: got 13, expected 10
[2026-09-07 12:58:47.951] [warning] [gpu_pipeline_task.cpp:77] gpu_pipeline_task: operator 'HASH_GROUP_BY' (id=3) output batch 0 column count mismatch: got 13, expected 10
[2026-09-07 12:58:47.951] [warning] [gpu_pipeline_task.cpp:77] gpu_pipeline_task: operator 'HASH_GROUP_BY' (id=3) output batch 0 column count mismatch: got 13, expected 10
[2026-09-07 12:58:47.951] [warning] [gpu_pipeline_task.cpp:77] gpu_pipeline_task: operator 'HASH_GROUP_BY' (id=3) output batch 0 column count mismatch: got 13, expected 10
[2026-09-07 12:58:47.951] [warning] [gpu_pipeline_task.cpp:77] gpu_pipeline_task: operator 'HASH_GROUP_BY' (id=3) output batch 0 column count mismatch: got 13, expected 10
[2026-09-07 12:58:47.951] [warning] [gpu_pipeline_task.cpp:77] gpu_pipeline_task: operator 'HASH_GROUP_BY' (id=3) output batch 0 column count mismatch: got 13, expected 10
[2026-09-07 12:58:47.951] [warning] [gpu_pipeline_task.cpp:77] gpu_pipeline_task: operator 'HASH_GROUP_BY' (id=3) output batch 0 column count mismatch: got 13, expected 10
[2026-09-07 12:58:47.951] [warning] [gpu_pipeline_task.cpp:77] gpu_pipeline_task: operator 'HASH_GROUP_BY' (id=3) output batch 0 column count mismatch: got 13, expected 10
[2026-09-07 12:58:47.951] [warning] [gpu_pipeline_task.cpp:77] gpu_pipeline_task: operator 'HASH_GROUP_BY' (id=3) output batch 0 column count mismatch: got 13, expected 10
[2026-09-07 12:58:47.952] [warning] [gpu_pipeline_task.cpp:77] gpu_pipeline_task: operator 'HASH_GROUP_BY' (id=3) output batch 0 column count mismatch: got 13, expected 10
[2026-09-07 12:58:47.952] [warning] [gpu_pipeline_task.cpp:77] gpu_pipeline_task: operator 'HASH_GROUP_BY' (id=3) output batch 0 column count mismatch: got 13, expected 10
[2026-09-07 12:58:47.952] [warning] [gpu_pipeline_task.cpp:77] gpu_pipeline_task: operator 'HASH_GROUP_BY' (id=3) output batch 0 column count mismatch: got 13, expected 10
[2026-09-07 12:58:47.952] [warning] [gpu_pipeline_task.cpp:77] gpu_pipeline_task: operator 'HASH_GROUP_BY' (id=3) output batch 0 column count mismatch: got 13, expected 10
[2026-09-07 12:58:47.952] [warning] [gpu_pipeline_task.cpp:77] gpu_pipeline_task: operator 'HASH_GROUP_BY' (id=3) output batch 0 column count mismatch: got 13, expected 10
[2026-09-07 12:58:47.952] [warning] [gpu_pipeline_task.cpp:77] gpu_pipeline_task: operator 'HASH_GROUP_BY' (id=3) output batch 0 column count mismatch: got 13, expected 10
[2026-09-07 12:58:47.953] [warning] [gpu_pipeline_task.cpp:77] gpu_pipeline_task: operator 'HASH_GROUP_BY' (id=3) output batch 0 column count mismatch: got 13, expected 10
[2026-09-07 12:58:47.953] [warning] [gpu_pipeline_task.cpp:77] gpu_pipeline_task: operator 'HASH_GROUP_BY' (id=3) output batch 0 column count mismatch: got 13, expected 10
[2026-09-07 12:58:47.953] [warning] [gpu_pipeline_task.cpp:77] gpu_pipeline_task: operator 'HASH_GROUP_BY' (id=3) output batch 0 column count mismatch: got 13, expected 10
[2026-09-07 12:58:47.953] [warning] [gpu_pipeline_task.cpp:77] gpu_pipeline_task: operator 'HASH_GROUP_BY' (id=3) output batch 0 column count mismatch: got 13, expected 10
[2026-09-07 12:58:47.953] [warning] [gpu_pipeline_task.cpp:77] gpu_pipeline_task: operator 'HASH_GROUP_BY' (id=3) output batch 0 column count mismatch: got 13, expected 10
[2026-09-07 12:58:47.954] [warning] [gpu_pipeline_task.cpp:77] gpu_pipeline_task: operator 'HASH_GROUP_BY' (id=3) output batch 0 column count mismatch: got 13, expected 10
[2026-09-07 12:58:47.954] [warning] [gpu_pipeline_task.cpp:77] gpu_pipeline_task: operator 'HASH_GROUP_BY' (id=3) output batch 0 column count mismatch: got 13, expected 10
[2026-09-07 12:58:47.954] [warning] [gpu_pipeline_task.cpp:77] gpu_pipeline_task: operator 'HASH_GROUP_BY' (id=3) output batch 0 column count mismatch: got 13, expected 10
[2026-09-07 12:58:47.954] [warning] [gpu_pipeline_task.cpp:77] gpu_pipeline_task: operator 'HASH_GROUP_BY' (id=3) output batch 0 column count mismatch: got 13, expected 10
[2026-09-07 12:58:47.954] [warning] [gpu_pipeline_task.cpp:77] gpu_pipeline_task: operator 'HASH_GROUP_BY' (id=3) output batch 0 column count mismatch: got 13, expected 10
[2026-09-07 12:58:47.954] [warning] [gpu_pipeline_task.cpp:77] gpu_pipeline_task: operator 'HASH_GROUP_BY' (id=3) output batch 0 column count mismatch: got 13, expected 10
[2026-09-07 12:58:47.954] [warning] [gpu_pipeline_task.cpp:77] gpu_pipeline_task: operator 'HASH_GROUP_BY' (id=3) output batch 0 column count mismatch: got 13, expected 10
[2026-09-07 12:58:47.954] [warning] [gpu_pipeline_task.cpp:77] gpu_pipeline_task: operator 'HASH_GROUP_BY' (id=3) output batch 0 column count mismatch: got 13, expected 10
[2026-09-07 12:58:47.955] [warning] [gpu_pipeline_task.cpp:77] gpu_pipeline_task: operator 'HASH_GROUP_BY' (id=3) output batch 0 column count mismatch: got 13, expected 10
[2026-09-07 12:58:47.955] [warning] [gpu_pipeline_task.cpp:77] gpu_pipeline_task: operator 'HASH_GROUP_BY' (id=3) output batch 0 column count mismatch: got 13, expected 10
[2026-09-07 12:58:47.955] [warning] [gpu_pipeline_task.cpp:77] gpu_pipeline_task: operator 'HASH_GROUP_BY' (id=3) output batch 0 column count mismatch: got 13, expected 10
[2026-09-07 12:58:47.955] [warning] [gpu_pipeline_task.cpp:77] gpu_pipeline_task: operator 'HASH_GROUP_BY' (id=3) output batch 0 column count mismatch: got 13, expected 10
[2026-09-07 12:58:47.955] [warning] [gpu_pipeline_task.cpp:77] gpu_pipeline_task: operator 'HASH_GROUP_BY' (id=3) output batch 0 column count mismatch: got 13, expected 10
[2026-09-07 12:58:47.955] [warning] [gpu_pipeline_task.cpp:77] gpu_pipeline_task: operator 'HASH_GROUP_BY' (id=3) output batch 0 column count mismatch: got 13, expected 10
[2026-09-07 12:58:47.956] [warning] [gpu_pipeline_task.cpp:77] gpu_pipeline_task: operator 'HASH_GROUP_BY' (id=3) output batch 0 column count mismatch: got 13, expected 10
[2026-09-07 12:58:47.956] [warning] [gpu_pipeline_task.cpp:77] gpu_pipeline_task: operator 'HASH_GROUP_BY' (id=3) output batch 0 column count mismatch: got 13, expected 10
[2026-09-07 12:58:47.956] [warning] [gpu_pipeline_task.cpp:77] gpu_pipeline_task: operator 'HASH_GROUP_BY' (id=3) output batch 0 column count mismatch: got 13, expected 10
[2026-09-07 12:58:47.956] [warning] [gpu_pipeline_task.cpp:77] gpu_pipeline_task: operator 'HASH_GROUP_BY' (id=3) output batch 0 column count mismatch: got 13, expected 10
[2026-09-07 12:58:47.956] [warning] [gpu_pipeline_task.cpp:77] gpu_pipeline_task: operator 'HASH_GROUP_BY' (id=3) output batch 0 column count mismatch: got 13, expected 10
[2026-09-07 12:58:47.956] [warning] [gpu_pipeline_task.cpp:77] gpu_pipeline_task: operator 'HASH_GROUP_BY' (id=3) output batch 0 column count mismatch: got 13, expected 10
[2026-09-07 12:58:47.956] [warning] [gpu_pipeline_task.cpp:77] gpu_pipeline_task: operator 'HASH_GROUP_BY' (id=3) output batch 0 column count mismatch: got 13, expected 10
[2026-09-07 12:58:47.956] [warning] [gpu_pipeline_task.cpp:77] gpu_pipeline_task: operator 'HASH_GROUP_BY' (id=3) output batch 0 column count mismatch: got 13, expected 10
[2026-09-07 12:58:47.957] [warning] [gpu_pipeline_task.cpp:77] gpu_pipeline_task: operator 'HASH_GROUP_BY' (id=3) output batch 0 column count mismatch: got 13, expected 10
[2026-09-07 12:58:47.957] [warning] [gpu_pipeline_task.cpp:77] gpu_pipeline_task: operator 'HASH_GROUP_BY' (id=3) output batch 0 column count mismatch: got 13, expected 10
[2026-09-07 12:58:47.957] [warning] [gpu_pipeline_task.cpp:77] gpu_pipeline_task: operator 'HASH_GROUP_BY' (id=3) output batch 0 column count mismatch: got 13, expected 10
[2026-09-07 12:58:47.957] [warning] [gpu_pipeline_task.cpp:77] gpu_pipeline_task: operator 'HASH_GROUP_BY' (id=3) output batch 0 column count mismatch: got 13, expected 10
[2026-09-07 12:58:47.957] [warning] [gpu_pipeline_task.cpp:77] gpu_pipeline_task: operator 'HASH_GROUP_BY' (id=3) output batch 0 column count mismatch: got 13, expected 10
[2026-09-07 12:58:47.957] [warning] [gpu_pipeline_task.cpp:77] gpu_pipeline_task: operator 'HASH_GROUP_BY' (id=3) output batch 0 column count mismatch: got 13, expected 10
[2026-09-07 12:58:47.957] [warning] [gpu_pipeline_task.cpp:77] gpu_pipeline_task: operator 'HASH_GROUP_BY' (id=3) output batch 0 column count mismatch: got 13, expected 10
[2026-09-07 12:58:47.957] [warning] [gpu_pipeline_task.cpp:77] gpu_pipeline_task: operator 'HASH_GROUP_BY' (id=3) output batch 0 column count mismatch: got 13, expected 10
[2026-09-07 12:58:47.958] [warning] [gpu_pipeline_task.cpp:77] gpu_pipeline_task: operator 'HASH_GROUP_BY' (id=3) output batch 0 column count mismatch: got 13, expected 10
[2026-09-07 12:58:47.958] [warning] [gpu_pipeline_task.cpp:77] gpu_pipeline_task: operator 'HASH_GROUP_BY' (id=3) output batch 0 column count mismatch: got 13, expected 10
[2026-09-07 12:58:47.958] [warning] [gpu_pipeline_task.cpp:77] gpu_pipeline_task: operator 'HASH_GROUP_BY' (id=3) output batch 0 column count mismatch: got 13, expected 10
[2026-09-07 12:58:47.958] [warning] [gpu_pipeline_task.cpp:77] gpu_pipeline_task: operator 'HASH_GROUP_BY' (id=3) output batch 0 column count mismatch: got 13, expected 10
[2026-09-07 12:58:47.958] [warning] [gpu_pipeline_task.cpp:77] gpu_pipeline_task: operator 'HASH_GROUP_BY' (id=3) output batch 0 column count mismatch: got 13, expected 10
[2026-09-07 12:58:47.958] [warning] [gpu_pipeline_task.cpp:77] gpu_pipeline_task: operator 'HASH_GROUP_BY' (id=3) output batch 0 column count mismatch: got 13, expected 10
[2026-09-07 12:58:47.959] [warning] [gpu_pipeline_task.cpp:77] gpu_pipeline_task: operator 'HASH_GROUP_BY' (id=3) output batch 0 column count mismatch: got 13, expected 10
[2026-09-07 12:58:47.959] [warning] [gpu_pipeline_task.cpp:77] gpu_pipeline_task: operator 'HASH_GROUP_BY' (id=3) output batch 0 column count mismatch: got 13, expected 10
[2026-09-07 12:58:47.959] [warning] [gpu_pipeline_task.cpp:77] gpu_pipeline_task: operator 'HASH_GROUP_BY' (id=3) output batch 0 column count mismatch: got 13, expected 10
[2026-09-07 12:58:47.959] [warning] [gpu_pipeline_task.cpp:77] gpu_pipeline_task: operator 'HASH_GROUP_BY' (id=3) output batch 0 column count mismatch: got 13, expected 10
[2026-09-07 12:58:47.959] [warning] [gpu_pipeline_task.cpp:77] gpu_pipeline_task: operator 'HASH_GROUP_BY' (id=3) output batch 0 column count mismatch: got 13, expected 10
[2026-09-07 12:58:47.959] [warning] [gpu_pipeline_task.cpp:77] gpu_pipeline_task: operator 'HASH_GROUP_BY' (id=3) output batch 0 column count mismatch: got 13, expected 10
[2026-09-07 12:58:47.959] [warning] [gpu_pipeline_task.cpp:77] gpu_pipeline_task: operator 'HASH_GROUP_BY' (id=3) output batch 0 column count mismatch: got 13, expected 10
[2026-09-07 12:58:47.960] [warning] [gpu_pipeline_task.cpp:77] gpu_pipeline_task: operator 'HASH_GROUP_BY' (id=3) output batch 0 column count mismatch: got 13, expected 10
[2026-09-07 12:58:47.960] [warning] [gpu_pipeline_task.cpp:77] gpu_pipeline_task: operator 'HASH_GROUP_BY' (id=3) output batch 0 column count mismatch: got 13, expected 10
[2026-09-07 12:58:47.960] [warning] [gpu_pipeline_task.cpp:77] gpu_pipeline_task: operator 'HASH_GROUP_BY' (id=3) output batch 0 column count mismatch: got 13, expected 10
[2026-09-07 12:58:47.960] [warning] [gpu_pipeline_task.cpp:77] gpu_pipeline_task: operator 'HASH_GROUP_BY' (id=3) output batch 0 column count mismatch: got 13, expected 10
[2026-09-07 12:58:47.960] [warning] [gpu_pipeline_task.cpp:77] gpu_pipeline_task: operator 'HASH_GROUP_BY' (id=3) output batch 0 column count mismatch: got 13, expected 10
[2026-09-07 12:58:47.961] [warning] [gpu_pipeline_task.cpp:77] gpu_pipeline_task: operator 'HASH_GROUP_BY' (id=3) output batch 0 column count mismatch: got 13, expected 10
[2026-09-07 12:58:47.961] [warning] [gpu_pipeline_task.cpp:77] gpu_pipeline_task: operator 'HASH_GROUP_BY' (id=3) output batch 0 column count mismatch: got 13, expected 10
[2026-09-07 12:58:47.961] [warning] [gpu_pipeline_task.cpp:77] gpu_pipeline_task: operator 'HASH_GROUP_BY' (id=3) output batch 0 column count mismatch: got 13, expected 10
[2026-09-07 12:58:47.961] [warning] [gpu_pipeline_task.cpp:77] gpu_pipeline_task: operator 'HASH_GROUP_BY' (id=3) output batch 0 column count mismatch: got 13, expected 10
[2026-09-07 12:58:47.961] [warning] [gpu_pipeline_task.cpp:77] gpu_pipeline_task: operator 'HASH_GROUP_BY' (id=3) output batch 0 column count mismatch: got 13, expected 10
[2026-09-07 12:58:47.961] [warning] [gpu_pipeline_task.cpp:77] gpu_pipeline_task: operator 'HASH_GROUP_BY' (id=3) output batch 0 column count mismatch: got 13, expected 10
[2026-09-07 12:58:47.961] [warning] [gpu_pipeline_task.cpp:77] gpu_pipeline_task: operator 'HASH_GROUP_BY' (id=3) output batch 0 column count mismatch: got 13, expected 10
[2026-09-07 12:58:47.962] [warning] [gpu_pipeline_task.cpp:77] gpu_pipeline_task: operator 'HASH_GROUP_BY' (id=3) output batch 0 column count mismatch: got 13, expected 10
[2026-09-07 12:58:47.962] [warning] [gpu_pipeline_task.cpp:77] gpu_pipeline_task: operator 'HASH_GROUP_BY' (id=3) output batch 0 column count mismatch: got 13, expected 10
[2026-09-07 12:58:47.962] [warning] [gpu_pipeline_task.cpp:77] gpu_pipeline_task: operator 'HASH_GROUP_BY' (id=3) output batch 0 column count mismatch: got 13, expected 10
[2026-09-07 12:58:47.962] [warning] [gpu_pipeline_task.cpp:77] gpu_pipeline_task: operator 'HASH_GROUP_BY' (id=3) output batch 0 column count mismatch: got 13, expected 10
[2026-09-07 12:58:47.962] [warning] [gpu_pipeline_task.cpp:77] gpu_pipeline_task: operator 'HASH_GROUP_BY' (id=3) output batch 0 column count mismatch: got 13, expected 10
[2026-09-07 12:58:47.962] [warning] [gpu_pipeline_task.cpp:77] gpu_pipeline_task: operator 'HASH_GROUP_BY' (id=3) output batch 0 column count mismatch: got 13, expected 10
[2026-09-07 12:58:47.962] [warning] [gpu_pipeline_task.cpp:77] gpu_pipeline_task: operator 'HASH_GROUP_BY' (id=3) output batch 0 column count mismatch: got 13, expected 10
[2026-09-07 12:58:47.962] [warning] [gpu_pipeline_task.cpp:77] gpu_pipeline_task: operator 'HASH_GROUP_BY' (id=3) output batch 0 column count mismatch: got 13, expected 10
[2026-09-07 12:58:47.963] [warning] [gpu_pipeline_task.cpp:77] gpu_pipeline_task: operator 'HASH_GROUP_BY' (id=3) output batch 0 column count mismatch: got 13, expected 10
[2026-09-07 12:58:47.963] [warning] [gpu_pipeline_task.cpp:77] gpu_pipeline_task: operator 'HASH_GROUP_BY' (id=3) output batch 0 column count mismatch: got 13, expected 10
[2026-09-07 12:58:47.963] [warning] [gpu_pipeline_task.cpp:77] gpu_pipeline_task: operator 'HASH_GROUP_BY' (id=3) output batch 0 column count mismatch: got 13, expected 10
[2026-09-07 12:58:47.963] [warning] [gpu_pipeline_task.cpp:77] gpu_pipeline_task: operator 'HASH_GROUP_BY' (id=3) output batch 0 column count mismatch: got 13, expected 10
[2026-09-07 12:58:47.963] [warning] [gpu_pipeline_task.cpp:77] gpu_pipeline_task: operator 'HASH_GROUP_BY' (id=3) output batch 0 column count mismatch: got 13, expected 10
[2026-09-07 12:58:47.968] [warning] [gpu_pipeline_task.cpp:77] gpu_pipeline_task: operator 'HASH_GROUP_BY' (id=3) output batch 0 column count mismatch: got 13, expected 10
[2026-09-07 12:58:47.968] [warning] [gpu_pipeline_task.cpp:77] gpu_pipeline_task: operator 'HASH_GROUP_BY' (id=3) output batch 0 column count mismatch: got 13, expected 10
[2026-09-07 12:58:47.969] [warning] [gpu_pipeline_task.cpp:77] gpu_pipeline_task: operator 'HASH_GROUP_BY' (id=3) output batch 0 column count mismatch: got 13, expected 10
[2026-09-07 12:58:47.969] [warning] [gpu_pipeline_task.cpp:77] gpu_pipeline_task: operator 'HASH_GROUP_BY' (id=3) output batch 0 column count mismatch: got 13, expected 10
[2026-09-07 12:58:47.969] [warning] [gpu_pipeline_task.cpp:77] gpu_pipeline_task: operator 'HASH_GROUP_BY' (id=3) output batch 0 column count mismatch: got 13, expected 10
[2026-09-07 12:58:47.970] [warning] [gpu_pipeline_task.cpp:77] gpu_pipeline_task: operator 'HASH_GROUP_BY' (id=3) output batch 0 column count mismatch: got 13, expected 10
[2026-09-07 12:58:47.970] [warning] [gpu_pipeline_task.cpp:77] gpu_pipeline_task: operator 'HASH_GROUP_BY' (id=3) output batch 0 column count mismatch: got 13, expected 10
[2026-09-07 12:58:47.970] [warning] [gpu_pipeline_task.cpp:77] gpu_pipeline_task: operator 'HASH_GROUP_BY' (id=3) output batch 0 column count mismatch: got 13, expected 10
[2026-09-07 12:58:47.975] [warning] [gpu_pipeline_task.cpp:77] gpu_pipeline_task: operator 'HASH_GROUP_BY' (id=3) output batch 0 column count mismatch: got 13, expected 10
[2026-09-07 12:58:47.975] [warning] [gpu_pipeline_task.cpp:77] gpu_pipeline_task: operator 'HASH_GROUP_BY' (id=3) output batch 0 column count mismatch: got 13, expected 10
[2026-09-07 12:58:47.976] [warning] [gpu_pipeline_task.cpp:77] gpu_pipeline_task: operator 'HASH_GROUP_BY' (id=3) output batch 0 column count mismatch: got 13, expected 10
[2026-09-07 12:58:47.976] [warning] [gpu_pipeline_task.cpp:77] gpu_pipeline_task: operator 'HASH_GROUP_BY' (id=3) output batch 0 column count mismatch: got 13, expected 10
[2026-09-07 12:58:47.976] [warning] [gpu_pipeline_task.cpp:77] gpu_pipeline_task: operator 'HASH_GROUP_BY' (id=3) output batch 0 column count mismatch: got 13, expected 10
[2026-09-07 12:58:47.976] [warning] [gpu_pipeline_task.cpp:77] gpu_pipeline_task: operator 'HASH_GROUP_BY' (id=3) output batch 0 column count mismatch: got 13, expected 10
[2026-09-07 12:58:47.977] [warning] [gpu_pipeline_task.cpp:77] gpu_pipeline_task: operator 'HASH_GROUP_BY' (id=3) output batch 0 column count mismatch: got 13, expected 10
[2026-09-07 12:58:47.977] [warning] [gpu_pipeline_task.cpp:77] gpu_pipeline_task: operator 'HASH_GROUP_BY' (id=3) output batch 0 column count mismatch: got 13, expected 10
[2026-09-07 12:58:47.981] [warning] [gpu_pipeline_task.cpp:77] gpu_pipeline_task: operator 'HASH_GROUP_BY' (id=3) output batch 0 column count mismatch: got 13, expected 10
[2026-09-07 12:58:47.982] [warning] [gpu_pipeline_task.cpp:77] gpu_pipeline_task: operator 'HASH_GROUP_BY' (id=3) output batch 0 column count mismatch: got 13, expected 10
[2026-09-07 12:58:47.982] [warning] [gpu_pipeline_task.cpp:77] gpu_pipeline_task: operator 'HASH_GROUP_BY' (id=3) output batch 0 column count mismatch: got 13, expected 10
[2026-09-07 12:58:47.982] [warning] [gpu_pipeline_task.cpp:77] gpu_pipeline_task: operator 'HASH_GROUP_BY' (id=3) output batch 0 column count mismatch: got 13, expected 10
[2026-09-07 12:58:47.982] [warning] [gpu_pipeline_task.cpp:77] gpu_pipeline_task: operator 'HASH_GROUP_BY' (id=3) output batch 0 column count mismatch: got 13, expected 10
[2026-09-07 12:58:47.983] [warning] [gpu_pipeline_task.cpp:77] gpu_pipeline_task: operator 'HASH_GROUP_BY' (id=3) output batch 0 column count mismatch: got 13, expected 10
[2026-09-07 12:58:47.984] [warning] [gpu_pipeline_task.cpp:77] gpu_pipeline_task: operator 'HASH_GROUP_BY' (id=3) output batch 0 column count mismatch: got 13, expected 10
[2026-09-07 12:58:47.985] [warning] [gpu_pipeline_task.cpp:77] gpu_pipeline_task: operator 'HASH_GROUP_BY' (id=3) output batch 0 column count mismatch: got 13, expected 10
[2026-09-07 12:58:47.988] [warning] [gpu_pipeline_task.cpp:77] gpu_pipeline_task: operator 'HASH_GROUP_BY' (id=3) output batch 0 column count mismatch: got 13, expected 10
[2026-09-07 12:58:47.988] [warning] [gpu_pipeline_task.cpp:77] gpu_pipeline_task: operator 'HASH_GROUP_BY' (id=3) output batch 0 column count mismatch: got 13, expected 10
[2026-09-07 12:58:47.988] [warning] [gpu_pipeline_task.cpp:77] gpu_pipeline_task: operator 'HASH_GROUP_BY' (id=3) output batch 0 column count mismatch: got 13, expected 10
[2026-09-07 12:58:47.989] [warning] [gpu_pipeline_task.cpp:77] gpu_pipeline_task: operator 'HASH_GROUP_BY' (id=3) output batch 0 column count mismatch: got 13, expected 10
[2026-09-07 12:58:47.989] [warning] [gpu_pipeline_task.cpp:77] gpu_pipeline_task: operator 'HASH_GROUP_BY' (id=3) output batch 0 column count mismatch: got 13, expected 10
[2026-09-07 12:58:47.989] [warning] [gpu_pipeline_task.cpp:77] gpu_pipeline_task: operator 'HASH_GROUP_BY' (id=3) output batch 0 column count mismatch: got 13, expected 10
[2026-09-07 12:58:47.990] [warning] [gpu_pipeline_task.cpp:77] gpu_pipeline_task: operator 'HASH_GROUP_BY' (id=3) output batch 0 column count mismatch: got 13, expected 10
[2026-09-07 12:58:47.991] [warning] [gpu_pipeline_task.cpp:77] gpu_pipeline_task: operator 'HASH_GROUP_BY' (id=3) output batch 0 column count mismatch: got 13, expected 10
[2026-09-07 12:58:47.994] [warning] [gpu_pipeline_task.cpp:77] gpu_pipeline_task: operator 'HASH_GROUP_BY' (id=3) output batch 0 column count mismatch: got 13, expected 10
[2026-09-07 12:58:47.995] [warning] [gpu_pipeline_task.cpp:77] gpu_pipeline_task: operator 'HASH_GROUP_BY' (id=3) output batch 0 column count mismatch: got 13, expected 10
[2026-09-07 12:58:47.995] [warning] [gpu_pipeline_task.cpp:77] gpu_pipeline_task: operator 'HASH_GROUP_BY' (id=3) output batch 0 column count mismatch: got 13, expected 10
[2026-09-07 12:58:47.996] [warning] [gpu_pipeline_task.cpp:77] gpu_pipeline_task: operator 'HASH_GROUP_BY' (id=3) output batch 0 column count mismatch: got 13, expected 10
[2026-09-07 12:58:47.996] [warning] [gpu_pipeline_task.cpp:77] gpu_pipeline_task: operator 'HASH_GROUP_BY' (id=3) output batch 0 column count mismatch: got 13, expected 10
[2026-09-07 12:58:47.996] [warning] [gpu_pipeline_task.cpp:77] gpu_pipeline_task: operator 'HASH_GROUP_BY' (id=3) output batch 0 column count mismatch: got 13, expected 10
[2026-09-07 12:58:47.997] [warning] [gpu_pipeline_task.cpp:77] gpu_pipeline_task: operator 'HASH_GROUP_BY' (id=3) output batch 0 column count mismatch: got 13, expected 10
[2026-09-07 12:58:47.998] [warning] [gpu_pipeline_task.cpp:77] gpu_pipeline_task: operator 'HASH_GROUP_BY' (id=3) output batch 0 column count mismatch: got 13, expected 10
[2026-09-07 12:58:48.001] [warning] [gpu_pipeline_task.cpp:77] gpu_pipeline_task: operator 'HASH_GROUP_BY' (id=3) output batch 0 column count mismatch: got 13, expected 10
[2026-09-07 12:58:48.001] [warning] [gpu_pipeline_task.cpp:77] gpu_pipeline_task: operator 'HASH_GROUP_BY' (id=3) output batch 0 column count mismatch: got 13, expected 10
[2026-09-07 12:58:48.002] [warning] [gpu_pipeline_task.cpp:77] gpu_pipeline_task: operator 'HASH_GROUP_BY' (id=3) output batch 0 column count mismatch: got 13, expected 10
[2026-09-07 12:58:48.002] [warning] [gpu_pipeline_task.cpp:77] gpu_pipeline_task: operator 'HASH_GROUP_BY' (id=3) output batch 0 column count mismatch: got 13, expected 10
[2026-09-07 12:58:48.003] [warning] [gpu_pipeline_task.cpp:77] gpu_pipeline_task: operator 'HASH_GROUP_BY' (id=3) output batch 0 column count mismatch: got 13, expected 10
[2026-09-07 12:58:48.003] [warning] [gpu_pipeline_task.cpp:77] gpu_pipeline_task: operator 'HASH_GROUP_BY' (id=3) output batch 0 column count mismatch: got 13, expected 10
[2026-09-07 12:58:48.004] [warning] [gpu_pipeline_task.cpp:77] gpu_pipeline_task: operator 'HASH_GROUP_BY' (id=3) output batch 0 column count mismatch: got 13, expected 10
[2026-09-07 12:58:48.005] [warning] [gpu_pipeline_task.cpp:77] gpu_pipeline_task: operator 'HASH_GROUP_BY' (id=3) output batch 0 column count mismatch: got 13, expected 10
[2026-09-07 12:58:48.008] [warning] [gpu_pipeline_task.cpp:77] gpu_pipeline_task: operator 'HASH_GROUP_BY' (id=3) output batch 0 column count mismatch: got 13, expected 10
[2026-09-07 12:58:48.009] [warning] [gpu_pipeline_task.cpp:77] gpu_pipeline_task: operator 'HASH_GROUP_BY' (id=3) output batch 0 column count mismatch: got 13, expected 10
[2026-09-07 12:58:48.009] [warning] [gpu_pipeline_task.cpp:77] gpu_pipeline_task: operator 'HASH_GROUP_BY' (id=3) output batch 0 column count mismatch: got 13, expected 10
[2026-09-07 12:58:48.009] [warning] [gpu_pipeline_task.cpp:77] gpu_pipeline_task: operator 'HASH_GROUP_BY' (id=3) output batch 0 column count mismatch: got 13, expected 10
[2026-09-07 12:58:48.009] [warning] [gpu_pipeline_task.cpp:77] gpu_pipeline_task: operator 'HASH_GROUP_BY' (id=3) output batch 0 column count mismatch: got 13, expected 10
[2026-09-07 12:58:48.010] [warning] [gpu_pipeline_task.cpp:77] gpu_pipeline_task: operator 'HASH_GROUP_BY' (id=3) output batch 0 column count mismatch: got 13, expected 10
[2026-09-07 12:58:48.010] [warning] [gpu_pipeline_task.cpp:77] gpu_pipeline_task: operator 'HASH_GROUP_BY' (id=3) output batch 0 column count mismatch: got 13, expected 10
[2026-09-07 12:58:48.011] [warning] [gpu_pipeline_task.cpp:77] gpu_pipeline_task: operator 'HASH_GROUP_BY' (id=3) output batch 0 column count mismatch: got 13, expected 10
[2026-09-07 12:58:48.015] [warning] [gpu_pipeline_task.cpp:77] gpu_pipeline_task: operator 'HASH_GROUP_BY' (id=3) output batch 0 column count mismatch: got 13, expected 10
[2026-09-07 12:58:48.015] [warning] [gpu_pipeline_task.cpp:77] gpu_pipeline_task: operator 'HASH_GROUP_BY' (id=3) output batch 0 column count mismatch: got 13, expected 10
[2026-09-07 12:58:48.016] [warning] [gpu_pipeline_task.cpp:77] gpu_pipeline_task: operator 'HASH_GROUP_BY' (id=3) output batch 0 column count mismatch: got 13, expected 10
[2026-09-07 12:58:48.016] [warning] [gpu_pipeline_task.cpp:77] gpu_pipeline_task: operator 'HASH_GROUP_BY' (id=3) output batch 0 column count mismatch: got 13, expected 10
[2026-09-07 12:58:48.016] [warning] [gpu_pipeline_task.cpp:77] gpu_pipeline_task: operator 'HASH_GROUP_BY' (id=3) output batch 0 column count mismatch: got 13, expected 10
[2026-09-07 12:58:48.016] [warning] [gpu_pipeline_task.cpp:77] gpu_pipeline_task: operator 'HASH_GROUP_BY' (id=3) output batch 0 column count mismatch: got 13, expected 10
[2026-09-07 12:58:48.017] [warning] [gpu_pipeline_task.cpp:77] gpu_pipeline_task: operator 'HASH_GROUP_BY' (id=3) output batch 0 column count mismatch: got 13, expected 10
[2026-09-07 12:58:48.018] [warning] [gpu_pipeline_task.cpp:77] gpu_pipeline_task: operator 'HASH_GROUP_BY' (id=3) output batch 0 column count mismatch: got 13, expected 10
[2026-09-07 12:58:48.021] [warning] [gpu_pipeline_task.cpp:77] gpu_pipeline_task: operator 'HASH_GROUP_BY' (id=3) output batch 0 column count mismatch: got 13, expected 10
[2026-09-07 12:58:48.022] [warning] [gpu_pipeline_task.cpp:77] gpu_pipeline_task: operator 'HASH_GROUP_BY' (id=3) output batch 0 column count mismatch: got 13, expected 10
[2026-09-07 12:58:48.022] [warning] [gpu_pipeline_task.cpp:77] gpu_pipeline_task: operator 'HASH_GROUP_BY' (id=3) output batch 0 column count mismatch: got 13, expected 10
[2026-09-07 12:58:48.023] [warning] [gpu_pipeline_task.cpp:77] gpu_pipeline_task: operator 'HASH_GROUP_BY' (id=3) output batch 0 column count mismatch: got 13, expected 10
[2026-09-07 12:58:48.023] [warning] [gpu_pipeline_task.cpp:77] gpu_pipeline_task: operator 'HASH_GROUP_BY' (id=3) output batch 0 column count mismatch: got 13, expected 10
[2026-09-07 12:58:48.023] [warning] [gpu_pipeline_task.cpp:77] gpu_pipeline_task: operator 'HASH_GROUP_BY' (id=3) output batch 0 column count mismatch: got 13, expected 10
[2026-09-07 12:58:48.024] [warning] [gpu_pipeline_task.cpp:77] gpu_pipeline_task: operator 'HASH_GROUP_BY' (id=3) output batch 0 column count mismatch: got 13, expected 10
[2026-09-07 12:58:48.026] [warning] [gpu_pipeline_task.cpp:77] gpu_pipeline_task: operator 'HASH_GROUP_BY' (id=3) output batch 0 column count mismatch: got 13, expected 10
[2026-09-07 12:58:48.028] [warning] [gpu_pipeline_task.cpp:77] gpu_pipeline_task: operator 'HASH_GROUP_BY' (id=3) output batch 0 column count mismatch: got 13, expected 10
[2026-09-07 12:58:48.028] [warning] [gpu_pipeline_task.cpp:77] gpu_pipeline_task: operator 'HASH_GROUP_BY' (id=3) output batch 0 column count mismatch: got 13, expected 10
[2026-09-07 12:58:48.029] [warning] [gpu_pipeline_task.cpp:77] gpu_pipeline_task: operator 'HASH_GROUP_BY' (id=3) output batch 0 column count mismatch: got 13, expected 10
[2026-09-07 12:58:48.030] [warning] [gpu_pipeline_task.cpp:77] gpu_pipeline_task: operator 'HASH_GROUP_BY' (id=3) output batch 0 column count mismatch: got 13, expected 10
[2026-09-07 12:58:48.030] [warning] [gpu_pipeline_task.cpp:77] gpu_pipeline_task: operator 'HASH_GROUP_BY' (id=3) output batch 0 column count mismatch: got 13, expected 10
[2026-09-07 12:58:48.030] [warning] [gpu_pipeline_task.cpp:77] gpu_pipeline_task: operator 'HASH_GROUP_BY' (id=3) output batch 0 column count mismatch: got 13, expected 10
[2026-09-07 12:58:48.030] [warning] [gpu_pipeline_task.cpp:77] gpu_pipeline_task: operator 'HASH_GROUP_BY' (id=3) output batch 0 column count mismatch: got 13, expected 10
[2026-09-07 12:58:48.032] [warning] [gpu_pipeline_task.cpp:77] gpu_pipeline_task: operator 'HASH_GROUP_BY' (id=3) output batch 0 column count mismatch: got 13, expected 10
[2026-09-07 12:58:48.035] [warning] [gpu_pipeline_task.cpp:77] gpu_pipeline_task: operator 'HASH_GROUP_BY' (id=3) output batch 0 column count mismatch: got 13, expected 10
[2026-09-07 12:58:48.036] [warning] [gpu_pipeline_task.cpp:77] gpu_pipeline_task: operator 'HASH_GROUP_BY' (id=3) output batch 0 column count mismatch: got 13, expected 10
[2026-09-07 12:58:48.036] [warning] [gpu_pipeline_task.cpp:77] gpu_pipeline_task: operator 'HASH_GROUP_BY' (id=3) output batch 0 column count mismatch: got 13, expected 10
[2026-09-07 12:58:48.036] [warning] [gpu_pipeline_task.cpp:77] gpu_pipeline_task: operator 'HASH_GROUP_BY' (id=3) output batch 0 column count mismatch: got 13, expected 10
[2026-09-07 12:58:48.036] [warning] [gpu_pipeline_task.cpp:77] gpu_pipeline_task: operator 'HASH_GROUP_BY' (id=3) output batch 0 column count mismatch: got 13, expected 10
[2026-09-07 12:58:48.036] [warning] [gpu_pipeline_task.cpp:77] gpu_pipeline_task: operator 'HASH_GROUP_BY' (id=3) output batch 0 column count mismatch: got 13, expected 10
[2026-09-07 12:58:48.037] [warning] [gpu_pipeline_task.cpp:77] gpu_pipeline_task: operator 'HASH_GROUP_BY' (id=3) output batch 0 column count mismatch: got 13, expected 10
[2026-09-07 12:58:48.039] [warning] [gpu_pipeline_task.cpp:77] gpu_pipeline_task: operator 'HASH_GROUP_BY' (id=3) output batch 0 column count mismatch: got 13, expected 10
[2026-09-07 12:58:48.042] [warning] [gpu_pipeline_task.cpp:77] gpu_pipeline_task: operator 'HASH_GROUP_BY' (id=3) output batch 0 column count mismatch: got 13, expected 10
[2026-09-07 12:58:48.043] [warning] [gpu_pipeline_task.cpp:77] gpu_pipeline_task: operator 'HASH_GROUP_BY' (id=3) output batch 0 column count mismatch: got 13, expected 10
[2026-09-07 12:58:48.044] [warning] [gpu_pipeline_task.cpp:77] gpu_pipeline_task: operator 'HASH_GROUP_BY' (id=3) output batch 0 column count mismatch: got 13, expected 10
[2026-09-07 12:58:48.044] [warning] [gpu_pipeline_task.cpp:77] gpu_pipeline_task: operator 'HASH_GROUP_BY' (id=3) output batch 0 column count mismatch: got 13, expected 10
[2026-09-07 12:58:48.044] [warning] [gpu_pipeline_task.cpp:77] gpu_pipeline_task: operator 'HASH_GROUP_BY' (id=3) output batch 0 column count mismatch: got 13, expected 10
[2026-09-07 12:58:48.044] [warning] [gpu_pipeline_task.cpp:77] gpu_pipeline_task: operator 'HASH_GROUP_BY' (id=3) output batch 0 column count mismatch: got 13, expected 10
[2026-09-07 12:58:48.044] [warning] [gpu_pipeline_task.cpp:77] gpu_pipeline_task: operator 'HASH_GROUP_BY' (id=3) output batch 0 column count mismatch: got 13, expected 10
[2026-09-07 12:58:48.046] [warning] [gpu_pipeline_task.cpp:77] gpu_pipeline_task: operator 'HASH_GROUP_BY' (id=3) output batch 0 column count mismatch: got 13, expected 10
[2026-09-07 12:58:48.049] [warning] [gpu_pipeline_task.cpp:77] gpu_pipeline_task: operator 'HASH_GROUP_BY' (id=3) output batch 0 column count mismatch: got 13, expected 10
[2026-09-07 12:58:48.049] [warning] [gpu_pipeline_task.cpp:77] gpu_pipeline_task: operator 'HASH_GROUP_BY' (id=3) output batch 0 column count mismatch: got 13, expected 10
[2026-09-07 12:58:48.050] [warning] [gpu_pipeline_task.cpp:77] gpu_pipeline_task: operator 'HASH_GROUP_BY' (id=3) output batch 0 column count mismatch: got 13, expected 10
[2026-09-07 12:58:48.050] [warning] [gpu_pipeline_task.cpp:77] gpu_pipeline_task: operator 'HASH_GROUP_BY' (id=3) output batch 0 column count mismatch: got 13, expected 10
[2026-09-07 12:58:48.051] [warning] [gpu_pipeline_task.cpp:77] gpu_pipeline_task: operator 'HASH_GROUP_BY' (id=3) output batch 0 column count mismatch: got 13, expected 10
[2026-09-07 12:58:48.051] [warning] [gpu_pipeline_task.cpp:77] gpu_pipeline_task: operator 'HASH_GROUP_BY' (id=3) output batch 0 column count mismatch: got 13, expected 10
[2026-09-07 12:58:48.052] [warning] [gpu_pipeline_task.cpp:77] gpu_pipeline_task: operator 'HASH_GROUP_BY' (id=3) output batch 0 column count mismatch: got 13, expected 10
[2026-09-07 12:58:48.052] [warning] [gpu_pipeline_task.cpp:77] gpu_pipeline_task: operator 'HASH_GROUP_BY' (id=3) output batch 0 column count mismatch: got 13, expected 10
[2026-09-07 12:58:48.056] [warning] [gpu_pipeline_task.cpp:77] gpu_pipeline_task: operator 'HASH_GROUP_BY' (id=3) output batch 0 column count mismatch: got 13, expected 10
[2026-09-07 12:58:48.057] [warning] [gpu_pipeline_task.cpp:77] gpu_pipeline_task: operator 'HASH_GROUP_BY' (id=3) output batch 0 column count mismatch: got 13, expected 10
[2026-09-07 12:58:48.057] [warning] [gpu_pipeline_task.cpp:77] gpu_pipeline_task: operator 'HASH_GROUP_BY' (id=3) output batch 0 column count mismatch: got 13, expected 10
[2026-09-07 12:58:48.057] [warning] [gpu_pipeline_task.cpp:77] gpu_pipeline_task: operator 'HASH_GROUP_BY' (id=3) output batch 0 column count mismatch: got 13, expected 10
[2026-09-07 12:58:48.058] [warning] [gpu_pipeline_task.cpp:77] gpu_pipeline_task: operator 'HASH_GROUP_BY' (id=3) output batch 0 column count mismatch: got 13, expected 10
[2026-09-07 12:58:48.058] [warning] [gpu_pipeline_task.cpp:77] gpu_pipeline_task: operator 'HASH_GROUP_BY' (id=3) output batch 0 column count mismatch: got 13, expected 10
[2026-09-07 12:58:48.058] [warning] [gpu_pipeline_task.cpp:77] gpu_pipeline_task: operator 'HASH_GROUP_BY' (id=3) output batch 0 column count mismatch: got 13, expected 10
[2026-09-07 12:58:48.059] [warning] [gpu_pipeline_task.cpp:77] gpu_pipeline_task: operator 'HASH_GROUP_BY' (id=3) output batch 0 column count mismatch: got 13, expected 10
[2026-09-07 12:58:48.063] [warning] [gpu_pipeline_task.cpp:77] gpu_pipeline_task: operator 'HASH_GROUP_BY' (id=3) output batch 0 column count mismatch: got 13, expected 10
[2026-09-07 12:58:48.064] [warning] [gpu_pipeline_task.cpp:77] gpu_pipeline_task: operator 'HASH_GROUP_BY' (id=3) output batch 0 column count mismatch: got 13, expected 10
[2026-09-07 12:58:48.064] [warning] [gpu_pipeline_task.cpp:77] gpu_pipeline_task: operator 'HASH_GROUP_BY' (id=3) output batch 0 column count mismatch: got 13, expected 10
[2026-09-07 12:58:48.064] [warning] [gpu_pipeline_task.cpp:77] gpu_pipeline_task: operator 'HASH_GROUP_BY' (id=3) output batch 0 column count mismatch: got 13, expected 10
[2026-09-07 12:58:48.065] [warning] [gpu_pipeline_task.cpp:77] gpu_pipeline_task: operator 'HASH_GROUP_BY' (id=3) output batch 0 column count mismatch: got 13, expected 10
[2026-09-07 12:58:48.065] [warning] [gpu_pipeline_task.cpp:77] gpu_pipeline_task: operator 'HASH_GROUP_BY' (id=3) output batch 0 column count mismatch: got 13, expected 10
[2026-09-07 12:58:48.065] [warning] [gpu_pipeline_task.cpp:77] gpu_pipeline_task: operator 'HASH_GROUP_BY' (id=3) output batch 0 column count mismatch: got 13, expected 10
[2026-09-07 12:58:48.067] [warning] [gpu_pipeline_task.cpp:77] gpu_pipeline_task: operator 'HASH_GROUP_BY' (id=3) output batch 0 column count mismatch: got 13, expected 10
[2026-09-07 12:58:48.070] [warning] [gpu_pipeline_task.cpp:77] gpu_pipeline_task: operator 'HASH_GROUP_BY' (id=3) output batch 0 column count mismatch: got 13, expected 10
[2026-09-07 12:58:48.070] [warning] [gpu_pipeline_task.cpp:77] gpu_pipeline_task: operator 'HASH_GROUP_BY' (id=3) output batch 0 column count mismatch: got 13, expected 10
[2026-09-07 12:58:48.071] [warning] [gpu_pipeline_task.cpp:77] gpu_pipeline_task: operator 'HASH_GROUP_BY' (id=3) output batch 0 column count mismatch: got 13, expected 10
[2026-09-07 12:58:48.071] [warning] [gpu_pipeline_task.cpp:77] gpu_pipeline_task: operator 'HASH_GROUP_BY' (id=3) output batch 0 column count mismatch: got 13, expected 10
[2026-09-07 12:58:48.072] [warning] [gpu_pipeline_task.cpp:77] gpu_pipeline_task: operator 'HASH_GROUP_BY' (id=3) output batch 0 column count mismatch: got 13, expected 10
[2026-09-07 12:58:48.072] [warning] [gpu_pipeline_task.cpp:77] gpu_pipeline_task: operator 'HASH_GROUP_BY' (id=3) output batch 0 column count mismatch: got 13, expected 10
[2026-09-07 12:58:48.073] [warning] [gpu_pipeline_task.cpp:77] gpu_pipeline_task: operator 'HASH_GROUP_BY' (id=3) output batch 0 column count mismatch: got 13, expected 10
[2026-09-07 12:58:48.073] [warning] [gpu_pipeline_task.cpp:77] gpu_pipeline_task: operator 'HASH_GROUP_BY' (id=3) output batch 0 column count mismatch: got 13, expected 10
[2026-09-07 12:58:48.076] [warning] [gpu_pipeline_task.cpp:77] gpu_pipeline_task: operator 'HASH_GROUP_BY' (id=3) output batch 0 column count mismatch: got 13, expected 10
[2026-09-07 12:58:48.077] [warning] [gpu_pipeline_task.cpp:77] gpu_pipeline_task: operator 'HASH_GROUP_BY' (id=3) output batch 0 column count mismatch: got 13, expected 10
[2026-09-07 12:58:48.078] [warning] [gpu_pipeline_task.cpp:77] gpu_pipeline_task: operator 'HASH_GROUP_BY' (id=3) output batch 0 column count mismatch: got 13, expected 10
[2026-09-07 12:58:48.078] [warning] [gpu_pipeline_task.cpp:77] gpu_pipeline_task: operator 'HASH_GROUP_BY' (id=3) output batch 0 column count mismatch: got 13, expected 10
[2026-09-07 12:58:48.078] [warning] [gpu_pipeline_task.cpp:77] gpu_pipeline_task: operator 'HASH_GROUP_BY' (id=3) output batch 0 column count mismatch: got 13, expected 10
[2026-09-07 12:58:48.079] [warning] [gpu_pipeline_task.cpp:77] gpu_pipeline_task: operator 'HASH_GROUP_BY' (id=3) output batch 0 column count mismatch: got 13, expected 10
[2026-09-07 12:58:48.079] [warning] [gpu_pipeline_task.cpp:77] gpu_pipeline_task: operator 'HASH_GROUP_BY' (id=3) output batch 0 column count mismatch: got 13, expected 10
[2026-09-07 12:58:48.080] [warning] [gpu_pipeline_task.cpp:77] gpu_pipeline_task: operator 'HASH_GROUP_BY' (id=3) output batch 0 column count mismatch: got 13, expected 10
[2026-09-07 12:58:48.082] [warning] [gpu_pipeline_task.cpp:77] gpu_pipeline_task: operator 'HASH_GROUP_BY' (id=3) output batch 0 column count mismatch: got 13, expected 10
[2026-09-07 12:58:48.083] [warning] [gpu_pipeline_task.cpp:77] gpu_pipeline_task: operator 'HASH_GROUP_BY' (id=3) output batch 0 column count mismatch: got 13, expected 10
[2026-09-07 12:58:48.083] [warning] [gpu_pipeline_task.cpp:77] gpu_pipeline_task: operator 'HASH_GROUP_BY' (id=3) output batch 0 column count mismatch: got 13, expected 10
[2026-09-07 12:58:48.083] [warning] [gpu_pipeline_task.cpp:77] gpu_pipeline_task: operator 'HASH_GROUP_BY' (id=3) output batch 0 column count mismatch: got 13, expected 10
[2026-09-07 12:58:48.084] [warning] [gpu_pipeline_task.cpp:77] gpu_pipeline_task: operator 'HASH_GROUP_BY' (id=3) output batch 0 column count mismatch: got 13, expected 10
[2026-09-07 12:58:48.084] [warning] [gpu_pipeline_task.cpp:77] gpu_pipeline_task: operator 'HASH_GROUP_BY' (id=3) output batch 0 column count mismatch: got 13, expected 10
[2026-09-07 12:58:48.085] [warning] [gpu_pipeline_task.cpp:77] gpu_pipeline_task: operator 'HASH_GROUP_BY' (id=3) output batch 0 column count mismatch: got 13, expected 10
[2026-09-07 12:58:48.085] [warning] [gpu_pipeline_task.cpp:77] gpu_pipeline_task: operator 'HASH_GROUP_BY' (id=3) output batch 0 column count mismatch: got 13, expected 10
[2026-09-07 12:58:48.085] [warning] [gpu_pipeline_task.cpp:77] gpu_pipeline_task: operator 'HASH_GROUP_BY' (id=3) output batch 0 column count mismatch: got 13, expected 10
[2026-09-07 12:58:48.085] [warning] [gpu_pipeline_task.cpp:77] gpu_pipeline_task: operator 'HASH_GROUP_BY' (id=3) output batch 0 column count mismatch: got 13, expected 10
[2026-09-07 12:58:48.085] [warning] [gpu_pipeline_task.cpp:77] gpu_pipeline_task: operator 'HASH_GROUP_BY' (id=3) output batch 0 column count mismatch: got 13, expected 10
[2026-09-07 12:58:48.086] [warning] [gpu_pipeline_task.cpp:77] gpu_pipeline_task: operator 'HASH_GROUP_BY' (id=3) output batch 0 column count mismatch: got 13, expected 10
[2026-09-07 12:58:48.086] [warning] [gpu_pipeline_task.cpp:77] gpu_pipeline_task: operator 'HASH_GROUP_BY' (id=3) output batch 0 column count mismatch: got 13, expected 10
[2026-09-07 12:58:48.086] [warning] [gpu_pipeline_task.cpp:77] gpu_pipeline_task: operator 'HASH_GROUP_BY' (id=3) output batch 0 column count mismatch: got 13, expected 10
[2026-09-07 12:58:48.086] [warning] [gpu_pipeline_task.cpp:77] gpu_pipeline_task: operator 'HASH_GROUP_BY' (id=3) output batch 0 column count mismatch: got 13, expected 10
[2026-09-07 12:58:48.086] [warning] [gpu_pipeline_task.cpp:77] gpu_pipeline_task: operator 'HASH_GROUP_BY' (id=3) output batch 0 column count mismatch: got 13, expected 10
[2026-09-07 12:58:48.086] [warning] [gpu_pipeline_task.cpp:77] gpu_pipeline_task: operator 'HASH_GROUP_BY' (id=3) output batch 0 column count mismatch: got 13, expected 10
[2026-09-07 12:58:48.087] [warning] [gpu_pipeline_task.cpp:77] gpu_pipeline_task: operator 'HASH_GROUP_BY' (id=3) output batch 0 column count mismatch: got 13, expected 10
[2026-09-07 12:58:48.087] [warning] [gpu_pipeline_task.cpp:77] gpu_pipeline_task: operator 'HASH_GROUP_BY' (id=3) output batch 0 column count mismatch: got 13, expected 10
[2026-09-07 12:58:48.087] [warning] [gpu_pipeline_task.cpp:77] gpu_pipeline_task: operator 'HASH_GROUP_BY' (id=3) output batch 0 column count mismatch: got 13, expected 10
[2026-09-07 12:58:48.087] [warning] [gpu_pipeline_task.cpp:77] gpu_pipeline_task: operator 'HASH_GROUP_BY' (id=3) output batch 0 column count mismatch: got 13, expected 10
[2026-09-07 12:58:48.087] [warning] [gpu_pipeline_task.cpp:77] gpu_pipeline_task: operator 'HASH_GROUP_BY' (id=3) output batch 0 column count mismatch: got 13, expected 10
[2026-09-07 12:58:48.087] [warning] [gpu_pipeline_task.cpp:77] gpu_pipeline_task: operator 'HASH_GROUP_BY' (id=3) output batch 0 column count mismatch: got 13, expected 10
[2026-09-07 12:58:48.088] [warning] [gpu_pipeline_task.cpp:77] gpu_pipeline_task: operator 'HASH_GROUP_BY' (id=3) output batch 0 column count mismatch: got 13, expected 10
[2026-09-07 12:58:48.088] [warning] [gpu_pipeline_task.cpp:77] gpu_pipeline_task: operator 'HASH_GROUP_BY' (id=3) output batch 0 column count mismatch: got 13, expected 10
[2026-09-07 12:58:48.088] [warning] [gpu_pipeline_task.cpp:77] gpu_pipeline_task: operator 'HASH_GROUP_BY' (id=3) output batch 0 column count mismatch: got 13, expected 10
[2026-09-07 12:58:48.088] [warning] [gpu_pipeline_task.cpp:77] gpu_pipeline_task: operator 'HASH_GROUP_BY' (id=3) output batch 0 column count mismatch: got 13, expected 10
[2026-09-07 12:58:48.088] [warning] [gpu_pipeline_task.cpp:77] gpu_pipeline_task: operator 'HASH_GROUP_BY' (id=3) output batch 0 column count mismatch: got 13, expected 10
[2026-09-07 12:58:48.089] [warning] [gpu_pipeline_task.cpp:77] gpu_pipeline_task: operator 'HASH_GROUP_BY' (id=3) output batch 0 column count mismatch: got 13, expected 10
[2026-09-07 12:58:48.089] [warning] [gpu_pipeline_task.cpp:77] gpu_pipeline_task: operator 'HASH_GROUP_BY' (id=3) output batch 0 column count mismatch: got 13, expected 10
[2026-09-07 12:58:48.089] [warning] [gpu_pipeline_task.cpp:77] gpu_pipeline_task: operator 'HASH_GROUP_BY' (id=3) output batch 0 column count mismatch: got 13, expected 10
[2026-09-07 12:58:48.089] [warning] [gpu_pipeline_task.cpp:77] gpu_pipeline_task: operator 'HASH_GROUP_BY' (id=3) output batch 0 column count mismatch: got 13, expected 10
[2026-09-07 12:58:48.089] [warning] [gpu_pipeline_task.cpp:77] gpu_pipeline_task: operator 'HASH_GROUP_BY' (id=3) output batch 0 column count mismatch: got 13, expected 10
[2026-09-07 12:58:48.089] [warning] [gpu_pipeline_task.cpp:77] gpu_pipeline_task: operator 'HASH_GROUP_BY' (id=3) output batch 0 column count mismatch: got 13, expected 10
[2026-09-07 12:58:48.089] [warning] [gpu_pipeline_task.cpp:77] gpu_pipeline_task: operator 'HASH_GROUP_BY' (id=3) output batch 0 column count mismatch: got 13, expected 10
[2026-09-07 12:58:48.089] [warning] [gpu_pipeline_task.cpp:77] gpu_pipeline_task: operator 'HASH_GROUP_BY' (id=3) output batch 0 column count mismatch: got 13, expected 10
[2026-09-07 12:58:48.090] [warning] [gpu_pipeline_task.cpp:77] gpu_pipeline_task: operator 'HASH_GROUP_BY' (id=3) output batch 0 column count mismatch: got 13, expected 10
[2026-09-07 12:58:48.090] [warning] [gpu_pipeline_task.cpp:77] gpu_pipeline_task: operator 'HASH_GROUP_BY' (id=3) output batch 0 column count mismatch: got 13, expected 10
[2026-09-07 12:58:48.090] [warning] [gpu_pipeline_task.cpp:77] gpu_pipeline_task: operator 'HASH_GROUP_BY' (id=3) output batch 0 column count mismatch: got 13, expected 10
[2026-09-07 12:58:48.090] [warning] [gpu_pipeline_task.cpp:77] gpu_pipeline_task: operator 'HASH_GROUP_BY' (id=3) output batch 0 column count mismatch: got 13, expected 10
[2026-09-07 12:58:48.090] [warning] [gpu_pipeline_task.cpp:77] gpu_pipeline_task: operator 'HASH_GROUP_BY' (id=3) output batch 0 column count mismatch: got 13, expected 10
[2026-09-07 12:58:48.091] [warning] [gpu_pipeline_task.cpp:77] gpu_pipeline_task: operator 'HASH_GROUP_BY' (id=3) output batch 0 column count mismatch: got 13, expected 10
[2026-09-07 12:58:48.091] [warning] [gpu_pipeline_task.cpp:77] gpu_pipeline_task: operator 'HASH_GROUP_BY' (id=3) output batch 0 column count mismatch: got 13, expected 10
[2026-09-07 12:58:48.091] [warning] [gpu_pipeline_task.cpp:77] gpu_pipeline_task: operator 'HASH_GROUP_BY' (id=3) output batch 0 column count mismatch: got 13, expected 10
[2026-09-07 12:58:48.091] [warning] [gpu_pipeline_task.cpp:77] gpu_pipeline_task: operator 'HASH_GROUP_BY' (id=3) output batch 0 column count mismatch: got 13, expected 10
[2026-09-07 12:58:48.091] [warning] [gpu_pipeline_task.cpp:77] gpu_pipeline_task: operator 'HASH_GROUP_BY' (id=3) output batch 0 column count mismatch: got 13, expected 10
[2026-09-07 12:58:48.091] [warning] [gpu_pipeline_task.cpp:77] gpu_pipeline_task: operator 'HASH_GROUP_BY' (id=3) output batch 0 column count mismatch: got 13, expected 10
[2026-09-07 12:58:48.091] [warning] [gpu_pipeline_task.cpp:77] gpu_pipeline_task: operator 'HASH_GROUP_BY' (id=3) output batch 0 column count mismatch: got 13, expected 10
[2026-09-07 12:58:48.092] [warning] [gpu_pipeline_task.cpp:77] gpu_pipeline_task: operator 'HASH_GROUP_BY' (id=3) output batch 0 column count mismatch: got 13, expected 10
[2026-09-07 12:58:48.092] [warning] [gpu_pipeline_task.cpp:77] gpu_pipeline_task: operator 'HASH_GROUP_BY' (id=3) output batch 0 column count mismatch: got 13, expected 10
[2026-09-07 12:58:48.092] [warning] [gpu_pipeline_task.cpp:77] gpu_pipeline_task: operator 'HASH_GROUP_BY' (id=3) output batch 0 column count mismatch: got 13, expected 10
[2026-09-07 12:58:48.092] [warning] [gpu_pipeline_task.cpp:77] gpu_pipeline_task: operator 'HASH_GROUP_BY' (id=3) output batch 0 column count mismatch: got 13, expected 10
[2026-09-07 12:58:48.092] [warning] [gpu_pipeline_task.cpp:77] gpu_pipeline_task: operator 'HASH_GROUP_BY' (id=3) output batch 0 column count mismatch: got 13, expected 10
[2026-09-07 12:58:48.092] [warning] [gpu_pipeline_task.cpp:77] gpu_pipeline_task: operator 'HASH_GROUP_BY' (id=3) output batch 0 column count mismatch: got 13, expected 10
[2026-09-07 12:58:48.093] [warning] [gpu_pipeline_task.cpp:77] gpu_pipeline_task: operator 'PARTITION' (id=4) output batch 0 column count mismatch: got 13, expected 10
[2026-09-07 12:58:48.093] [warning] [gpu_pipeline_task.cpp:77] gpu_pipeline_task: operator 'PARTITION' (id=4) output batch 0 column count mismatch: got 13, expected 10
[2026-09-07 12:58:48.093] [warning] [gpu_pipeline_task.cpp:77] gpu_pipeline_task: operator 'PARTITION' (id=4) output batch 0 column count mismatch: got 13, expected 10
[2026-09-07 12:58:48.093] [warning] [gpu_pipeline_task.cpp:77] gpu_pipeline_task: operator 'PARTITION' (id=4) output batch 0 column count mismatch: got 13, expected 10
[2026-09-07 12:58:48.093] [warning] [gpu_pipeline_task.cpp:77] gpu_pipeline_task: operator 'PARTITION' (id=4) output batch 0 column count mismatch: got 13, expected 10
[2026-09-07 12:58:48.093] [warning] [gpu_pipeline_task.cpp:77] gpu_pipeline_task: operator 'PARTITION' (id=4) output batch 0 column count mismatch: got 13, expected 10
[2026-09-07 12:58:48.093] [warning] [gpu_pipeline_task.cpp:77] gpu_pipeline_task: operator 'PARTITION' (id=4) output batch 0 column count mismatch: got 13, expected 10
[2026-09-07 12:58:48.093] [warning] [gpu_pipeline_task.cpp:77] gpu_pipeline_task: operator 'PARTITION' (id=4) output batch 0 column count mismatch: got 13, expected 10
[2026-09-07 12:58:48.093] [warning] [gpu_pipeline_task.cpp:77] gpu_pipeline_task: operator 'PARTITION' (id=4) output batch 0 column count mismatch: got 13, expected 10
[2026-09-07 12:58:48.093] [warning] [gpu_pipeline_task.cpp:77] gpu_pipeline_task: operator 'PARTITION' (id=4) output batch 0 column count mismatch: got 13, expected 10
[2026-09-07 12:58:48.093] [warning] [gpu_pipeline_task.cpp:77] gpu_pipeline_task: operator 'PARTITION' (id=4) output batch 0 column count mismatch: got 13, expected 10
[2026-09-07 12:58:48.093] [warning] [gpu_pipeline_task.cpp:77] gpu_pipeline_task: operator 'PARTITION' (id=4) output batch 0 column count mismatch: got 13, expected 10
[2026-09-07 12:58:48.093] [warning] [gpu_pipeline_task.cpp:77] gpu_pipeline_task: operator 'PARTITION' (id=4) output batch 0 column count mismatch: got 13, expected 10
[2026-09-07 12:58:48.093] [warning] [gpu_pipeline_task.cpp:77] gpu_pipeline_task: operator 'PARTITION' (id=4) output batch 0 column count mismatch: got 13, expected 10
[2026-09-07 12:58:48.093] [warning] [gpu_pipeline_task.cpp:77] gpu_pipeline_task: operator 'PARTITION' (id=4) output batch 0 column count mismatch: got 13, expected 10
[2026-09-07 12:58:48.093] [warning] [gpu_pipeline_task.cpp:77] gpu_pipeline_task: operator 'PARTITION' (id=4) output batch 0 column count mismatch: got 13, expected 10
[2026-09-07 12:58:48.093] [warning] [gpu_pipeline_task.cpp:77] gpu_pipeline_task: operator 'PARTITION' (id=4) output batch 0 column count mismatch: got 13, expected 10
[2026-09-07 12:58:48.093] [warning] [gpu_pipeline_task.cpp:77] gpu_pipeline_task: operator 'PARTITION' (id=4) output batch 0 column count mismatch: got 13, expected 10
[2026-09-07 12:58:48.093] [warning] [gpu_pipeline_task.cpp:77] gpu_pipeline_task: operator 'PARTITION' (id=4) output batch 0 column count mismatch: got 13, expected 10
[2026-09-07 12:58:48.093] [warning] [gpu_pipeline_task.cpp:77] gpu_pipeline_task: operator 'PARTITION' (id=4) output batch 0 column count mismatch: got 13, expected 10
[2026-09-07 12:58:48.093] [warning] [gpu_pipeline_task.cpp:77] gpu_pipeline_task: operator 'PARTITION' (id=4) output batch 0 column count mismatch: got 13, expected 10
[2026-09-07 12:58:48.093] [warning] [gpu_pipeline_task.cpp:77] gpu_pipeline_task: operator 'PARTITION' (id=4) output batch 0 column count mismatch: got 13, expected 10
[2026-09-07 12:58:48.093] [warning] [gpu_pipeline_task.cpp:77] gpu_pipeline_task: operator 'PARTITION' (id=4) output batch 0 column count mismatch: got 13, expected 10
[2026-09-07 12:58:48.093] [warning] [gpu_pipeline_task.cpp:77] gpu_pipeline_task: operator 'PARTITION' (id=4) output batch 0 column count mismatch: got 13, expected 10
[2026-09-07 12:58:48.093] [warning] [gpu_pipeline_task.cpp:77] gpu_pipeline_task: operator 'PARTITION' (id=4) output batch 0 column count mismatch: got 13, expected 10
[2026-09-07 12:58:48.093] [warning] [gpu_pipeline_task.cpp:77] gpu_pipeline_task: operator 'PARTITION' (id=4) output batch 0 column count mismatch: got 13, expected 10
[2026-09-07 12:58:48.093] [warning] [gpu_pipeline_task.cpp:77] gpu_pipeline_task: operator 'PARTITION' (id=4) output batch 0 column count mismatch: got 13, expected 10
[2026-09-07 12:58:48.093] [warning] [gpu_pipeline_task.cpp:77] gpu_pipeline_task: operator 'PARTITION' (id=4) output batch 0 column count mismatch: got 13, expected 10
[2026-09-07 12:58:48.093] [warning] [gpu_pipeline_task.cpp:77] gpu_pipeline_task: operator 'PARTITION' (id=4) output batch 0 column count mismatch: got 13, expected 10
[2026-09-07 12:58:48.093] [warning] [gpu_pipeline_task.cpp:77] gpu_pipeline_task: operator 'PARTITION' (id=4) output batch 0 column count mismatch: got 13, expected 10
[2026-09-07 12:58:48.094] [warning] [gpu_pipeline_task.cpp:77] gpu_pipeline_task: operator 'PARTITION' (id=4) output batch 0 column count mismatch: got 13, expected 10
[2026-09-07 12:58:48.094] [warning] [gpu_pipeline_task.cpp:77] gpu_pipeline_task: operator 'PARTITION' (id=4) output batch 0 column count mismatch: got 13, expected 10
[2026-09-07 12:58:48.094] [warning] [gpu_pipeline_task.cpp:77] gpu_pipeline_task: operator 'PARTITION' (id=4) output batch 0 column count mismatch: got 13, expected 10
[2026-09-07 12:58:48.094] [warning] [gpu_pipeline_task.cpp:77] gpu_pipeline_task: operator 'PARTITION' (id=4) output batch 0 column count mismatch: got 13, expected 10
[2026-09-07 12:58:48.094] [warning] [gpu_pipeline_task.cpp:77] gpu_pipeline_task: operator 'PARTITION' (id=4) output batch 0 column count mismatch: got 13, expected 10
[2026-09-07 12:58:48.094] [warning] [gpu_pipeline_task.cpp:77] gpu_pipeline_task: operator 'PARTITION' (id=4) output batch 0 column count mismatch: got 13, expected 10
[2026-09-07 12:58:48.094] [warning] [gpu_pipeline_task.cpp:77] gpu_pipeline_task: operator 'PARTITION' (id=4) output batch 0 column count mismatch: got 13, expected 10
[2026-09-07 12:58:48.094] [warning] [gpu_pipeline_task.cpp:77] gpu_pipeline_task: operator 'PARTITION' (id=4) output batch 0 column count mismatch: got 13, expected 10
[2026-09-07 12:58:48.094] [warning] [gpu_pipeline_task.cpp:77] gpu_pipeline_task: operator 'PARTITION' (id=4) output batch 0 column count mismatch: got 13, expected 10
[2026-09-07 12:58:48.094] [warning] [gpu_pipeline_task.cpp:77] gpu_pipeline_task: operator 'PARTITION' (id=4) output batch 0 column count mismatch: got 13, expected 10
[2026-09-07 12:58:48.094] [warning] [gpu_pipeline_task.cpp:77] gpu_pipeline_task: operator 'PARTITION' (id=4) output batch 0 column count mismatch: got 13, expected 10
[2026-09-07 12:58:48.094] [warning] [gpu_pipeline_task.cpp:77] gpu_pipeline_task: operator 'PARTITION' (id=4) output batch 0 column count mismatch: got 13, expected 10
[2026-09-07 12:58:48.094] [warning] [gpu_pipeline_task.cpp:77] gpu_pipeline_task: operator 'PARTITION' (id=4) output batch 0 column count mismatch: got 13, expected 10
[2026-09-07 12:58:48.094] [warning] [gpu_pipeline_task.cpp:77] gpu_pipeline_task: operator 'PARTITION' (id=4) output batch 0 column count mismatch: got 13, expected 10
[2026-09-07 12:58:48.094] [warning] [gpu_pipeline_task.cpp:77] gpu_pipeline_task: operator 'PARTITION' (id=4) output batch 0 column count mismatch: got 13, expected 10
[2026-09-07 12:58:48.094] [warning] [gpu_pipeline_task.cpp:77] gpu_pipeline_task: operator 'PARTITION' (id=4) output batch 0 column count mismatch: got 13, expected 10
[2026-09-07 12:58:48.094] [warning] [gpu_pipeline_task.cpp:77] gpu_pipeline_task: operator 'PARTITION' (id=4) output batch 0 column count mismatch: got 13, expected 10
[2026-09-07 12:58:48.094] [warning] [gpu_pipeline_task.cpp:77] gpu_pipeline_task: operator 'PARTITION' (id=4) output batch 0 column count mismatch: got 13, expected 10
[2026-09-07 12:58:48.094] [warning] [gpu_pipeline_task.cpp:77] gpu_pipeline_task: operator 'PARTITION' (id=4) output batch 0 column count mismatch: got 13, expected 10
[2026-09-07 12:58:48.094] [warning] [gpu_pipeline_task.cpp:77] gpu_pipeline_task: operator 'PARTITION' (id=4) output batch 0 column count mismatch: got 13, expected 10
[2026-09-07 12:58:48.094] [warning] [gpu_pipeline_task.cpp:77] gpu_pipeline_task: operator 'PARTITION' (id=4) output batch 0 column count mismatch: got 13, expected 10
[2026-09-07 12:58:48.094] [warning] [gpu_pipeline_task.cpp:77] gpu_pipeline_task: operator 'PARTITION' (id=4) output batch 0 column count mismatch: got 13, expected 10
[2026-09-07 12:58:48.094] [warning] [gpu_pipeline_task.cpp:77] gpu_pipeline_task: operator 'PARTITION' (id=4) output batch 0 column count mismatch: got 13, expected 10
[2026-09-07 12:58:48.094] [warning] [gpu_pipeline_task.cpp:77] gpu_pipeline_task: operator 'PARTITION' (id=4) output batch 0 column count mismatch: got 13, expected 10
[2026-09-07 12:58:48.094] [warning] [gpu_pipeline_task.cpp:77] gpu_pipeline_task: operator 'PARTITION' (id=4) output batch 0 column count mismatch: got 13, expected 10
[2026-09-07 12:58:48.094] [warning] [gpu_pipeline_task.cpp:77] gpu_pipeline_task: operator 'PARTITION' (id=4) output batch 0 column count mismatch: got 13, expected 10
[2026-09-07 12:58:48.094] [warning] [gpu_pipeline_task.cpp:77] gpu_pipeline_task: operator 'PARTITION' (id=4) output batch 0 column count mismatch: got 13, expected 10
[2026-09-07 12:58:48.094] [warning] [gpu_pipeline_task.cpp:77] gpu_pipeline_task: operator 'PARTITION' (id=4) output batch 0 column count mismatch: got 13, expected 10
[2026-09-07 12:58:48.094] [warning] [gpu_pipeline_task.cpp:77] gpu_pipeline_task: operator 'PARTITION' (id=4) output batch 0 column count mismatch: got 13, expected 10
[2026-09-07 12:58:48.094] [warning] [gpu_pipeline_task.cpp:77] gpu_pipeline_task: operator 'PARTITION' (id=4) output batch 0 column count mismatch: got 13, expected 10
[2026-09-07 12:58:48.094] [warning] [gpu_pipeline_task.cpp:77] gpu_pipeline_task: operator 'PARTITION' (id=4) output batch 0 column count mismatch: got 13, expected 10
[2026-09-07 12:58:48.094] [warning] [gpu_pipeline_task.cpp:77] gpu_pipeline_task: operator 'PARTITION' (id=4) output batch 0 column count mismatch: got 13, expected 10
[2026-09-07 12:58:48.094] [warning] [gpu_pipeline_task.cpp:77] gpu_pipeline_task: operator 'PARTITION' (id=4) output batch 0 column count mismatch: got 13, expected 10
[2026-09-07 12:58:48.094] [warning] [gpu_pipeline_task.cpp:77] gpu_pipeline_task: operator 'PARTITION' (id=4) output batch 0 column count mismatch: got 13, expected 10
[2026-09-07 12:58:48.094] [warning] [gpu_pipeline_task.cpp:77] gpu_pipeline_task: operator 'PARTITION' (id=4) output batch 0 column count mismatch: got 13, expected 10
[2026-09-07 12:58:48.094] [warning] [gpu_pipeline_task.cpp:77] gpu_pipeline_task: operator 'PARTITION' (id=4) output batch 0 column count mismatch: got 13, expected 10
[2026-09-07 12:58:48.094] [warning] [gpu_pipeline_task.cpp:77] gpu_pipeline_task: operator 'PARTITION' (id=4) output batch 0 column count mismatch: got 13, expected 10
[2026-09-07 12:58:48.094] [warning] [gpu_pipeline_task.cpp:77] gpu_pipeline_task: operator 'PARTITION' (id=4) output batch 0 column count mismatch: got 13, expected 10
[2026-09-07 12:58:48.094] [warning] [gpu_pipeline_task.cpp:77] gpu_pipeline_task: operator 'PARTITION' (id=4) output batch 0 column count mismatch: got 13, expected 10
[2026-09-07 12:58:48.094] [warning] [gpu_pipeline_task.cpp:77] gpu_pipeline_task: operator 'PARTITION' (id=4) output batch 0 column count mismatch: got 13, expected 10
[2026-09-07 12:58:48.094] [warning] [gpu_pipeline_task.cpp:77] gpu_pipeline_task: operator 'PARTITION' (id=4) output batch 0 column count mismatch: got 13, expected 10
[2026-09-07 12:58:48.094] [warning] [gpu_pipeline_task.cpp:77] gpu_pipeline_task: operator 'PARTITION' (id=4) output batch 0 column count mismatch: got 13, expected 10
[2026-09-07 12:58:48.094] [warning] [gpu_pipeline_task.cpp:77] gpu_pipeline_task: operator 'PARTITION' (id=4) output batch 0 column count mismatch: got 13, expected 10
[2026-09-07 12:58:48.094] [warning] [gpu_pipeline_task.cpp:77] gpu_pipeline_task: operator 'PARTITION' (id=4) output batch 0 column count mismatch: got 13, expected 10
[2026-09-07 12:58:48.094] [warning] [gpu_pipeline_task.cpp:77] gpu_pipeline_task: operator 'PARTITION' (id=4) output batch 0 column count mismatch: got 13, expected 10
[2026-09-07 12:58:48.094] [warning] [gpu_pipeline_task.cpp:77] gpu_pipeline_task: operator 'PARTITION' (id=4) output batch 0 column count mismatch: got 13, expected 10
[2026-09-07 12:58:48.094] [warning] [gpu_pipeline_task.cpp:77] gpu_pipeline_task: operator 'PARTITION' (id=4) output batch 0 column count mismatch: got 13, expected 10
[2026-09-07 12:58:48.094] [warning] [gpu_pipeline_task.cpp:77] gpu_pipeline_task: operator 'PARTITION' (id=4) output batch 0 column count mismatch: got 13, expected 10
[2026-09-07 12:58:48.094] [warning] [gpu_pipeline_task.cpp:77] gpu_pipeline_task: operator 'PARTITION' (id=4) output batch 0 column count mismatch: got 13, expected 10
[2026-09-07 12:58:48.094] [warning] [gpu_pipeline_task.cpp:77] gpu_pipeline_task: operator 'PARTITION' (id=4) output batch 0 column count mismatch: got 13, expected 10
[2026-09-07 12:58:48.094] [warning] [gpu_pipeline_task.cpp:77] gpu_pipeline_task: operator 'PARTITION' (id=4) output batch 0 column count mismatch: got 13, expected 10
[2026-09-07 12:58:48.094] [warning] [gpu_pipeline_task.cpp:77] gpu_pipeline_task: operator 'PARTITION' (id=4) output batch 0 column count mismatch: got 13, expected 10
[2026-09-07 12:58:48.094] [warning] [gpu_pipeline_task.cpp:77] gpu_pipeline_task: operator 'PARTITION' (id=4) output batch 0 column count mismatch: got 13, expected 10
[2026-09-07 12:58:48.094] [warning] [gpu_pipeline_task.cpp:77] gpu_pipeline_task: operator 'PARTITION' (id=4) output batch 0 column count mismatch: got 13, expected 10
[2026-09-07 12:58:48.094] [warning] [gpu_pipeline_task.cpp:77] gpu_pipeline_task: operator 'PARTITION' (id=4) output batch 0 column count mismatch: got 13, expected 10
[2026-09-07 12:58:48.094] [warning] [gpu_pipeline_task.cpp:77] gpu_pipeline_task: operator 'PARTITION' (id=4) output batch 0 column count mismatch: got 13, expected 10
[2026-09-07 12:58:48.095] [warning] [gpu_pipeline_task.cpp:77] gpu_pipeline_task: operator 'PARTITION' (id=4) output batch 0 column count mismatch: got 13, expected 10
[2026-09-07 12:58:48.095] [warning] [gpu_pipeline_task.cpp:77] gpu_pipeline_task: operator 'PARTITION' (id=4) output batch 0 column count mismatch: got 13, expected 10
[2026-09-07 12:58:48.095] [warning] [gpu_pipeline_task.cpp:77] gpu_pipeline_task: operator 'PARTITION' (id=4) output batch 0 column count mismatch: got 13, expected 10
[2026-09-07 12:58:48.095] [warning] [gpu_pipeline_task.cpp:77] gpu_pipeline_task: operator 'PARTITION' (id=4) output batch 0 column count mismatch: got 13, expected 10
[2026-09-07 12:58:48.095] [warning] [gpu_pipeline_task.cpp:77] gpu_pipeline_task: operator 'PARTITION' (id=4) output batch 0 column count mismatch: got 13, expected 10
[2026-09-07 12:58:48.095] [warning] [gpu_pipeline_task.cpp:77] gpu_pipeline_task: operator 'PARTITION' (id=4) output batch 0 column count mismatch: got 13, expected 10
[2026-09-07 12:58:48.095] [warning] [gpu_pipeline_task.cpp:77] gpu_pipeline_task: operator 'PARTITION' (id=4) output batch 0 column count mismatch: got 13, expected 10
[2026-09-07 12:58:48.095] [warning] [gpu_pipeline_task.cpp:77] gpu_pipeline_task: operator 'PARTITION' (id=4) output batch 0 column count mismatch: got 13, expected 10
[2026-09-07 12:58:48.095] [warning] [gpu_pipeline_task.cpp:77] gpu_pipeline_task: operator 'PARTITION' (id=4) output batch 0 column count mismatch: got 13, expected 10
[2026-09-07 12:58:48.095] [warning] [gpu_pipeline_task.cpp:77] gpu_pipeline_task: operator 'PARTITION' (id=4) output batch 0 column count mismatch: got 13, expected 10
[2026-09-07 12:58:48.095] [warning] [gpu_pipeline_task.cpp:77] gpu_pipeline_task: operator 'PARTITION' (id=4) output batch 0 column count mismatch: got 13, expected 10
[2026-09-07 12:58:48.095] [warning] [gpu_pipeline_task.cpp:77] gpu_pipeline_task: operator 'PARTITION' (id=4) output batch 0 column count mismatch: got 13, expected 10
[2026-09-07 12:58:48.095] [warning] [gpu_pipeline_task.cpp:77] gpu_pipeline_task: operator 'PARTITION' (id=4) output batch 0 column count mismatch: got 13, expected 10
[2026-09-07 12:58:48.095] [warning] [gpu_pipeline_task.cpp:77] gpu_pipeline_task: operator 'PARTITION' (id=4) output batch 0 column count mismatch: got 13, expected 10
[2026-09-07 12:58:48.095] [warning] [gpu_pipeline_task.cpp:77] gpu_pipeline_task: operator 'PARTITION' (id=4) output batch 0 column count mismatch: got 13, expected 10
[2026-09-07 12:58:48.095] [warning] [gpu_pipeline_task.cpp:77] gpu_pipeline_task: operator 'PARTITION' (id=4) output batch 0 column count mismatch: got 13, expected 10
[2026-09-07 12:58:48.095] [warning] [gpu_pipeline_task.cpp:77] gpu_pipeline_task: operator 'PARTITION' (id=4) output batch 0 column count mismatch: got 13, expected 10
[2026-09-07 12:58:48.095] [warning] [gpu_pipeline_task.cpp:77] gpu_pipeline_task: operator 'PARTITION' (id=4) output batch 0 column count mismatch: got 13, expected 10
[2026-09-07 12:58:48.095] [warning] [gpu_pipeline_task.cpp:77] gpu_pipeline_task: operator 'PARTITION' (id=4) output batch 0 column count mismatch: got 13, expected 10
[2026-09-07 12:58:48.095] [warning] [gpu_pipeline_task.cpp:77] gpu_pipeline_task: operator 'PARTITION' (id=4) output batch 0 column count mismatch: got 13, expected 10
[2026-09-07 12:58:48.095] [warning] [gpu_pipeline_task.cpp:77] gpu_pipeline_task: operator 'PARTITION' (id=4) output batch 0 column count mismatch: got 13, expected 10
[2026-09-07 12:58:48.095] [warning] [gpu_pipeline_task.cpp:77] gpu_pipeline_task: operator 'PARTITION' (id=4) output batch 0 column count mismatch: got 13, expected 10
[2026-09-07 12:58:48.095] [warning] [gpu_pipeline_task.cpp:77] gpu_pipeline_task: operator 'PARTITION' (id=4) output batch 0 column count mismatch: got 13, expected 10
[2026-09-07 12:58:48.095] [warning] [gpu_pipeline_task.cpp:77] gpu_pipeline_task: operator 'PARTITION' (id=4) output batch 0 column count mismatch: got 13, expected 10
[2026-09-07 12:58:48.095] [warning] [gpu_pipeline_task.cpp:77] gpu_pipeline_task: operator 'PARTITION' (id=4) output batch 0 column count mismatch: got 13, expected 10
[2026-09-07 12:58:48.095] [warning] [gpu_pipeline_task.cpp:77] gpu_pipeline_task: operator 'PARTITION' (id=4) output batch 0 column count mismatch: got 13, expected 10
[2026-09-07 12:58:48.095] [warning] [gpu_pipeline_task.cpp:77] gpu_pipeline_task: operator 'PARTITION' (id=4) output batch 0 column count mismatch: got 13, expected 10
[2026-09-07 12:58:48.095] [warning] [gpu_pipeline_task.cpp:77] gpu_pipeline_task: operator 'PARTITION' (id=4) output batch 0 column count mismatch: got 13, expected 10
[2026-09-07 12:58:48.095] [warning] [gpu_pipeline_task.cpp:77] gpu_pipeline_task: operator 'PARTITION' (id=4) output batch 0 column count mismatch: got 13, expected 10
[2026-09-07 12:58:48.095] [warning] [gpu_pipeline_task.cpp:77] gpu_pipeline_task: operator 'PARTITION' (id=4) output batch 0 column count mismatch: got 13, expected 10
[2026-09-07 12:58:48.095] [warning] [gpu_pipeline_task.cpp:77] gpu_pipeline_task: operator 'PARTITION' (id=4) output batch 0 column count mismatch: got 13, expected 10
[2026-09-07 12:58:48.095] [warning] [gpu_pipeline_task.cpp:77] gpu_pipeline_task: operator 'PARTITION' (id=4) output batch 0 column count mismatch: got 13, expected 10
[2026-09-07 12:58:48.095] [warning] [gpu_pipeline_task.cpp:77] gpu_pipeline_task: operator 'PARTITION' (id=4) output batch 0 column count mismatch: got 13, expected 10
[2026-09-07 12:58:48.095] [warning] [gpu_pipeline_task.cpp:77] gpu_pipeline_task: operator 'PARTITION' (id=4) output batch 0 column count mismatch: got 13, expected 10
[2026-09-07 12:58:48.095] [warning] [gpu_pipeline_task.cpp:77] gpu_pipeline_task: operator 'PARTITION' (id=4) output batch 0 column count mismatch: got 13, expected 10
[2026-09-07 12:58:48.095] [warning] [gpu_pipeline_task.cpp:77] gpu_pipeline_task: operator 'PARTITION' (id=4) output batch 0 column count mismatch: got 13, expected 10
[2026-09-07 12:58:48.095] [warning] [gpu_pipeline_task.cpp:77] gpu_pipeline_task: operator 'PARTITION' (id=4) output batch 0 column count mismatch: got 13, expected 10
[2026-09-07 12:58:48.095] [warning] [gpu_pipeline_task.cpp:77] gpu_pipeline_task: operator 'PARTITION' (id=4) output batch 0 column count mismatch: got 13, expected 10
[2026-09-07 12:58:48.095] [warning] [gpu_pipeline_task.cpp:77] gpu_pipeline_task: operator 'PARTITION' (id=4) output batch 0 column count mismatch: got 13, expected 10
[2026-09-07 12:58:48.095] [warning] [gpu_pipeline_task.cpp:77] gpu_pipeline_task: operator 'PARTITION' (id=4) output batch 0 column count mismatch: got 13, expected 10
[2026-09-07 12:58:48.095] [warning] [gpu_pipeline_task.cpp:77] gpu_pipeline_task: operator 'PARTITION' (id=4) output batch 0 column count mismatch: got 13, expected 10
[2026-09-07 12:58:48.095] [warning] [gpu_pipeline_task.cpp:77] gpu_pipeline_task: operator 'PARTITION' (id=4) output batch 0 column count mismatch: got 13, expected 10
[2026-09-07 12:58:48.095] [warning] [gpu_pipeline_task.cpp:77] gpu_pipeline_task: operator 'PARTITION' (id=4) output batch 0 column count mismatch: got 13, expected 10
[2026-09-07 12:58:48.095] [warning] [gpu_pipeline_task.cpp:77] gpu_pipeline_task: operator 'PARTITION' (id=4) output batch 0 column count mismatch: got 13, expected 10
[2026-09-07 12:58:48.095] [warning] [gpu_pipeline_task.cpp:77] gpu_pipeline_task: operator 'PARTITION' (id=4) output batch 0 column count mismatch: got 13, expected 10
[2026-09-07 12:58:48.095] [warning] [gpu_pipeline_task.cpp:77] gpu_pipeline_task: operator 'PARTITION' (id=4) output batch 0 column count mismatch: got 13, expected 10
[2026-09-07 12:58:48.095] [warning] [gpu_pipeline_task.cpp:77] gpu_pipeline_task: operator 'PARTITION' (id=4) output batch 0 column count mismatch: got 13, expected 10
[2026-09-07 12:58:48.095] [warning] [gpu_pipeline_task.cpp:77] gpu_pipeline_task: operator 'PARTITION' (id=4) output batch 0 column count mismatch: got 13, expected 10
[2026-09-07 12:58:48.096] [warning] [gpu_pipeline_task.cpp:77] gpu_pipeline_task: operator 'PARTITION' (id=4) output batch 0 column count mismatch: got 13, expected 10
[2026-09-07 12:58:48.096] [warning] [gpu_pipeline_task.cpp:77] gpu_pipeline_task: operator 'PARTITION' (id=4) output batch 0 column count mismatch: got 13, expected 10
[2026-09-07 12:58:48.096] [warning] [gpu_pipeline_task.cpp:77] gpu_pipeline_task: operator 'PARTITION' (id=4) output batch 0 column count mismatch: got 13, expected 10
[2026-09-07 12:58:48.096] [warning] [gpu_pipeline_task.cpp:77] gpu_pipeline_task: operator 'PARTITION' (id=4) output batch 0 column count mismatch: got 13, expected 10
[2026-09-07 12:58:48.096] [warning] [gpu_pipeline_task.cpp:77] gpu_pipeline_task: operator 'PARTITION' (id=4) output batch 0 column count mismatch: got 13, expected 10
[2026-09-07 12:58:48.096] [warning] [gpu_pipeline_task.cpp:77] gpu_pipeline_task: operator 'PARTITION' (id=4) output batch 0 column count mismatch: got 13, expected 10
[2026-09-07 12:58:48.096] [warning] [gpu_pipeline_task.cpp:77] gpu_pipeline_task: operator 'PARTITION' (id=4) output batch 0 column count mismatch: got 13, expected 10
[2026-09-07 12:58:48.096] [warning] [gpu_pipeline_task.cpp:77] gpu_pipeline_task: operator 'PARTITION' (id=4) output batch 0 column count mismatch: got 13, expected 10
[2026-09-07 12:58:48.096] [warning] [gpu_pipeline_task.cpp:77] gpu_pipeline_task: operator 'PARTITION' (id=4) output batch 0 column count mismatch: got 13, expected 10
[2026-09-07 12:58:48.096] [warning] [gpu_pipeline_task.cpp:77] gpu_pipeline_task: operator 'PARTITION' (id=4) output batch 0 column count mismatch: got 13, expected 10
[2026-09-07 12:58:48.096] [warning] [gpu_pipeline_task.cpp:77] gpu_pipeline_task: operator 'PARTITION' (id=4) output batch 0 column count mismatch: got 13, expected 10
[2026-09-07 12:58:48.096] [warning] [gpu_pipeline_task.cpp:77] gpu_pipeline_task: operator 'PARTITION' (id=4) output batch 0 column count mismatch: got 13, expected 10
[2026-09-07 12:58:48.096] [warning] [gpu_pipeline_task.cpp:77] gpu_pipeline_task: operator 'PARTITION' (id=4) output batch 0 column count mismatch: got 13, expected 10
[2026-09-07 12:58:48.096] [warning] [gpu_pipeline_task.cpp:77] gpu_pipeline_task: operator 'PARTITION' (id=4) output batch 0 column count mismatch: got 13, expected 10
[2026-09-07 12:58:48.096] [warning] [gpu_pipeline_task.cpp:77] gpu_pipeline_task: operator 'PARTITION' (id=4) output batch 0 column count mismatch: got 13, expected 10
[2026-09-07 12:58:48.096] [warning] [gpu_pipeline_task.cpp:77] gpu_pipeline_task: operator 'PARTITION' (id=4) output batch 0 column count mismatch: got 13, expected 10
[2026-09-07 12:58:48.096] [warning] [gpu_pipeline_task.cpp:77] gpu_pipeline_task: operator 'PARTITION' (id=4) output batch 0 column count mismatch: got 13, expected 10
[2026-09-07 12:58:48.096] [warning] [gpu_pipeline_task.cpp:77] gpu_pipeline_task: operator 'PARTITION' (id=4) output batch 0 column count mismatch: got 13, expected 10
[2026-09-07 12:58:48.096] [warning] [gpu_pipeline_task.cpp:77] gpu_pipeline_task: operator 'PARTITION' (id=4) output batch 0 column count mismatch: got 13, expected 10
[2026-09-07 12:58:48.096] [warning] [gpu_pipeline_task.cpp:77] gpu_pipeline_task: operator 'PARTITION' (id=4) output batch 0 column count mismatch: got 13, expected 10
[2026-09-07 12:58:48.096] [warning] [gpu_pipeline_task.cpp:77] gpu_pipeline_task: operator 'PARTITION' (id=4) output batch 0 column count mismatch: got 13, expected 10
[2026-09-07 12:58:48.096] [warning] [gpu_pipeline_task.cpp:77] gpu_pipeline_task: operator 'PARTITION' (id=4) output batch 0 column count mismatch: got 13, expected 10
[2026-09-07 12:58:48.096] [warning] [gpu_pipeline_task.cpp:77] gpu_pipeline_task: operator 'PARTITION' (id=4) output batch 0 column count mismatch: got 13, expected 10
[2026-09-07 12:58:48.096] [warning] [gpu_pipeline_task.cpp:77] gpu_pipeline_task: operator 'PARTITION' (id=4) output batch 0 column count mismatch: got 13, expected 10
[2026-09-07 12:58:48.096] [warning] [gpu_pipeline_task.cpp:77] gpu_pipeline_task: operator 'PARTITION' (id=4) output batch 0 column count mismatch: got 13, expected 10
[2026-09-07 12:58:48.096] [warning] [gpu_pipeline_task.cpp:77] gpu_pipeline_task: operator 'PARTITION' (id=4) output batch 0 column count mismatch: got 13, expected 10
[2026-09-07 12:58:48.096] [warning] [gpu_pipeline_task.cpp:77] gpu_pipeline_task: operator 'PARTITION' (id=4) output batch 0 column count mismatch: got 13, expected 10
[2026-09-07 12:58:48.096] [warning] [gpu_pipeline_task.cpp:77] gpu_pipeline_task: operator 'PARTITION' (id=4) output batch 0 column count mismatch: got 13, expected 10
[2026-09-07 12:58:48.096] [warning] [gpu_pipeline_task.cpp:77] gpu_pipeline_task: operator 'PARTITION' (id=4) output batch 0 column count mismatch: got 13, expected 10
[2026-09-07 12:58:48.096] [warning] [gpu_pipeline_task.cpp:77] gpu_pipeline_task: operator 'PARTITION' (id=4) output batch 0 column count mismatch: got 13, expected 10
[2026-09-07 12:58:48.096] [warning] [gpu_pipeline_task.cpp:77] gpu_pipeline_task: operator 'PARTITION' (id=4) output batch 0 column count mismatch: got 13, expected 10
[2026-09-07 12:58:48.096] [warning] [gpu_pipeline_task.cpp:77] gpu_pipeline_task: operator 'PARTITION' (id=4) output batch 0 column count mismatch: got 13, expected 10
[2026-09-07 12:58:48.096] [warning] [gpu_pipeline_task.cpp:77] gpu_pipeline_task: operator 'PARTITION' (id=4) output batch 0 column count mismatch: got 13, expected 10
[2026-09-07 12:58:48.096] [warning] [gpu_pipeline_task.cpp:77] gpu_pipeline_task: operator 'PARTITION' (id=4) output batch 0 column count mismatch: got 13, expected 10
[2026-09-07 12:58:48.096] [warning] [gpu_pipeline_task.cpp:77] gpu_pipeline_task: operator 'PARTITION' (id=4) output batch 0 column count mismatch: got 13, expected 10
[2026-09-07 12:58:48.096] [warning] [gpu_pipeline_task.cpp:77] gpu_pipeline_task: operator 'PARTITION' (id=4) output batch 0 column count mismatch: got 13, expected 10
[2026-09-07 12:58:48.096] [warning] [gpu_pipeline_task.cpp:77] gpu_pipeline_task: operator 'PARTITION' (id=4) output batch 0 column count mismatch: got 13, expected 10
[2026-09-07 12:58:48.096] [warning] [gpu_pipeline_task.cpp:77] gpu_pipeline_task: operator 'PARTITION' (id=4) output batch 0 column count mismatch: got 13, expected 10
[2026-09-07 12:58:48.096] [warning] [gpu_pipeline_task.cpp:77] gpu_pipeline_task: operator 'PARTITION' (id=4) output batch 0 column count mismatch: got 13, expected 10
[2026-09-07 12:58:48.096] [warning] [gpu_pipeline_task.cpp:77] gpu_pipeline_task: operator 'PARTITION' (id=4) output batch 0 column count mismatch: got 13, expected 10
[2026-09-07 12:58:48.096] [warning] [gpu_pipeline_task.cpp:77] gpu_pipeline_task: operator 'PARTITION' (id=4) output batch 0 column count mismatch: got 13, expected 10
[2026-09-07 12:58:48.096] [warning] [gpu_pipeline_task.cpp:77] gpu_pipeline_task: operator 'PARTITION' (id=4) output batch 0 column count mismatch: got 13, expected 10
[2026-09-07 12:58:48.096] [warning] [gpu_pipeline_task.cpp:77] gpu_pipeline_task: operator 'PARTITION' (id=4) output batch 0 column count mismatch: got 13, expected 10
[2026-09-07 12:58:48.096] [warning] [gpu_pipeline_task.cpp:77] gpu_pipeline_task: operator 'PARTITION' (id=4) output batch 0 column count mismatch: got 13, expected 10
[2026-09-07 12:58:48.096] [warning] [gpu_pipeline_task.cpp:77] gpu_pipeline_task: operator 'PARTITION' (id=4) output batch 0 column count mismatch: got 13, expected 10
[2026-09-07 12:58:48.096] [warning] [gpu_pipeline_task.cpp:77] gpu_pipeline_task: operator 'PARTITION' (id=4) output batch 0 column count mismatch: got 13, expected 10
[2026-09-07 12:58:48.096] [warning] [gpu_pipeline_task.cpp:77] gpu_pipeline_task: operator 'PARTITION' (id=4) output batch 0 column count mismatch: got 13, expected 10
[2026-09-07 12:58:48.096] [warning] [gpu_pipeline_task.cpp:77] gpu_pipeline_task: operator 'PARTITION' (id=4) output batch 0 column count mismatch: got 13, expected 10
[2026-09-07 12:58:48.096] [warning] [gpu_pipeline_task.cpp:77] gpu_pipeline_task: operator 'PARTITION' (id=4) output batch 0 column count mismatch: got 13, expected 10
[2026-09-07 12:58:48.096] [warning] [gpu_pipeline_task.cpp:77] gpu_pipeline_task: operator 'PARTITION' (id=4) output batch 0 column count mismatch: got 13, expected 10
[2026-09-07 12:58:48.096] [warning] [gpu_pipeline_task.cpp:77] gpu_pipeline_task: operator 'PARTITION' (id=4) output batch 0 column count mismatch: got 13, expected 10
[2026-09-07 12:58:48.097] [warning] [gpu_pipeline_task.cpp:77] gpu_pipeline_task: operator 'PARTITION' (id=4) output batch 0 column count mismatch: got 13, expected 10
[2026-09-07 12:58:48.097] [warning] [gpu_pipeline_task.cpp:77] gpu_pipeline_task: operator 'PARTITION' (id=4) output batch 0 column count mismatch: got 13, expected 10
[2026-09-07 12:58:48.097] [warning] [gpu_pipeline_task.cpp:77] gpu_pipeline_task: operator 'PARTITION' (id=4) output batch 0 column count mismatch: got 13, expected 10
[2026-09-07 12:58:48.097] [warning] [gpu_pipeline_task.cpp:77] gpu_pipeline_task: operator 'PARTITION' (id=4) output batch 0 column count mismatch: got 13, expected 10
[2026-09-07 12:58:48.097] [warning] [gpu_pipeline_task.cpp:77] gpu_pipeline_task: operator 'PARTITION' (id=4) output batch 0 column count mismatch: got 13, expected 10
[2026-09-07 12:58:48.097] [warning] [gpu_pipeline_task.cpp:77] gpu_pipeline_task: operator 'PARTITION' (id=4) output batch 0 column count mismatch: got 13, expected 10
[2026-09-07 12:58:48.097] [warning] [gpu_pipeline_task.cpp:77] gpu_pipeline_task: operator 'PARTITION' (id=4) output batch 0 column count mismatch: got 13, expected 10
[2026-09-07 12:58:48.097] [warning] [gpu_pipeline_task.cpp:77] gpu_pipeline_task: operator 'PARTITION' (id=4) output batch 0 column count mismatch: got 13, expected 10
[2026-09-07 12:58:48.097] [warning] [gpu_pipeline_task.cpp:77] gpu_pipeline_task: operator 'PARTITION' (id=4) output batch 0 column count mismatch: got 13, expected 10
[2026-09-07 12:58:48.097] [warning] [gpu_pipeline_task.cpp:77] gpu_pipeline_task: operator 'PARTITION' (id=4) output batch 0 column count mismatch: got 13, expected 10
[2026-09-07 12:58:48.097] [warning] [gpu_pipeline_task.cpp:77] gpu_pipeline_task: operator 'PARTITION' (id=4) output batch 0 column count mismatch: got 13, expected 10
[2026-09-07 12:58:48.097] [warning] [gpu_pipeline_task.cpp:77] gpu_pipeline_task: operator 'PARTITION' (id=4) output batch 0 column count mismatch: got 13, expected 10
[2026-09-07 12:58:48.097] [warning] [gpu_pipeline_task.cpp:77] gpu_pipeline_task: operator 'PARTITION' (id=4) output batch 0 column count mismatch: got 13, expected 10
[2026-09-07 12:58:48.097] [warning] [gpu_pipeline_task.cpp:77] gpu_pipeline_task: operator 'PARTITION' (id=4) output batch 0 column count mismatch: got 13, expected 10
[2026-09-07 12:58:48.097] [warning] [gpu_pipeline_task.cpp:77] gpu_pipeline_task: operator 'PARTITION' (id=4) output batch 0 column count mismatch: got 13, expected 10
[2026-09-07 12:58:48.097] [warning] [gpu_pipeline_task.cpp:77] gpu_pipeline_task: operator 'PARTITION' (id=4) output batch 0 column count mismatch: got 13, expected 10
[2026-09-07 12:58:48.097] [warning] [gpu_pipeline_task.cpp:77] gpu_pipeline_task: operator 'PARTITION' (id=4) output batch 0 column count mismatch: got 13, expected 10
[2026-09-07 12:58:48.097] [warning] [gpu_pipeline_task.cpp:77] gpu_pipeline_task: operator 'PARTITION' (id=4) output batch 0 column count mismatch: got 13, expected 10
[2026-09-07 12:58:48.097] [warning] [gpu_pipeline_task.cpp:77] gpu_pipeline_task: operator 'PARTITION' (id=4) output batch 0 column count mismatch: got 13, expected 10
[2026-09-07 12:58:48.097] [warning] [gpu_pipeline_task.cpp:77] gpu_pipeline_task: operator 'PARTITION' (id=4) output batch 0 column count mismatch: got 13, expected 10
[2026-09-07 12:58:48.097] [warning] [gpu_pipeline_task.cpp:77] gpu_pipeline_task: operator 'PARTITION' (id=4) output batch 0 column count mismatch: got 13, expected 10
[2026-09-07 12:58:48.097] [warning] [gpu_pipeline_task.cpp:77] gpu_pipeline_task: operator 'PARTITION' (id=4) output batch 0 column count mismatch: got 13, expected 10
[2026-09-07 12:58:48.097] [warning] [gpu_pipeline_task.cpp:77] gpu_pipeline_task: operator 'PARTITION' (id=4) output batch 0 column count mismatch: got 13, expected 10
[2026-09-07 12:58:48.097] [warning] [gpu_pipeline_task.cpp:77] gpu_pipeline_task: operator 'PARTITION' (id=4) output batch 0 column count mismatch: got 13, expected 10
[2026-09-07 12:58:48.097] [warning] [gpu_pipeline_task.cpp:77] gpu_pipeline_task: operator 'PARTITION' (id=4) output batch 0 column count mismatch: got 13, expected 10
[2026-09-07 12:58:48.097] [warning] [gpu_pipeline_task.cpp:77] gpu_pipeline_task: operator 'PARTITION' (id=4) output batch 0 column count mismatch: got 13, expected 10
[2026-09-07 12:58:48.097] [warning] [gpu_pipeline_task.cpp:77] gpu_pipeline_task: operator 'PARTITION' (id=4) output batch 0 column count mismatch: got 13, expected 10
[2026-09-07 12:58:48.097] [warning] [gpu_pipeline_task.cpp:77] gpu_pipeline_task: operator 'PARTITION' (id=4) output batch 0 column count mismatch: got 13, expected 10
[2026-09-07 12:58:48.097] [warning] [gpu_pipeline_task.cpp:77] gpu_pipeline_task: operator 'PARTITION' (id=4) output batch 0 column count mismatch: got 13, expected 10
[2026-09-07 12:58:48.097] [warning] [gpu_pipeline_task.cpp:77] gpu_pipeline_task: operator 'PARTITION' (id=4) output batch 0 column count mismatch: got 13, expected 10
[2026-09-07 12:58:48.097] [warning] [gpu_pipeline_task.cpp:77] gpu_pipeline_task: operator 'PARTITION' (id=4) output batch 0 column count mismatch: got 13, expected 10
[2026-09-07 12:58:48.097] [warning] [gpu_pipeline_task.cpp:77] gpu_pipeline_task: operator 'PARTITION' (id=4) output batch 0 column count mismatch: got 13, expected 10
[2026-09-07 12:58:48.097] [warning] [gpu_pipeline_task.cpp:77] gpu_pipeline_task: operator 'PARTITION' (id=4) output batch 0 column count mismatch: got 13, expected 10
[2026-09-07 12:58:48.097] [warning] [gpu_pipeline_task.cpp:77] gpu_pipeline_task: operator 'PARTITION' (id=4) output batch 0 column count mismatch: got 13, expected 10
[2026-09-07 12:58:48.097] [warning] [gpu_pipeline_task.cpp:77] gpu_pipeline_task: operator 'PARTITION' (id=4) output batch 0 column count mismatch: got 13, expected 10
[2026-09-07 12:58:48.097] [warning] [gpu_pipeline_task.cpp:77] gpu_pipeline_task: operator 'PARTITION' (id=4) output batch 0 column count mismatch: got 13, expected 10
[2026-09-07 12:58:48.097] [warning] [gpu_pipeline_task.cpp:77] gpu_pipeline_task: operator 'PARTITION' (id=4) output batch 0 column count mismatch: got 13, expected 10
[2026-09-07 12:58:48.097] [warning] [gpu_pipeline_task.cpp:77] gpu_pipeline_task: operator 'PARTITION' (id=4) output batch 0 column count mismatch: got 13, expected 10
[2026-09-07 12:58:48.097] [warning] [gpu_pipeline_task.cpp:77] gpu_pipeline_task: operator 'PARTITION' (id=4) output batch 0 column count mismatch: got 13, expected 10
[2026-09-07 12:58:48.097] [warning] [gpu_pipeline_task.cpp:77] gpu_pipeline_task: operator 'PARTITION' (id=4) output batch 0 column count mismatch: got 13, expected 10
[2026-09-07 12:58:48.097] [warning] [gpu_pipeline_task.cpp:77] gpu_pipeline_task: operator 'PARTITION' (id=4) output batch 0 column count mismatch: got 13, expected 10
[2026-09-07 12:58:48.097] [warning] [gpu_pipeline_task.cpp:77] gpu_pipeline_task: operator 'PARTITION' (id=4) output batch 0 column count mismatch: got 13, expected 10
[2026-09-07 12:58:48.097] [warning] [gpu_pipeline_task.cpp:77] gpu_pipeline_task: operator 'PARTITION' (id=4) output batch 0 column count mismatch: got 13, expected 10
[2026-09-07 12:58:48.097] [warning] [gpu_pipeline_task.cpp:77] gpu_pipeline_task: operator 'PARTITION' (id=4) output batch 0 column count mismatch: got 13, expected 10
[2026-09-07 12:58:48.097] [warning] [gpu_pipeline_task.cpp:77] gpu_pipeline_task: operator 'PARTITION' (id=4) output batch 0 column count mismatch: got 13, expected 10
[2026-09-07 12:58:48.097] [warning] [gpu_pipeline_task.cpp:77] gpu_pipeline_task: operator 'PARTITION' (id=4) output batch 0 column count mismatch: got 13, expected 10
[2026-09-07 12:58:48.097] [warning] [gpu_pipeline_task.cpp:77] gpu_pipeline_task: operator 'PARTITION' (id=4) output batch 0 column count mismatch: got 13, expected 10
[2026-09-07 12:58:48.097] [warning] [gpu_pipeline_task.cpp:77] gpu_pipeline_task: operator 'PARTITION' (id=4) output batch 0 column count mismatch: got 13, expected 10
[2026-09-07 12:58:48.098] [warning] [gpu_pipeline_task.cpp:77] gpu_pipeline_task: operator 'PARTITION' (id=4) output batch 0 column count mismatch: got 13, expected 10
[2026-09-07 12:58:48.098] [warning] [gpu_pipeline_task.cpp:77] gpu_pipeline_task: operator 'PARTITION' (id=4) output batch 0 column count mismatch: got 13, expected 10
[2026-09-07 12:58:48.098] [warning] [gpu_pipeline_task.cpp:77] gpu_pipeline_task: operator 'PARTITION' (id=4) output batch 0 column count mismatch: got 13, expected 10
[2026-09-07 12:58:48.098] [warning] [gpu_pipeline_task.cpp:77] gpu_pipeline_task: operator 'PARTITION' (id=4) output batch 0 column count mismatch: got 13, expected 10
[2026-09-07 12:58:48.098] [warning] [gpu_pipeline_task.cpp:77] gpu_pipeline_task: operator 'PARTITION' (id=4) output batch 0 column count mismatch: got 13, expected 10
[2026-09-07 12:58:48.098] [warning] [gpu_pipeline_task.cpp:77] gpu_pipeline_task: operator 'PARTITION' (id=4) output batch 0 column count mismatch: got 13, expected 10
[2026-09-07 12:58:48.098] [warning] [gpu_pipeline_task.cpp:77] gpu_pipeline_task: operator 'PARTITION' (id=4) output batch 0 column count mismatch: got 13, expected 10
[2026-09-07 12:58:48.098] [warning] [gpu_pipeline_task.cpp:77] gpu_pipeline_task: operator 'PARTITION' (id=4) output batch 0 column count mismatch: got 13, expected 10
[2026-09-07 12:58:48.098] [warning] [gpu_pipeline_task.cpp:77] gpu_pipeline_task: operator 'PARTITION' (id=4) output batch 0 column count mismatch: got 13, expected 10
[2026-09-07 12:58:48.098] [warning] [gpu_pipeline_task.cpp:77] gpu_pipeline_task: operator 'PARTITION' (id=4) output batch 0 column count mismatch: got 13, expected 10
[2026-09-07 12:58:48.098] [warning] [gpu_pipeline_task.cpp:77] gpu_pipeline_task: operator 'PARTITION' (id=4) output batch 0 column count mismatch: got 13, expected 10
[2026-09-07 12:58:48.098] [warning] [gpu_pipeline_task.cpp:77] gpu_pipeline_task: operator 'PARTITION' (id=4) output batch 0 column count mismatch: got 13, expected 10
[2026-09-07 12:58:48.098] [warning] [gpu_pipeline_task.cpp:77] gpu_pipeline_task: operator 'PARTITION' (id=4) output batch 0 column count mismatch: got 13, expected 10
[2026-09-07 12:58:48.098] [warning] [gpu_pipeline_task.cpp:77] gpu_pipeline_task: operator 'PARTITION' (id=4) output batch 0 column count mismatch: got 13, expected 10
[2026-09-07 12:58:48.098] [warning] [gpu_pipeline_task.cpp:77] gpu_pipeline_task: operator 'PARTITION' (id=4) output batch 0 column count mismatch: got 13, expected 10
[2026-09-07 12:58:48.098] [warning] [gpu_pipeline_task.cpp:77] gpu_pipeline_task: operator 'PARTITION' (id=4) output batch 0 column count mismatch: got 13, expected 10
[2026-09-07 12:58:48.098] [warning] [gpu_pipeline_task.cpp:77] gpu_pipeline_task: operator 'PARTITION' (id=4) output batch 0 column count mismatch: got 13, expected 10
[2026-09-07 12:58:48.098] [warning] [gpu_pipeline_task.cpp:77] gpu_pipeline_task: operator 'PARTITION' (id=4) output batch 0 column count mismatch: got 13, expected 10
[2026-09-07 12:58:48.098] [warning] [gpu_pipeline_task.cpp:77] gpu_pipeline_task: operator 'PARTITION' (id=4) output batch 0 column count mismatch: got 13, expected 10
[2026-09-07 12:58:48.098] [warning] [gpu_pipeline_task.cpp:77] gpu_pipeline_task: operator 'PARTITION' (id=4) output batch 0 column count mismatch: got 13, expected 10
[2026-09-07 12:58:48.098] [warning] [gpu_pipeline_task.cpp:77] gpu_pipeline_task: operator 'PARTITION' (id=4) output batch 0 column count mismatch: got 13, expected 10
[2026-09-07 12:58:48.098] [warning] [gpu_pipeline_task.cpp:77] gpu_pipeline_task: operator 'PARTITION' (id=4) output batch 0 column count mismatch: got 13, expected 10
[2026-09-07 12:58:48.098] [warning] [gpu_pipeline_task.cpp:77] gpu_pipeline_task: operator 'PARTITION' (id=4) output batch 0 column count mismatch: got 13, expected 10
[2026-09-07 12:58:48.098] [warning] [gpu_pipeline_task.cpp:77] gpu_pipeline_task: operator 'PARTITION' (id=4) output batch 0 column count mismatch: got 13, expected 10
[2026-09-07 12:58:48.098] [warning] [gpu_pipeline_task.cpp:77] gpu_pipeline_task: operator 'PARTITION' (id=4) output batch 0 column count mismatch: got 13, expected 10
[2026-09-07 12:58:48.098] [warning] [gpu_pipeline_task.cpp:77] gpu_pipeline_task: operator 'PARTITION' (id=4) output batch 0 column count mismatch: got 13, expected 10
[2026-09-07 12:58:48.098] [warning] [gpu_pipeline_task.cpp:77] gpu_pipeline_task: operator 'PARTITION' (id=4) output batch 0 column count mismatch: got 13, expected 10
[2026-09-07 12:58:48.098] [warning] [gpu_pipeline_task.cpp:77] gpu_pipeline_task: operator 'PARTITION' (id=4) output batch 0 column count mismatch: got 13, expected 10
[2026-09-07 12:58:48.098] [warning] [gpu_pipeline_task.cpp:77] gpu_pipeline_task: operator 'PARTITION' (id=4) output batch 0 column count mismatch: got 13, expected 10
[2026-09-07 12:58:48.098] [warning] [gpu_pipeline_task.cpp:77] gpu_pipeline_task: operator 'PARTITION' (id=4) output batch 0 column count mismatch: got 13, expected 10
[2026-09-07 12:58:48.098] [warning] [gpu_pipeline_task.cpp:77] gpu_pipeline_task: operator 'PARTITION' (id=4) output batch 0 column count mismatch: got 13, expected 10
[2026-09-07 12:58:48.098] [warning] [gpu_pipeline_task.cpp:77] gpu_pipeline_task: operator 'PARTITION' (id=4) output batch 0 column count mismatch: got 13, expected 10
[2026-09-07 12:58:48.098] [warning] [gpu_pipeline_task.cpp:77] gpu_pipeline_task: operator 'PARTITION' (id=4) output batch 0 column count mismatch: got 13, expected 10
[2026-09-07 12:58:48.098] [warning] [gpu_pipeline_task.cpp:77] gpu_pipeline_task: operator 'PARTITION' (id=4) output batch 0 column count mismatch: got 13, expected 10
[2026-09-07 12:58:48.098] [warning] [gpu_pipeline_task.cpp:77] gpu_pipeline_task: operator 'PARTITION' (id=4) output batch 0 column count mismatch: got 13, expected 10
[2026-09-07 12:58:48.098] [warning] [gpu_pipeline_task.cpp:77] gpu_pipeline_task: operator 'PARTITION' (id=4) output batch 0 column count mismatch: got 13, expected 10
[2026-09-07 12:58:48.098] [warning] [gpu_pipeline_task.cpp:77] gpu_pipeline_task: operator 'PARTITION' (id=4) output batch 0 column count mismatch: got 13, expected 10
[2026-09-07 12:58:48.098] [warning] [gpu_pipeline_task.cpp:77] gpu_pipeline_task: operator 'PARTITION' (id=4) output batch 0 column count mismatch: got 13, expected 10
[2026-09-07 12:58:48.098] [warning] [gpu_pipeline_task.cpp:77] gpu_pipeline_task: operator 'PARTITION' (id=4) output batch 0 column count mismatch: got 13, expected 10
[2026-09-07 12:58:48.098] [warning] [gpu_pipeline_task.cpp:77] gpu_pipeline_task: operator 'PARTITION' (id=4) output batch 0 column count mismatch: got 13, expected 10
[2026-09-07 12:58:48.098] [warning] [gpu_pipeline_task.cpp:77] gpu_pipeline_task: operator 'PARTITION' (id=4) output batch 0 column count mismatch: got 13, expected 10
[2026-09-07 12:58:48.098] [warning] [gpu_pipeline_task.cpp:77] gpu_pipeline_task: operator 'PARTITION' (id=4) output batch 0 column count mismatch: got 13, expected 10
[2026-09-07 12:58:48.098] [warning] [gpu_pipeline_task.cpp:77] gpu_pipeline_task: operator 'PARTITION' (id=4) output batch 0 column count mismatch: got 13, expected 10
[2026-09-07 12:58:48.098] [warning] [gpu_pipeline_task.cpp:77] gpu_pipeline_task: operator 'PARTITION' (id=4) output batch 0 column count mismatch: got 13, expected 10
[2026-09-07 12:58:48.098] [warning] [gpu_pipeline_task.cpp:77] gpu_pipeline_task: operator 'PARTITION' (id=4) output batch 0 column count mismatch: got 13, expected 10
[2026-09-07 12:58:48.098] [warning] [gpu_pipeline_task.cpp:77] gpu_pipeline_task: operator 'PARTITION' (id=4) output batch 0 column count mismatch: got 13, expected 10
[2026-09-07 12:58:48.098] [warning] [gpu_pipeline_task.cpp:77] gpu_pipeline_task: operator 'PARTITION' (id=4) output batch 0 column count mismatch: got 13, expected 10
[2026-09-07 12:58:48.099] [warning] [gpu_pipeline_task.cpp:77] gpu_pipeline_task: operator 'PARTITION' (id=4) output batch 0 column count mismatch: got 13, expected 10
[2026-09-07 12:58:48.099] [warning] [gpu_pipeline_task.cpp:77] gpu_pipeline_task: operator 'PARTITION' (id=4) output batch 0 column count mismatch: got 13, expected 10
[2026-09-07 12:58:48.099] [warning] [gpu_pipeline_task.cpp:77] gpu_pipeline_task: operator 'PARTITION' (id=4) output batch 0 column count mismatch: got 13, expected 10
[2026-09-07 12:58:48.099] [warning] [gpu_pipeline_task.cpp:77] gpu_pipeline_task: operator 'PARTITION' (id=4) output batch 0 column count mismatch: got 13, expected 10
[2026-09-07 12:58:48.099] [warning] [gpu_pipeline_task.cpp:77] gpu_pipeline_task: operator 'PARTITION' (id=4) output batch 0 column count mismatch: got 13, expected 10
[2026-09-07 12:58:48.121] [info] [gpu_pipeline_executor.cpp:129] GPU Pipeline Executor: task queue interrupted, stopping manager loop
[2026-09-07 12:58:48.121] [info] [sirius_context.cpp:405] QueryEnd
[2026-09-07 12:58:48.121] [info] [memory_prefetcher.cpp:72] [memory_prefetcher] stopping: prefetched 0 batches / 0 bytes (stops: headroom=0 reservation=0, skips: lock=0 draining=3, errors=0)
[2026-09-07 12:58:48.121] [info] [sirius_context.cpp:256] [host_pool] HOST:0 QueryEnd instance=0xe6af19960390 connection=1 window=2 query=7 allocated=17515413504 bytes peak=17582522368 bytes free_blocks=539
[2026-09-07 12:58:48.121] [info] [sirius_context.cpp:271] [gpu_pool] GPU:0 QueryEnd instance=0xe6af19960390 connection=1 window=2 query=7 allocated=3450527744 bytes peak=4794136026 bytes reserved=0 bytes
[2026-09-07 12:58:48.121] [info] [sirius_context.cpp:521] [window] end instance=0xe6af19960390 connection=1 window=2 query=7 outcome=ok
[2026-09-07 12:58:48.121] [info] [physical_sirius_execution.cpp:327] Transparent GPU execution: query completed
[2026-09-07 12:58:48.123] [info] [sirius_context.cpp:329] QueryBegin: instance=0xe6af19960390 connection=1 query=8 SQL: CALL sirius_set_query_label('q1_iter1')
[2026-09-07 12:58:48.123] [info] [sirius_context.cpp:329] QueryBegin: instance=0xe6af19960390 connection=1 query=9 SQL: SET gpu_execution = true;
[2026-09-07 12:58:48.124] [info] [sirius_context.cpp:329] QueryBegin: instance=0xe6af19960390 connection=1 query=10 SQL: select l_returnflag, l_linestatus, sum(l_quantity) as sum_qty, sum(l_extendedprice) as sum_base_price, sum(l_extendedprice * (1 - l_discount)) as sum_disc_price, sum(l_extendedprice * (1 - l_discount) * (1 + l_tax)) as sum_charge, avg(l_quantity) as avg_qty, avg(l_extendedprice) as avg_price, avg(l_discount) as avg_disc, count(*) as count_order from lineitem where l_shipdate <= date '1995-08-19' group by l_returnflag, l_linestatus order by l_returnflag, l_linestatus
[2026-09-07 12:58:48.129] [info] [sirius_context.cpp:1467] Transparent execution: Sirius physical plan generated successfully
[2026-09-07 12:58:48.129] [info] [sirius_context.cpp:1495] Transparent execution: physical plan replaced with GPU operator
[2026-09-07 12:58:48.129] [info] [physical_sirius_execution.cpp:157] Transparent GPU execution: executing query
[2026-09-07 12:58:48.129] [info] [sirius_context.cpp:521] [window] begin instance=0xe6af19960390 connection=1 window=3 query=10 outcome=-
[2026-09-07 12:58:48.129] [info] [sirius_context.cpp:256] [host_pool] HOST:0 QueryBegin instance=0xe6af19960390 connection=1 window=3 query=10 allocated=17515413504 bytes peak=17582522368 bytes free_blocks=539
[2026-09-07 12:58:48.129] [info] [sirius_context.cpp:271] [gpu_pool] GPU:0 QueryBegin instance=0xe6af19960390 connection=1 window=3 query=10 allocated=3450527744 bytes peak=4794136026 bytes reserved=0 bytes
[2026-09-07 12:58:48.129] [info] [sirius_context.cpp:389] QueryBegin: transparent_execution
[2026-09-07 12:58:48.131] [info] [sirius_engine.cpp:265] [gpu_alloc] query allocated 1 GPU(s): [0]
[2026-09-07 12:58:48.131] [info] [sirius_engine.cpp:318] Query Plan:
=== Pipeline Overview ===
Pipeline #0: GPU_SCAN (id=0) -> PROJECTION (id=1) -> PROJECTION (id=2) -> HASH_GROUP_BY (id=3)
  Output: -> PARTITION [port: default, barrier: FULL]
Pipeline #1: PARTITION (id=4)
  Input: <- Pipeline #0 [on: PARTITION (id=4), port: default, barrier: FULL]
  Dependencies: Pipeline #0
  Output: -> MERGE_GROUP_BY [port: default, barrier: FULL]
Pipeline #2: MERGE_GROUP_BY (id=5) -> ORDER_BY (id=6)
  Input: <- Pipeline #1 [on: MERGE_GROUP_BY (id=5), port: default, barrier: FULL]
  Dependencies: Pipeline #1
  Output: -> SORT_SAMPLE [port: default, barrier: PIPELINE]
Pipeline #3: SORT_SAMPLE (id=7) -> SORT_PARTITION (id=8)
  Input: <- Pipeline #2 [on: SORT_SAMPLE (id=7), port: default, barrier: PIPELINE]
  Dependencies: Pipeline #2
  Output: -> MERGE_SORT [port: default, barrier: FULL]
Pipeline #4: MERGE_SORT (id=9)
  Input: <- Pipeline #3 [on: MERGE_SORT (id=9), port: default, barrier: FULL]
  Dependencies: Pipeline #3
  Output: -> RESULT_COLLECTOR [port: default, barrier: FULL]
Pipeline #5: RESULT_COLLECTOR (id=10)
  Input: <- Pipeline #4 [on: RESULT_COLLECTOR (id=10), port: default, barrier: FULL]
  Dependencies: Pipeline #4

=== Query Plan DAG ===
┌──────────────────────────┐
│ Pipeline #5              │
│ RESULT_COLLECTOR (id=10) │
│ Input(#4): FULL          │
└────────────┬─────────────┘
             │              
┌──────────────────────────┐
│ Pipeline #4              │
│ MERGE_SORT (id=9)        │
│ Input(#3): FULL          │
└────────────┬─────────────┘
             │              
┌──────────────────────────┐
│ Pipeline #3              │
│ SORT_PARTITION (id=8)    │
│ SORT_SAMPLE (id=7)       │
│ Input(#2): PIPELINE      │
└────────────┬─────────────┘
             │              
┌──────────────────────────┐
│ Pipeline #2              │
│ ORDER_BY (id=6)          │
│ MERGE_GROUP_BY (id=5)    │
│ Input(#1): FULL          │
└────────────┬─────────────┘
             │              
┌──────────────────────────┐
│ Pipeline #1              │
│ PARTITION (id=4)         │
│ Input(#0): FULL          │
└────────────┬─────────────┘
             │              
┌──────────────────────────┐
│ Pipeline #0              │
│ HASH_GROUP_BY (id=3)     │
│ PROJECTION (id=2)        │
│ PROJECTION (id=1)        │
│ GPU_SCAN (id=0)          │
└──────────────────────────┘

[2026-09-07 12:58:48.131] [info] [sirius_engine.cpp:186] query 3 telemetry_query=01a07d73ad427c00af8880fc81798b05
[2026-09-07 12:58:48.131] [info] [sirius_scan_manager.cpp:2999] [sirius_scan_manager] assigned pinned entry 'lineitem' to operator '0'
[2026-09-07 12:58:48.131] [info] [sirius_scan_manager.cpp:823] [late-mat] operator 0: not deferring — the scan restricts rows and its pin is compressed, so the surviving rows are decided inside the decode
[2026-09-07 12:58:48.131] [info] [memory_prefetcher.cpp:59] [memory_prefetcher] started: 3 threads, 1 connectors, min_free_fraction=0.40
[2026-09-07 12:58:48.137] [warning] [gpu_pipeline_task.cpp:77] gpu_pipeline_task: operator 'HASH_GROUP_BY' (id=3) output batch 0 column count mismatch: got 13, expected 10
[2026-09-07 12:58:48.138] [warning] [gpu_pipeline_task.cpp:77] gpu_pipeline_task: operator 'HASH_GROUP_BY' (id=3) output batch 0 column count mismatch: got 13, expected 10
[2026-09-07 12:58:48.138] [warning] [gpu_pipeline_task.cpp:77] gpu_pipeline_task: operator 'HASH_GROUP_BY' (id=3) output batch 0 column count mismatch: got 13, expected 10
[2026-09-07 12:58:48.138] [warning] [gpu_pipeline_task.cpp:77] gpu_pipeline_task: operator 'HASH_GROUP_BY' (id=3) output batch 0 column count mismatch: got 13, expected 10
[2026-09-07 12:58:48.138] [warning] [gpu_pipeline_task.cpp:77] gpu_pipeline_task: operator 'HASH_GROUP_BY' (id=3) output batch 0 column count mismatch: got 13, expected 10
[2026-09-07 12:58:48.138] [warning] [gpu_pipeline_task.cpp:77] gpu_pipeline_task: operator 'HASH_GROUP_BY' (id=3) output batch 0 column count mismatch: got 13, expected 10
[2026-09-07 12:58:48.138] [warning] [gpu_pipeline_task.cpp:77] gpu_pipeline_task: operator 'HASH_GROUP_BY' (id=3) output batch 0 column count mismatch: got 13, expected 10
[2026-09-07 12:58:48.138] [warning] [gpu_pipeline_task.cpp:77] gpu_pipeline_task: operator 'HASH_GROUP_BY' (id=3) output batch 0 column count mismatch: got 13, expected 10
[2026-09-07 12:58:48.139] [warning] [gpu_pipeline_task.cpp:77] gpu_pipeline_task: operator 'HASH_GROUP_BY' (id=3) output batch 0 column count mismatch: got 13, expected 10
[2026-09-07 12:58:48.139] [warning] [gpu_pipeline_task.cpp:77] gpu_pipeline_task: operator 'HASH_GROUP_BY' (id=3) output batch 0 column count mismatch: got 13, expected 10
[2026-09-07 12:58:48.139] [warning] [gpu_pipeline_task.cpp:77] gpu_pipeline_task: operator 'HASH_GROUP_BY' (id=3) output batch 0 column count mismatch: got 13, expected 10
[2026-09-07 12:58:48.139] [warning] [gpu_pipeline_task.cpp:77] gpu_pipeline_task: operator 'HASH_GROUP_BY' (id=3) output batch 0 column count mismatch: got 13, expected 10
[2026-09-07 12:58:48.140] [warning] [gpu_pipeline_task.cpp:77] gpu_pipeline_task: operator 'HASH_GROUP_BY' (id=3) output batch 0 column count mismatch: got 13, expected 10
[2026-09-07 12:58:48.140] [warning] [gpu_pipeline_task.cpp:77] gpu_pipeline_task: operator 'HASH_GROUP_BY' (id=3) output batch 0 column count mismatch: got 13, expected 10
[2026-09-07 12:58:48.140] [warning] [gpu_pipeline_task.cpp:77] gpu_pipeline_task: operator 'HASH_GROUP_BY' (id=3) output batch 0 column count mismatch: got 13, expected 10
[2026-09-07 12:58:48.140] [warning] [gpu_pipeline_task.cpp:77] gpu_pipeline_task: operator 'HASH_GROUP_BY' (id=3) output batch 0 column count mismatch: got 13, expected 10
[2026-09-07 12:58:48.140] [warning] [gpu_pipeline_task.cpp:77] gpu_pipeline_task: operator 'HASH_GROUP_BY' (id=3) output batch 0 column count mismatch: got 13, expected 10
[2026-09-07 12:58:48.140] [warning] [gpu_pipeline_task.cpp:77] gpu_pipeline_task: operator 'HASH_GROUP_BY' (id=3) output batch 0 column count mismatch: got 13, expected 10
[2026-09-07 12:58:48.140] [warning] [gpu_pipeline_task.cpp:77] gpu_pipeline_task: operator 'HASH_GROUP_BY' (id=3) output batch 0 column count mismatch: got 13, expected 10
[2026-09-07 12:58:48.141] [warning] [gpu_pipeline_task.cpp:77] gpu_pipeline_task: operator 'HASH_GROUP_BY' (id=3) output batch 0 column count mismatch: got 13, expected 10
[2026-09-07 12:58:48.141] [warning] [gpu_pipeline_task.cpp:77] gpu_pipeline_task: operator 'HASH_GROUP_BY' (id=3) output batch 0 column count mismatch: got 13, expected 10
[2026-09-07 12:58:48.141] [warning] [gpu_pipeline_task.cpp:77] gpu_pipeline_task: operator 'HASH_GROUP_BY' (id=3) output batch 0 column count mismatch: got 13, expected 10
[2026-09-07 12:58:48.141] [warning] [gpu_pipeline_task.cpp:77] gpu_pipeline_task: operator 'HASH_GROUP_BY' (id=3) output batch 0 column count mismatch: got 13, expected 10
[2026-09-07 12:58:48.141] [warning] [gpu_pipeline_task.cpp:77] gpu_pipeline_task: operator 'HASH_GROUP_BY' (id=3) output batch 0 column count mismatch: got 13, expected 10
[2026-09-07 12:58:48.141] [warning] [gpu_pipeline_task.cpp:77] gpu_pipeline_task: operator 'HASH_GROUP_BY' (id=3) output batch 0 column count mismatch: got 13, expected 10
[2026-09-07 12:58:48.141] [warning] [gpu_pipeline_task.cpp:77] gpu_pipeline_task: operator 'HASH_GROUP_BY' (id=3) output batch 0 column count mismatch: got 13, expected 10
[2026-09-07 12:58:48.142] [warning] [gpu_pipeline_task.cpp:77] gpu_pipeline_task: operator 'HASH_GROUP_BY' (id=3) output batch 0 column count mismatch: got 13, expected 10
[2026-09-07 12:58:48.142] [warning] [gpu_pipeline_task.cpp:77] gpu_pipeline_task: operator 'HASH_GROUP_BY' (id=3) output batch 0 column count mismatch: got 13, expected 10
[2026-09-07 12:58:48.142] [warning] [gpu_pipeline_task.cpp:77] gpu_pipeline_task: operator 'HASH_GROUP_BY' (id=3) output batch 0 column count mismatch: got 13, expected 10
[2026-09-07 12:58:48.142] [warning] [gpu_pipeline_task.cpp:77] gpu_pipeline_task: operator 'HASH_GROUP_BY' (id=3) output batch 0 column count mismatch: got 13, expected 10
[2026-09-07 12:58:48.142] [warning] [gpu_pipeline_task.cpp:77] gpu_pipeline_task: operator 'HASH_GROUP_BY' (id=3) output batch 0 column count mismatch: got 13, expected 10
[2026-09-07 12:58:48.142] [warning] [gpu_pipeline_task.cpp:77] gpu_pipeline_task: operator 'HASH_GROUP_BY' (id=3) output batch 0 column count mismatch: got 13, expected 10
[2026-09-07 12:58:48.143] [warning] [gpu_pipeline_task.cpp:77] gpu_pipeline_task: operator 'HASH_GROUP_BY' (id=3) output batch 0 column count mismatch: got 13, expected 10
[2026-09-07 12:58:48.143] [warning] [gpu_pipeline_task.cpp:77] gpu_pipeline_task: operator 'HASH_GROUP_BY' (id=3) output batch 0 column count mismatch: got 13, expected 10
[2026-09-07 12:58:48.143] [warning] [gpu_pipeline_task.cpp:77] gpu_pipeline_task: operator 'HASH_GROUP_BY' (id=3) output batch 0 column count mismatch: got 13, expected 10
[2026-09-07 12:58:48.143] [warning] [gpu_pipeline_task.cpp:77] gpu_pipeline_task: operator 'HASH_GROUP_BY' (id=3) output batch 0 column count mismatch: got 13, expected 10
[2026-09-07 12:58:48.143] [warning] [gpu_pipeline_task.cpp:77] gpu_pipeline_task: operator 'HASH_GROUP_BY' (id=3) output batch 0 column count mismatch: got 13, expected 10
[2026-09-07 12:58:48.143] [warning] [gpu_pipeline_task.cpp:77] gpu_pipeline_task: operator 'HASH_GROUP_BY' (id=3) output batch 0 column count mismatch: got 13, expected 10
[2026-09-07 12:58:48.143] [warning] [gpu_pipeline_task.cpp:77] gpu_pipeline_task: operator 'HASH_GROUP_BY' (id=3) output batch 0 column count mismatch: got 13, expected 10
[2026-09-07 12:58:48.143] [warning] [gpu_pipeline_task.cpp:77] gpu_pipeline_task: operator 'HASH_GROUP_BY' (id=3) output batch 0 column count mismatch: got 13, expected 10
[2026-09-07 12:58:48.144] [warning] [gpu_pipeline_task.cpp:77] gpu_pipeline_task: operator 'HASH_GROUP_BY' (id=3) output batch 0 column count mismatch: got 13, expected 10
[2026-09-07 12:58:48.144] [warning] [gpu_pipeline_task.cpp:77] gpu_pipeline_task: operator 'HASH_GROUP_BY' (id=3) output batch 0 column count mismatch: got 13, expected 10
[2026-09-07 12:58:48.144] [warning] [gpu_pipeline_task.cpp:77] gpu_pipeline_task: operator 'HASH_GROUP_BY' (id=3) output batch 0 column count mismatch: got 13, expected 10
[2026-09-07 12:58:48.144] [warning] [gpu_pipeline_task.cpp:77] gpu_pipeline_task: operator 'HASH_GROUP_BY' (id=3) output batch 0 column count mismatch: got 13, expected 10
[2026-09-07 12:58:48.144] [warning] [gpu_pipeline_task.cpp:77] gpu_pipeline_task: operator 'HASH_GROUP_BY' (id=3) output batch 0 column count mismatch: got 13, expected 10
[2026-09-07 12:58:48.145] [warning] [gpu_pipeline_task.cpp:77] gpu_pipeline_task: operator 'HASH_GROUP_BY' (id=3) output batch 0 column count mismatch: got 13, expected 10
[2026-09-07 12:58:48.145] [warning] [gpu_pipeline_task.cpp:77] gpu_pipeline_task: operator 'HASH_GROUP_BY' (id=3) output batch 0 column count mismatch: got 13, expected 10
[2026-09-07 12:58:48.145] [warning] [gpu_pipeline_task.cpp:77] gpu_pipeline_task: operator 'HASH_GROUP_BY' (id=3) output batch 0 column count mismatch: got 13, expected 10
[2026-09-07 12:58:48.145] [warning] [gpu_pipeline_task.cpp:77] gpu_pipeline_task: operator 'HASH_GROUP_BY' (id=3) output batch 0 column count mismatch: got 13, expected 10
[2026-09-07 12:58:48.145] [warning] [gpu_pipeline_task.cpp:77] gpu_pipeline_task: operator 'HASH_GROUP_BY' (id=3) output batch 0 column count mismatch: got 13, expected 10
[2026-09-07 12:58:48.145] [warning] [gpu_pipeline_task.cpp:77] gpu_pipeline_task: operator 'HASH_GROUP_BY' (id=3) output batch 0 column count mismatch: got 13, expected 10
[2026-09-07 12:58:48.145] [warning] [gpu_pipeline_task.cpp:77] gpu_pipeline_task: operator 'HASH_GROUP_BY' (id=3) output batch 0 column count mismatch: got 13, expected 10
[2026-09-07 12:58:48.145] [warning] [gpu_pipeline_task.cpp:77] gpu_pipeline_task: operator 'HASH_GROUP_BY' (id=3) output batch 0 column count mismatch: got 13, expected 10
[2026-09-07 12:58:48.146] [warning] [gpu_pipeline_task.cpp:77] gpu_pipeline_task: operator 'HASH_GROUP_BY' (id=3) output batch 0 column count mismatch: got 13, expected 10
[2026-09-07 12:58:48.146] [warning] [gpu_pipeline_task.cpp:77] gpu_pipeline_task: operator 'HASH_GROUP_BY' (id=3) output batch 0 column count mismatch: got 13, expected 10
[2026-09-07 12:58:48.146] [warning] [gpu_pipeline_task.cpp:77] gpu_pipeline_task: operator 'HASH_GROUP_BY' (id=3) output batch 0 column count mismatch: got 13, expected 10
[2026-09-07 12:58:48.146] [warning] [gpu_pipeline_task.cpp:77] gpu_pipeline_task: operator 'HASH_GROUP_BY' (id=3) output batch 0 column count mismatch: got 13, expected 10
[2026-09-07 12:58:48.146] [warning] [gpu_pipeline_task.cpp:77] gpu_pipeline_task: operator 'HASH_GROUP_BY' (id=3) output batch 0 column count mismatch: got 13, expected 10
[2026-09-07 12:58:48.147] [warning] [gpu_pipeline_task.cpp:77] gpu_pipeline_task: operator 'HASH_GROUP_BY' (id=3) output batch 0 column count mismatch: got 13, expected 10
[2026-09-07 12:58:48.147] [warning] [gpu_pipeline_task.cpp:77] gpu_pipeline_task: operator 'HASH_GROUP_BY' (id=3) output batch 0 column count mismatch: got 13, expected 10
[2026-09-07 12:58:48.147] [warning] [gpu_pipeline_task.cpp:77] gpu_pipeline_task: operator 'HASH_GROUP_BY' (id=3) output batch 0 column count mismatch: got 13, expected 10
[2026-09-07 12:58:48.147] [warning] [gpu_pipeline_task.cpp:77] gpu_pipeline_task: operator 'HASH_GROUP_BY' (id=3) output batch 0 column count mismatch: got 13, expected 10
[2026-09-07 12:58:48.147] [warning] [gpu_pipeline_task.cpp:77] gpu_pipeline_task: operator 'HASH_GROUP_BY' (id=3) output batch 0 column count mismatch: got 13, expected 10
[2026-09-07 12:58:48.147] [warning] [gpu_pipeline_task.cpp:77] gpu_pipeline_task: operator 'HASH_GROUP_BY' (id=3) output batch 0 column count mismatch: got 13, expected 10
[2026-09-07 12:58:48.147] [warning] [gpu_pipeline_task.cpp:77] gpu_pipeline_task: operator 'HASH_GROUP_BY' (id=3) output batch 0 column count mismatch: got 13, expected 10
[2026-09-07 12:58:48.147] [warning] [gpu_pipeline_task.cpp:77] gpu_pipeline_task: operator 'HASH_GROUP_BY' (id=3) output batch 0 column count mismatch: got 13, expected 10
[2026-09-07 12:58:48.148] [warning] [gpu_pipeline_task.cpp:77] gpu_pipeline_task: operator 'HASH_GROUP_BY' (id=3) output batch 0 column count mismatch: got 13, expected 10
[2026-09-07 12:58:48.148] [warning] [gpu_pipeline_task.cpp:77] gpu_pipeline_task: operator 'HASH_GROUP_BY' (id=3) output batch 0 column count mismatch: got 13, expected 10
[2026-09-07 12:58:48.148] [warning] [gpu_pipeline_task.cpp:77] gpu_pipeline_task: operator 'HASH_GROUP_BY' (id=3) output batch 0 column count mismatch: got 13, expected 10
[2026-09-07 12:58:48.148] [warning] [gpu_pipeline_task.cpp:77] gpu_pipeline_task: operator 'HASH_GROUP_BY' (id=3) output batch 0 column count mismatch: got 13, expected 10
[2026-09-07 12:58:48.148] [warning] [gpu_pipeline_task.cpp:77] gpu_pipeline_task: operator 'HASH_GROUP_BY' (id=3) output batch 0 column count mismatch: got 13, expected 10
[2026-09-07 12:58:48.149] [warning] [gpu_pipeline_task.cpp:77] gpu_pipeline_task: operator 'HASH_GROUP_BY' (id=3) output batch 0 column count mismatch: got 13, expected 10
[2026-09-07 12:58:48.149] [warning] [gpu_pipeline_task.cpp:77] gpu_pipeline_task: operator 'HASH_GROUP_BY' (id=3) output batch 0 column count mismatch: got 13, expected 10
[2026-09-07 12:58:48.149] [warning] [gpu_pipeline_task.cpp:77] gpu_pipeline_task: operator 'HASH_GROUP_BY' (id=3) output batch 0 column count mismatch: got 13, expected 10
[2026-09-07 12:58:48.149] [warning] [gpu_pipeline_task.cpp:77] gpu_pipeline_task: operator 'HASH_GROUP_BY' (id=3) output batch 0 column count mismatch: got 13, expected 10
[2026-09-07 12:58:48.149] [warning] [gpu_pipeline_task.cpp:77] gpu_pipeline_task: operator 'HASH_GROUP_BY' (id=3) output batch 0 column count mismatch: got 13, expected 10
[2026-09-07 12:58:48.150] [warning] [gpu_pipeline_task.cpp:77] gpu_pipeline_task: operator 'HASH_GROUP_BY' (id=3) output batch 0 column count mismatch: got 13, expected 10
[2026-09-07 12:58:48.150] [warning] [gpu_pipeline_task.cpp:77] gpu_pipeline_task: operator 'HASH_GROUP_BY' (id=3) output batch 0 column count mismatch: got 13, expected 10
[2026-09-07 12:58:48.150] [warning] [gpu_pipeline_task.cpp:77] gpu_pipeline_task: operator 'HASH_GROUP_BY' (id=3) output batch 0 column count mismatch: got 13, expected 10
[2026-09-07 12:58:48.150] [warning] [gpu_pipeline_task.cpp:77] gpu_pipeline_task: operator 'HASH_GROUP_BY' (id=3) output batch 0 column count mismatch: got 13, expected 10
[2026-09-07 12:58:48.150] [warning] [gpu_pipeline_task.cpp:77] gpu_pipeline_task: operator 'HASH_GROUP_BY' (id=3) output batch 0 column count mismatch: got 13, expected 10
[2026-09-07 12:58:48.150] [warning] [gpu_pipeline_task.cpp:77] gpu_pipeline_task: operator 'HASH_GROUP_BY' (id=3) output batch 0 column count mismatch: got 13, expected 10
[2026-09-07 12:58:48.150] [warning] [gpu_pipeline_task.cpp:77] gpu_pipeline_task: operator 'HASH_GROUP_BY' (id=3) output batch 0 column count mismatch: got 13, expected 10
[2026-09-07 12:58:48.150] [warning] [gpu_pipeline_task.cpp:77] gpu_pipeline_task: operator 'HASH_GROUP_BY' (id=3) output batch 0 column count mismatch: got 13, expected 10
[2026-09-07 12:58:48.151] [warning] [gpu_pipeline_task.cpp:77] gpu_pipeline_task: operator 'HASH_GROUP_BY' (id=3) output batch 0 column count mismatch: got 13, expected 10
[2026-09-07 12:58:48.151] [warning] [gpu_pipeline_task.cpp:77] gpu_pipeline_task: operator 'HASH_GROUP_BY' (id=3) output batch 0 column count mismatch: got 13, expected 10
[2026-09-07 12:58:48.151] [warning] [gpu_pipeline_task.cpp:77] gpu_pipeline_task: operator 'HASH_GROUP_BY' (id=3) output batch 0 column count mismatch: got 13, expected 10
[2026-09-07 12:58:48.151] [warning] [gpu_pipeline_task.cpp:77] gpu_pipeline_task: operator 'HASH_GROUP_BY' (id=3) output batch 0 column count mismatch: got 13, expected 10
[2026-09-07 12:58:48.151] [warning] [gpu_pipeline_task.cpp:77] gpu_pipeline_task: operator 'HASH_GROUP_BY' (id=3) output batch 0 column count mismatch: got 13, expected 10
[2026-09-07 12:58:48.151] [warning] [gpu_pipeline_task.cpp:77] gpu_pipeline_task: operator 'HASH_GROUP_BY' (id=3) output batch 0 column count mismatch: got 13, expected 10
[2026-09-07 12:58:48.152] [warning] [gpu_pipeline_task.cpp:77] gpu_pipeline_task: operator 'HASH_GROUP_BY' (id=3) output batch 0 column count mismatch: got 13, expected 10
[2026-09-07 12:58:48.152] [warning] [gpu_pipeline_task.cpp:77] gpu_pipeline_task: operator 'HASH_GROUP_BY' (id=3) output batch 0 column count mismatch: got 13, expected 10
[2026-09-07 12:58:48.152] [warning] [gpu_pipeline_task.cpp:77] gpu_pipeline_task: operator 'HASH_GROUP_BY' (id=3) output batch 0 column count mismatch: got 13, expected 10
[2026-09-07 12:58:48.152] [warning] [gpu_pipeline_task.cpp:77] gpu_pipeline_task: operator 'HASH_GROUP_BY' (id=3) output batch 0 column count mismatch: got 13, expected 10
[2026-09-07 12:58:48.152] [warning] [gpu_pipeline_task.cpp:77] gpu_pipeline_task: operator 'HASH_GROUP_BY' (id=3) output batch 0 column count mismatch: got 13, expected 10
[2026-09-07 12:58:48.158] [warning] [gpu_pipeline_task.cpp:77] gpu_pipeline_task: operator 'HASH_GROUP_BY' (id=3) output batch 0 column count mismatch: got 13, expected 10
[2026-09-07 12:58:48.158] [warning] [gpu_pipeline_task.cpp:77] gpu_pipeline_task: operator 'HASH_GROUP_BY' (id=3) output batch 0 column count mismatch: got 13, expected 10
[2026-09-07 12:58:48.158] [warning] [gpu_pipeline_task.cpp:77] gpu_pipeline_task: operator 'HASH_GROUP_BY' (id=3) output batch 0 column count mismatch: got 13, expected 10
[2026-09-07 12:58:48.159] [warning] [gpu_pipeline_task.cpp:77] gpu_pipeline_task: operator 'HASH_GROUP_BY' (id=3) output batch 0 column count mismatch: got 13, expected 10
[2026-09-07 12:58:48.159] [warning] [gpu_pipeline_task.cpp:77] gpu_pipeline_task: operator 'HASH_GROUP_BY' (id=3) output batch 0 column count mismatch: got 13, expected 10
[2026-09-07 12:58:48.159] [warning] [gpu_pipeline_task.cpp:77] gpu_pipeline_task: operator 'HASH_GROUP_BY' (id=3) output batch 0 column count mismatch: got 13, expected 10
[2026-09-07 12:58:48.159] [warning] [gpu_pipeline_task.cpp:77] gpu_pipeline_task: operator 'HASH_GROUP_BY' (id=3) output batch 0 column count mismatch: got 13, expected 10
[2026-09-07 12:58:48.159] [warning] [gpu_pipeline_task.cpp:77] gpu_pipeline_task: operator 'HASH_GROUP_BY' (id=3) output batch 0 column count mismatch: got 13, expected 10
[2026-09-07 12:58:48.164] [warning] [gpu_pipeline_task.cpp:77] gpu_pipeline_task: operator 'HASH_GROUP_BY' (id=3) output batch 0 column count mismatch: got 13, expected 10
[2026-09-07 12:58:48.165] [warning] [gpu_pipeline_task.cpp:77] gpu_pipeline_task: operator 'HASH_GROUP_BY' (id=3) output batch 0 column count mismatch: got 13, expected 10
[2026-09-07 12:58:48.165] [warning] [gpu_pipeline_task.cpp:77] gpu_pipeline_task: operator 'HASH_GROUP_BY' (id=3) output batch 0 column count mismatch: got 13, expected 10
[2026-09-07 12:58:48.165] [warning] [gpu_pipeline_task.cpp:77] gpu_pipeline_task: operator 'HASH_GROUP_BY' (id=3) output batch 0 column count mismatch: got 13, expected 10
[2026-09-07 12:58:48.166] [warning] [gpu_pipeline_task.cpp:77] gpu_pipeline_task: operator 'HASH_GROUP_BY' (id=3) output batch 0 column count mismatch: got 13, expected 10
[2026-09-07 12:58:48.166] [warning] [gpu_pipeline_task.cpp:77] gpu_pipeline_task: operator 'HASH_GROUP_BY' (id=3) output batch 0 column count mismatch: got 13, expected 10
[2026-09-07 12:58:48.166] [warning] [gpu_pipeline_task.cpp:77] gpu_pipeline_task: operator 'HASH_GROUP_BY' (id=3) output batch 0 column count mismatch: got 13, expected 10
[2026-09-07 12:58:48.166] [warning] [gpu_pipeline_task.cpp:77] gpu_pipeline_task: operator 'HASH_GROUP_BY' (id=3) output batch 0 column count mismatch: got 13, expected 10
[2026-09-07 12:58:48.171] [warning] [gpu_pipeline_task.cpp:77] gpu_pipeline_task: operator 'HASH_GROUP_BY' (id=3) output batch 0 column count mismatch: got 13, expected 10
[2026-09-07 12:58:48.171] [warning] [gpu_pipeline_task.cpp:77] gpu_pipeline_task: operator 'HASH_GROUP_BY' (id=3) output batch 0 column count mismatch: got 13, expected 10
[2026-09-07 12:58:48.172] [warning] [gpu_pipeline_task.cpp:77] gpu_pipeline_task: operator 'HASH_GROUP_BY' (id=3) output batch 0 column count mismatch: got 13, expected 10
[2026-09-07 12:58:48.172] [warning] [gpu_pipeline_task.cpp:77] gpu_pipeline_task: operator 'HASH_GROUP_BY' (id=3) output batch 0 column count mismatch: got 13, expected 10
[2026-09-07 12:58:48.173] [warning] [gpu_pipeline_task.cpp:77] gpu_pipeline_task: operator 'HASH_GROUP_BY' (id=3) output batch 0 column count mismatch: got 13, expected 10
[2026-09-07 12:58:48.173] [warning] [gpu_pipeline_task.cpp:77] gpu_pipeline_task: operator 'HASH_GROUP_BY' (id=3) output batch 0 column count mismatch: got 13, expected 10
[2026-09-07 12:58:48.174] [warning] [gpu_pipeline_task.cpp:77] gpu_pipeline_task: operator 'HASH_GROUP_BY' (id=3) output batch 0 column count mismatch: got 13, expected 10
[2026-09-07 12:58:48.174] [warning] [gpu_pipeline_task.cpp:77] gpu_pipeline_task: operator 'HASH_GROUP_BY' (id=3) output batch 0 column count mismatch: got 13, expected 10
[2026-09-07 12:58:48.178] [warning] [gpu_pipeline_task.cpp:77] gpu_pipeline_task: operator 'HASH_GROUP_BY' (id=3) output batch 0 column count mismatch: got 13, expected 10
[2026-09-07 12:58:48.178] [warning] [gpu_pipeline_task.cpp:77] gpu_pipeline_task: operator 'HASH_GROUP_BY' (id=3) output batch 0 column count mismatch: got 13, expected 10
[2026-09-07 12:58:48.179] [warning] [gpu_pipeline_task.cpp:77] gpu_pipeline_task: operator 'HASH_GROUP_BY' (id=3) output batch 0 column count mismatch: got 13, expected 10
[2026-09-07 12:58:48.179] [warning] [gpu_pipeline_task.cpp:77] gpu_pipeline_task: operator 'HASH_GROUP_BY' (id=3) output batch 0 column count mismatch: got 13, expected 10
[2026-09-07 12:58:48.179] [warning] [gpu_pipeline_task.cpp:77] gpu_pipeline_task: operator 'HASH_GROUP_BY' (id=3) output batch 0 column count mismatch: got 13, expected 10
[2026-09-07 12:58:48.179] [warning] [gpu_pipeline_task.cpp:77] gpu_pipeline_task: operator 'HASH_GROUP_BY' (id=3) output batch 0 column count mismatch: got 13, expected 10
[2026-09-07 12:58:48.180] [warning] [gpu_pipeline_task.cpp:77] gpu_pipeline_task: operator 'HASH_GROUP_BY' (id=3) output batch 0 column count mismatch: got 13, expected 10
[2026-09-07 12:58:48.180] [warning] [gpu_pipeline_task.cpp:77] gpu_pipeline_task: operator 'HASH_GROUP_BY' (id=3) output batch 0 column count mismatch: got 13, expected 10
[2026-09-07 12:58:48.184] [warning] [gpu_pipeline_task.cpp:77] gpu_pipeline_task: operator 'HASH_GROUP_BY' (id=3) output batch 0 column count mismatch: got 13, expected 10
[2026-09-07 12:58:48.185] [warning] [gpu_pipeline_task.cpp:77] gpu_pipeline_task: operator 'HASH_GROUP_BY' (id=3) output batch 0 column count mismatch: got 13, expected 10
[2026-09-07 12:58:48.185] [warning] [gpu_pipeline_task.cpp:77] gpu_pipeline_task: operator 'HASH_GROUP_BY' (id=3) output batch 0 column count mismatch: got 13, expected 10
[2026-09-07 12:58:48.185] [warning] [gpu_pipeline_task.cpp:77] gpu_pipeline_task: operator 'HASH_GROUP_BY' (id=3) output batch 0 column count mismatch: got 13, expected 10
[2026-09-07 12:58:48.186] [warning] [gpu_pipeline_task.cpp:77] gpu_pipeline_task: operator 'HASH_GROUP_BY' (id=3) output batch 0 column count mismatch: got 13, expected 10
[2026-09-07 12:58:48.186] [warning] [gpu_pipeline_task.cpp:77] gpu_pipeline_task: operator 'HASH_GROUP_BY' (id=3) output batch 0 column count mismatch: got 13, expected 10
[2026-09-07 12:58:48.187] [warning] [gpu_pipeline_task.cpp:77] gpu_pipeline_task: operator 'HASH_GROUP_BY' (id=3) output batch 0 column count mismatch: got 13, expected 10
[2026-09-07 12:58:48.187] [warning] [gpu_pipeline_task.cpp:77] gpu_pipeline_task: operator 'HASH_GROUP_BY' (id=3) output batch 0 column count mismatch: got 13, expected 10
[2026-09-07 12:58:48.190] [warning] [gpu_pipeline_task.cpp:77] gpu_pipeline_task: operator 'HASH_GROUP_BY' (id=3) output batch 0 column count mismatch: got 13, expected 10
[2026-09-07 12:58:48.191] [warning] [gpu_pipeline_task.cpp:77] gpu_pipeline_task: operator 'HASH_GROUP_BY' (id=3) output batch 0 column count mismatch: got 13, expected 10
[2026-09-07 12:58:48.192] [warning] [gpu_pipeline_task.cpp:77] gpu_pipeline_task: operator 'HASH_GROUP_BY' (id=3) output batch 0 column count mismatch: got 13, expected 10
[2026-09-07 12:58:48.192] [warning] [gpu_pipeline_task.cpp:77] gpu_pipeline_task: operator 'HASH_GROUP_BY' (id=3) output batch 0 column count mismatch: got 13, expected 10
[2026-09-07 12:58:48.192] [warning] [gpu_pipeline_task.cpp:77] gpu_pipeline_task: operator 'HASH_GROUP_BY' (id=3) output batch 0 column count mismatch: got 13, expected 10
[2026-09-07 12:58:48.193] [warning] [gpu_pipeline_task.cpp:77] gpu_pipeline_task: operator 'HASH_GROUP_BY' (id=3) output batch 0 column count mismatch: got 13, expected 10
[2026-09-07 12:58:48.194] [warning] [gpu_pipeline_task.cpp:77] gpu_pipeline_task: operator 'HASH_GROUP_BY' (id=3) output batch 0 column count mismatch: got 13, expected 10
[2026-09-07 12:58:48.194] [warning] [gpu_pipeline_task.cpp:77] gpu_pipeline_task: operator 'HASH_GROUP_BY' (id=3) output batch 0 column count mismatch: got 13, expected 10
[2026-09-07 12:58:48.196] [warning] [gpu_pipeline_task.cpp:77] gpu_pipeline_task: operator 'HASH_GROUP_BY' (id=3) output batch 0 column count mismatch: got 13, expected 10
[2026-09-07 12:58:48.198] [warning] [gpu_pipeline_task.cpp:77] gpu_pipeline_task: operator 'HASH_GROUP_BY' (id=3) output batch 0 column count mismatch: got 13, expected 10
[2026-09-07 12:58:48.199] [warning] [gpu_pipeline_task.cpp:77] gpu_pipeline_task: operator 'HASH_GROUP_BY' (id=3) output batch 0 column count mismatch: got 13, expected 10
[2026-09-07 12:58:48.199] [warning] [gpu_pipeline_task.cpp:77] gpu_pipeline_task: operator 'HASH_GROUP_BY' (id=3) output batch 0 column count mismatch: got 13, expected 10
[2026-09-07 12:58:48.199] [warning] [gpu_pipeline_task.cpp:77] gpu_pipeline_task: operator 'HASH_GROUP_BY' (id=3) output batch 0 column count mismatch: got 13, expected 10
[2026-09-07 12:58:48.200] [warning] [gpu_pipeline_task.cpp:77] gpu_pipeline_task: operator 'HASH_GROUP_BY' (id=3) output batch 0 column count mismatch: got 13, expected 10
[2026-09-07 12:58:48.200] [warning] [gpu_pipeline_task.cpp:77] gpu_pipeline_task: operator 'HASH_GROUP_BY' (id=3) output batch 0 column count mismatch: got 13, expected 10
[2026-09-07 12:58:48.201] [warning] [gpu_pipeline_task.cpp:77] gpu_pipeline_task: operator 'HASH_GROUP_BY' (id=3) output batch 0 column count mismatch: got 13, expected 10
[2026-09-07 12:58:48.203] [warning] [gpu_pipeline_task.cpp:77] gpu_pipeline_task: operator 'HASH_GROUP_BY' (id=3) output batch 0 column count mismatch: got 13, expected 10
[2026-09-07 12:58:48.205] [warning] [gpu_pipeline_task.cpp:77] gpu_pipeline_task: operator 'HASH_GROUP_BY' (id=3) output batch 0 column count mismatch: got 13, expected 10
[2026-09-07 12:58:48.205] [warning] [gpu_pipeline_task.cpp:77] gpu_pipeline_task: operator 'HASH_GROUP_BY' (id=3) output batch 0 column count mismatch: got 13, expected 10
[2026-09-07 12:58:48.205] [warning] [gpu_pipeline_task.cpp:77] gpu_pipeline_task: operator 'HASH_GROUP_BY' (id=3) output batch 0 column count mismatch: got 13, expected 10
[2026-09-07 12:58:48.206] [warning] [gpu_pipeline_task.cpp:77] gpu_pipeline_task: operator 'HASH_GROUP_BY' (id=3) output batch 0 column count mismatch: got 13, expected 10
[2026-09-07 12:58:48.206] [warning] [gpu_pipeline_task.cpp:77] gpu_pipeline_task: operator 'HASH_GROUP_BY' (id=3) output batch 0 column count mismatch: got 13, expected 10
[2026-09-07 12:58:48.207] [warning] [gpu_pipeline_task.cpp:77] gpu_pipeline_task: operator 'HASH_GROUP_BY' (id=3) output batch 0 column count mismatch: got 13, expected 10
[2026-09-07 12:58:48.208] [warning] [gpu_pipeline_task.cpp:77] gpu_pipeline_task: operator 'HASH_GROUP_BY' (id=3) output batch 0 column count mismatch: got 13, expected 10
[2026-09-07 12:58:48.210] [warning] [gpu_pipeline_task.cpp:77] gpu_pipeline_task: operator 'HASH_GROUP_BY' (id=3) output batch 0 column count mismatch: got 13, expected 10
[2026-09-07 12:58:48.211] [warning] [gpu_pipeline_task.cpp:77] gpu_pipeline_task: operator 'HASH_GROUP_BY' (id=3) output batch 0 column count mismatch: got 13, expected 10
[2026-09-07 12:58:48.212] [warning] [gpu_pipeline_task.cpp:77] gpu_pipeline_task: operator 'HASH_GROUP_BY' (id=3) output batch 0 column count mismatch: got 13, expected 10
[2026-09-07 12:58:48.212] [warning] [gpu_pipeline_task.cpp:77] gpu_pipeline_task: operator 'HASH_GROUP_BY' (id=3) output batch 0 column count mismatch: got 13, expected 10
[2026-09-07 12:58:48.213] [warning] [gpu_pipeline_task.cpp:77] gpu_pipeline_task: operator 'HASH_GROUP_BY' (id=3) output batch 0 column count mismatch: got 13, expected 10
[2026-09-07 12:58:48.214] [warning] [gpu_pipeline_task.cpp:77] gpu_pipeline_task: operator 'HASH_GROUP_BY' (id=3) output batch 0 column count mismatch: got 13, expected 10
[2026-09-07 12:58:48.214] [warning] [gpu_pipeline_task.cpp:77] gpu_pipeline_task: operator 'HASH_GROUP_BY' (id=3) output batch 0 column count mismatch: got 13, expected 10
[2026-09-07 12:58:48.214] [warning] [gpu_pipeline_task.cpp:77] gpu_pipeline_task: operator 'HASH_GROUP_BY' (id=3) output batch 0 column count mismatch: got 13, expected 10
[2026-09-07 12:58:48.216] [warning] [gpu_pipeline_task.cpp:77] gpu_pipeline_task: operator 'HASH_GROUP_BY' (id=3) output batch 0 column count mismatch: got 13, expected 10
[2026-09-07 12:58:48.218] [warning] [gpu_pipeline_task.cpp:77] gpu_pipeline_task: operator 'HASH_GROUP_BY' (id=3) output batch 0 column count mismatch: got 13, expected 10
[2026-09-07 12:58:48.219] [warning] [gpu_pipeline_task.cpp:77] gpu_pipeline_task: operator 'HASH_GROUP_BY' (id=3) output batch 0 column count mismatch: got 13, expected 10
[2026-09-07 12:58:48.219] [warning] [gpu_pipeline_task.cpp:77] gpu_pipeline_task: operator 'HASH_GROUP_BY' (id=3) output batch 0 column count mismatch: got 13, expected 10
[2026-09-07 12:58:48.220] [warning] [gpu_pipeline_task.cpp:77] gpu_pipeline_task: operator 'HASH_GROUP_BY' (id=3) output batch 0 column count mismatch: got 13, expected 10
[2026-09-07 12:58:48.220] [warning] [gpu_pipeline_task.cpp:77] gpu_pipeline_task: operator 'HASH_GROUP_BY' (id=3) output batch 0 column count mismatch: got 13, expected 10
[2026-09-07 12:58:48.221] [warning] [gpu_pipeline_task.cpp:77] gpu_pipeline_task: operator 'HASH_GROUP_BY' (id=3) output batch 0 column count mismatch: got 13, expected 10
[2026-09-07 12:58:48.222] [warning] [gpu_pipeline_task.cpp:77] gpu_pipeline_task: operator 'HASH_GROUP_BY' (id=3) output batch 0 column count mismatch: got 13, expected 10
[2026-09-07 12:58:48.223] [warning] [gpu_pipeline_task.cpp:77] gpu_pipeline_task: operator 'HASH_GROUP_BY' (id=3) output batch 0 column count mismatch: got 13, expected 10
[2026-09-07 12:58:48.225] [warning] [gpu_pipeline_task.cpp:77] gpu_pipeline_task: operator 'HASH_GROUP_BY' (id=3) output batch 0 column count mismatch: got 13, expected 10
[2026-09-07 12:58:48.226] [warning] [gpu_pipeline_task.cpp:77] gpu_pipeline_task: operator 'HASH_GROUP_BY' (id=3) output batch 0 column count mismatch: got 13, expected 10
[2026-09-07 12:58:48.226] [warning] [gpu_pipeline_task.cpp:77] gpu_pipeline_task: operator 'HASH_GROUP_BY' (id=3) output batch 0 column count mismatch: got 13, expected 10
[2026-09-07 12:58:48.226] [warning] [gpu_pipeline_task.cpp:77] gpu_pipeline_task: operator 'HASH_GROUP_BY' (id=3) output batch 0 column count mismatch: got 13, expected 10
[2026-09-07 12:58:48.227] [warning] [gpu_pipeline_task.cpp:77] gpu_pipeline_task: operator 'HASH_GROUP_BY' (id=3) output batch 0 column count mismatch: got 13, expected 10
[2026-09-07 12:58:48.228] [warning] [gpu_pipeline_task.cpp:77] gpu_pipeline_task: operator 'HASH_GROUP_BY' (id=3) output batch 0 column count mismatch: got 13, expected 10
[2026-09-07 12:58:48.229] [warning] [gpu_pipeline_task.cpp:77] gpu_pipeline_task: operator 'HASH_GROUP_BY' (id=3) output batch 0 column count mismatch: got 13, expected 10
[2026-09-07 12:58:48.230] [warning] [gpu_pipeline_task.cpp:77] gpu_pipeline_task: operator 'HASH_GROUP_BY' (id=3) output batch 0 column count mismatch: got 13, expected 10
[2026-09-07 12:58:48.231] [warning] [gpu_pipeline_task.cpp:77] gpu_pipeline_task: operator 'HASH_GROUP_BY' (id=3) output batch 0 column count mismatch: got 13, expected 10
[2026-09-07 12:58:48.232] [warning] [gpu_pipeline_task.cpp:77] gpu_pipeline_task: operator 'HASH_GROUP_BY' (id=3) output batch 0 column count mismatch: got 13, expected 10
[2026-09-07 12:58:48.232] [warning] [gpu_pipeline_task.cpp:77] gpu_pipeline_task: operator 'HASH_GROUP_BY' (id=3) output batch 0 column count mismatch: got 13, expected 10
[2026-09-07 12:58:48.233] [warning] [gpu_pipeline_task.cpp:77] gpu_pipeline_task: operator 'HASH_GROUP_BY' (id=3) output batch 0 column count mismatch: got 13, expected 10
[2026-09-07 12:58:48.234] [warning] [gpu_pipeline_task.cpp:77] gpu_pipeline_task: operator 'HASH_GROUP_BY' (id=3) output batch 0 column count mismatch: got 13, expected 10
[2026-09-07 12:58:48.235] [warning] [gpu_pipeline_task.cpp:77] gpu_pipeline_task: operator 'HASH_GROUP_BY' (id=3) output batch 0 column count mismatch: got 13, expected 10
[2026-09-07 12:58:48.237] [warning] [gpu_pipeline_task.cpp:77] gpu_pipeline_task: operator 'HASH_GROUP_BY' (id=3) output batch 0 column count mismatch: got 13, expected 10
[2026-09-07 12:58:48.237] [warning] [gpu_pipeline_task.cpp:77] gpu_pipeline_task: operator 'HASH_GROUP_BY' (id=3) output batch 0 column count mismatch: got 13, expected 10
[2026-09-07 12:58:48.238] [warning] [gpu_pipeline_task.cpp:77] gpu_pipeline_task: operator 'HASH_GROUP_BY' (id=3) output batch 0 column count mismatch: got 13, expected 10
[2026-09-07 12:58:48.239] [warning] [gpu_pipeline_task.cpp:77] gpu_pipeline_task: operator 'HASH_GROUP_BY' (id=3) output batch 0 column count mismatch: got 13, expected 10
[2026-09-07 12:58:48.239] [warning] [gpu_pipeline_task.cpp:77] gpu_pipeline_task: operator 'HASH_GROUP_BY' (id=3) output batch 0 column count mismatch: got 13, expected 10
[2026-09-07 12:58:48.240] [warning] [gpu_pipeline_task.cpp:77] gpu_pipeline_task: operator 'HASH_GROUP_BY' (id=3) output batch 0 column count mismatch: got 13, expected 10
[2026-09-07 12:58:48.241] [warning] [gpu_pipeline_task.cpp:77] gpu_pipeline_task: operator 'HASH_GROUP_BY' (id=3) output batch 0 column count mismatch: got 13, expected 10
[2026-09-07 12:58:48.242] [warning] [gpu_pipeline_task.cpp:77] gpu_pipeline_task: operator 'HASH_GROUP_BY' (id=3) output batch 0 column count mismatch: got 13, expected 10
[2026-09-07 12:58:48.243] [warning] [gpu_pipeline_task.cpp:77] gpu_pipeline_task: operator 'HASH_GROUP_BY' (id=3) output batch 0 column count mismatch: got 13, expected 10
[2026-09-07 12:58:48.244] [warning] [gpu_pipeline_task.cpp:77] gpu_pipeline_task: operator 'HASH_GROUP_BY' (id=3) output batch 0 column count mismatch: got 13, expected 10
[2026-09-07 12:58:48.244] [warning] [gpu_pipeline_task.cpp:77] gpu_pipeline_task: operator 'HASH_GROUP_BY' (id=3) output batch 0 column count mismatch: got 13, expected 10
[2026-09-07 12:58:48.246] [warning] [gpu_pipeline_task.cpp:77] gpu_pipeline_task: operator 'HASH_GROUP_BY' (id=3) output batch 0 column count mismatch: got 13, expected 10
[2026-09-07 12:58:48.246] [warning] [gpu_pipeline_task.cpp:77] gpu_pipeline_task: operator 'HASH_GROUP_BY' (id=3) output batch 0 column count mismatch: got 13, expected 10
[2026-09-07 12:58:48.246] [warning] [gpu_pipeline_task.cpp:77] gpu_pipeline_task: operator 'HASH_GROUP_BY' (id=3) output batch 0 column count mismatch: got 13, expected 10
[2026-09-07 12:58:48.247] [warning] [gpu_pipeline_task.cpp:77] gpu_pipeline_task: operator 'HASH_GROUP_BY' (id=3) output batch 0 column count mismatch: got 13, expected 10
[2026-09-07 12:58:48.249] [warning] [gpu_pipeline_task.cpp:77] gpu_pipeline_task: operator 'HASH_GROUP_BY' (id=3) output batch 0 column count mismatch: got 13, expected 10
[2026-09-07 12:58:48.250] [warning] [gpu_pipeline_task.cpp:77] gpu_pipeline_task: operator 'HASH_GROUP_BY' (id=3) output batch 0 column count mismatch: got 13, expected 10
[2026-09-07 12:58:48.250] [warning] [gpu_pipeline_task.cpp:77] gpu_pipeline_task: operator 'HASH_GROUP_BY' (id=3) output batch 0 column count mismatch: got 13, expected 10
[2026-09-07 12:58:48.251] [warning] [gpu_pipeline_task.cpp:77] gpu_pipeline_task: operator 'HASH_GROUP_BY' (id=3) output batch 0 column count mismatch: got 13, expected 10
[2026-09-07 12:58:48.252] [warning] [gpu_pipeline_task.cpp:77] gpu_pipeline_task: operator 'HASH_GROUP_BY' (id=3) output batch 0 column count mismatch: got 13, expected 10
[2026-09-07 12:58:48.253] [warning] [gpu_pipeline_task.cpp:77] gpu_pipeline_task: operator 'HASH_GROUP_BY' (id=3) output batch 0 column count mismatch: got 13, expected 10
[2026-09-07 12:58:48.253] [warning] [gpu_pipeline_task.cpp:77] gpu_pipeline_task: operator 'HASH_GROUP_BY' (id=3) output batch 0 column count mismatch: got 13, expected 10
[2026-09-07 12:58:48.254] [warning] [gpu_pipeline_task.cpp:77] gpu_pipeline_task: operator 'HASH_GROUP_BY' (id=3) output batch 0 column count mismatch: got 13, expected 10
[2026-09-07 12:58:48.256] [warning] [gpu_pipeline_task.cpp:77] gpu_pipeline_task: operator 'HASH_GROUP_BY' (id=3) output batch 0 column count mismatch: got 13, expected 10
[2026-09-07 12:58:48.256] [warning] [gpu_pipeline_task.cpp:77] gpu_pipeline_task: operator 'HASH_GROUP_BY' (id=3) output batch 0 column count mismatch: got 13, expected 10
[2026-09-07 12:58:48.257] [warning] [gpu_pipeline_task.cpp:77] gpu_pipeline_task: operator 'HASH_GROUP_BY' (id=3) output batch 0 column count mismatch: got 13, expected 10
[2026-09-07 12:58:48.257] [warning] [gpu_pipeline_task.cpp:77] gpu_pipeline_task: operator 'HASH_GROUP_BY' (id=3) output batch 0 column count mismatch: got 13, expected 10
[2026-09-07 12:58:48.259] [warning] [gpu_pipeline_task.cpp:77] gpu_pipeline_task: operator 'HASH_GROUP_BY' (id=3) output batch 0 column count mismatch: got 13, expected 10
[2026-09-07 12:58:48.260] [warning] [gpu_pipeline_task.cpp:77] gpu_pipeline_task: operator 'HASH_GROUP_BY' (id=3) output batch 0 column count mismatch: got 13, expected 10
[2026-09-07 12:58:48.260] [warning] [gpu_pipeline_task.cpp:77] gpu_pipeline_task: operator 'HASH_GROUP_BY' (id=3) output batch 0 column count mismatch: got 13, expected 10
[2026-09-07 12:58:48.262] [warning] [gpu_pipeline_task.cpp:77] gpu_pipeline_task: operator 'HASH_GROUP_BY' (id=3) output batch 0 column count mismatch: got 13, expected 10
[2026-09-07 12:58:48.263] [warning] [gpu_pipeline_task.cpp:77] gpu_pipeline_task: operator 'HASH_GROUP_BY' (id=3) output batch 0 column count mismatch: got 13, expected 10
[2026-09-07 12:58:48.263] [warning] [gpu_pipeline_task.cpp:77] gpu_pipeline_task: operator 'HASH_GROUP_BY' (id=3) output batch 0 column count mismatch: got 13, expected 10
[2026-09-07 12:58:48.264] [warning] [gpu_pipeline_task.cpp:77] gpu_pipeline_task: operator 'HASH_GROUP_BY' (id=3) output batch 0 column count mismatch: got 13, expected 10
[2026-09-07 12:58:48.264] [warning] [gpu_pipeline_task.cpp:77] gpu_pipeline_task: operator 'HASH_GROUP_BY' (id=3) output batch 0 column count mismatch: got 13, expected 10
[2026-09-07 12:58:48.265] [warning] [gpu_pipeline_task.cpp:77] gpu_pipeline_task: operator 'HASH_GROUP_BY' (id=3) output batch 0 column count mismatch: got 13, expected 10
[2026-09-07 12:58:48.268] [warning] [gpu_pipeline_task.cpp:77] gpu_pipeline_task: operator 'HASH_GROUP_BY' (id=3) output batch 0 column count mismatch: got 13, expected 10
[2026-09-07 12:58:48.268] [warning] [gpu_pipeline_task.cpp:77] gpu_pipeline_task: operator 'HASH_GROUP_BY' (id=3) output batch 0 column count mismatch: got 13, expected 10
[2026-09-07 12:58:48.269] [warning] [gpu_pipeline_task.cpp:77] gpu_pipeline_task: operator 'HASH_GROUP_BY' (id=3) output batch 0 column count mismatch: got 13, expected 10
[2026-09-07 12:58:48.269] [warning] [gpu_pipeline_task.cpp:77] gpu_pipeline_task: operator 'HASH_GROUP_BY' (id=3) output batch 0 column count mismatch: got 13, expected 10
[2026-09-07 12:58:48.269] [warning] [gpu_pipeline_task.cpp:77] gpu_pipeline_task: operator 'HASH_GROUP_BY' (id=3) output batch 0 column count mismatch: got 13, expected 10
[2026-09-07 12:58:48.271] [warning] [gpu_pipeline_task.cpp:77] gpu_pipeline_task: operator 'HASH_GROUP_BY' (id=3) output batch 0 column count mismatch: got 13, expected 10
[2026-09-07 12:58:48.271] [warning] [gpu_pipeline_task.cpp:77] gpu_pipeline_task: operator 'HASH_GROUP_BY' (id=3) output batch 0 column count mismatch: got 13, expected 10
[2026-09-07 12:58:48.271] [warning] [gpu_pipeline_task.cpp:77] gpu_pipeline_task: operator 'HASH_GROUP_BY' (id=3) output batch 0 column count mismatch: got 13, expected 10
[2026-09-07 12:58:48.272] [warning] [gpu_pipeline_task.cpp:77] gpu_pipeline_task: operator 'HASH_GROUP_BY' (id=3) output batch 0 column count mismatch: got 13, expected 10
[2026-09-07 12:58:48.272] [warning] [gpu_pipeline_task.cpp:77] gpu_pipeline_task: operator 'HASH_GROUP_BY' (id=3) output batch 0 column count mismatch: got 13, expected 10
[2026-09-07 12:58:48.272] [warning] [gpu_pipeline_task.cpp:77] gpu_pipeline_task: operator 'HASH_GROUP_BY' (id=3) output batch 0 column count mismatch: got 13, expected 10
[2026-09-07 12:58:48.273] [warning] [gpu_pipeline_task.cpp:77] gpu_pipeline_task: operator 'HASH_GROUP_BY' (id=3) output batch 0 column count mismatch: got 13, expected 10
[2026-09-07 12:58:48.273] [warning] [gpu_pipeline_task.cpp:77] gpu_pipeline_task: operator 'HASH_GROUP_BY' (id=3) output batch 0 column count mismatch: got 13, expected 10
[2026-09-07 12:58:48.273] [warning] [gpu_pipeline_task.cpp:77] gpu_pipeline_task: operator 'HASH_GROUP_BY' (id=3) output batch 0 column count mismatch: got 13, expected 10
[2026-09-07 12:58:48.273] [warning] [gpu_pipeline_task.cpp:77] gpu_pipeline_task: operator 'HASH_GROUP_BY' (id=3) output batch 0 column count mismatch: got 13, expected 10
[2026-09-07 12:58:48.274] [warning] [gpu_pipeline_task.cpp:77] gpu_pipeline_task: operator 'HASH_GROUP_BY' (id=3) output batch 0 column count mismatch: got 13, expected 10
[2026-09-07 12:58:48.274] [warning] [gpu_pipeline_task.cpp:77] gpu_pipeline_task: operator 'HASH_GROUP_BY' (id=3) output batch 0 column count mismatch: got 13, expected 10
[2026-09-07 12:58:48.274] [warning] [gpu_pipeline_task.cpp:77] gpu_pipeline_task: operator 'HASH_GROUP_BY' (id=3) output batch 0 column count mismatch: got 13, expected 10
[2026-09-07 12:58:48.274] [warning] [gpu_pipeline_task.cpp:77] gpu_pipeline_task: operator 'HASH_GROUP_BY' (id=3) output batch 0 column count mismatch: got 13, expected 10
[2026-09-07 12:58:48.274] [warning] [gpu_pipeline_task.cpp:77] gpu_pipeline_task: operator 'HASH_GROUP_BY' (id=3) output batch 0 column count mismatch: got 13, expected 10
[2026-09-07 12:58:48.275] [warning] [gpu_pipeline_task.cpp:77] gpu_pipeline_task: operator 'HASH_GROUP_BY' (id=3) output batch 0 column count mismatch: got 13, expected 10
[2026-09-07 12:58:48.275] [warning] [gpu_pipeline_task.cpp:77] gpu_pipeline_task: operator 'HASH_GROUP_BY' (id=3) output batch 0 column count mismatch: got 13, expected 10
[2026-09-07 12:58:48.275] [warning] [gpu_pipeline_task.cpp:77] gpu_pipeline_task: operator 'HASH_GROUP_BY' (id=3) output batch 0 column count mismatch: got 13, expected 10
[2026-09-07 12:58:48.275] [warning] [gpu_pipeline_task.cpp:77] gpu_pipeline_task: operator 'HASH_GROUP_BY' (id=3) output batch 0 column count mismatch: got 13, expected 10
[2026-09-07 12:58:48.276] [warning] [gpu_pipeline_task.cpp:77] gpu_pipeline_task: operator 'HASH_GROUP_BY' (id=3) output batch 0 column count mismatch: got 13, expected 10
[2026-09-07 12:58:48.276] [warning] [gpu_pipeline_task.cpp:77] gpu_pipeline_task: operator 'HASH_GROUP_BY' (id=3) output batch 0 column count mismatch: got 13, expected 10
[2026-09-07 12:58:48.276] [warning] [gpu_pipeline_task.cpp:77] gpu_pipeline_task: operator 'HASH_GROUP_BY' (id=3) output batch 0 column count mismatch: got 13, expected 10
[2026-09-07 12:58:48.276] [warning] [gpu_pipeline_task.cpp:77] gpu_pipeline_task: operator 'HASH_GROUP_BY' (id=3) output batch 0 column count mismatch: got 13, expected 10
[2026-09-07 12:58:48.276] [warning] [gpu_pipeline_task.cpp:77] gpu_pipeline_task: operator 'HASH_GROUP_BY' (id=3) output batch 0 column count mismatch: got 13, expected 10
[2026-09-07 12:58:48.276] [warning] [gpu_pipeline_task.cpp:77] gpu_pipeline_task: operator 'HASH_GROUP_BY' (id=3) output batch 0 column count mismatch: got 13, expected 10
[2026-09-07 12:58:48.277] [warning] [gpu_pipeline_task.cpp:77] gpu_pipeline_task: operator 'HASH_GROUP_BY' (id=3) output batch 0 column count mismatch: got 13, expected 10
[2026-09-07 12:58:48.277] [warning] [gpu_pipeline_task.cpp:77] gpu_pipeline_task: operator 'HASH_GROUP_BY' (id=3) output batch 0 column count mismatch: got 13, expected 10
[2026-09-07 12:58:48.277] [warning] [gpu_pipeline_task.cpp:77] gpu_pipeline_task: operator 'HASH_GROUP_BY' (id=3) output batch 0 column count mismatch: got 13, expected 10
[2026-09-07 12:58:48.277] [warning] [gpu_pipeline_task.cpp:77] gpu_pipeline_task: operator 'HASH_GROUP_BY' (id=3) output batch 0 column count mismatch: got 13, expected 10
[2026-09-07 12:58:48.277] [warning] [gpu_pipeline_task.cpp:77] gpu_pipeline_task: operator 'HASH_GROUP_BY' (id=3) output batch 0 column count mismatch: got 13, expected 10
[2026-09-07 12:58:48.277] [warning] [gpu_pipeline_task.cpp:77] gpu_pipeline_task: operator 'HASH_GROUP_BY' (id=3) output batch 0 column count mismatch: got 13, expected 10
[2026-09-07 12:58:48.277] [warning] [gpu_pipeline_task.cpp:77] gpu_pipeline_task: operator 'HASH_GROUP_BY' (id=3) output batch 0 column count mismatch: got 13, expected 10
[2026-09-07 12:58:48.277] [warning] [gpu_pipeline_task.cpp:77] gpu_pipeline_task: operator 'HASH_GROUP_BY' (id=3) output batch 0 column count mismatch: got 13, expected 10
[2026-09-07 12:58:48.278] [warning] [gpu_pipeline_task.cpp:77] gpu_pipeline_task: operator 'HASH_GROUP_BY' (id=3) output batch 0 column count mismatch: got 13, expected 10
[2026-09-07 12:58:48.278] [warning] [gpu_pipeline_task.cpp:77] gpu_pipeline_task: operator 'HASH_GROUP_BY' (id=3) output batch 0 column count mismatch: got 13, expected 10
[2026-09-07 12:58:48.278] [warning] [gpu_pipeline_task.cpp:77] gpu_pipeline_task: operator 'HASH_GROUP_BY' (id=3) output batch 0 column count mismatch: got 13, expected 10
[2026-09-07 12:58:48.278] [warning] [gpu_pipeline_task.cpp:77] gpu_pipeline_task: operator 'HASH_GROUP_BY' (id=3) output batch 0 column count mismatch: got 13, expected 10
[2026-09-07 12:58:48.278] [warning] [gpu_pipeline_task.cpp:77] gpu_pipeline_task: operator 'HASH_GROUP_BY' (id=3) output batch 0 column count mismatch: got 13, expected 10
[2026-09-07 12:58:48.278] [warning] [gpu_pipeline_task.cpp:77] gpu_pipeline_task: operator 'HASH_GROUP_BY' (id=3) output batch 0 column count mismatch: got 13, expected 10
[2026-09-07 12:58:48.278] [warning] [gpu_pipeline_task.cpp:77] gpu_pipeline_task: operator 'HASH_GROUP_BY' (id=3) output batch 0 column count mismatch: got 13, expected 10
[2026-09-07 12:58:48.278] [warning] [gpu_pipeline_task.cpp:77] gpu_pipeline_task: operator 'HASH_GROUP_BY' (id=3) output batch 0 column count mismatch: got 13, expected 10
[2026-09-07 12:58:48.279] [warning] [gpu_pipeline_task.cpp:77] gpu_pipeline_task: operator 'HASH_GROUP_BY' (id=3) output batch 0 column count mismatch: got 13, expected 10
[2026-09-07 12:58:48.279] [warning] [gpu_pipeline_task.cpp:77] gpu_pipeline_task: operator 'HASH_GROUP_BY' (id=3) output batch 0 column count mismatch: got 13, expected 10
[2026-09-07 12:58:48.279] [warning] [gpu_pipeline_task.cpp:77] gpu_pipeline_task: operator 'HASH_GROUP_BY' (id=3) output batch 0 column count mismatch: got 13, expected 10
[2026-09-07 12:58:48.279] [warning] [gpu_pipeline_task.cpp:77] gpu_pipeline_task: operator 'HASH_GROUP_BY' (id=3) output batch 0 column count mismatch: got 13, expected 10
[2026-09-07 12:58:48.279] [warning] [gpu_pipeline_task.cpp:77] gpu_pipeline_task: operator 'HASH_GROUP_BY' (id=3) output batch 0 column count mismatch: got 13, expected 10
[2026-09-07 12:58:48.279] [warning] [gpu_pipeline_task.cpp:77] gpu_pipeline_task: operator 'HASH_GROUP_BY' (id=3) output batch 0 column count mismatch: got 13, expected 10
[2026-09-07 12:58:48.279] [warning] [gpu_pipeline_task.cpp:77] gpu_pipeline_task: operator 'HASH_GROUP_BY' (id=3) output batch 0 column count mismatch: got 13, expected 10
[2026-09-07 12:58:48.280] [warning] [gpu_pipeline_task.cpp:77] gpu_pipeline_task: operator 'HASH_GROUP_BY' (id=3) output batch 0 column count mismatch: got 13, expected 10
[2026-09-07 12:58:48.280] [warning] [gpu_pipeline_task.cpp:77] gpu_pipeline_task: operator 'HASH_GROUP_BY' (id=3) output batch 0 column count mismatch: got 13, expected 10
[2026-09-07 12:58:48.280] [warning] [gpu_pipeline_task.cpp:77] gpu_pipeline_task: operator 'HASH_GROUP_BY' (id=3) output batch 0 column count mismatch: got 13, expected 10
[2026-09-07 12:58:48.280] [warning] [gpu_pipeline_task.cpp:77] gpu_pipeline_task: operator 'HASH_GROUP_BY' (id=3) output batch 0 column count mismatch: got 13, expected 10
[2026-09-07 12:58:48.280] [warning] [gpu_pipeline_task.cpp:77] gpu_pipeline_task: operator 'HASH_GROUP_BY' (id=3) output batch 0 column count mismatch: got 13, expected 10
[2026-09-07 12:58:48.280] [warning] [gpu_pipeline_task.cpp:77] gpu_pipeline_task: operator 'HASH_GROUP_BY' (id=3) output batch 0 column count mismatch: got 13, expected 10
[2026-09-07 12:58:48.280] [warning] [gpu_pipeline_task.cpp:77] gpu_pipeline_task: operator 'PARTITION' (id=4) output batch 0 column count mismatch: got 13, expected 10
[2026-09-07 12:58:48.280] [warning] [gpu_pipeline_task.cpp:77] gpu_pipeline_task: operator 'PARTITION' (id=4) output batch 0 column count mismatch: got 13, expected 10
[2026-09-07 12:58:48.280] [warning] [gpu_pipeline_task.cpp:77] gpu_pipeline_task: operator 'PARTITION' (id=4) output batch 0 column count mismatch: got 13, expected 10
[2026-09-07 12:58:48.280] [warning] [gpu_pipeline_task.cpp:77] gpu_pipeline_task: operator 'PARTITION' (id=4) output batch 0 column count mismatch: got 13, expected 10
[2026-09-07 12:58:48.280] [warning] [gpu_pipeline_task.cpp:77] gpu_pipeline_task: operator 'PARTITION' (id=4) output batch 0 column count mismatch: got 13, expected 10
[2026-09-07 12:58:48.280] [warning] [gpu_pipeline_task.cpp:77] gpu_pipeline_task: operator 'PARTITION' (id=4) output batch 0 column count mismatch: got 13, expected 10
[2026-09-07 12:58:48.280] [warning] [gpu_pipeline_task.cpp:77] gpu_pipeline_task: operator 'PARTITION' (id=4) output batch 0 column count mismatch: got 13, expected 10
[2026-09-07 12:58:48.280] [warning] [gpu_pipeline_task.cpp:77] gpu_pipeline_task: operator 'PARTITION' (id=4) output batch 0 column count mismatch: got 13, expected 10
[2026-09-07 12:58:48.281] [warning] [gpu_pipeline_task.cpp:77] gpu_pipeline_task: operator 'PARTITION' (id=4) output batch 0 column count mismatch: got 13, expected 10
[2026-09-07 12:58:48.281] [warning] [gpu_pipeline_task.cpp:77] gpu_pipeline_task: operator 'PARTITION' (id=4) output batch 0 column count mismatch: got 13, expected 10
[2026-09-07 12:58:48.281] [warning] [gpu_pipeline_task.cpp:77] gpu_pipeline_task: operator 'PARTITION' (id=4) output batch 0 column count mismatch: got 13, expected 10
[2026-09-07 12:58:48.281] [warning] [gpu_pipeline_task.cpp:77] gpu_pipeline_task: operator 'PARTITION' (id=4) output batch 0 column count mismatch: got 13, expected 10
[2026-09-07 12:58:48.281] [warning] [gpu_pipeline_task.cpp:77] gpu_pipeline_task: operator 'PARTITION' (id=4) output batch 0 column count mismatch: got 13, expected 10
[2026-09-07 12:58:48.281] [warning] [gpu_pipeline_task.cpp:77] gpu_pipeline_task: operator 'PARTITION' (id=4) output batch 0 column count mismatch: got 13, expected 10
[2026-09-07 12:58:48.281] [warning] [gpu_pipeline_task.cpp:77] gpu_pipeline_task: operator 'PARTITION' (id=4) output batch 0 column count mismatch: got 13, expected 10
[2026-09-07 12:58:48.281] [warning] [gpu_pipeline_task.cpp:77] gpu_pipeline_task: operator 'PARTITION' (id=4) output batch 0 column count mismatch: got 13, expected 10
[2026-09-07 12:58:48.281] [warning] [gpu_pipeline_task.cpp:77] gpu_pipeline_task: operator 'PARTITION' (id=4) output batch 0 column count mismatch: got 13, expected 10
[2026-09-07 12:58:48.281] [warning] [gpu_pipeline_task.cpp:77] gpu_pipeline_task: operator 'PARTITION' (id=4) output batch 0 column count mismatch: got 13, expected 10
[2026-09-07 12:58:48.281] [warning] [gpu_pipeline_task.cpp:77] gpu_pipeline_task: operator 'PARTITION' (id=4) output batch 0 column count mismatch: got 13, expected 10
[2026-09-07 12:58:48.281] [warning] [gpu_pipeline_task.cpp:77] gpu_pipeline_task: operator 'PARTITION' (id=4) output batch 0 column count mismatch: got 13, expected 10
[2026-09-07 12:58:48.281] [warning] [gpu_pipeline_task.cpp:77] gpu_pipeline_task: operator 'PARTITION' (id=4) output batch 0 column count mismatch: got 13, expected 10
[2026-09-07 12:58:48.281] [warning] [gpu_pipeline_task.cpp:77] gpu_pipeline_task: operator 'PARTITION' (id=4) output batch 0 column count mismatch: got 13, expected 10
[2026-09-07 12:58:48.281] [warning] [gpu_pipeline_task.cpp:77] gpu_pipeline_task: operator 'PARTITION' (id=4) output batch 0 column count mismatch: got 13, expected 10
[2026-09-07 12:58:48.281] [warning] [gpu_pipeline_task.cpp:77] gpu_pipeline_task: operator 'PARTITION' (id=4) output batch 0 column count mismatch: got 13, expected 10
[2026-09-07 12:58:48.281] [warning] [gpu_pipeline_task.cpp:77] gpu_pipeline_task: operator 'PARTITION' (id=4) output batch 0 column count mismatch: got 13, expected 10
[2026-09-07 12:58:48.281] [warning] [gpu_pipeline_task.cpp:77] gpu_pipeline_task: operator 'PARTITION' (id=4) output batch 0 column count mismatch: got 13, expected 10
[2026-09-07 12:58:48.281] [warning] [gpu_pipeline_task.cpp:77] gpu_pipeline_task: operator 'PARTITION' (id=4) output batch 0 column count mismatch: got 13, expected 10
[2026-09-07 12:58:48.281] [warning] [gpu_pipeline_task.cpp:77] gpu_pipeline_task: operator 'PARTITION' (id=4) output batch 0 column count mismatch: got 13, expected 10
[2026-09-07 12:58:48.281] [warning] [gpu_pipeline_task.cpp:77] gpu_pipeline_task: operator 'PARTITION' (id=4) output batch 0 column count mismatch: got 13, expected 10
[2026-09-07 12:58:48.281] [warning] [gpu_pipeline_task.cpp:77] gpu_pipeline_task: operator 'PARTITION' (id=4) output batch 0 column count mismatch: got 13, expected 10
[2026-09-07 12:58:48.281] [warning] [gpu_pipeline_task.cpp:77] gpu_pipeline_task: operator 'PARTITION' (id=4) output batch 0 column count mismatch: got 13, expected 10
[2026-09-07 12:58:48.281] [warning] [gpu_pipeline_task.cpp:77] gpu_pipeline_task: operator 'PARTITION' (id=4) output batch 0 column count mismatch: got 13, expected 10
[2026-09-07 12:58:48.281] [warning] [gpu_pipeline_task.cpp:77] gpu_pipeline_task: operator 'PARTITION' (id=4) output batch 0 column count mismatch: got 13, expected 10
[2026-09-07 12:58:48.281] [warning] [gpu_pipeline_task.cpp:77] gpu_pipeline_task: operator 'PARTITION' (id=4) output batch 0 column count mismatch: got 13, expected 10
[2026-09-07 12:58:48.281] [warning] [gpu_pipeline_task.cpp:77] gpu_pipeline_task: operator 'PARTITION' (id=4) output batch 0 column count mismatch: got 13, expected 10
[2026-09-07 12:58:48.281] [warning] [gpu_pipeline_task.cpp:77] gpu_pipeline_task: operator 'PARTITION' (id=4) output batch 0 column count mismatch: got 13, expected 10
[2026-09-07 12:58:48.281] [warning] [gpu_pipeline_task.cpp:77] gpu_pipeline_task: operator 'PARTITION' (id=4) output batch 0 column count mismatch: got 13, expected 10
[2026-09-07 12:58:48.281] [warning] [gpu_pipeline_task.cpp:77] gpu_pipeline_task: operator 'PARTITION' (id=4) output batch 0 column count mismatch: got 13, expected 10
[2026-09-07 12:58:48.281] [warning] [gpu_pipeline_task.cpp:77] gpu_pipeline_task: operator 'PARTITION' (id=4) output batch 0 column count mismatch: got 13, expected 10
[2026-09-07 12:58:48.281] [warning] [gpu_pipeline_task.cpp:77] gpu_pipeline_task: operator 'PARTITION' (id=4) output batch 0 column count mismatch: got 13, expected 10
[2026-09-07 12:58:48.281] [warning] [gpu_pipeline_task.cpp:77] gpu_pipeline_task: operator 'PARTITION' (id=4) output batch 0 column count mismatch: got 13, expected 10
[2026-09-07 12:58:48.281] [warning] [gpu_pipeline_task.cpp:77] gpu_pipeline_task: operator 'PARTITION' (id=4) output batch 0 column count mismatch: got 13, expected 10
[2026-09-07 12:58:48.281] [warning] [gpu_pipeline_task.cpp:77] gpu_pipeline_task: operator 'PARTITION' (id=4) output batch 0 column count mismatch: got 13, expected 10
[2026-09-07 12:58:48.281] [warning] [gpu_pipeline_task.cpp:77] gpu_pipeline_task: operator 'PARTITION' (id=4) output batch 0 column count mismatch: got 13, expected 10
[2026-09-07 12:58:48.281] [warning] [gpu_pipeline_task.cpp:77] gpu_pipeline_task: operator 'PARTITION' (id=4) output batch 0 column count mismatch: got 13, expected 10
[2026-09-07 12:58:48.281] [warning] [gpu_pipeline_task.cpp:77] gpu_pipeline_task: operator 'PARTITION' (id=4) output batch 0 column count mismatch: got 13, expected 10
[2026-09-07 12:58:48.281] [warning] [gpu_pipeline_task.cpp:77] gpu_pipeline_task: operator 'PARTITION' (id=4) output batch 0 column count mismatch: got 13, expected 10
[2026-09-07 12:58:48.281] [warning] [gpu_pipeline_task.cpp:77] gpu_pipeline_task: operator 'PARTITION' (id=4) output batch 0 column count mismatch: got 13, expected 10
[2026-09-07 12:58:48.281] [warning] [gpu_pipeline_task.cpp:77] gpu_pipeline_task: operator 'PARTITION' (id=4) output batch 0 column count mismatch: got 13, expected 10
[2026-09-07 12:58:48.281] [warning] [gpu_pipeline_task.cpp:77] gpu_pipeline_task: operator 'PARTITION' (id=4) output batch 0 column count mismatch: got 13, expected 10
[2026-09-07 12:58:48.281] [warning] [gpu_pipeline_task.cpp:77] gpu_pipeline_task: operator 'PARTITION' (id=4) output batch 0 column count mismatch: got 13, expected 10
[2026-09-07 12:58:48.281] [warning] [gpu_pipeline_task.cpp:77] gpu_pipeline_task: operator 'PARTITION' (id=4) output batch 0 column count mismatch: got 13, expected 10
[2026-09-07 12:58:48.281] [warning] [gpu_pipeline_task.cpp:77] gpu_pipeline_task: operator 'PARTITION' (id=4) output batch 0 column count mismatch: got 13, expected 10
[2026-09-07 12:58:48.281] [warning] [gpu_pipeline_task.cpp:77] gpu_pipeline_task: operator 'PARTITION' (id=4) output batch 0 column count mismatch: got 13, expected 10
[2026-09-07 12:58:48.281] [warning] [gpu_pipeline_task.cpp:77] gpu_pipeline_task: operator 'PARTITION' (id=4) output batch 0 column count mismatch: got 13, expected 10
[2026-09-07 12:58:48.281] [warning] [gpu_pipeline_task.cpp:77] gpu_pipeline_task: operator 'PARTITION' (id=4) output batch 0 column count mismatch: got 13, expected 10
[2026-09-07 12:58:48.281] [warning] [gpu_pipeline_task.cpp:77] gpu_pipeline_task: operator 'PARTITION' (id=4) output batch 0 column count mismatch: got 13, expected 10
[2026-09-07 12:58:48.281] [warning] [gpu_pipeline_task.cpp:77] gpu_pipeline_task: operator 'PARTITION' (id=4) output batch 0 column count mismatch: got 13, expected 10
[2026-09-07 12:58:48.281] [warning] [gpu_pipeline_task.cpp:77] gpu_pipeline_task: operator 'PARTITION' (id=4) output batch 0 column count mismatch: got 13, expected 10
[2026-09-07 12:58:48.281] [warning] [gpu_pipeline_task.cpp:77] gpu_pipeline_task: operator 'PARTITION' (id=4) output batch 0 column count mismatch: got 13, expected 10
[2026-09-07 12:58:48.281] [warning] [gpu_pipeline_task.cpp:77] gpu_pipeline_task: operator 'PARTITION' (id=4) output batch 0 column count mismatch: got 13, expected 10
[2026-09-07 12:58:48.281] [warning] [gpu_pipeline_task.cpp:77] gpu_pipeline_task: operator 'PARTITION' (id=4) output batch 0 column count mismatch: got 13, expected 10
[2026-09-07 12:58:48.281] [warning] [gpu_pipeline_task.cpp:77] gpu_pipeline_task: operator 'PARTITION' (id=4) output batch 0 column count mismatch: got 13, expected 10
[2026-09-07 12:58:48.281] [warning] [gpu_pipeline_task.cpp:77] gpu_pipeline_task: operator 'PARTITION' (id=4) output batch 0 column count mismatch: got 13, expected 10
[2026-09-07 12:58:48.281] [warning] [gpu_pipeline_task.cpp:77] gpu_pipeline_task: operator 'PARTITION' (id=4) output batch 0 column count mismatch: got 13, expected 10
[2026-09-07 12:58:48.281] [warning] [gpu_pipeline_task.cpp:77] gpu_pipeline_task: operator 'PARTITION' (id=4) output batch 0 column count mismatch: got 13, expected 10
[2026-09-07 12:58:48.281] [warning] [gpu_pipeline_task.cpp:77] gpu_pipeline_task: operator 'PARTITION' (id=4) output batch 0 column count mismatch: got 13, expected 10
[2026-09-07 12:58:48.281] [warning] [gpu_pipeline_task.cpp:77] gpu_pipeline_task: operator 'PARTITION' (id=4) output batch 0 column count mismatch: got 13, expected 10
[2026-09-07 12:58:48.281] [warning] [gpu_pipeline_task.cpp:77] gpu_pipeline_task: operator 'PARTITION' (id=4) output batch 0 column count mismatch: got 13, expected 10
[2026-09-07 12:58:48.281] [warning] [gpu_pipeline_task.cpp:77] gpu_pipeline_task: operator 'PARTITION' (id=4) output batch 0 column count mismatch: got 13, expected 10
[2026-09-07 12:58:48.282] [warning] [gpu_pipeline_task.cpp:77] gpu_pipeline_task: operator 'PARTITION' (id=4) output batch 0 column count mismatch: got 13, expected 10
[2026-09-07 12:58:48.282] [warning] [gpu_pipeline_task.cpp:77] gpu_pipeline_task: operator 'PARTITION' (id=4) output batch 0 column count mismatch: got 13, expected 10
[2026-09-07 12:58:48.282] [warning] [gpu_pipeline_task.cpp:77] gpu_pipeline_task: operator 'PARTITION' (id=4) output batch 0 column count mismatch: got 13, expected 10
[2026-09-07 12:58:48.282] [warning] [gpu_pipeline_task.cpp:77] gpu_pipeline_task: operator 'PARTITION' (id=4) output batch 0 column count mismatch: got 13, expected 10
[2026-09-07 12:58:48.282] [warning] [gpu_pipeline_task.cpp:77] gpu_pipeline_task: operator 'PARTITION' (id=4) output batch 0 column count mismatch: got 13, expected 10
[2026-09-07 12:58:48.282] [warning] [gpu_pipeline_task.cpp:77] gpu_pipeline_task: operator 'PARTITION' (id=4) output batch 0 column count mismatch: got 13, expected 10
[2026-09-07 12:58:48.282] [warning] [gpu_pipeline_task.cpp:77] gpu_pipeline_task: operator 'PARTITION' (id=4) output batch 0 column count mismatch: got 13, expected 10
[2026-09-07 12:58:48.282] [warning] [gpu_pipeline_task.cpp:77] gpu_pipeline_task: operator 'PARTITION' (id=4) output batch 0 column count mismatch: got 13, expected 10
[2026-09-07 12:58:48.282] [warning] [gpu_pipeline_task.cpp:77] gpu_pipeline_task: operator 'PARTITION' (id=4) output batch 0 column count mismatch: got 13, expected 10
[2026-09-07 12:58:48.282] [warning] [gpu_pipeline_task.cpp:77] gpu_pipeline_task: operator 'PARTITION' (id=4) output batch 0 column count mismatch: got 13, expected 10
[2026-09-07 12:58:48.282] [warning] [gpu_pipeline_task.cpp:77] gpu_pipeline_task: operator 'PARTITION' (id=4) output batch 0 column count mismatch: got 13, expected 10
[2026-09-07 12:58:48.282] [warning] [gpu_pipeline_task.cpp:77] gpu_pipeline_task: operator 'PARTITION' (id=4) output batch 0 column count mismatch: got 13, expected 10
[2026-09-07 12:58:48.282] [warning] [gpu_pipeline_task.cpp:77] gpu_pipeline_task: operator 'PARTITION' (id=4) output batch 0 column count mismatch: got 13, expected 10
[2026-09-07 12:58:48.282] [warning] [gpu_pipeline_task.cpp:77] gpu_pipeline_task: operator 'PARTITION' (id=4) output batch 0 column count mismatch: got 13, expected 10
[2026-09-07 12:58:48.282] [warning] [gpu_pipeline_task.cpp:77] gpu_pipeline_task: operator 'PARTITION' (id=4) output batch 0 column count mismatch: got 13, expected 10
[2026-09-07 12:58:48.282] [warning] [gpu_pipeline_task.cpp:77] gpu_pipeline_task: operator 'PARTITION' (id=4) output batch 0 column count mismatch: got 13, expected 10
[2026-09-07 12:58:48.282] [warning] [gpu_pipeline_task.cpp:77] gpu_pipeline_task: operator 'PARTITION' (id=4) output batch 0 column count mismatch: got 13, expected 10
[2026-09-07 12:58:48.282] [warning] [gpu_pipeline_task.cpp:77] gpu_pipeline_task: operator 'PARTITION' (id=4) output batch 0 column count mismatch: got 13, expected 10
[2026-09-07 12:58:48.282] [warning] [gpu_pipeline_task.cpp:77] gpu_pipeline_task: operator 'PARTITION' (id=4) output batch 0 column count mismatch: got 13, expected 10
[2026-09-07 12:58:48.282] [warning] [gpu_pipeline_task.cpp:77] gpu_pipeline_task: operator 'PARTITION' (id=4) output batch 0 column count mismatch: got 13, expected 10
[2026-09-07 12:58:48.282] [warning] [gpu_pipeline_task.cpp:77] gpu_pipeline_task: operator 'PARTITION' (id=4) output batch 0 column count mismatch: got 13, expected 10
[2026-09-07 12:58:48.282] [warning] [gpu_pipeline_task.cpp:77] gpu_pipeline_task: operator 'PARTITION' (id=4) output batch 0 column count mismatch: got 13, expected 10
[2026-09-07 12:58:48.282] [warning] [gpu_pipeline_task.cpp:77] gpu_pipeline_task: operator 'PARTITION' (id=4) output batch 0 column count mismatch: got 13, expected 10
[2026-09-07 12:58:48.282] [warning] [gpu_pipeline_task.cpp:77] gpu_pipeline_task: operator 'PARTITION' (id=4) output batch 0 column count mismatch: got 13, expected 10
[2026-09-07 12:58:48.282] [warning] [gpu_pipeline_task.cpp:77] gpu_pipeline_task: operator 'PARTITION' (id=4) output batch 0 column count mismatch: got 13, expected 10
[2026-09-07 12:58:48.282] [warning] [gpu_pipeline_task.cpp:77] gpu_pipeline_task: operator 'PARTITION' (id=4) output batch 0 column count mismatch: got 13, expected 10
[2026-09-07 12:58:48.282] [warning] [gpu_pipeline_task.cpp:77] gpu_pipeline_task: operator 'PARTITION' (id=4) output batch 0 column count mismatch: got 13, expected 10
[2026-09-07 12:58:48.282] [warning] [gpu_pipeline_task.cpp:77] gpu_pipeline_task: operator 'PARTITION' (id=4) output batch 0 column count mismatch: got 13, expected 10
[2026-09-07 12:58:48.282] [warning] [gpu_pipeline_task.cpp:77] gpu_pipeline_task: operator 'PARTITION' (id=4) output batch 0 column count mismatch: got 13, expected 10
[2026-09-07 12:58:48.282] [warning] [gpu_pipeline_task.cpp:77] gpu_pipeline_task: operator 'PARTITION' (id=4) output batch 0 column count mismatch: got 13, expected 10
[2026-09-07 12:58:48.282] [warning] [gpu_pipeline_task.cpp:77] gpu_pipeline_task: operator 'PARTITION' (id=4) output batch 0 column count mismatch: got 13, expected 10
[2026-09-07 12:58:48.282] [warning] [gpu_pipeline_task.cpp:77] gpu_pipeline_task: operator 'PARTITION' (id=4) output batch 0 column count mismatch: got 13, expected 10
[2026-09-07 12:58:48.282] [warning] [gpu_pipeline_task.cpp:77] gpu_pipeline_task: operator 'PARTITION' (id=4) output batch 0 column count mismatch: got 13, expected 10
[2026-09-07 12:58:48.282] [warning] [gpu_pipeline_task.cpp:77] gpu_pipeline_task: operator 'PARTITION' (id=4) output batch 0 column count mismatch: got 13, expected 10
[2026-09-07 12:58:48.282] [warning] [gpu_pipeline_task.cpp:77] gpu_pipeline_task: operator 'PARTITION' (id=4) output batch 0 column count mismatch: got 13, expected 10
[2026-09-07 12:58:48.282] [warning] [gpu_pipeline_task.cpp:77] gpu_pipeline_task: operator 'PARTITION' (id=4) output batch 0 column count mismatch: got 13, expected 10
[2026-09-07 12:58:48.282] [warning] [gpu_pipeline_task.cpp:77] gpu_pipeline_task: operator 'PARTITION' (id=4) output batch 0 column count mismatch: got 13, expected 10
[2026-09-07 12:58:48.282] [warning] [gpu_pipeline_task.cpp:77] gpu_pipeline_task: operator 'PARTITION' (id=4) output batch 0 column count mismatch: got 13, expected 10
[2026-09-07 12:58:48.282] [warning] [gpu_pipeline_task.cpp:77] gpu_pipeline_task: operator 'PARTITION' (id=4) output batch 0 column count mismatch: got 13, expected 10
[2026-09-07 12:58:48.282] [warning] [gpu_pipeline_task.cpp:77] gpu_pipeline_task: operator 'PARTITION' (id=4) output batch 0 column count mismatch: got 13, expected 10
[2026-09-07 12:58:48.282] [warning] [gpu_pipeline_task.cpp:77] gpu_pipeline_task: operator 'PARTITION' (id=4) output batch 0 column count mismatch: got 13, expected 10
[2026-09-07 12:58:48.282] [warning] [gpu_pipeline_task.cpp:77] gpu_pipeline_task: operator 'PARTITION' (id=4) output batch 0 column count mismatch: got 13, expected 10
[2026-09-07 12:58:48.282] [warning] [gpu_pipeline_task.cpp:77] gpu_pipeline_task: operator 'PARTITION' (id=4) output batch 0 column count mismatch: got 13, expected 10
[2026-09-07 12:58:48.282] [warning] [gpu_pipeline_task.cpp:77] gpu_pipeline_task: operator 'PARTITION' (id=4) output batch 0 column count mismatch: got 13, expected 10
[2026-09-07 12:58:48.282] [warning] [gpu_pipeline_task.cpp:77] gpu_pipeline_task: operator 'PARTITION' (id=4) output batch 0 column count mismatch: got 13, expected 10
[2026-09-07 12:58:48.282] [warning] [gpu_pipeline_task.cpp:77] gpu_pipeline_task: operator 'PARTITION' (id=4) output batch 0 column count mismatch: got 13, expected 10
[2026-09-07 12:58:48.282] [warning] [gpu_pipeline_task.cpp:77] gpu_pipeline_task: operator 'PARTITION' (id=4) output batch 0 column count mismatch: got 13, expected 10
[2026-09-07 12:58:48.282] [warning] [gpu_pipeline_task.cpp:77] gpu_pipeline_task: operator 'PARTITION' (id=4) output batch 0 column count mismatch: got 13, expected 10
[2026-09-07 12:58:48.282] [warning] [gpu_pipeline_task.cpp:77] gpu_pipeline_task: operator 'PARTITION' (id=4) output batch 0 column count mismatch: got 13, expected 10
[2026-09-07 12:58:48.282] [warning] [gpu_pipeline_task.cpp:77] gpu_pipeline_task: operator 'PARTITION' (id=4) output batch 0 column count mismatch: got 13, expected 10
[2026-09-07 12:58:48.282] [warning] [gpu_pipeline_task.cpp:77] gpu_pipeline_task: operator 'PARTITION' (id=4) output batch 0 column count mismatch: got 13, expected 10
[2026-09-07 12:58:48.282] [warning] [gpu_pipeline_task.cpp:77] gpu_pipeline_task: operator 'PARTITION' (id=4) output batch 0 column count mismatch: got 13, expected 10
[2026-09-07 12:58:48.282] [warning] [gpu_pipeline_task.cpp:77] gpu_pipeline_task: operator 'PARTITION' (id=4) output batch 0 column count mismatch: got 13, expected 10
[2026-09-07 12:58:48.282] [warning] [gpu_pipeline_task.cpp:77] gpu_pipeline_task: operator 'PARTITION' (id=4) output batch 0 column count mismatch: got 13, expected 10
[2026-09-07 12:58:48.282] [warning] [gpu_pipeline_task.cpp:77] gpu_pipeline_task: operator 'PARTITION' (id=4) output batch 0 column count mismatch: got 13, expected 10
[2026-09-07 12:58:48.282] [warning] [gpu_pipeline_task.cpp:77] gpu_pipeline_task: operator 'PARTITION' (id=4) output batch 0 column count mismatch: got 13, expected 10
[2026-09-07 12:58:48.282] [warning] [gpu_pipeline_task.cpp:77] gpu_pipeline_task: operator 'PARTITION' (id=4) output batch 0 column count mismatch: got 13, expected 10
[2026-09-07 12:58:48.282] [warning] [gpu_pipeline_task.cpp:77] gpu_pipeline_task: operator 'PARTITION' (id=4) output batch 0 column count mismatch: got 13, expected 10
[2026-09-07 12:58:48.282] [warning] [gpu_pipeline_task.cpp:77] gpu_pipeline_task: operator 'PARTITION' (id=4) output batch 0 column count mismatch: got 13, expected 10
[2026-09-07 12:58:48.282] [warning] [gpu_pipeline_task.cpp:77] gpu_pipeline_task: operator 'PARTITION' (id=4) output batch 0 column count mismatch: got 13, expected 10
[2026-09-07 12:58:48.282] [warning] [gpu_pipeline_task.cpp:77] gpu_pipeline_task: operator 'PARTITION' (id=4) output batch 0 column count mismatch: got 13, expected 10
[2026-09-07 12:58:48.282] [warning] [gpu_pipeline_task.cpp:77] gpu_pipeline_task: operator 'PARTITION' (id=4) output batch 0 column count mismatch: got 13, expected 10
[2026-09-07 12:58:48.282] [warning] [gpu_pipeline_task.cpp:77] gpu_pipeline_task: operator 'PARTITION' (id=4) output batch 0 column count mismatch: got 13, expected 10
[2026-09-07 12:58:48.282] [warning] [gpu_pipeline_task.cpp:77] gpu_pipeline_task: operator 'PARTITION' (id=4) output batch 0 column count mismatch: got 13, expected 10
[2026-09-07 12:58:48.282] [warning] [gpu_pipeline_task.cpp:77] gpu_pipeline_task: operator 'PARTITION' (id=4) output batch 0 column count mismatch: got 13, expected 10
[2026-09-07 12:58:48.282] [warning] [gpu_pipeline_task.cpp:77] gpu_pipeline_task: operator 'PARTITION' (id=4) output batch 0 column count mismatch: got 13, expected 10
[2026-09-07 12:58:48.282] [warning] [gpu_pipeline_task.cpp:77] gpu_pipeline_task: operator 'PARTITION' (id=4) output batch 0 column count mismatch: got 13, expected 10
[2026-09-07 12:58:48.282] [warning] [gpu_pipeline_task.cpp:77] gpu_pipeline_task: operator 'PARTITION' (id=4) output batch 0 column count mismatch: got 13, expected 10
[2026-09-07 12:58:48.282] [warning] [gpu_pipeline_task.cpp:77] gpu_pipeline_task: operator 'PARTITION' (id=4) output batch 0 column count mismatch: got 13, expected 10
[2026-09-07 12:58:48.282] [warning] [gpu_pipeline_task.cpp:77] gpu_pipeline_task: operator 'PARTITION' (id=4) output batch 0 column count mismatch: got 13, expected 10
[2026-09-07 12:58:48.282] [warning] [gpu_pipeline_task.cpp:77] gpu_pipeline_task: operator 'PARTITION' (id=4) output batch 0 column count mismatch: got 13, expected 10
[2026-09-07 12:58:48.282] [warning] [gpu_pipeline_task.cpp:77] gpu_pipeline_task: operator 'PARTITION' (id=4) output batch 0 column count mismatch: got 13, expected 10
[2026-09-07 12:58:48.282] [warning] [gpu_pipeline_task.cpp:77] gpu_pipeline_task: operator 'PARTITION' (id=4) output batch 0 column count mismatch: got 13, expected 10
[2026-09-07 12:58:48.282] [warning] [gpu_pipeline_task.cpp:77] gpu_pipeline_task: operator 'PARTITION' (id=4) output batch 0 column count mismatch: got 13, expected 10
[2026-09-07 12:58:48.282] [warning] [gpu_pipeline_task.cpp:77] gpu_pipeline_task: operator 'PARTITION' (id=4) output batch 0 column count mismatch: got 13, expected 10
[2026-09-07 12:58:48.282] [warning] [gpu_pipeline_task.cpp:77] gpu_pipeline_task: operator 'PARTITION' (id=4) output batch 0 column count mismatch: got 13, expected 10
[2026-09-07 12:58:48.282] [warning] [gpu_pipeline_task.cpp:77] gpu_pipeline_task: operator 'PARTITION' (id=4) output batch 0 column count mismatch: got 13, expected 10
[2026-09-07 12:58:48.282] [warning] [gpu_pipeline_task.cpp:77] gpu_pipeline_task: operator 'PARTITION' (id=4) output batch 0 column count mismatch: got 13, expected 10
[2026-09-07 12:58:48.282] [warning] [gpu_pipeline_task.cpp:77] gpu_pipeline_task: operator 'PARTITION' (id=4) output batch 0 column count mismatch: got 13, expected 10
[2026-09-07 12:58:48.282] [warning] [gpu_pipeline_task.cpp:77] gpu_pipeline_task: operator 'PARTITION' (id=4) output batch 0 column count mismatch: got 13, expected 10
[2026-09-07 12:58:48.282] [warning] [gpu_pipeline_task.cpp:77] gpu_pipeline_task: operator 'PARTITION' (id=4) output batch 0 column count mismatch: got 13, expected 10
[2026-09-07 12:58:48.282] [warning] [gpu_pipeline_task.cpp:77] gpu_pipeline_task: operator 'PARTITION' (id=4) output batch 0 column count mismatch: got 13, expected 10
[2026-09-07 12:58:48.282] [warning] [gpu_pipeline_task.cpp:77] gpu_pipeline_task: operator 'PARTITION' (id=4) output batch 0 column count mismatch: got 13, expected 10
[2026-09-07 12:58:48.282] [warning] [gpu_pipeline_task.cpp:77] gpu_pipeline_task: operator 'PARTITION' (id=4) output batch 0 column count mismatch: got 13, expected 10
[2026-09-07 12:58:48.282] [warning] [gpu_pipeline_task.cpp:77] gpu_pipeline_task: operator 'PARTITION' (id=4) output batch 0 column count mismatch: got 13, expected 10
[2026-09-07 12:58:48.282] [warning] [gpu_pipeline_task.cpp:77] gpu_pipeline_task: operator 'PARTITION' (id=4) output batch 0 column count mismatch: got 13, expected 10
[2026-09-07 12:58:48.282] [warning] [gpu_pipeline_task.cpp:77] gpu_pipeline_task: operator 'PARTITION' (id=4) output batch 0 column count mismatch: got 13, expected 10
[2026-09-07 12:58:48.282] [warning] [gpu_pipeline_task.cpp:77] gpu_pipeline_task: operator 'PARTITION' (id=4) output batch 0 column count mismatch: got 13, expected 10
[2026-09-07 12:58:48.282] [warning] [gpu_pipeline_task.cpp:77] gpu_pipeline_task: operator 'PARTITION' (id=4) output batch 0 column count mismatch: got 13, expected 10
[2026-09-07 12:58:48.282] [warning] [gpu_pipeline_task.cpp:77] gpu_pipeline_task: operator 'PARTITION' (id=4) output batch 0 column count mismatch: got 13, expected 10
[2026-09-07 12:58:48.282] [warning] [gpu_pipeline_task.cpp:77] gpu_pipeline_task: operator 'PARTITION' (id=4) output batch 0 column count mismatch: got 13, expected 10
[2026-09-07 12:58:48.282] [warning] [gpu_pipeline_task.cpp:77] gpu_pipeline_task: operator 'PARTITION' (id=4) output batch 0 column count mismatch: got 13, expected 10
[2026-09-07 12:58:48.282] [warning] [gpu_pipeline_task.cpp:77] gpu_pipeline_task: operator 'PARTITION' (id=4) output batch 0 column count mismatch: got 13, expected 10
[2026-09-07 12:58:48.283] [warning] [gpu_pipeline_task.cpp:77] gpu_pipeline_task: operator 'PARTITION' (id=4) output batch 0 column count mismatch: got 13, expected 10
[2026-09-07 12:58:48.283] [warning] [gpu_pipeline_task.cpp:77] gpu_pipeline_task: operator 'PARTITION' (id=4) output batch 0 column count mismatch: got 13, expected 10
[2026-09-07 12:58:48.283] [warning] [gpu_pipeline_task.cpp:77] gpu_pipeline_task: operator 'PARTITION' (id=4) output batch 0 column count mismatch: got 13, expected 10
[2026-09-07 12:58:48.283] [warning] [gpu_pipeline_task.cpp:77] gpu_pipeline_task: operator 'PARTITION' (id=4) output batch 0 column count mismatch: got 13, expected 10
[2026-09-07 12:58:48.283] [warning] [gpu_pipeline_task.cpp:77] gpu_pipeline_task: operator 'PARTITION' (id=4) output batch 0 column count mismatch: got 13, expected 10
[2026-09-07 12:58:48.283] [warning] [gpu_pipeline_task.cpp:77] gpu_pipeline_task: operator 'PARTITION' (id=4) output batch 0 column count mismatch: got 13, expected 10
[2026-09-07 12:58:48.283] [warning] [gpu_pipeline_task.cpp:77] gpu_pipeline_task: operator 'PARTITION' (id=4) output batch 0 column count mismatch: got 13, expected 10
[2026-09-07 12:58:48.283] [warning] [gpu_pipeline_task.cpp:77] gpu_pipeline_task: operator 'PARTITION' (id=4) output batch 0 column count mismatch: got 13, expected 10
[2026-09-07 12:58:48.283] [warning] [gpu_pipeline_task.cpp:77] gpu_pipeline_task: operator 'PARTITION' (id=4) output batch 0 column count mismatch: got 13, expected 10
[2026-09-07 12:58:48.283] [warning] [gpu_pipeline_task.cpp:77] gpu_pipeline_task: operator 'PARTITION' (id=4) output batch 0 column count mismatch: got 13, expected 10
[2026-09-07 12:58:48.283] [warning] [gpu_pipeline_task.cpp:77] gpu_pipeline_task: operator 'PARTITION' (id=4) output batch 0 column count mismatch: got 13, expected 10
[2026-09-07 12:58:48.283] [warning] [gpu_pipeline_task.cpp:77] gpu_pipeline_task: operator 'PARTITION' (id=4) output batch 0 column count mismatch: got 13, expected 10
[2026-09-07 12:58:48.283] [warning] [gpu_pipeline_task.cpp:77] gpu_pipeline_task: operator 'PARTITION' (id=4) output batch 0 column count mismatch: got 13, expected 10
[2026-09-07 12:58:48.283] [warning] [gpu_pipeline_task.cpp:77] gpu_pipeline_task: operator 'PARTITION' (id=4) output batch 0 column count mismatch: got 13, expected 10
[2026-09-07 12:58:48.283] [warning] [gpu_pipeline_task.cpp:77] gpu_pipeline_task: operator 'PARTITION' (id=4) output batch 0 column count mismatch: got 13, expected 10
[2026-09-07 12:58:48.283] [warning] [gpu_pipeline_task.cpp:77] gpu_pipeline_task: operator 'PARTITION' (id=4) output batch 0 column count mismatch: got 13, expected 10
[2026-09-07 12:58:48.283] [warning] [gpu_pipeline_task.cpp:77] gpu_pipeline_task: operator 'PARTITION' (id=4) output batch 0 column count mismatch: got 13, expected 10
[2026-09-07 12:58:48.283] [warning] [gpu_pipeline_task.cpp:77] gpu_pipeline_task: operator 'PARTITION' (id=4) output batch 0 column count mismatch: got 13, expected 10
[2026-09-07 12:58:48.283] [warning] [gpu_pipeline_task.cpp:77] gpu_pipeline_task: operator 'PARTITION' (id=4) output batch 0 column count mismatch: got 13, expected 10
[2026-09-07 12:58:48.283] [warning] [gpu_pipeline_task.cpp:77] gpu_pipeline_task: operator 'PARTITION' (id=4) output batch 0 column count mismatch: got 13, expected 10
[2026-09-07 12:58:48.283] [warning] [gpu_pipeline_task.cpp:77] gpu_pipeline_task: operator 'PARTITION' (id=4) output batch 0 column count mismatch: got 13, expected 10
[2026-09-07 12:58:48.283] [warning] [gpu_pipeline_task.cpp:77] gpu_pipeline_task: operator 'PARTITION' (id=4) output batch 0 column count mismatch: got 13, expected 10
[2026-09-07 12:58:48.283] [warning] [gpu_pipeline_task.cpp:77] gpu_pipeline_task: operator 'PARTITION' (id=4) output batch 0 column count mismatch: got 13, expected 10
[2026-09-07 12:58:48.283] [warning] [gpu_pipeline_task.cpp:77] gpu_pipeline_task: operator 'PARTITION' (id=4) output batch 0 column count mismatch: got 13, expected 10
[2026-09-07 12:58:48.283] [warning] [gpu_pipeline_task.cpp:77] gpu_pipeline_task: operator 'PARTITION' (id=4) output batch 0 column count mismatch: got 13, expected 10
[2026-09-07 12:58:48.283] [warning] [gpu_pipeline_task.cpp:77] gpu_pipeline_task: operator 'PARTITION' (id=4) output batch 0 column count mismatch: got 13, expected 10
[2026-09-07 12:58:48.283] [warning] [gpu_pipeline_task.cpp:77] gpu_pipeline_task: operator 'PARTITION' (id=4) output batch 0 column count mismatch: got 13, expected 10
[2026-09-07 12:58:48.283] [warning] [gpu_pipeline_task.cpp:77] gpu_pipeline_task: operator 'PARTITION' (id=4) output batch 0 column count mismatch: got 13, expected 10
[2026-09-07 12:58:48.283] [warning] [gpu_pipeline_task.cpp:77] gpu_pipeline_task: operator 'PARTITION' (id=4) output batch 0 column count mismatch: got 13, expected 10
[2026-09-07 12:58:48.283] [warning] [gpu_pipeline_task.cpp:77] gpu_pipeline_task: operator 'PARTITION' (id=4) output batch 0 column count mismatch: got 13, expected 10
[2026-09-07 12:58:48.283] [warning] [gpu_pipeline_task.cpp:77] gpu_pipeline_task: operator 'PARTITION' (id=4) output batch 0 column count mismatch: got 13, expected 10
[2026-09-07 12:58:48.283] [warning] [gpu_pipeline_task.cpp:77] gpu_pipeline_task: operator 'PARTITION' (id=4) output batch 0 column count mismatch: got 13, expected 10
[2026-09-07 12:58:48.283] [warning] [gpu_pipeline_task.cpp:77] gpu_pipeline_task: operator 'PARTITION' (id=4) output batch 0 column count mismatch: got 13, expected 10
[2026-09-07 12:58:48.283] [warning] [gpu_pipeline_task.cpp:77] gpu_pipeline_task: operator 'PARTITION' (id=4) output batch 0 column count mismatch: got 13, expected 10
[2026-09-07 12:58:48.283] [warning] [gpu_pipeline_task.cpp:77] gpu_pipeline_task: operator 'PARTITION' (id=4) output batch 0 column count mismatch: got 13, expected 10
[2026-09-07 12:58:48.283] [warning] [gpu_pipeline_task.cpp:77] gpu_pipeline_task: operator 'PARTITION' (id=4) output batch 0 column count mismatch: got 13, expected 10
[2026-09-07 12:58:48.283] [warning] [gpu_pipeline_task.cpp:77] gpu_pipeline_task: operator 'PARTITION' (id=4) output batch 0 column count mismatch: got 13, expected 10
[2026-09-07 12:58:48.283] [warning] [gpu_pipeline_task.cpp:77] gpu_pipeline_task: operator 'PARTITION' (id=4) output batch 0 column count mismatch: got 13, expected 10
[2026-09-07 12:58:48.283] [warning] [gpu_pipeline_task.cpp:77] gpu_pipeline_task: operator 'PARTITION' (id=4) output batch 0 column count mismatch: got 13, expected 10
[2026-09-07 12:58:48.283] [warning] [gpu_pipeline_task.cpp:77] gpu_pipeline_task: operator 'PARTITION' (id=4) output batch 0 column count mismatch: got 13, expected 10
[2026-09-07 12:58:48.283] [warning] [gpu_pipeline_task.cpp:77] gpu_pipeline_task: operator 'PARTITION' (id=4) output batch 0 column count mismatch: got 13, expected 10
[2026-09-07 12:58:48.283] [warning] [gpu_pipeline_task.cpp:77] gpu_pipeline_task: operator 'PARTITION' (id=4) output batch 0 column count mismatch: got 13, expected 10
[2026-09-07 12:58:48.283] [warning] [gpu_pipeline_task.cpp:77] gpu_pipeline_task: operator 'PARTITION' (id=4) output batch 0 column count mismatch: got 13, expected 10
[2026-09-07 12:58:48.283] [warning] [gpu_pipeline_task.cpp:77] gpu_pipeline_task: operator 'PARTITION' (id=4) output batch 0 column count mismatch: got 13, expected 10
[2026-09-07 12:58:48.283] [warning] [gpu_pipeline_task.cpp:77] gpu_pipeline_task: operator 'PARTITION' (id=4) output batch 0 column count mismatch: got 13, expected 10
[2026-09-07 12:58:48.283] [warning] [gpu_pipeline_task.cpp:77] gpu_pipeline_task: operator 'PARTITION' (id=4) output batch 0 column count mismatch: got 13, expected 10
[2026-09-07 12:58:48.283] [warning] [gpu_pipeline_task.cpp:77] gpu_pipeline_task: operator 'PARTITION' (id=4) output batch 0 column count mismatch: got 13, expected 10
[2026-09-07 12:58:48.283] [warning] [gpu_pipeline_task.cpp:77] gpu_pipeline_task: operator 'PARTITION' (id=4) output batch 0 column count mismatch: got 13, expected 10
[2026-09-07 12:58:48.283] [warning] [gpu_pipeline_task.cpp:77] gpu_pipeline_task: operator 'PARTITION' (id=4) output batch 0 column count mismatch: got 13, expected 10
[2026-09-07 12:58:48.283] [warning] [gpu_pipeline_task.cpp:77] gpu_pipeline_task: operator 'PARTITION' (id=4) output batch 0 column count mismatch: got 13, expected 10
[2026-09-07 12:58:48.283] [warning] [gpu_pipeline_task.cpp:77] gpu_pipeline_task: operator 'PARTITION' (id=4) output batch 0 column count mismatch: got 13, expected 10
[2026-09-07 12:58:48.283] [warning] [gpu_pipeline_task.cpp:77] gpu_pipeline_task: operator 'PARTITION' (id=4) output batch 0 column count mismatch: got 13, expected 10
[2026-09-07 12:58:48.283] [warning] [gpu_pipeline_task.cpp:77] gpu_pipeline_task: operator 'PARTITION' (id=4) output batch 0 column count mismatch: got 13, expected 10
[2026-09-07 12:58:48.283] [warning] [gpu_pipeline_task.cpp:77] gpu_pipeline_task: operator 'PARTITION' (id=4) output batch 0 column count mismatch: got 13, expected 10
[2026-09-07 12:58:48.283] [warning] [gpu_pipeline_task.cpp:77] gpu_pipeline_task: operator 'PARTITION' (id=4) output batch 0 column count mismatch: got 13, expected 10
[2026-09-07 12:58:48.283] [warning] [gpu_pipeline_task.cpp:77] gpu_pipeline_task: operator 'PARTITION' (id=4) output batch 0 column count mismatch: got 13, expected 10
[2026-09-07 12:58:48.283] [warning] [gpu_pipeline_task.cpp:77] gpu_pipeline_task: operator 'PARTITION' (id=4) output batch 0 column count mismatch: got 13, expected 10
[2026-09-07 12:58:48.283] [warning] [gpu_pipeline_task.cpp:77] gpu_pipeline_task: operator 'PARTITION' (id=4) output batch 0 column count mismatch: got 13, expected 10
[2026-09-07 12:58:48.283] [warning] [gpu_pipeline_task.cpp:77] gpu_pipeline_task: operator 'PARTITION' (id=4) output batch 0 column count mismatch: got 13, expected 10
[2026-09-07 12:58:48.283] [warning] [gpu_pipeline_task.cpp:77] gpu_pipeline_task: operator 'PARTITION' (id=4) output batch 0 column count mismatch: got 13, expected 10
[2026-09-07 12:58:48.283] [warning] [gpu_pipeline_task.cpp:77] gpu_pipeline_task: operator 'PARTITION' (id=4) output batch 0 column count mismatch: got 13, expected 10
[2026-09-07 12:58:48.283] [warning] [gpu_pipeline_task.cpp:77] gpu_pipeline_task: operator 'PARTITION' (id=4) output batch 0 column count mismatch: got 13, expected 10
[2026-09-07 12:58:48.283] [warning] [gpu_pipeline_task.cpp:77] gpu_pipeline_task: operator 'PARTITION' (id=4) output batch 0 column count mismatch: got 13, expected 10
[2026-09-07 12:58:48.283] [warning] [gpu_pipeline_task.cpp:77] gpu_pipeline_task: operator 'PARTITION' (id=4) output batch 0 column count mismatch: got 13, expected 10
[2026-09-07 12:58:48.283] [warning] [gpu_pipeline_task.cpp:77] gpu_pipeline_task: operator 'PARTITION' (id=4) output batch 0 column count mismatch: got 13, expected 10
[2026-09-07 12:58:48.283] [warning] [gpu_pipeline_task.cpp:77] gpu_pipeline_task: operator 'PARTITION' (id=4) output batch 0 column count mismatch: got 13, expected 10
[2026-09-07 12:58:48.283] [warning] [gpu_pipeline_task.cpp:77] gpu_pipeline_task: operator 'PARTITION' (id=4) output batch 0 column count mismatch: got 13, expected 10
[2026-09-07 12:58:48.283] [warning] [gpu_pipeline_task.cpp:77] gpu_pipeline_task: operator 'PARTITION' (id=4) output batch 0 column count mismatch: got 13, expected 10
[2026-09-07 12:58:48.283] [warning] [gpu_pipeline_task.cpp:77] gpu_pipeline_task: operator 'PARTITION' (id=4) output batch 0 column count mismatch: got 13, expected 10
[2026-09-07 12:58:48.283] [warning] [gpu_pipeline_task.cpp:77] gpu_pipeline_task: operator 'PARTITION' (id=4) output batch 0 column count mismatch: got 13, expected 10
[2026-09-07 12:58:48.283] [warning] [gpu_pipeline_task.cpp:77] gpu_pipeline_task: operator 'PARTITION' (id=4) output batch 0 column count mismatch: got 13, expected 10
[2026-09-07 12:58:48.283] [warning] [gpu_pipeline_task.cpp:77] gpu_pipeline_task: operator 'PARTITION' (id=4) output batch 0 column count mismatch: got 13, expected 10
[2026-09-07 12:58:48.283] [warning] [gpu_pipeline_task.cpp:77] gpu_pipeline_task: operator 'PARTITION' (id=4) output batch 0 column count mismatch: got 13, expected 10
[2026-09-07 12:58:48.283] [warning] [gpu_pipeline_task.cpp:77] gpu_pipeline_task: operator 'PARTITION' (id=4) output batch 0 column count mismatch: got 13, expected 10
[2026-09-07 12:58:48.283] [warning] [gpu_pipeline_task.cpp:77] gpu_pipeline_task: operator 'PARTITION' (id=4) output batch 0 column count mismatch: got 13, expected 10
[2026-09-07 12:58:48.283] [warning] [gpu_pipeline_task.cpp:77] gpu_pipeline_task: operator 'PARTITION' (id=4) output batch 0 column count mismatch: got 13, expected 10
[2026-09-07 12:58:48.283] [warning] [gpu_pipeline_task.cpp:77] gpu_pipeline_task: operator 'PARTITION' (id=4) output batch 0 column count mismatch: got 13, expected 10
[2026-09-07 12:58:48.283] [warning] [gpu_pipeline_task.cpp:77] gpu_pipeline_task: operator 'PARTITION' (id=4) output batch 0 column count mismatch: got 13, expected 10
[2026-09-07 12:58:48.283] [warning] [gpu_pipeline_task.cpp:77] gpu_pipeline_task: operator 'PARTITION' (id=4) output batch 0 column count mismatch: got 13, expected 10
[2026-09-07 12:58:48.283] [warning] [gpu_pipeline_task.cpp:77] gpu_pipeline_task: operator 'PARTITION' (id=4) output batch 0 column count mismatch: got 13, expected 10
[2026-09-07 12:58:48.283] [warning] [gpu_pipeline_task.cpp:77] gpu_pipeline_task: operator 'PARTITION' (id=4) output batch 0 column count mismatch: got 13, expected 10
[2026-09-07 12:58:48.283] [warning] [gpu_pipeline_task.cpp:77] gpu_pipeline_task: operator 'PARTITION' (id=4) output batch 0 column count mismatch: got 13, expected 10
[2026-09-07 12:58:48.283] [warning] [gpu_pipeline_task.cpp:77] gpu_pipeline_task: operator 'PARTITION' (id=4) output batch 0 column count mismatch: got 13, expected 10
[2026-09-07 12:58:48.283] [warning] [gpu_pipeline_task.cpp:77] gpu_pipeline_task: operator 'PARTITION' (id=4) output batch 0 column count mismatch: got 13, expected 10
[2026-09-07 12:58:48.283] [warning] [gpu_pipeline_task.cpp:77] gpu_pipeline_task: operator 'PARTITION' (id=4) output batch 0 column count mismatch: got 13, expected 10
[2026-09-07 12:58:48.283] [warning] [gpu_pipeline_task.cpp:77] gpu_pipeline_task: operator 'PARTITION' (id=4) output batch 0 column count mismatch: got 13, expected 10
[2026-09-07 12:58:48.283] [warning] [gpu_pipeline_task.cpp:77] gpu_pipeline_task: operator 'PARTITION' (id=4) output batch 0 column count mismatch: got 13, expected 10
[2026-09-07 12:58:48.283] [warning] [gpu_pipeline_task.cpp:77] gpu_pipeline_task: operator 'PARTITION' (id=4) output batch 0 column count mismatch: got 13, expected 10
[2026-09-07 12:58:48.283] [warning] [gpu_pipeline_task.cpp:77] gpu_pipeline_task: operator 'PARTITION' (id=4) output batch 0 column count mismatch: got 13, expected 10
[2026-09-07 12:58:48.283] [warning] [gpu_pipeline_task.cpp:77] gpu_pipeline_task: operator 'PARTITION' (id=4) output batch 0 column count mismatch: got 13, expected 10
[2026-09-07 12:58:48.283] [warning] [gpu_pipeline_task.cpp:77] gpu_pipeline_task: operator 'PARTITION' (id=4) output batch 0 column count mismatch: got 13, expected 10
[2026-09-07 12:58:48.283] [warning] [gpu_pipeline_task.cpp:77] gpu_pipeline_task: operator 'PARTITION' (id=4) output batch 0 column count mismatch: got 13, expected 10
[2026-09-07 12:58:48.283] [warning] [gpu_pipeline_task.cpp:77] gpu_pipeline_task: operator 'PARTITION' (id=4) output batch 0 column count mismatch: got 13, expected 10
[2026-09-07 12:58:48.283] [warning] [gpu_pipeline_task.cpp:77] gpu_pipeline_task: operator 'PARTITION' (id=4) output batch 0 column count mismatch: got 13, expected 10
[2026-09-07 12:58:48.283] [warning] [gpu_pipeline_task.cpp:77] gpu_pipeline_task: operator 'PARTITION' (id=4) output batch 0 column count mismatch: got 13, expected 10
[2026-09-07 12:58:48.283] [warning] [gpu_pipeline_task.cpp:77] gpu_pipeline_task: operator 'PARTITION' (id=4) output batch 0 column count mismatch: got 13, expected 10
[2026-09-07 12:58:48.283] [warning] [gpu_pipeline_task.cpp:77] gpu_pipeline_task: operator 'PARTITION' (id=4) output batch 0 column count mismatch: got 13, expected 10
[2026-09-07 12:58:48.283] [warning] [gpu_pipeline_task.cpp:77] gpu_pipeline_task: operator 'PARTITION' (id=4) output batch 0 column count mismatch: got 13, expected 10
[2026-09-07 12:58:48.283] [warning] [gpu_pipeline_task.cpp:77] gpu_pipeline_task: operator 'PARTITION' (id=4) output batch 0 column count mismatch: got 13, expected 10
[2026-09-07 12:58:48.283] [warning] [gpu_pipeline_task.cpp:77] gpu_pipeline_task: operator 'PARTITION' (id=4) output batch 0 column count mismatch: got 13, expected 10
[2026-09-07 12:58:48.283] [warning] [gpu_pipeline_task.cpp:77] gpu_pipeline_task: operator 'PARTITION' (id=4) output batch 0 column count mismatch: got 13, expected 10
[2026-09-07 12:58:48.283] [warning] [gpu_pipeline_task.cpp:77] gpu_pipeline_task: operator 'PARTITION' (id=4) output batch 0 column count mismatch: got 13, expected 10
[2026-09-07 12:58:48.283] [warning] [gpu_pipeline_task.cpp:77] gpu_pipeline_task: operator 'PARTITION' (id=4) output batch 0 column count mismatch: got 13, expected 10
[2026-09-07 12:58:48.283] [warning] [gpu_pipeline_task.cpp:77] gpu_pipeline_task: operator 'PARTITION' (id=4) output batch 0 column count mismatch: got 13, expected 10
[2026-09-07 12:58:48.283] [warning] [gpu_pipeline_task.cpp:77] gpu_pipeline_task: operator 'PARTITION' (id=4) output batch 0 column count mismatch: got 13, expected 10
[2026-09-07 12:58:48.283] [warning] [gpu_pipeline_task.cpp:77] gpu_pipeline_task: operator 'PARTITION' (id=4) output batch 0 column count mismatch: got 13, expected 10
[2026-09-07 12:58:48.283] [warning] [gpu_pipeline_task.cpp:77] gpu_pipeline_task: operator 'PARTITION' (id=4) output batch 0 column count mismatch: got 13, expected 10
[2026-09-07 12:58:48.283] [warning] [gpu_pipeline_task.cpp:77] gpu_pipeline_task: operator 'PARTITION' (id=4) output batch 0 column count mismatch: got 13, expected 10
[2026-09-07 12:58:48.283] [warning] [gpu_pipeline_task.cpp:77] gpu_pipeline_task: operator 'PARTITION' (id=4) output batch 0 column count mismatch: got 13, expected 10
[2026-09-07 12:58:48.283] [warning] [gpu_pipeline_task.cpp:77] gpu_pipeline_task: operator 'PARTITION' (id=4) output batch 0 column count mismatch: got 13, expected 10
[2026-09-07 12:58:48.283] [warning] [gpu_pipeline_task.cpp:77] gpu_pipeline_task: operator 'PARTITION' (id=4) output batch 0 column count mismatch: got 13, expected 10
[2026-09-07 12:58:48.283] [warning] [gpu_pipeline_task.cpp:77] gpu_pipeline_task: operator 'PARTITION' (id=4) output batch 0 column count mismatch: got 13, expected 10
[2026-09-07 12:58:48.283] [warning] [gpu_pipeline_task.cpp:77] gpu_pipeline_task: operator 'PARTITION' (id=4) output batch 0 column count mismatch: got 13, expected 10
[2026-09-07 12:58:48.283] [warning] [gpu_pipeline_task.cpp:77] gpu_pipeline_task: operator 'PARTITION' (id=4) output batch 0 column count mismatch: got 13, expected 10
[2026-09-07 12:58:48.283] [warning] [gpu_pipeline_task.cpp:77] gpu_pipeline_task: operator 'PARTITION' (id=4) output batch 0 column count mismatch: got 13, expected 10
[2026-09-07 12:58:48.283] [warning] [gpu_pipeline_task.cpp:77] gpu_pipeline_task: operator 'PARTITION' (id=4) output batch 0 column count mismatch: got 13, expected 10
[2026-09-07 12:58:48.283] [warning] [gpu_pipeline_task.cpp:77] gpu_pipeline_task: operator 'PARTITION' (id=4) output batch 0 column count mismatch: got 13, expected 10
[2026-09-07 12:58:48.283] [warning] [gpu_pipeline_task.cpp:77] gpu_pipeline_task: operator 'PARTITION' (id=4) output batch 0 column count mismatch: got 13, expected 10
[2026-09-07 12:58:48.283] [warning] [gpu_pipeline_task.cpp:77] gpu_pipeline_task: operator 'PARTITION' (id=4) output batch 0 column count mismatch: got 13, expected 10
[2026-09-07 12:58:48.283] [warning] [gpu_pipeline_task.cpp:77] gpu_pipeline_task: operator 'PARTITION' (id=4) output batch 0 column count mismatch: got 13, expected 10
[2026-09-07 12:58:48.283] [warning] [gpu_pipeline_task.cpp:77] gpu_pipeline_task: operator 'PARTITION' (id=4) output batch 0 column count mismatch: got 13, expected 10
[2026-09-07 12:58:48.283] [warning] [gpu_pipeline_task.cpp:77] gpu_pipeline_task: operator 'PARTITION' (id=4) output batch 0 column count mismatch: got 13, expected 10
[2026-09-07 12:58:48.291] [info] [gpu_pipeline_executor.cpp:129] GPU Pipeline Executor: task queue interrupted, stopping manager loop
[2026-09-07 12:58:48.292] [info] [sirius_context.cpp:405] QueryEnd
[2026-09-07 12:58:48.292] [info] [memory_prefetcher.cpp:72] [memory_prefetcher] stopping: prefetched 0 batches / 0 bytes (stops: headroom=0 reservation=0, skips: lock=0 draining=3, errors=0)
[2026-09-07 12:58:48.292] [info] [sirius_context.cpp:256] [host_pool] HOST:0 QueryEnd instance=0xe6af19960390 connection=1 window=3 query=10 allocated=17515413504 bytes peak=17582522368 bytes free_blocks=539
[2026-09-07 12:58:48.292] [info] [sirius_context.cpp:271] [gpu_pool] GPU:0 QueryEnd instance=0xe6af19960390 connection=1 window=3 query=10 allocated=3450527744 bytes peak=4794136026 bytes reserved=0 bytes
[2026-09-07 12:58:48.292] [info] [sirius_context.cpp:521] [window] end instance=0xe6af19960390 connection=1 window=3 query=10 outcome=ok
[2026-09-07 12:58:48.292] [info] [physical_sirius_execution.cpp:327] Transparent GPU execution: query completed
[2026-09-07 12:58:48.300] [info] [sirius_context.cpp:329] QueryBegin: instance=0xe6af19960390 connection=1 query=11 SQL: CALL sirius_set_query_label('q1_iter2')
[2026-09-07 12:58:48.301] [info] [sirius_context.cpp:329] QueryBegin: instance=0xe6af19960390 connection=1 query=12 SQL: SET gpu_execution = true;
[2026-09-07 12:58:48.301] [info] [sirius_context.cpp:329] QueryBegin: instance=0xe6af19960390 connection=1 query=13 SQL: select l_returnflag, l_linestatus, sum(l_quantity) as sum_qty, sum(l_extendedprice) as sum_base_price, sum(l_extendedprice * (1 - l_discount)) as sum_disc_price, sum(l_extendedprice * (1 - l_discount) * (1 + l_tax)) as sum_charge, avg(l_quantity) as avg_qty, avg(l_extendedprice) as avg_price, avg(l_discount) as avg_disc, count(*) as count_order from lineitem where l_shipdate <= date '1995-08-19' group by l_returnflag, l_linestatus order by l_returnflag, l_linestatus
[2026-09-07 12:58:48.306] [info] [sirius_context.cpp:1467] Transparent execution: Sirius physical plan generated successfully
[2026-09-07 12:58:48.306] [info] [sirius_context.cpp:1495] Transparent execution: physical plan replaced with GPU operator
[2026-09-07 12:58:48.306] [info] [physical_sirius_execution.cpp:157] Transparent GPU execution: executing query
[2026-09-07 12:58:48.306] [info] [sirius_context.cpp:521] [window] begin instance=0xe6af19960390 connection=1 window=4 query=13 outcome=-
[2026-09-07 12:58:48.306] [info] [sirius_context.cpp:256] [host_pool] HOST:0 QueryBegin instance=0xe6af19960390 connection=1 window=4 query=13 allocated=17515413504 bytes peak=17582522368 bytes free_blocks=539
[2026-09-07 12:58:48.306] [info] [sirius_context.cpp:271] [gpu_pool] GPU:0 QueryBegin instance=0xe6af19960390 connection=1 window=4 query=13 allocated=3450527744 bytes peak=4794136026 bytes reserved=0 bytes
[2026-09-07 12:58:48.306] [info] [sirius_context.cpp:389] QueryBegin: transparent_execution
[2026-09-07 12:58:48.308] [info] [sirius_engine.cpp:265] [gpu_alloc] query allocated 1 GPU(s): [0]
[2026-09-07 12:58:48.308] [info] [sirius_engine.cpp:318] Query Plan:
=== Pipeline Overview ===
Pipeline #0: GPU_SCAN (id=0) -> PROJECTION (id=1) -> PROJECTION (id=2) -> HASH_GROUP_BY (id=3)
  Output: -> PARTITION [port: default, barrier: FULL]
Pipeline #1: PARTITION (id=4)
  Input: <- Pipeline #0 [on: PARTITION (id=4), port: default, barrier: FULL]
  Dependencies: Pipeline #0
  Output: -> MERGE_GROUP_BY [port: default, barrier: FULL]
Pipeline #2: MERGE_GROUP_BY (id=5) -> ORDER_BY (id=6)
  Input: <- Pipeline #1 [on: MERGE_GROUP_BY (id=5), port: default, barrier: FULL]
  Dependencies: Pipeline #1
  Output: -> SORT_SAMPLE [port: default, barrier: PIPELINE]
Pipeline #3: SORT_SAMPLE (id=7) -> SORT_PARTITION (id=8)
  Input: <- Pipeline #2 [on: SORT_SAMPLE (id=7), port: default, barrier: PIPELINE]
  Dependencies: Pipeline #2
  Output: -> MERGE_SORT [port: default, barrier: FULL]
Pipeline #4: MERGE_SORT (id=9)
  Input: <- Pipeline #3 [on: MERGE_SORT (id=9), port: default, barrier: FULL]
  Dependencies: Pipeline #3
  Output: -> RESULT_COLLECTOR [port: default, barrier: FULL]
Pipeline #5: RESULT_COLLECTOR (id=10)
  Input: <- Pipeline #4 [on: RESULT_COLLECTOR (id=10), port: default, barrier: FULL]
  Dependencies: Pipeline #4

=== Query Plan DAG ===
┌──────────────────────────┐
│ Pipeline #5              │
│ RESULT_COLLECTOR (id=10) │
│ Input(#4): FULL          │
└────────────┬─────────────┘
             │              
┌──────────────────────────┐
│ Pipeline #4              │
│ MERGE_SORT (id=9)        │
│ Input(#3): FULL          │
└────────────┬─────────────┘
             │              
┌──────────────────────────┐
│ Pipeline #3              │
│ SORT_PARTITION (id=8)    │
│ SORT_SAMPLE (id=7)       │
│ Input(#2): PIPELINE      │
└────────────┬─────────────┘
             │              
┌──────────────────────────┐
│ Pipeline #2              │
│ ORDER_BY (id=6)          │
│ MERGE_GROUP_BY (id=5)    │
│ Input(#1): FULL          │
└────────────┬─────────────┘
             │              
┌──────────────────────────┐
│ Pipeline #1              │
│ PARTITION (id=4)         │
│ Input(#0): FULL          │
└────────────┬─────────────┘
             │              
┌──────────────────────────┐
│ Pipeline #0              │
│ HASH_GROUP_BY (id=3)     │
│ PROJECTION (id=2)        │
│ PROJECTION (id=1)        │
│ GPU_SCAN (id=0)          │
└──────────────────────────┘

[2026-09-07 12:58:48.308] [info] [sirius_engine.cpp:186] query 4 telemetry_query=01a07d73adf479c2a0c0f807e60998d1
[2026-09-07 12:58:48.308] [info] [sirius_scan_manager.cpp:2999] [sirius_scan_manager] assigned pinned entry 'lineitem' to operator '0'
[2026-09-07 12:58:48.308] [info] [sirius_scan_manager.cpp:823] [late-mat] operator 0: not deferring — the scan restricts rows and its pin is compressed, so the surviving rows are decided inside the decode
[2026-09-07 12:58:48.308] [info] [memory_prefetcher.cpp:59] [memory_prefetcher] started: 3 threads, 1 connectors, min_free_fraction=0.40
[2026-09-07 12:58:48.314] [warning] [gpu_pipeline_task.cpp:77] gpu_pipeline_task: operator 'HASH_GROUP_BY' (id=3) output batch 0 column count mismatch: got 13, expected 10
[2026-09-07 12:58:48.315] [warning] [gpu_pipeline_task.cpp:77] gpu_pipeline_task: operator 'HASH_GROUP_BY' (id=3) output batch 0 column count mismatch: got 13, expected 10
[2026-09-07 12:58:48.315] [warning] [gpu_pipeline_task.cpp:77] gpu_pipeline_task: operator 'HASH_GROUP_BY' (id=3) output batch 0 column count mismatch: got 13, expected 10
[2026-09-07 12:58:48.315] [warning] [gpu_pipeline_task.cpp:77] gpu_pipeline_task: operator 'HASH_GROUP_BY' (id=3) output batch 0 column count mismatch: got 13, expected 10
[2026-09-07 12:58:48.315] [warning] [gpu_pipeline_task.cpp:77] gpu_pipeline_task: operator 'HASH_GROUP_BY' (id=3) output batch 0 column count mismatch: got 13, expected 10
[2026-09-07 12:58:48.315] [warning] [gpu_pipeline_task.cpp:77] gpu_pipeline_task: operator 'HASH_GROUP_BY' (id=3) output batch 0 column count mismatch: got 13, expected 10
[2026-09-07 12:58:48.316] [warning] [gpu_pipeline_task.cpp:77] gpu_pipeline_task: operator 'HASH_GROUP_BY' (id=3) output batch 0 column count mismatch: got 13, expected 10
[2026-09-07 12:58:48.316] [warning] [gpu_pipeline_task.cpp:77] gpu_pipeline_task: operator 'HASH_GROUP_BY' (id=3) output batch 0 column count mismatch: got 13, expected 10
[2026-09-07 12:58:48.316] [warning] [gpu_pipeline_task.cpp:77] gpu_pipeline_task: operator 'HASH_GROUP_BY' (id=3) output batch 0 column count mismatch: got 13, expected 10
[2026-09-07 12:58:48.316] [warning] [gpu_pipeline_task.cpp:77] gpu_pipeline_task: operator 'HASH_GROUP_BY' (id=3) output batch 0 column count mismatch: got 13, expected 10
[2026-09-07 12:58:48.317] [warning] [gpu_pipeline_task.cpp:77] gpu_pipeline_task: operator 'HASH_GROUP_BY' (id=3) output batch 0 column count mismatch: got 13, expected 10
[2026-09-07 12:58:48.317] [warning] [gpu_pipeline_task.cpp:77] gpu_pipeline_task: operator 'HASH_GROUP_BY' (id=3) output batch 0 column count mismatch: got 13, expected 10
[2026-09-07 12:58:48.317] [warning] [gpu_pipeline_task.cpp:77] gpu_pipeline_task: operator 'HASH_GROUP_BY' (id=3) output batch 0 column count mismatch: got 13, expected 10
[2026-09-07 12:58:48.317] [warning] [gpu_pipeline_task.cpp:77] gpu_pipeline_task: operator 'HASH_GROUP_BY' (id=3) output batch 0 column count mismatch: got 13, expected 10
[2026-09-07 12:58:48.317] [warning] [gpu_pipeline_task.cpp:77] gpu_pipeline_task: operator 'HASH_GROUP_BY' (id=3) output batch 0 column count mismatch: got 13, expected 10
[2026-09-07 12:58:48.317] [warning] [gpu_pipeline_task.cpp:77] gpu_pipeline_task: operator 'HASH_GROUP_BY' (id=3) output batch 0 column count mismatch: got 13, expected 10
[2026-09-07 12:58:48.317] [warning] [gpu_pipeline_task.cpp:77] gpu_pipeline_task: operator 'HASH_GROUP_BY' (id=3) output batch 0 column count mismatch: got 13, expected 10
[2026-09-07 12:58:48.318] [warning] [gpu_pipeline_task.cpp:77] gpu_pipeline_task: operator 'HASH_GROUP_BY' (id=3) output batch 0 column count mismatch: got 13, expected 10
[2026-09-07 12:58:48.318] [warning] [gpu_pipeline_task.cpp:77] gpu_pipeline_task: operator 'HASH_GROUP_BY' (id=3) output batch 0 column count mismatch: got 13, expected 10
[2026-09-07 12:58:48.318] [warning] [gpu_pipeline_task.cpp:77] gpu_pipeline_task: operator 'HASH_GROUP_BY' (id=3) output batch 0 column count mismatch: got 13, expected 10
[2026-09-07 12:58:48.318] [warning] [gpu_pipeline_task.cpp:77] gpu_pipeline_task: operator 'HASH_GROUP_BY' (id=3) output batch 0 column count mismatch: got 13, expected 10
[2026-09-07 12:58:48.318] [warning] [gpu_pipeline_task.cpp:77] gpu_pipeline_task: operator 'HASH_GROUP_BY' (id=3) output batch 0 column count mismatch: got 13, expected 10
[2026-09-07 12:58:48.318] [warning] [gpu_pipeline_task.cpp:77] gpu_pipeline_task: operator 'HASH_GROUP_BY' (id=3) output batch 0 column count mismatch: got 13, expected 10
[2026-09-07 12:58:48.318] [warning] [gpu_pipeline_task.cpp:77] gpu_pipeline_task: operator 'HASH_GROUP_BY' (id=3) output batch 0 column count mismatch: got 13, expected 10
[2026-09-07 12:58:48.319] [warning] [gpu_pipeline_task.cpp:77] gpu_pipeline_task: operator 'HASH_GROUP_BY' (id=3) output batch 0 column count mismatch: got 13, expected 10
[2026-09-07 12:58:48.319] [warning] [gpu_pipeline_task.cpp:77] gpu_pipeline_task: operator 'HASH_GROUP_BY' (id=3) output batch 0 column count mismatch: got 13, expected 10
[2026-09-07 12:58:48.319] [warning] [gpu_pipeline_task.cpp:77] gpu_pipeline_task: operator 'HASH_GROUP_BY' (id=3) output batch 0 column count mismatch: got 13, expected 10
[2026-09-07 12:58:48.319] [warning] [gpu_pipeline_task.cpp:77] gpu_pipeline_task: operator 'HASH_GROUP_BY' (id=3) output batch 0 column count mismatch: got 13, expected 10
[2026-09-07 12:58:48.319] [warning] [gpu_pipeline_task.cpp:77] gpu_pipeline_task: operator 'HASH_GROUP_BY' (id=3) output batch 0 column count mismatch: got 13, expected 10
[2026-09-07 12:58:48.319] [warning] [gpu_pipeline_task.cpp:77] gpu_pipeline_task: operator 'HASH_GROUP_BY' (id=3) output batch 0 column count mismatch: got 13, expected 10
[2026-09-07 12:58:48.320] [warning] [gpu_pipeline_task.cpp:77] gpu_pipeline_task: operator 'HASH_GROUP_BY' (id=3) output batch 0 column count mismatch: got 13, expected 10
[2026-09-07 12:58:48.320] [warning] [gpu_pipeline_task.cpp:77] gpu_pipeline_task: operator 'HASH_GROUP_BY' (id=3) output batch 0 column count mismatch: got 13, expected 10
[2026-09-07 12:58:48.320] [warning] [gpu_pipeline_task.cpp:77] gpu_pipeline_task: operator 'HASH_GROUP_BY' (id=3) output batch 0 column count mismatch: got 13, expected 10
[2026-09-07 12:58:48.320] [warning] [gpu_pipeline_task.cpp:77] gpu_pipeline_task: operator 'HASH_GROUP_BY' (id=3) output batch 0 column count mismatch: got 13, expected 10
[2026-09-07 12:58:48.320] [warning] [gpu_pipeline_task.cpp:77] gpu_pipeline_task: operator 'HASH_GROUP_BY' (id=3) output batch 0 column count mismatch: got 13, expected 10
[2026-09-07 12:58:48.320] [warning] [gpu_pipeline_task.cpp:77] gpu_pipeline_task: operator 'HASH_GROUP_BY' (id=3) output batch 0 column count mismatch: got 13, expected 10
[2026-09-07 12:58:48.320] [warning] [gpu_pipeline_task.cpp:77] gpu_pipeline_task: operator 'HASH_GROUP_BY' (id=3) output batch 0 column count mismatch: got 13, expected 10
[2026-09-07 12:58:48.320] [warning] [gpu_pipeline_task.cpp:77] gpu_pipeline_task: operator 'HASH_GROUP_BY' (id=3) output batch 0 column count mismatch: got 13, expected 10
[2026-09-07 12:58:48.321] [warning] [gpu_pipeline_task.cpp:77] gpu_pipeline_task: operator 'HASH_GROUP_BY' (id=3) output batch 0 column count mismatch: got 13, expected 10
[2026-09-07 12:58:48.321] [warning] [gpu_pipeline_task.cpp:77] gpu_pipeline_task: operator 'HASH_GROUP_BY' (id=3) output batch 0 column count mismatch: got 13, expected 10
[2026-09-07 12:58:48.321] [warning] [gpu_pipeline_task.cpp:77] gpu_pipeline_task: operator 'HASH_GROUP_BY' (id=3) output batch 0 column count mismatch: got 13, expected 10
[2026-09-07 12:58:48.321] [warning] [gpu_pipeline_task.cpp:77] gpu_pipeline_task: operator 'HASH_GROUP_BY' (id=3) output batch 0 column count mismatch: got 13, expected 10
[2026-09-07 12:58:48.321] [warning] [gpu_pipeline_task.cpp:77] gpu_pipeline_task: operator 'HASH_GROUP_BY' (id=3) output batch 0 column count mismatch: got 13, expected 10
[2026-09-07 12:58:48.322] [warning] [gpu_pipeline_task.cpp:77] gpu_pipeline_task: operator 'HASH_GROUP_BY' (id=3) output batch 0 column count mismatch: got 13, expected 10
[2026-09-07 12:58:48.322] [warning] [gpu_pipeline_task.cpp:77] gpu_pipeline_task: operator 'HASH_GROUP_BY' (id=3) output batch 0 column count mismatch: got 13, expected 10
[2026-09-07 12:58:48.322] [warning] [gpu_pipeline_task.cpp:77] gpu_pipeline_task: operator 'HASH_GROUP_BY' (id=3) output batch 0 column count mismatch: got 13, expected 10
[2026-09-07 12:58:48.322] [warning] [gpu_pipeline_task.cpp:77] gpu_pipeline_task: operator 'HASH_GROUP_BY' (id=3) output batch 0 column count mismatch: got 13, expected 10
[2026-09-07 12:58:48.322] [warning] [gpu_pipeline_task.cpp:77] gpu_pipeline_task: operator 'HASH_GROUP_BY' (id=3) output batch 0 column count mismatch: got 13, expected 10
[2026-09-07 12:58:48.322] [warning] [gpu_pipeline_task.cpp:77] gpu_pipeline_task: operator 'HASH_GROUP_BY' (id=3) output batch 0 column count mismatch: got 13, expected 10
[2026-09-07 12:58:48.323] [warning] [gpu_pipeline_task.cpp:77] gpu_pipeline_task: operator 'HASH_GROUP_BY' (id=3) output batch 0 column count mismatch: got 13, expected 10
[2026-09-07 12:58:48.323] [warning] [gpu_pipeline_task.cpp:77] gpu_pipeline_task: operator 'HASH_GROUP_BY' (id=3) output batch 0 column count mismatch: got 13, expected 10
[2026-09-07 12:58:48.323] [warning] [gpu_pipeline_task.cpp:77] gpu_pipeline_task: operator 'HASH_GROUP_BY' (id=3) output batch 0 column count mismatch: got 13, expected 10
[2026-09-07 12:58:48.323] [warning] [gpu_pipeline_task.cpp:77] gpu_pipeline_task: operator 'HASH_GROUP_BY' (id=3) output batch 0 column count mismatch: got 13, expected 10
[2026-09-07 12:58:48.323] [warning] [gpu_pipeline_task.cpp:77] gpu_pipeline_task: operator 'HASH_GROUP_BY' (id=3) output batch 0 column count mismatch: got 13, expected 10
[2026-09-07 12:58:48.323] [warning] [gpu_pipeline_task.cpp:77] gpu_pipeline_task: operator 'HASH_GROUP_BY' (id=3) output batch 0 column count mismatch: got 13, expected 10
[2026-09-07 12:58:48.323] [warning] [gpu_pipeline_task.cpp:77] gpu_pipeline_task: operator 'HASH_GROUP_BY' (id=3) output batch 0 column count mismatch: got 13, expected 10
[2026-09-07 12:58:48.323] [warning] [gpu_pipeline_task.cpp:77] gpu_pipeline_task: operator 'HASH_GROUP_BY' (id=3) output batch 0 column count mismatch: got 13, expected 10
[2026-09-07 12:58:48.324] [warning] [gpu_pipeline_task.cpp:77] gpu_pipeline_task: operator 'HASH_GROUP_BY' (id=3) output batch 0 column count mismatch: got 13, expected 10
[2026-09-07 12:58:48.324] [warning] [gpu_pipeline_task.cpp:77] gpu_pipeline_task: operator 'HASH_GROUP_BY' (id=3) output batch 0 column count mismatch: got 13, expected 10
[2026-09-07 12:58:48.324] [warning] [gpu_pipeline_task.cpp:77] gpu_pipeline_task: operator 'HASH_GROUP_BY' (id=3) output batch 0 column count mismatch: got 13, expected 10
[2026-09-07 12:58:48.324] [warning] [gpu_pipeline_task.cpp:77] gpu_pipeline_task: operator 'HASH_GROUP_BY' (id=3) output batch 0 column count mismatch: got 13, expected 10
[2026-09-07 12:58:48.324] [warning] [gpu_pipeline_task.cpp:77] gpu_pipeline_task: operator 'HASH_GROUP_BY' (id=3) output batch 0 column count mismatch: got 13, expected 10
[2026-09-07 12:58:48.324] [warning] [gpu_pipeline_task.cpp:77] gpu_pipeline_task: operator 'HASH_GROUP_BY' (id=3) output batch 0 column count mismatch: got 13, expected 10
[2026-09-07 12:58:48.324] [warning] [gpu_pipeline_task.cpp:77] gpu_pipeline_task: operator 'HASH_GROUP_BY' (id=3) output batch 0 column count mismatch: got 13, expected 10
[2026-09-07 12:58:48.325] [warning] [gpu_pipeline_task.cpp:77] gpu_pipeline_task: operator 'HASH_GROUP_BY' (id=3) output batch 0 column count mismatch: got 13, expected 10
[2026-09-07 12:58:48.325] [warning] [gpu_pipeline_task.cpp:77] gpu_pipeline_task: operator 'HASH_GROUP_BY' (id=3) output batch 0 column count mismatch: got 13, expected 10
[2026-09-07 12:58:48.325] [warning] [gpu_pipeline_task.cpp:77] gpu_pipeline_task: operator 'HASH_GROUP_BY' (id=3) output batch 0 column count mismatch: got 13, expected 10
[2026-09-07 12:58:48.325] [warning] [gpu_pipeline_task.cpp:77] gpu_pipeline_task: operator 'HASH_GROUP_BY' (id=3) output batch 0 column count mismatch: got 13, expected 10
[2026-09-07 12:58:48.325] [warning] [gpu_pipeline_task.cpp:77] gpu_pipeline_task: operator 'HASH_GROUP_BY' (id=3) output batch 0 column count mismatch: got 13, expected 10
[2026-09-07 12:58:48.325] [warning] [gpu_pipeline_task.cpp:77] gpu_pipeline_task: operator 'HASH_GROUP_BY' (id=3) output batch 0 column count mismatch: got 13, expected 10
[2026-09-07 12:58:48.325] [warning] [gpu_pipeline_task.cpp:77] gpu_pipeline_task: operator 'HASH_GROUP_BY' (id=3) output batch 0 column count mismatch: got 13, expected 10
[2026-09-07 12:58:48.326] [warning] [gpu_pipeline_task.cpp:77] gpu_pipeline_task: operator 'HASH_GROUP_BY' (id=3) output batch 0 column count mismatch: got 13, expected 10
[2026-09-07 12:58:48.326] [warning] [gpu_pipeline_task.cpp:77] gpu_pipeline_task: operator 'HASH_GROUP_BY' (id=3) output batch 0 column count mismatch: got 13, expected 10
[2026-09-07 12:58:48.326] [warning] [gpu_pipeline_task.cpp:77] gpu_pipeline_task: operator 'HASH_GROUP_BY' (id=3) output batch 0 column count mismatch: got 13, expected 10
[2026-09-07 12:58:48.326] [warning] [gpu_pipeline_task.cpp:77] gpu_pipeline_task: operator 'HASH_GROUP_BY' (id=3) output batch 0 column count mismatch: got 13, expected 10
[2026-09-07 12:58:48.326] [warning] [gpu_pipeline_task.cpp:77] gpu_pipeline_task: operator 'HASH_GROUP_BY' (id=3) output batch 0 column count mismatch: got 13, expected 10
[2026-09-07 12:58:48.327] [warning] [gpu_pipeline_task.cpp:77] gpu_pipeline_task: operator 'HASH_GROUP_BY' (id=3) output batch 0 column count mismatch: got 13, expected 10
[2026-09-07 12:58:48.327] [warning] [gpu_pipeline_task.cpp:77] gpu_pipeline_task: operator 'HASH_GROUP_BY' (id=3) output batch 0 column count mismatch: got 13, expected 10
[2026-09-07 12:58:48.327] [warning] [gpu_pipeline_task.cpp:77] gpu_pipeline_task: operator 'HASH_GROUP_BY' (id=3) output batch 0 column count mismatch: got 13, expected 10
[2026-09-07 12:58:48.327] [warning] [gpu_pipeline_task.cpp:77] gpu_pipeline_task: operator 'HASH_GROUP_BY' (id=3) output batch 0 column count mismatch: got 13, expected 10
[2026-09-07 12:58:48.327] [warning] [gpu_pipeline_task.cpp:77] gpu_pipeline_task: operator 'HASH_GROUP_BY' (id=3) output batch 0 column count mismatch: got 13, expected 10
[2026-09-07 12:58:48.327] [warning] [gpu_pipeline_task.cpp:77] gpu_pipeline_task: operator 'HASH_GROUP_BY' (id=3) output batch 0 column count mismatch: got 13, expected 10
[2026-09-07 12:58:48.328] [warning] [gpu_pipeline_task.cpp:77] gpu_pipeline_task: operator 'HASH_GROUP_BY' (id=3) output batch 0 column count mismatch: got 13, expected 10
[2026-09-07 12:58:48.328] [warning] [gpu_pipeline_task.cpp:77] gpu_pipeline_task: operator 'HASH_GROUP_BY' (id=3) output batch 0 column count mismatch: got 13, expected 10
[2026-09-07 12:58:48.328] [warning] [gpu_pipeline_task.cpp:77] gpu_pipeline_task: operator 'HASH_GROUP_BY' (id=3) output batch 0 column count mismatch: got 13, expected 10
[2026-09-07 12:58:48.328] [warning] [gpu_pipeline_task.cpp:77] gpu_pipeline_task: operator 'HASH_GROUP_BY' (id=3) output batch 0 column count mismatch: got 13, expected 10
[2026-09-07 12:58:48.328] [warning] [gpu_pipeline_task.cpp:77] gpu_pipeline_task: operator 'HASH_GROUP_BY' (id=3) output batch 0 column count mismatch: got 13, expected 10
[2026-09-07 12:58:48.328] [warning] [gpu_pipeline_task.cpp:77] gpu_pipeline_task: operator 'HASH_GROUP_BY' (id=3) output batch 0 column count mismatch: got 13, expected 10
[2026-09-07 12:58:48.329] [warning] [gpu_pipeline_task.cpp:77] gpu_pipeline_task: operator 'HASH_GROUP_BY' (id=3) output batch 0 column count mismatch: got 13, expected 10
[2026-09-07 12:58:48.329] [warning] [gpu_pipeline_task.cpp:77] gpu_pipeline_task: operator 'HASH_GROUP_BY' (id=3) output batch 0 column count mismatch: got 13, expected 10
[2026-09-07 12:58:48.329] [warning] [gpu_pipeline_task.cpp:77] gpu_pipeline_task: operator 'HASH_GROUP_BY' (id=3) output batch 0 column count mismatch: got 13, expected 10
[2026-09-07 12:58:48.329] [warning] [gpu_pipeline_task.cpp:77] gpu_pipeline_task: operator 'HASH_GROUP_BY' (id=3) output batch 0 column count mismatch: got 13, expected 10
[2026-09-07 12:58:48.329] [warning] [gpu_pipeline_task.cpp:77] gpu_pipeline_task: operator 'HASH_GROUP_BY' (id=3) output batch 0 column count mismatch: got 13, expected 10
[2026-09-07 12:58:48.329] [warning] [gpu_pipeline_task.cpp:77] gpu_pipeline_task: operator 'HASH_GROUP_BY' (id=3) output batch 0 column count mismatch: got 13, expected 10
[2026-09-07 12:58:48.329] [warning] [gpu_pipeline_task.cpp:77] gpu_pipeline_task: operator 'HASH_GROUP_BY' (id=3) output batch 0 column count mismatch: got 13, expected 10
[2026-09-07 12:58:48.335] [warning] [gpu_pipeline_task.cpp:77] gpu_pipeline_task: operator 'HASH_GROUP_BY' (id=3) output batch 0 column count mismatch: got 13, expected 10
[2026-09-07 12:58:48.335] [warning] [gpu_pipeline_task.cpp:77] gpu_pipeline_task: operator 'HASH_GROUP_BY' (id=3) output batch 0 column count mismatch: got 13, expected 10
[2026-09-07 12:58:48.335] [warning] [gpu_pipeline_task.cpp:77] gpu_pipeline_task: operator 'HASH_GROUP_BY' (id=3) output batch 0 column count mismatch: got 13, expected 10
[2026-09-07 12:58:48.336] [warning] [gpu_pipeline_task.cpp:77] gpu_pipeline_task: operator 'HASH_GROUP_BY' (id=3) output batch 0 column count mismatch: got 13, expected 10
[2026-09-07 12:58:48.336] [warning] [gpu_pipeline_task.cpp:77] gpu_pipeline_task: operator 'HASH_GROUP_BY' (id=3) output batch 0 column count mismatch: got 13, expected 10
[2026-09-07 12:58:48.336] [warning] [gpu_pipeline_task.cpp:77] gpu_pipeline_task: operator 'HASH_GROUP_BY' (id=3) output batch 0 column count mismatch: got 13, expected 10
[2026-09-07 12:58:48.337] [warning] [gpu_pipeline_task.cpp:77] gpu_pipeline_task: operator 'HASH_GROUP_BY' (id=3) output batch 0 column count mismatch: got 13, expected 10
[2026-09-07 12:58:48.337] [warning] [gpu_pipeline_task.cpp:77] gpu_pipeline_task: operator 'HASH_GROUP_BY' (id=3) output batch 0 column count mismatch: got 13, expected 10
[2026-09-07 12:58:48.342] [warning] [gpu_pipeline_task.cpp:77] gpu_pipeline_task: operator 'HASH_GROUP_BY' (id=3) output batch 0 column count mismatch: got 13, expected 10
[2026-09-07 12:58:48.342] [warning] [gpu_pipeline_task.cpp:77] gpu_pipeline_task: operator 'HASH_GROUP_BY' (id=3) output batch 0 column count mismatch: got 13, expected 10
[2026-09-07 12:58:48.342] [warning] [gpu_pipeline_task.cpp:77] gpu_pipeline_task: operator 'HASH_GROUP_BY' (id=3) output batch 0 column count mismatch: got 13, expected 10
[2026-09-07 12:58:48.343] [warning] [gpu_pipeline_task.cpp:77] gpu_pipeline_task: operator 'HASH_GROUP_BY' (id=3) output batch 0 column count mismatch: got 13, expected 10
[2026-09-07 12:58:48.343] [warning] [gpu_pipeline_task.cpp:77] gpu_pipeline_task: operator 'HASH_GROUP_BY' (id=3) output batch 0 column count mismatch: got 13, expected 10
[2026-09-07 12:58:48.343] [warning] [gpu_pipeline_task.cpp:77] gpu_pipeline_task: operator 'HASH_GROUP_BY' (id=3) output batch 0 column count mismatch: got 13, expected 10
[2026-09-07 12:58:48.343] [warning] [gpu_pipeline_task.cpp:77] gpu_pipeline_task: operator 'HASH_GROUP_BY' (id=3) output batch 0 column count mismatch: got 13, expected 10
[2026-09-07 12:58:48.344] [warning] [gpu_pipeline_task.cpp:77] gpu_pipeline_task: operator 'HASH_GROUP_BY' (id=3) output batch 0 column count mismatch: got 13, expected 10
[2026-09-07 12:58:48.348] [warning] [gpu_pipeline_task.cpp:77] gpu_pipeline_task: operator 'HASH_GROUP_BY' (id=3) output batch 0 column count mismatch: got 13, expected 10
[2026-09-07 12:58:48.348] [warning] [gpu_pipeline_task.cpp:77] gpu_pipeline_task: operator 'HASH_GROUP_BY' (id=3) output batch 0 column count mismatch: got 13, expected 10
[2026-09-07 12:58:48.349] [warning] [gpu_pipeline_task.cpp:77] gpu_pipeline_task: operator 'HASH_GROUP_BY' (id=3) output batch 0 column count mismatch: got 13, expected 10
[2026-09-07 12:58:48.349] [warning] [gpu_pipeline_task.cpp:77] gpu_pipeline_task: operator 'HASH_GROUP_BY' (id=3) output batch 0 column count mismatch: got 13, expected 10
[2026-09-07 12:58:48.350] [warning] [gpu_pipeline_task.cpp:77] gpu_pipeline_task: operator 'HASH_GROUP_BY' (id=3) output batch 0 column count mismatch: got 13, expected 10
[2026-09-07 12:58:48.350] [warning] [gpu_pipeline_task.cpp:77] gpu_pipeline_task: operator 'HASH_GROUP_BY' (id=3) output batch 0 column count mismatch: got 13, expected 10
[2026-09-07 12:58:48.350] [warning] [gpu_pipeline_task.cpp:77] gpu_pipeline_task: operator 'HASH_GROUP_BY' (id=3) output batch 0 column count mismatch: got 13, expected 10
[2026-09-07 12:58:48.352] [warning] [gpu_pipeline_task.cpp:77] gpu_pipeline_task: operator 'HASH_GROUP_BY' (id=3) output batch 0 column count mismatch: got 13, expected 10
[2026-09-07 12:58:48.354] [warning] [gpu_pipeline_task.cpp:77] gpu_pipeline_task: operator 'HASH_GROUP_BY' (id=3) output batch 0 column count mismatch: got 13, expected 10
[2026-09-07 12:58:48.355] [warning] [gpu_pipeline_task.cpp:77] gpu_pipeline_task: operator 'HASH_GROUP_BY' (id=3) output batch 0 column count mismatch: got 13, expected 10
[2026-09-07 12:58:48.355] [warning] [gpu_pipeline_task.cpp:77] gpu_pipeline_task: operator 'HASH_GROUP_BY' (id=3) output batch 0 column count mismatch: got 13, expected 10
[2026-09-07 12:58:48.357] [warning] [gpu_pipeline_task.cpp:77] gpu_pipeline_task: operator 'HASH_GROUP_BY' (id=3) output batch 0 column count mismatch: got 13, expected 10
[2026-09-07 12:58:48.357] [warning] [gpu_pipeline_task.cpp:77] gpu_pipeline_task: operator 'HASH_GROUP_BY' (id=3) output batch 0 column count mismatch: got 13, expected 10
[2026-09-07 12:58:48.357] [warning] [gpu_pipeline_task.cpp:77] gpu_pipeline_task: operator 'HASH_GROUP_BY' (id=3) output batch 0 column count mismatch: got 13, expected 10
[2026-09-07 12:58:48.358] [warning] [gpu_pipeline_task.cpp:77] gpu_pipeline_task: operator 'HASH_GROUP_BY' (id=3) output batch 0 column count mismatch: got 13, expected 10
[2026-09-07 12:58:48.358] [warning] [gpu_pipeline_task.cpp:77] gpu_pipeline_task: operator 'HASH_GROUP_BY' (id=3) output batch 0 column count mismatch: got 13, expected 10
[2026-09-07 12:58:48.360] [warning] [gpu_pipeline_task.cpp:77] gpu_pipeline_task: operator 'HASH_GROUP_BY' (id=3) output batch 0 column count mismatch: got 13, expected 10
[2026-09-07 12:58:48.362] [warning] [gpu_pipeline_task.cpp:77] gpu_pipeline_task: operator 'HASH_GROUP_BY' (id=3) output batch 0 column count mismatch: got 13, expected 10
[2026-09-07 12:58:48.362] [warning] [gpu_pipeline_task.cpp:77] gpu_pipeline_task: operator 'HASH_GROUP_BY' (id=3) output batch 0 column count mismatch: got 13, expected 10
[2026-09-07 12:58:48.363] [warning] [gpu_pipeline_task.cpp:77] gpu_pipeline_task: operator 'HASH_GROUP_BY' (id=3) output batch 0 column count mismatch: got 13, expected 10
[2026-09-07 12:58:48.364] [warning] [gpu_pipeline_task.cpp:77] gpu_pipeline_task: operator 'HASH_GROUP_BY' (id=3) output batch 0 column count mismatch: got 13, expected 10
[2026-09-07 12:58:48.364] [warning] [gpu_pipeline_task.cpp:77] gpu_pipeline_task: operator 'HASH_GROUP_BY' (id=3) output batch 0 column count mismatch: got 13, expected 10
[2026-09-07 12:58:48.364] [warning] [gpu_pipeline_task.cpp:77] gpu_pipeline_task: operator 'HASH_GROUP_BY' (id=3) output batch 0 column count mismatch: got 13, expected 10
[2026-09-07 12:58:48.365] [warning] [gpu_pipeline_task.cpp:77] gpu_pipeline_task: operator 'HASH_GROUP_BY' (id=3) output batch 0 column count mismatch: got 13, expected 10
[2026-09-07 12:58:48.367] [warning] [gpu_pipeline_task.cpp:77] gpu_pipeline_task: operator 'HASH_GROUP_BY' (id=3) output batch 0 column count mismatch: got 13, expected 10
[2026-09-07 12:58:48.368] [warning] [gpu_pipeline_task.cpp:77] gpu_pipeline_task: operator 'HASH_GROUP_BY' (id=3) output batch 0 column count mismatch: got 13, expected 10
[2026-09-07 12:58:48.368] [warning] [gpu_pipeline_task.cpp:77] gpu_pipeline_task: operator 'HASH_GROUP_BY' (id=3) output batch 0 column count mismatch: got 13, expected 10
[2026-09-07 12:58:48.370] [warning] [gpu_pipeline_task.cpp:77] gpu_pipeline_task: operator 'HASH_GROUP_BY' (id=3) output batch 0 column count mismatch: got 13, expected 10
[2026-09-07 12:58:48.371] [warning] [gpu_pipeline_task.cpp:77] gpu_pipeline_task: operator 'HASH_GROUP_BY' (id=3) output batch 0 column count mismatch: got 13, expected 10
[2026-09-07 12:58:48.371] [warning] [gpu_pipeline_task.cpp:77] gpu_pipeline_task: operator 'HASH_GROUP_BY' (id=3) output batch 0 column count mismatch: got 13, expected 10
[2026-09-07 12:58:48.373] [warning] [gpu_pipeline_task.cpp:77] gpu_pipeline_task: operator 'HASH_GROUP_BY' (id=3) output batch 0 column count mismatch: got 13, expected 10
[2026-09-07 12:58:48.373] [warning] [gpu_pipeline_task.cpp:77] gpu_pipeline_task: operator 'HASH_GROUP_BY' (id=3) output batch 0 column count mismatch: got 13, expected 10
[2026-09-07 12:58:48.373] [warning] [gpu_pipeline_task.cpp:77] gpu_pipeline_task: operator 'HASH_GROUP_BY' (id=3) output batch 0 column count mismatch: got 13, expected 10
[2026-09-07 12:58:48.374] [warning] [gpu_pipeline_task.cpp:77] gpu_pipeline_task: operator 'HASH_GROUP_BY' (id=3) output batch 0 column count mismatch: got 13, expected 10
[2026-09-07 12:58:48.375] [warning] [gpu_pipeline_task.cpp:77] gpu_pipeline_task: operator 'HASH_GROUP_BY' (id=3) output batch 0 column count mismatch: got 13, expected 10
[2026-09-07 12:58:48.376] [warning] [gpu_pipeline_task.cpp:77] gpu_pipeline_task: operator 'HASH_GROUP_BY' (id=3) output batch 0 column count mismatch: got 13, expected 10
[2026-09-07 12:58:48.377] [warning] [gpu_pipeline_task.cpp:77] gpu_pipeline_task: operator 'HASH_GROUP_BY' (id=3) output batch 0 column count mismatch: got 13, expected 10
[2026-09-07 12:58:48.378] [warning] [gpu_pipeline_task.cpp:77] gpu_pipeline_task: operator 'HASH_GROUP_BY' (id=3) output batch 0 column count mismatch: got 13, expected 10
[2026-09-07 12:58:48.380] [warning] [gpu_pipeline_task.cpp:77] gpu_pipeline_task: operator 'HASH_GROUP_BY' (id=3) output batch 0 column count mismatch: got 13, expected 10
[2026-09-07 12:58:48.380] [warning] [gpu_pipeline_task.cpp:77] gpu_pipeline_task: operator 'HASH_GROUP_BY' (id=3) output batch 0 column count mismatch: got 13, expected 10
[2026-09-07 12:58:48.380] [warning] [gpu_pipeline_task.cpp:77] gpu_pipeline_task: operator 'HASH_GROUP_BY' (id=3) output batch 0 column count mismatch: got 13, expected 10
[2026-09-07 12:58:48.381] [warning] [gpu_pipeline_task.cpp:77] gpu_pipeline_task: operator 'HASH_GROUP_BY' (id=3) output batch 0 column count mismatch: got 13, expected 10
[2026-09-07 12:58:48.382] [warning] [gpu_pipeline_task.cpp:77] gpu_pipeline_task: operator 'HASH_GROUP_BY' (id=3) output batch 0 column count mismatch: got 13, expected 10
[2026-09-07 12:58:48.382] [warning] [gpu_pipeline_task.cpp:77] gpu_pipeline_task: operator 'HASH_GROUP_BY' (id=3) output batch 0 column count mismatch: got 13, expected 10
[2026-09-07 12:58:48.383] [warning] [gpu_pipeline_task.cpp:77] gpu_pipeline_task: operator 'HASH_GROUP_BY' (id=3) output batch 0 column count mismatch: got 13, expected 10
[2026-09-07 12:58:48.384] [warning] [gpu_pipeline_task.cpp:77] gpu_pipeline_task: operator 'HASH_GROUP_BY' (id=3) output batch 0 column count mismatch: got 13, expected 10
[2026-09-07 12:58:48.386] [warning] [gpu_pipeline_task.cpp:77] gpu_pipeline_task: operator 'HASH_GROUP_BY' (id=3) output batch 0 column count mismatch: got 13, expected 10
[2026-09-07 12:58:48.387] [warning] [gpu_pipeline_task.cpp:77] gpu_pipeline_task: operator 'HASH_GROUP_BY' (id=3) output batch 0 column count mismatch: got 13, expected 10
[2026-09-07 12:58:48.387] [warning] [gpu_pipeline_task.cpp:77] gpu_pipeline_task: operator 'HASH_GROUP_BY' (id=3) output batch 0 column count mismatch: got 13, expected 10
[2026-09-07 12:58:48.388] [warning] [gpu_pipeline_task.cpp:77] gpu_pipeline_task: operator 'HASH_GROUP_BY' (id=3) output batch 0 column count mismatch: got 13, expected 10
[2026-09-07 12:58:48.389] [warning] [gpu_pipeline_task.cpp:77] gpu_pipeline_task: operator 'HASH_GROUP_BY' (id=3) output batch 0 column count mismatch: got 13, expected 10
[2026-09-07 12:58:48.390] [warning] [gpu_pipeline_task.cpp:77] gpu_pipeline_task: operator 'HASH_GROUP_BY' (id=3) output batch 0 column count mismatch: got 13, expected 10
[2026-09-07 12:58:48.391] [warning] [gpu_pipeline_task.cpp:77] gpu_pipeline_task: operator 'HASH_GROUP_BY' (id=3) output batch 0 column count mismatch: got 13, expected 10
[2026-09-07 12:58:48.391] [warning] [gpu_pipeline_task.cpp:77] gpu_pipeline_task: operator 'HASH_GROUP_BY' (id=3) output batch 0 column count mismatch: got 13, expected 10
[2026-09-07 12:58:48.393] [warning] [gpu_pipeline_task.cpp:77] gpu_pipeline_task: operator 'HASH_GROUP_BY' (id=3) output batch 0 column count mismatch: got 13, expected 10
[2026-09-07 12:58:48.393] [warning] [gpu_pipeline_task.cpp:77] gpu_pipeline_task: operator 'HASH_GROUP_BY' (id=3) output batch 0 column count mismatch: got 13, expected 10
[2026-09-07 12:58:48.394] [warning] [gpu_pipeline_task.cpp:77] gpu_pipeline_task: operator 'HASH_GROUP_BY' (id=3) output batch 0 column count mismatch: got 13, expected 10
[2026-09-07 12:58:48.395] [warning] [gpu_pipeline_task.cpp:77] gpu_pipeline_task: operator 'HASH_GROUP_BY' (id=3) output batch 0 column count mismatch: got 13, expected 10
[2026-09-07 12:58:48.395] [warning] [gpu_pipeline_task.cpp:77] gpu_pipeline_task: operator 'HASH_GROUP_BY' (id=3) output batch 0 column count mismatch: got 13, expected 10
[2026-09-07 12:58:48.397] [warning] [gpu_pipeline_task.cpp:77] gpu_pipeline_task: operator 'HASH_GROUP_BY' (id=3) output batch 0 column count mismatch: got 13, expected 10
[2026-09-07 12:58:48.398] [warning] [gpu_pipeline_task.cpp:77] gpu_pipeline_task: operator 'HASH_GROUP_BY' (id=3) output batch 0 column count mismatch: got 13, expected 10
[2026-09-07 12:58:48.398] [warning] [gpu_pipeline_task.cpp:77] gpu_pipeline_task: operator 'HASH_GROUP_BY' (id=3) output batch 0 column count mismatch: got 13, expected 10
[2026-09-07 12:58:48.400] [warning] [gpu_pipeline_task.cpp:77] gpu_pipeline_task: operator 'HASH_GROUP_BY' (id=3) output batch 0 column count mismatch: got 13, expected 10
[2026-09-07 12:58:48.400] [warning] [gpu_pipeline_task.cpp:77] gpu_pipeline_task: operator 'HASH_GROUP_BY' (id=3) output batch 0 column count mismatch: got 13, expected 10
[2026-09-07 12:58:48.400] [warning] [gpu_pipeline_task.cpp:77] gpu_pipeline_task: operator 'HASH_GROUP_BY' (id=3) output batch 0 column count mismatch: got 13, expected 10
[2026-09-07 12:58:48.402] [warning] [gpu_pipeline_task.cpp:77] gpu_pipeline_task: operator 'HASH_GROUP_BY' (id=3) output batch 0 column count mismatch: got 13, expected 10
[2026-09-07 12:58:48.403] [warning] [gpu_pipeline_task.cpp:77] gpu_pipeline_task: operator 'HASH_GROUP_BY' (id=3) output batch 0 column count mismatch: got 13, expected 10
[2026-09-07 12:58:48.404] [warning] [gpu_pipeline_task.cpp:77] gpu_pipeline_task: operator 'HASH_GROUP_BY' (id=3) output batch 0 column count mismatch: got 13, expected 10
[2026-09-07 12:58:48.404] [warning] [gpu_pipeline_task.cpp:77] gpu_pipeline_task: operator 'HASH_GROUP_BY' (id=3) output batch 0 column count mismatch: got 13, expected 10
[2026-09-07 12:58:48.405] [warning] [gpu_pipeline_task.cpp:77] gpu_pipeline_task: operator 'HASH_GROUP_BY' (id=3) output batch 0 column count mismatch: got 13, expected 10
[2026-09-07 12:58:48.406] [warning] [gpu_pipeline_task.cpp:77] gpu_pipeline_task: operator 'HASH_GROUP_BY' (id=3) output batch 0 column count mismatch: got 13, expected 10
[2026-09-07 12:58:48.407] [warning] [gpu_pipeline_task.cpp:77] gpu_pipeline_task: operator 'HASH_GROUP_BY' (id=3) output batch 0 column count mismatch: got 13, expected 10
[2026-09-07 12:58:48.407] [warning] [gpu_pipeline_task.cpp:77] gpu_pipeline_task: operator 'HASH_GROUP_BY' (id=3) output batch 0 column count mismatch: got 13, expected 10
[2026-09-07 12:58:48.408] [warning] [gpu_pipeline_task.cpp:77] gpu_pipeline_task: operator 'HASH_GROUP_BY' (id=3) output batch 0 column count mismatch: got 13, expected 10
[2026-09-07 12:58:48.409] [warning] [gpu_pipeline_task.cpp:77] gpu_pipeline_task: operator 'HASH_GROUP_BY' (id=3) output batch 0 column count mismatch: got 13, expected 10
[2026-09-07 12:58:48.411] [warning] [gpu_pipeline_task.cpp:77] gpu_pipeline_task: operator 'HASH_GROUP_BY' (id=3) output batch 0 column count mismatch: got 13, expected 10
[2026-09-07 12:58:48.411] [warning] [gpu_pipeline_task.cpp:77] gpu_pipeline_task: operator 'HASH_GROUP_BY' (id=3) output batch 0 column count mismatch: got 13, expected 10
[2026-09-07 12:58:48.412] [warning] [gpu_pipeline_task.cpp:77] gpu_pipeline_task: operator 'HASH_GROUP_BY' (id=3) output batch 0 column count mismatch: got 13, expected 10
[2026-09-07 12:58:48.413] [warning] [gpu_pipeline_task.cpp:77] gpu_pipeline_task: operator 'HASH_GROUP_BY' (id=3) output batch 0 column count mismatch: got 13, expected 10
[2026-09-07 12:58:48.413] [warning] [gpu_pipeline_task.cpp:77] gpu_pipeline_task: operator 'HASH_GROUP_BY' (id=3) output batch 0 column count mismatch: got 13, expected 10
[2026-09-07 12:58:48.414] [warning] [gpu_pipeline_task.cpp:77] gpu_pipeline_task: operator 'HASH_GROUP_BY' (id=3) output batch 0 column count mismatch: got 13, expected 10
[2026-09-07 12:58:48.415] [warning] [gpu_pipeline_task.cpp:77] gpu_pipeline_task: operator 'HASH_GROUP_BY' (id=3) output batch 0 column count mismatch: got 13, expected 10
[2026-09-07 12:58:48.416] [warning] [gpu_pipeline_task.cpp:77] gpu_pipeline_task: operator 'HASH_GROUP_BY' (id=3) output batch 0 column count mismatch: got 13, expected 10
[2026-09-07 12:58:48.418] [warning] [gpu_pipeline_task.cpp:77] gpu_pipeline_task: operator 'HASH_GROUP_BY' (id=3) output batch 0 column count mismatch: got 13, expected 10
[2026-09-07 12:58:48.418] [warning] [gpu_pipeline_task.cpp:77] gpu_pipeline_task: operator 'HASH_GROUP_BY' (id=3) output batch 0 column count mismatch: got 13, expected 10
[2026-09-07 12:58:48.419] [warning] [gpu_pipeline_task.cpp:77] gpu_pipeline_task: operator 'HASH_GROUP_BY' (id=3) output batch 0 column count mismatch: got 13, expected 10
[2026-09-07 12:58:48.420] [warning] [gpu_pipeline_task.cpp:77] gpu_pipeline_task: operator 'HASH_GROUP_BY' (id=3) output batch 0 column count mismatch: got 13, expected 10
[2026-09-07 12:58:48.420] [warning] [gpu_pipeline_task.cpp:77] gpu_pipeline_task: operator 'HASH_GROUP_BY' (id=3) output batch 0 column count mismatch: got 13, expected 10
[2026-09-07 12:58:48.421] [warning] [gpu_pipeline_task.cpp:77] gpu_pipeline_task: operator 'HASH_GROUP_BY' (id=3) output batch 0 column count mismatch: got 13, expected 10
[2026-09-07 12:58:48.422] [warning] [gpu_pipeline_task.cpp:77] gpu_pipeline_task: operator 'HASH_GROUP_BY' (id=3) output batch 0 column count mismatch: got 13, expected 10
[2026-09-07 12:58:48.424] [warning] [gpu_pipeline_task.cpp:77] gpu_pipeline_task: operator 'HASH_GROUP_BY' (id=3) output batch 0 column count mismatch: got 13, expected 10
[2026-09-07 12:58:48.424] [warning] [gpu_pipeline_task.cpp:77] gpu_pipeline_task: operator 'HASH_GROUP_BY' (id=3) output batch 0 column count mismatch: got 13, expected 10
[2026-09-07 12:58:48.425] [warning] [gpu_pipeline_task.cpp:77] gpu_pipeline_task: operator 'HASH_GROUP_BY' (id=3) output batch 0 column count mismatch: got 13, expected 10
[2026-09-07 12:58:48.426] [warning] [gpu_pipeline_task.cpp:77] gpu_pipeline_task: operator 'HASH_GROUP_BY' (id=3) output batch 0 column count mismatch: got 13, expected 10
[2026-09-07 12:58:48.427] [warning] [gpu_pipeline_task.cpp:77] gpu_pipeline_task: operator 'HASH_GROUP_BY' (id=3) output batch 0 column count mismatch: got 13, expected 10
[2026-09-07 12:58:48.427] [warning] [gpu_pipeline_task.cpp:77] gpu_pipeline_task: operator 'HASH_GROUP_BY' (id=3) output batch 0 column count mismatch: got 13, expected 10
[2026-09-07 12:58:48.427] [warning] [gpu_pipeline_task.cpp:77] gpu_pipeline_task: operator 'HASH_GROUP_BY' (id=3) output batch 0 column count mismatch: got 13, expected 10
[2026-09-07 12:58:48.429] [warning] [gpu_pipeline_task.cpp:77] gpu_pipeline_task: operator 'HASH_GROUP_BY' (id=3) output batch 0 column count mismatch: got 13, expected 10
[2026-09-07 12:58:48.431] [warning] [gpu_pipeline_task.cpp:77] gpu_pipeline_task: operator 'HASH_GROUP_BY' (id=3) output batch 0 column count mismatch: got 13, expected 10
[2026-09-07 12:58:48.431] [warning] [gpu_pipeline_task.cpp:77] gpu_pipeline_task: operator 'HASH_GROUP_BY' (id=3) output batch 0 column count mismatch: got 13, expected 10
[2026-09-07 12:58:48.432] [warning] [gpu_pipeline_task.cpp:77] gpu_pipeline_task: operator 'HASH_GROUP_BY' (id=3) output batch 0 column count mismatch: got 13, expected 10
[2026-09-07 12:58:48.433] [warning] [gpu_pipeline_task.cpp:77] gpu_pipeline_task: operator 'HASH_GROUP_BY' (id=3) output batch 0 column count mismatch: got 13, expected 10
[2026-09-07 12:58:48.434] [warning] [gpu_pipeline_task.cpp:77] gpu_pipeline_task: operator 'HASH_GROUP_BY' (id=3) output batch 0 column count mismatch: got 13, expected 10
[2026-09-07 12:58:48.434] [warning] [gpu_pipeline_task.cpp:77] gpu_pipeline_task: operator 'HASH_GROUP_BY' (id=3) output batch 0 column count mismatch: got 13, expected 10
[2026-09-07 12:58:48.435] [warning] [gpu_pipeline_task.cpp:77] gpu_pipeline_task: operator 'HASH_GROUP_BY' (id=3) output batch 0 column count mismatch: got 13, expected 10
[2026-09-07 12:58:48.435] [warning] [gpu_pipeline_task.cpp:77] gpu_pipeline_task: operator 'HASH_GROUP_BY' (id=3) output batch 0 column count mismatch: got 13, expected 10
[2026-09-07 12:58:48.438] [warning] [gpu_pipeline_task.cpp:77] gpu_pipeline_task: operator 'HASH_GROUP_BY' (id=3) output batch 0 column count mismatch: got 13, expected 10
[2026-09-07 12:58:48.439] [warning] [gpu_pipeline_task.cpp:77] gpu_pipeline_task: operator 'HASH_GROUP_BY' (id=3) output batch 0 column count mismatch: got 13, expected 10
[2026-09-07 12:58:48.439] [warning] [gpu_pipeline_task.cpp:77] gpu_pipeline_task: operator 'HASH_GROUP_BY' (id=3) output batch 0 column count mismatch: got 13, expected 10
[2026-09-07 12:58:48.440] [warning] [gpu_pipeline_task.cpp:77] gpu_pipeline_task: operator 'HASH_GROUP_BY' (id=3) output batch 0 column count mismatch: got 13, expected 10
[2026-09-07 12:58:48.440] [warning] [gpu_pipeline_task.cpp:77] gpu_pipeline_task: operator 'HASH_GROUP_BY' (id=3) output batch 0 column count mismatch: got 13, expected 10
[2026-09-07 12:58:48.441] [warning] [gpu_pipeline_task.cpp:77] gpu_pipeline_task: operator 'HASH_GROUP_BY' (id=3) output batch 0 column count mismatch: got 13, expected 10
[2026-09-07 12:58:48.441] [warning] [gpu_pipeline_task.cpp:77] gpu_pipeline_task: operator 'HASH_GROUP_BY' (id=3) output batch 0 column count mismatch: got 13, expected 10
[2026-09-07 12:58:48.442] [warning] [gpu_pipeline_task.cpp:77] gpu_pipeline_task: operator 'HASH_GROUP_BY' (id=3) output batch 0 column count mismatch: got 13, expected 10
[2026-09-07 12:58:48.445] [warning] [gpu_pipeline_task.cpp:77] gpu_pipeline_task: operator 'HASH_GROUP_BY' (id=3) output batch 0 column count mismatch: got 13, expected 10
[2026-09-07 12:58:48.445] [warning] [gpu_pipeline_task.cpp:77] gpu_pipeline_task: operator 'HASH_GROUP_BY' (id=3) output batch 0 column count mismatch: got 13, expected 10
[2026-09-07 12:58:48.446] [warning] [gpu_pipeline_task.cpp:77] gpu_pipeline_task: operator 'HASH_GROUP_BY' (id=3) output batch 0 column count mismatch: got 13, expected 10
[2026-09-07 12:58:48.446] [warning] [gpu_pipeline_task.cpp:77] gpu_pipeline_task: operator 'HASH_GROUP_BY' (id=3) output batch 0 column count mismatch: got 13, expected 10
[2026-09-07 12:58:48.448] [warning] [gpu_pipeline_task.cpp:77] gpu_pipeline_task: operator 'HASH_GROUP_BY' (id=3) output batch 0 column count mismatch: got 13, expected 10
[2026-09-07 12:58:48.448] [warning] [gpu_pipeline_task.cpp:77] gpu_pipeline_task: operator 'HASH_GROUP_BY' (id=3) output batch 0 column count mismatch: got 13, expected 10
[2026-09-07 12:58:48.449] [warning] [gpu_pipeline_task.cpp:77] gpu_pipeline_task: operator 'HASH_GROUP_BY' (id=3) output batch 0 column count mismatch: got 13, expected 10
[2026-09-07 12:58:48.449] [warning] [gpu_pipeline_task.cpp:77] gpu_pipeline_task: operator 'HASH_GROUP_BY' (id=3) output batch 0 column count mismatch: got 13, expected 10
[2026-09-07 12:58:48.450] [warning] [gpu_pipeline_task.cpp:77] gpu_pipeline_task: operator 'HASH_GROUP_BY' (id=3) output batch 0 column count mismatch: got 13, expected 10
[2026-09-07 12:58:48.450] [warning] [gpu_pipeline_task.cpp:77] gpu_pipeline_task: operator 'HASH_GROUP_BY' (id=3) output batch 0 column count mismatch: got 13, expected 10
[2026-09-07 12:58:48.451] [warning] [gpu_pipeline_task.cpp:77] gpu_pipeline_task: operator 'HASH_GROUP_BY' (id=3) output batch 0 column count mismatch: got 13, expected 10
[2026-09-07 12:58:48.451] [warning] [gpu_pipeline_task.cpp:77] gpu_pipeline_task: operator 'HASH_GROUP_BY' (id=3) output batch 0 column count mismatch: got 13, expected 10
[2026-09-07 12:58:48.451] [warning] [gpu_pipeline_task.cpp:77] gpu_pipeline_task: operator 'HASH_GROUP_BY' (id=3) output batch 0 column count mismatch: got 13, expected 10
[2026-09-07 12:58:48.452] [warning] [gpu_pipeline_task.cpp:77] gpu_pipeline_task: operator 'HASH_GROUP_BY' (id=3) output batch 0 column count mismatch: got 13, expected 10
[2026-09-07 12:58:48.452] [warning] [gpu_pipeline_task.cpp:77] gpu_pipeline_task: operator 'HASH_GROUP_BY' (id=3) output batch 0 column count mismatch: got 13, expected 10
[2026-09-07 12:58:48.452] [warning] [gpu_pipeline_task.cpp:77] gpu_pipeline_task: operator 'HASH_GROUP_BY' (id=3) output batch 0 column count mismatch: got 13, expected 10
[2026-09-07 12:58:48.452] [warning] [gpu_pipeline_task.cpp:77] gpu_pipeline_task: operator 'HASH_GROUP_BY' (id=3) output batch 0 column count mismatch: got 13, expected 10
[2026-09-07 12:58:48.453] [warning] [gpu_pipeline_task.cpp:77] gpu_pipeline_task: operator 'HASH_GROUP_BY' (id=3) output batch 0 column count mismatch: got 13, expected 10
[2026-09-07 12:58:48.453] [warning] [gpu_pipeline_task.cpp:77] gpu_pipeline_task: operator 'HASH_GROUP_BY' (id=3) output batch 0 column count mismatch: got 13, expected 10
[2026-09-07 12:58:48.453] [warning] [gpu_pipeline_task.cpp:77] gpu_pipeline_task: operator 'HASH_GROUP_BY' (id=3) output batch 0 column count mismatch: got 13, expected 10
[2026-09-07 12:58:48.453] [warning] [gpu_pipeline_task.cpp:77] gpu_pipeline_task: operator 'HASH_GROUP_BY' (id=3) output batch 0 column count mismatch: got 13, expected 10
[2026-09-07 12:58:48.453] [warning] [gpu_pipeline_task.cpp:77] gpu_pipeline_task: operator 'HASH_GROUP_BY' (id=3) output batch 0 column count mismatch: got 13, expected 10
[2026-09-07 12:58:48.454] [warning] [gpu_pipeline_task.cpp:77] gpu_pipeline_task: operator 'HASH_GROUP_BY' (id=3) output batch 0 column count mismatch: got 13, expected 10
[2026-09-07 12:58:48.454] [warning] [gpu_pipeline_task.cpp:77] gpu_pipeline_task: operator 'HASH_GROUP_BY' (id=3) output batch 0 column count mismatch: got 13, expected 10
[2026-09-07 12:58:48.454] [warning] [gpu_pipeline_task.cpp:77] gpu_pipeline_task: operator 'HASH_GROUP_BY' (id=3) output batch 0 column count mismatch: got 13, expected 10
[2026-09-07 12:58:48.454] [warning] [gpu_pipeline_task.cpp:77] gpu_pipeline_task: operator 'HASH_GROUP_BY' (id=3) output batch 0 column count mismatch: got 13, expected 10
[2026-09-07 12:58:48.454] [warning] [gpu_pipeline_task.cpp:77] gpu_pipeline_task: operator 'HASH_GROUP_BY' (id=3) output batch 0 column count mismatch: got 13, expected 10
[2026-09-07 12:58:48.454] [warning] [gpu_pipeline_task.cpp:77] gpu_pipeline_task: operator 'HASH_GROUP_BY' (id=3) output batch 0 column count mismatch: got 13, expected 10
[2026-09-07 12:58:48.455] [warning] [gpu_pipeline_task.cpp:77] gpu_pipeline_task: operator 'HASH_GROUP_BY' (id=3) output batch 0 column count mismatch: got 13, expected 10
[2026-09-07 12:58:48.455] [warning] [gpu_pipeline_task.cpp:77] gpu_pipeline_task: operator 'HASH_GROUP_BY' (id=3) output batch 0 column count mismatch: got 13, expected 10
[2026-09-07 12:58:48.455] [warning] [gpu_pipeline_task.cpp:77] gpu_pipeline_task: operator 'HASH_GROUP_BY' (id=3) output batch 0 column count mismatch: got 13, expected 10
[2026-09-07 12:58:48.455] [warning] [gpu_pipeline_task.cpp:77] gpu_pipeline_task: operator 'HASH_GROUP_BY' (id=3) output batch 0 column count mismatch: got 13, expected 10
[2026-09-07 12:58:48.455] [warning] [gpu_pipeline_task.cpp:77] gpu_pipeline_task: operator 'HASH_GROUP_BY' (id=3) output batch 0 column count mismatch: got 13, expected 10
[2026-09-07 12:58:48.456] [warning] [gpu_pipeline_task.cpp:77] gpu_pipeline_task: operator 'HASH_GROUP_BY' (id=3) output batch 0 column count mismatch: got 13, expected 10
[2026-09-07 12:58:48.456] [warning] [gpu_pipeline_task.cpp:77] gpu_pipeline_task: operator 'HASH_GROUP_BY' (id=3) output batch 0 column count mismatch: got 13, expected 10
[2026-09-07 12:58:48.456] [warning] [gpu_pipeline_task.cpp:77] gpu_pipeline_task: operator 'HASH_GROUP_BY' (id=3) output batch 0 column count mismatch: got 13, expected 10
[2026-09-07 12:58:48.456] [warning] [gpu_pipeline_task.cpp:77] gpu_pipeline_task: operator 'HASH_GROUP_BY' (id=3) output batch 0 column count mismatch: got 13, expected 10
[2026-09-07 12:58:48.456] [warning] [gpu_pipeline_task.cpp:77] gpu_pipeline_task: operator 'HASH_GROUP_BY' (id=3) output batch 0 column count mismatch: got 13, expected 10
[2026-09-07 12:58:48.456] [warning] [gpu_pipeline_task.cpp:77] gpu_pipeline_task: operator 'HASH_GROUP_BY' (id=3) output batch 0 column count mismatch: got 13, expected 10
[2026-09-07 12:58:48.456] [warning] [gpu_pipeline_task.cpp:77] gpu_pipeline_task: operator 'HASH_GROUP_BY' (id=3) output batch 0 column count mismatch: got 13, expected 10
[2026-09-07 12:58:48.457] [warning] [gpu_pipeline_task.cpp:77] gpu_pipeline_task: operator 'HASH_GROUP_BY' (id=3) output batch 0 column count mismatch: got 13, expected 10
[2026-09-07 12:58:48.457] [warning] [gpu_pipeline_task.cpp:77] gpu_pipeline_task: operator 'HASH_GROUP_BY' (id=3) output batch 0 column count mismatch: got 13, expected 10
[2026-09-07 12:58:48.457] [warning] [gpu_pipeline_task.cpp:77] gpu_pipeline_task: operator 'HASH_GROUP_BY' (id=3) output batch 0 column count mismatch: got 13, expected 10
[2026-09-07 12:58:48.457] [warning] [gpu_pipeline_task.cpp:77] gpu_pipeline_task: operator 'HASH_GROUP_BY' (id=3) output batch 0 column count mismatch: got 13, expected 10
[2026-09-07 12:58:48.457] [warning] [gpu_pipeline_task.cpp:77] gpu_pipeline_task: operator 'HASH_GROUP_BY' (id=3) output batch 0 column count mismatch: got 13, expected 10
[2026-09-07 12:58:48.457] [warning] [gpu_pipeline_task.cpp:77] gpu_pipeline_task: operator 'HASH_GROUP_BY' (id=3) output batch 0 column count mismatch: got 13, expected 10
[2026-09-07 12:58:48.457] [warning] [gpu_pipeline_task.cpp:77] gpu_pipeline_task: operator 'HASH_GROUP_BY' (id=3) output batch 0 column count mismatch: got 13, expected 10
[2026-09-07 12:58:48.458] [warning] [gpu_pipeline_task.cpp:77] gpu_pipeline_task: operator 'HASH_GROUP_BY' (id=3) output batch 0 column count mismatch: got 13, expected 10
[2026-09-07 12:58:48.458] [warning] [gpu_pipeline_task.cpp:77] gpu_pipeline_task: operator 'HASH_GROUP_BY' (id=3) output batch 0 column count mismatch: got 13, expected 10
[2026-09-07 12:58:48.458] [warning] [gpu_pipeline_task.cpp:77] gpu_pipeline_task: operator 'HASH_GROUP_BY' (id=3) output batch 0 column count mismatch: got 13, expected 10
[2026-09-07 12:58:48.458] [warning] [gpu_pipeline_task.cpp:77] gpu_pipeline_task: operator 'HASH_GROUP_BY' (id=3) output batch 0 column count mismatch: got 13, expected 10
[2026-09-07 12:58:48.458] [warning] [gpu_pipeline_task.cpp:77] gpu_pipeline_task: operator 'HASH_GROUP_BY' (id=3) output batch 0 column count mismatch: got 13, expected 10
[2026-09-07 12:58:48.458] [warning] [gpu_pipeline_task.cpp:77] gpu_pipeline_task: operator 'HASH_GROUP_BY' (id=3) output batch 0 column count mismatch: got 13, expected 10
[2026-09-07 12:58:48.458] [warning] [gpu_pipeline_task.cpp:77] gpu_pipeline_task: operator 'HASH_GROUP_BY' (id=3) output batch 0 column count mismatch: got 13, expected 10
[2026-09-07 12:58:48.459] [warning] [gpu_pipeline_task.cpp:77] gpu_pipeline_task: operator 'HASH_GROUP_BY' (id=3) output batch 0 column count mismatch: got 13, expected 10
[2026-09-07 12:58:48.459] [warning] [gpu_pipeline_task.cpp:77] gpu_pipeline_task: operator 'HASH_GROUP_BY' (id=3) output batch 0 column count mismatch: got 13, expected 10
[2026-09-07 12:58:48.459] [warning] [gpu_pipeline_task.cpp:77] gpu_pipeline_task: operator 'HASH_GROUP_BY' (id=3) output batch 0 column count mismatch: got 13, expected 10
[2026-09-07 12:58:48.459] [warning] [gpu_pipeline_task.cpp:77] gpu_pipeline_task: operator 'HASH_GROUP_BY' (id=3) output batch 0 column count mismatch: got 13, expected 10
[2026-09-07 12:58:48.459] [warning] [gpu_pipeline_task.cpp:77] gpu_pipeline_task: operator 'HASH_GROUP_BY' (id=3) output batch 0 column count mismatch: got 13, expected 10
[2026-09-07 12:58:48.459] [warning] [gpu_pipeline_task.cpp:77] gpu_pipeline_task: operator 'HASH_GROUP_BY' (id=3) output batch 0 column count mismatch: got 13, expected 10
[2026-09-07 12:58:48.460] [warning] [gpu_pipeline_task.cpp:77] gpu_pipeline_task: operator 'PARTITION' (id=4) output batch 0 column count mismatch: got 13, expected 10
[2026-09-07 12:58:48.460] [warning] [gpu_pipeline_task.cpp:77] gpu_pipeline_task: operator 'PARTITION' (id=4) output batch 0 column count mismatch: got 13, expected 10
[2026-09-07 12:58:48.460] [warning] [gpu_pipeline_task.cpp:77] gpu_pipeline_task: operator 'PARTITION' (id=4) output batch 0 column count mismatch: got 13, expected 10
[2026-09-07 12:58:48.460] [warning] [gpu_pipeline_task.cpp:77] gpu_pipeline_task: operator 'PARTITION' (id=4) output batch 0 column count mismatch: got 13, expected 10
[2026-09-07 12:58:48.460] [warning] [gpu_pipeline_task.cpp:77] gpu_pipeline_task: operator 'PARTITION' (id=4) output batch 0 column count mismatch: got 13, expected 10
[2026-09-07 12:58:48.460] [warning] [gpu_pipeline_task.cpp:77] gpu_pipeline_task: operator 'PARTITION' (id=4) output batch 0 column count mismatch: got 13, expected 10
[2026-09-07 12:58:48.460] [warning] [gpu_pipeline_task.cpp:77] gpu_pipeline_task: operator 'PARTITION' (id=4) output batch 0 column count mismatch: got 13, expected 10
[2026-09-07 12:58:48.460] [warning] [gpu_pipeline_task.cpp:77] gpu_pipeline_task: operator 'PARTITION' (id=4) output batch 0 column count mismatch: got 13, expected 10
[2026-09-07 12:58:48.460] [warning] [gpu_pipeline_task.cpp:77] gpu_pipeline_task: operator 'PARTITION' (id=4) output batch 0 column count mismatch: got 13, expected 10
[2026-09-07 12:58:48.460] [warning] [gpu_pipeline_task.cpp:77] gpu_pipeline_task: operator 'PARTITION' (id=4) output batch 0 column count mismatch: got 13, expected 10
[2026-09-07 12:58:48.460] [warning] [gpu_pipeline_task.cpp:77] gpu_pipeline_task: operator 'PARTITION' (id=4) output batch 0 column count mismatch: got 13, expected 10
[2026-09-07 12:58:48.460] [warning] [gpu_pipeline_task.cpp:77] gpu_pipeline_task: operator 'PARTITION' (id=4) output batch 0 column count mismatch: got 13, expected 10
[2026-09-07 12:58:48.460] [warning] [gpu_pipeline_task.cpp:77] gpu_pipeline_task: operator 'PARTITION' (id=4) output batch 0 column count mismatch: got 13, expected 10
[2026-09-07 12:58:48.460] [warning] [gpu_pipeline_task.cpp:77] gpu_pipeline_task: operator 'PARTITION' (id=4) output batch 0 column count mismatch: got 13, expected 10
[2026-09-07 12:58:48.460] [warning] [gpu_pipeline_task.cpp:77] gpu_pipeline_task: operator 'PARTITION' (id=4) output batch 0 column count mismatch: got 13, expected 10
[2026-09-07 12:58:48.460] [warning] [gpu_pipeline_task.cpp:77] gpu_pipeline_task: operator 'PARTITION' (id=4) output batch 0 column count mismatch: got 13, expected 10
[2026-09-07 12:58:48.460] [warning] [gpu_pipeline_task.cpp:77] gpu_pipeline_task: operator 'PARTITION' (id=4) output batch 0 column count mismatch: got 13, expected 10
[2026-09-07 12:58:48.460] [warning] [gpu_pipeline_task.cpp:77] gpu_pipeline_task: operator 'PARTITION' (id=4) output batch 0 column count mismatch: got 13, expected 10
[2026-09-07 12:58:48.460] [warning] [gpu_pipeline_task.cpp:77] gpu_pipeline_task: operator 'PARTITION' (id=4) output batch 0 column count mismatch: got 13, expected 10
[2026-09-07 12:58:48.460] [warning] [gpu_pipeline_task.cpp:77] gpu_pipeline_task: operator 'PARTITION' (id=4) output batch 0 column count mismatch: got 13, expected 10
[2026-09-07 12:58:48.460] [warning] [gpu_pipeline_task.cpp:77] gpu_pipeline_task: operator 'PARTITION' (id=4) output batch 0 column count mismatch: got 13, expected 10
[2026-09-07 12:58:48.460] [warning] [gpu_pipeline_task.cpp:77] gpu_pipeline_task: operator 'PARTITION' (id=4) output batch 0 column count mismatch: got 13, expected 10
[2026-09-07 12:58:48.460] [warning] [gpu_pipeline_task.cpp:77] gpu_pipeline_task: operator 'PARTITION' (id=4) output batch 0 column count mismatch: got 13, expected 10
[2026-09-07 12:58:48.460] [warning] [gpu_pipeline_task.cpp:77] gpu_pipeline_task: operator 'PARTITION' (id=4) output batch 0 column count mismatch: got 13, expected 10
[2026-09-07 12:58:48.460] [warning] [gpu_pipeline_task.cpp:77] gpu_pipeline_task: operator 'PARTITION' (id=4) output batch 0 column count mismatch: got 13, expected 10
[2026-09-07 12:58:48.460] [warning] [gpu_pipeline_task.cpp:77] gpu_pipeline_task: operator 'PARTITION' (id=4) output batch 0 column count mismatch: got 13, expected 10
[2026-09-07 12:58:48.460] [warning] [gpu_pipeline_task.cpp:77] gpu_pipeline_task: operator 'PARTITION' (id=4) output batch 0 column count mismatch: got 13, expected 10
[2026-09-07 12:58:48.460] [warning] [gpu_pipeline_task.cpp:77] gpu_pipeline_task: operator 'PARTITION' (id=4) output batch 0 column count mismatch: got 13, expected 10
[2026-09-07 12:58:48.460] [warning] [gpu_pipeline_task.cpp:77] gpu_pipeline_task: operator 'PARTITION' (id=4) output batch 0 column count mismatch: got 13, expected 10
[2026-09-07 12:58:48.460] [warning] [gpu_pipeline_task.cpp:77] gpu_pipeline_task: operator 'PARTITION' (id=4) output batch 0 column count mismatch: got 13, expected 10
[2026-09-07 12:58:48.460] [warning] [gpu_pipeline_task.cpp:77] gpu_pipeline_task: operator 'PARTITION' (id=4) output batch 0 column count mismatch: got 13, expected 10
[2026-09-07 12:58:48.461] [warning] [gpu_pipeline_task.cpp:77] gpu_pipeline_task: operator 'PARTITION' (id=4) output batch 0 column count mismatch: got 13, expected 10
[2026-09-07 12:58:48.461] [warning] [gpu_pipeline_task.cpp:77] gpu_pipeline_task: operator 'PARTITION' (id=4) output batch 0 column count mismatch: got 13, expected 10
[2026-09-07 12:58:48.461] [warning] [gpu_pipeline_task.cpp:77] gpu_pipeline_task: operator 'PARTITION' (id=4) output batch 0 column count mismatch: got 13, expected 10
[2026-09-07 12:58:48.461] [warning] [gpu_pipeline_task.cpp:77] gpu_pipeline_task: operator 'PARTITION' (id=4) output batch 0 column count mismatch: got 13, expected 10
[2026-09-07 12:58:48.461] [warning] [gpu_pipeline_task.cpp:77] gpu_pipeline_task: operator 'PARTITION' (id=4) output batch 0 column count mismatch: got 13, expected 10
[2026-09-07 12:58:48.461] [warning] [gpu_pipeline_task.cpp:77] gpu_pipeline_task: operator 'PARTITION' (id=4) output batch 0 column count mismatch: got 13, expected 10
[2026-09-07 12:58:48.461] [warning] [gpu_pipeline_task.cpp:77] gpu_pipeline_task: operator 'PARTITION' (id=4) output batch 0 column count mismatch: got 13, expected 10
[2026-09-07 12:58:48.461] [warning] [gpu_pipeline_task.cpp:77] gpu_pipeline_task: operator 'PARTITION' (id=4) output batch 0 column count mismatch: got 13, expected 10
[2026-09-07 12:58:48.461] [warning] [gpu_pipeline_task.cpp:77] gpu_pipeline_task: operator 'PARTITION' (id=4) output batch 0 column count mismatch: got 13, expected 10
[2026-09-07 12:58:48.461] [warning] [gpu_pipeline_task.cpp:77] gpu_pipeline_task: operator 'PARTITION' (id=4) output batch 0 column count mismatch: got 13, expected 10
[2026-09-07 12:58:48.461] [warning] [gpu_pipeline_task.cpp:77] gpu_pipeline_task: operator 'PARTITION' (id=4) output batch 0 column count mismatch: got 13, expected 10
[2026-09-07 12:58:48.461] [warning] [gpu_pipeline_task.cpp:77] gpu_pipeline_task: operator 'PARTITION' (id=4) output batch 0 column count mismatch: got 13, expected 10
[2026-09-07 12:58:48.461] [warning] [gpu_pipeline_task.cpp:77] gpu_pipeline_task: operator 'PARTITION' (id=4) output batch 0 column count mismatch: got 13, expected 10
[2026-09-07 12:58:48.461] [warning] [gpu_pipeline_task.cpp:77] gpu_pipeline_task: operator 'PARTITION' (id=4) output batch 0 column count mismatch: got 13, expected 10
[2026-09-07 12:58:48.461] [warning] [gpu_pipeline_task.cpp:77] gpu_pipeline_task: operator 'PARTITION' (id=4) output batch 0 column count mismatch: got 13, expected 10
[2026-09-07 12:58:48.461] [warning] [gpu_pipeline_task.cpp:77] gpu_pipeline_task: operator 'PARTITION' (id=4) output batch 0 column count mismatch: got 13, expected 10
[2026-09-07 12:58:48.461] [warning] [gpu_pipeline_task.cpp:77] gpu_pipeline_task: operator 'PARTITION' (id=4) output batch 0 column count mismatch: got 13, expected 10
[2026-09-07 12:58:48.461] [warning] [gpu_pipeline_task.cpp:77] gpu_pipeline_task: operator 'PARTITION' (id=4) output batch 0 column count mismatch: got 13, expected 10
[2026-09-07 12:58:48.461] [warning] [gpu_pipeline_task.cpp:77] gpu_pipeline_task: operator 'PARTITION' (id=4) output batch 0 column count mismatch: got 13, expected 10
[2026-09-07 12:58:48.461] [warning] [gpu_pipeline_task.cpp:77] gpu_pipeline_task: operator 'PARTITION' (id=4) output batch 0 column count mismatch: got 13, expected 10
[2026-09-07 12:58:48.461] [warning] [gpu_pipeline_task.cpp:77] gpu_pipeline_task: operator 'PARTITION' (id=4) output batch 0 column count mismatch: got 13, expected 10
[2026-09-07 12:58:48.461] [warning] [gpu_pipeline_task.cpp:77] gpu_pipeline_task: operator 'PARTITION' (id=4) output batch 0 column count mismatch: got 13, expected 10
[2026-09-07 12:58:48.461] [warning] [gpu_pipeline_task.cpp:77] gpu_pipeline_task: operator 'PARTITION' (id=4) output batch 0 column count mismatch: got 13, expected 10
[2026-09-07 12:58:48.461] [warning] [gpu_pipeline_task.cpp:77] gpu_pipeline_task: operator 'PARTITION' (id=4) output batch 0 column count mismatch: got 13, expected 10
[2026-09-07 12:58:48.461] [warning] [gpu_pipeline_task.cpp:77] gpu_pipeline_task: operator 'PARTITION' (id=4) output batch 0 column count mismatch: got 13, expected 10
[2026-09-07 12:58:48.461] [warning] [gpu_pipeline_task.cpp:77] gpu_pipeline_task: operator 'PARTITION' (id=4) output batch 0 column count mismatch: got 13, expected 10
[2026-09-07 12:58:48.461] [warning] [gpu_pipeline_task.cpp:77] gpu_pipeline_task: operator 'PARTITION' (id=4) output batch 0 column count mismatch: got 13, expected 10
[2026-09-07 12:58:48.461] [warning] [gpu_pipeline_task.cpp:77] gpu_pipeline_task: operator 'PARTITION' (id=4) output batch 0 column count mismatch: got 13, expected 10
[2026-09-07 12:58:48.461] [warning] [gpu_pipeline_task.cpp:77] gpu_pipeline_task: operator 'PARTITION' (id=4) output batch 0 column count mismatch: got 13, expected 10
[2026-09-07 12:58:48.461] [warning] [gpu_pipeline_task.cpp:77] gpu_pipeline_task: operator 'PARTITION' (id=4) output batch 0 column count mismatch: got 13, expected 10
[2026-09-07 12:58:48.461] [warning] [gpu_pipeline_task.cpp:77] gpu_pipeline_task: operator 'PARTITION' (id=4) output batch 0 column count mismatch: got 13, expected 10
[2026-09-07 12:58:48.461] [warning] [gpu_pipeline_task.cpp:77] gpu_pipeline_task: operator 'PARTITION' (id=4) output batch 0 column count mismatch: got 13, expected 10
[2026-09-07 12:58:48.461] [warning] [gpu_pipeline_task.cpp:77] gpu_pipeline_task: operator 'PARTITION' (id=4) output batch 0 column count mismatch: got 13, expected 10
[2026-09-07 12:58:48.461] [warning] [gpu_pipeline_task.cpp:77] gpu_pipeline_task: operator 'PARTITION' (id=4) output batch 0 column count mismatch: got 13, expected 10
[2026-09-07 12:58:48.461] [warning] [gpu_pipeline_task.cpp:77] gpu_pipeline_task: operator 'PARTITION' (id=4) output batch 0 column count mismatch: got 13, expected 10
[2026-09-07 12:58:48.461] [warning] [gpu_pipeline_task.cpp:77] gpu_pipeline_task: operator 'PARTITION' (id=4) output batch 0 column count mismatch: got 13, expected 10
[2026-09-07 12:58:48.461] [warning] [gpu_pipeline_task.cpp:77] gpu_pipeline_task: operator 'PARTITION' (id=4) output batch 0 column count mismatch: got 13, expected 10
[2026-09-07 12:58:48.461] [warning] [gpu_pipeline_task.cpp:77] gpu_pipeline_task: operator 'PARTITION' (id=4) output batch 0 column count mismatch: got 13, expected 10
[2026-09-07 12:58:48.461] [warning] [gpu_pipeline_task.cpp:77] gpu_pipeline_task: operator 'PARTITION' (id=4) output batch 0 column count mismatch: got 13, expected 10
[2026-09-07 12:58:48.461] [warning] [gpu_pipeline_task.cpp:77] gpu_pipeline_task: operator 'PARTITION' (id=4) output batch 0 column count mismatch: got 13, expected 10
[2026-09-07 12:58:48.461] [warning] [gpu_pipeline_task.cpp:77] gpu_pipeline_task: operator 'PARTITION' (id=4) output batch 0 column count mismatch: got 13, expected 10
[2026-09-07 12:58:48.461] [warning] [gpu_pipeline_task.cpp:77] gpu_pipeline_task: operator 'PARTITION' (id=4) output batch 0 column count mismatch: got 13, expected 10
[2026-09-07 12:58:48.461] [warning] [gpu_pipeline_task.cpp:77] gpu_pipeline_task: operator 'PARTITION' (id=4) output batch 0 column count mismatch: got 13, expected 10
[2026-09-07 12:58:48.461] [warning] [gpu_pipeline_task.cpp:77] gpu_pipeline_task: operator 'PARTITION' (id=4) output batch 0 column count mismatch: got 13, expected 10
[2026-09-07 12:58:48.461] [warning] [gpu_pipeline_task.cpp:77] gpu_pipeline_task: operator 'PARTITION' (id=4) output batch 0 column count mismatch: got 13, expected 10
[2026-09-07 12:58:48.461] [warning] [gpu_pipeline_task.cpp:77] gpu_pipeline_task: operator 'PARTITION' (id=4) output batch 0 column count mismatch: got 13, expected 10
[2026-09-07 12:58:48.461] [warning] [gpu_pipeline_task.cpp:77] gpu_pipeline_task: operator 'PARTITION' (id=4) output batch 0 column count mismatch: got 13, expected 10
[2026-09-07 12:58:48.461] [warning] [gpu_pipeline_task.cpp:77] gpu_pipeline_task: operator 'PARTITION' (id=4) output batch 0 column count mismatch: got 13, expected 10
[2026-09-07 12:58:48.461] [warning] [gpu_pipeline_task.cpp:77] gpu_pipeline_task: operator 'PARTITION' (id=4) output batch 0 column count mismatch: got 13, expected 10
[2026-09-07 12:58:48.461] [warning] [gpu_pipeline_task.cpp:77] gpu_pipeline_task: operator 'PARTITION' (id=4) output batch 0 column count mismatch: got 13, expected 10
[2026-09-07 12:58:48.461] [warning] [gpu_pipeline_task.cpp:77] gpu_pipeline_task: operator 'PARTITION' (id=4) output batch 0 column count mismatch: got 13, expected 10
[2026-09-07 12:58:48.461] [warning] [gpu_pipeline_task.cpp:77] gpu_pipeline_task: operator 'PARTITION' (id=4) output batch 0 column count mismatch: got 13, expected 10
[2026-09-07 12:58:48.461] [warning] [gpu_pipeline_task.cpp:77] gpu_pipeline_task: operator 'PARTITION' (id=4) output batch 0 column count mismatch: got 13, expected 10
[2026-09-07 12:58:48.461] [warning] [gpu_pipeline_task.cpp:77] gpu_pipeline_task: operator 'PARTITION' (id=4) output batch 0 column count mismatch: got 13, expected 10
[2026-09-07 12:58:48.461] [warning] [gpu_pipeline_task.cpp:77] gpu_pipeline_task: operator 'PARTITION' (id=4) output batch 0 column count mismatch: got 13, expected 10
[2026-09-07 12:58:48.461] [warning] [gpu_pipeline_task.cpp:77] gpu_pipeline_task: operator 'PARTITION' (id=4) output batch 0 column count mismatch: got 13, expected 10
[2026-09-07 12:58:48.461] [warning] [gpu_pipeline_task.cpp:77] gpu_pipeline_task: operator 'PARTITION' (id=4) output batch 0 column count mismatch: got 13, expected 10
[2026-09-07 12:58:48.461] [warning] [gpu_pipeline_task.cpp:77] gpu_pipeline_task: operator 'PARTITION' (id=4) output batch 0 column count mismatch: got 13, expected 10
[2026-09-07 12:58:48.461] [warning] [gpu_pipeline_task.cpp:77] gpu_pipeline_task: operator 'PARTITION' (id=4) output batch 0 column count mismatch: got 13, expected 10
[2026-09-07 12:58:48.461] [warning] [gpu_pipeline_task.cpp:77] gpu_pipeline_task: operator 'PARTITION' (id=4) output batch 0 column count mismatch: got 13, expected 10
[2026-09-07 12:58:48.461] [warning] [gpu_pipeline_task.cpp:77] gpu_pipeline_task: operator 'PARTITION' (id=4) output batch 0 column count mismatch: got 13, expected 10
[2026-09-07 12:58:48.461] [warning] [gpu_pipeline_task.cpp:77] gpu_pipeline_task: operator 'PARTITION' (id=4) output batch 0 column count mismatch: got 13, expected 10
[2026-09-07 12:58:48.461] [warning] [gpu_pipeline_task.cpp:77] gpu_pipeline_task: operator 'PARTITION' (id=4) output batch 0 column count mismatch: got 13, expected 10
[2026-09-07 12:58:48.461] [warning] [gpu_pipeline_task.cpp:77] gpu_pipeline_task: operator 'PARTITION' (id=4) output batch 0 column count mismatch: got 13, expected 10
[2026-09-07 12:58:48.461] [warning] [gpu_pipeline_task.cpp:77] gpu_pipeline_task: operator 'PARTITION' (id=4) output batch 0 column count mismatch: got 13, expected 10
[2026-09-07 12:58:48.461] [warning] [gpu_pipeline_task.cpp:77] gpu_pipeline_task: operator 'PARTITION' (id=4) output batch 0 column count mismatch: got 13, expected 10
[2026-09-07 12:58:48.461] [warning] [gpu_pipeline_task.cpp:77] gpu_pipeline_task: operator 'PARTITION' (id=4) output batch 0 column count mismatch: got 13, expected 10
[2026-09-07 12:58:48.461] [warning] [gpu_pipeline_task.cpp:77] gpu_pipeline_task: operator 'PARTITION' (id=4) output batch 0 column count mismatch: got 13, expected 10
[2026-09-07 12:58:48.461] [warning] [gpu_pipeline_task.cpp:77] gpu_pipeline_task: operator 'PARTITION' (id=4) output batch 0 column count mismatch: got 13, expected 10
[2026-09-07 12:58:48.461] [warning] [gpu_pipeline_task.cpp:77] gpu_pipeline_task: operator 'PARTITION' (id=4) output batch 0 column count mismatch: got 13, expected 10
[2026-09-07 12:58:48.461] [warning] [gpu_pipeline_task.cpp:77] gpu_pipeline_task: operator 'PARTITION' (id=4) output batch 0 column count mismatch: got 13, expected 10
[2026-09-07 12:58:48.461] [warning] [gpu_pipeline_task.cpp:77] gpu_pipeline_task: operator 'PARTITION' (id=4) output batch 0 column count mismatch: got 13, expected 10
[2026-09-07 12:58:48.461] [warning] [gpu_pipeline_task.cpp:77] gpu_pipeline_task: operator 'PARTITION' (id=4) output batch 0 column count mismatch: got 13, expected 10
[2026-09-07 12:58:48.461] [warning] [gpu_pipeline_task.cpp:77] gpu_pipeline_task: operator 'PARTITION' (id=4) output batch 0 column count mismatch: got 13, expected 10
[2026-09-07 12:58:48.461] [warning] [gpu_pipeline_task.cpp:77] gpu_pipeline_task: operator 'PARTITION' (id=4) output batch 0 column count mismatch: got 13, expected 10
[2026-09-07 12:58:48.461] [warning] [gpu_pipeline_task.cpp:77] gpu_pipeline_task: operator 'PARTITION' (id=4) output batch 0 column count mismatch: got 13, expected 10
[2026-09-07 12:58:48.461] [warning] [gpu_pipeline_task.cpp:77] gpu_pipeline_task: operator 'PARTITION' (id=4) output batch 0 column count mismatch: got 13, expected 10
[2026-09-07 12:58:48.461] [warning] [gpu_pipeline_task.cpp:77] gpu_pipeline_task: operator 'PARTITION' (id=4) output batch 0 column count mismatch: got 13, expected 10
[2026-09-07 12:58:48.461] [warning] [gpu_pipeline_task.cpp:77] gpu_pipeline_task: operator 'PARTITION' (id=4) output batch 0 column count mismatch: got 13, expected 10
[2026-09-07 12:58:48.461] [warning] [gpu_pipeline_task.cpp:77] gpu_pipeline_task: operator 'PARTITION' (id=4) output batch 0 column count mismatch: got 13, expected 10
[2026-09-07 12:58:48.461] [warning] [gpu_pipeline_task.cpp:77] gpu_pipeline_task: operator 'PARTITION' (id=4) output batch 0 column count mismatch: got 13, expected 10
[2026-09-07 12:58:48.461] [warning] [gpu_pipeline_task.cpp:77] gpu_pipeline_task: operator 'PARTITION' (id=4) output batch 0 column count mismatch: got 13, expected 10
[2026-09-07 12:58:48.461] [warning] [gpu_pipeline_task.cpp:77] gpu_pipeline_task: operator 'PARTITION' (id=4) output batch 0 column count mismatch: got 13, expected 10
[2026-09-07 12:58:48.461] [warning] [gpu_pipeline_task.cpp:77] gpu_pipeline_task: operator 'PARTITION' (id=4) output batch 0 column count mismatch: got 13, expected 10
[2026-09-07 12:58:48.461] [warning] [gpu_pipeline_task.cpp:77] gpu_pipeline_task: operator 'PARTITION' (id=4) output batch 0 column count mismatch: got 13, expected 10
[2026-09-07 12:58:48.461] [warning] [gpu_pipeline_task.cpp:77] gpu_pipeline_task: operator 'PARTITION' (id=4) output batch 0 column count mismatch: got 13, expected 10
[2026-09-07 12:58:48.461] [warning] [gpu_pipeline_task.cpp:77] gpu_pipeline_task: operator 'PARTITION' (id=4) output batch 0 column count mismatch: got 13, expected 10
[2026-09-07 12:58:48.461] [warning] [gpu_pipeline_task.cpp:77] gpu_pipeline_task: operator 'PARTITION' (id=4) output batch 0 column count mismatch: got 13, expected 10
[2026-09-07 12:58:48.461] [warning] [gpu_pipeline_task.cpp:77] gpu_pipeline_task: operator 'PARTITION' (id=4) output batch 0 column count mismatch: got 13, expected 10
[2026-09-07 12:58:48.461] [warning] [gpu_pipeline_task.cpp:77] gpu_pipeline_task: operator 'PARTITION' (id=4) output batch 0 column count mismatch: got 13, expected 10
[2026-09-07 12:58:48.461] [warning] [gpu_pipeline_task.cpp:77] gpu_pipeline_task: operator 'PARTITION' (id=4) output batch 0 column count mismatch: got 13, expected 10
[2026-09-07 12:58:48.461] [warning] [gpu_pipeline_task.cpp:77] gpu_pipeline_task: operator 'PARTITION' (id=4) output batch 0 column count mismatch: got 13, expected 10
[2026-09-07 12:58:48.461] [warning] [gpu_pipeline_task.cpp:77] gpu_pipeline_task: operator 'PARTITION' (id=4) output batch 0 column count mismatch: got 13, expected 10
[2026-09-07 12:58:48.461] [warning] [gpu_pipeline_task.cpp:77] gpu_pipeline_task: operator 'PARTITION' (id=4) output batch 0 column count mismatch: got 13, expected 10
[2026-09-07 12:58:48.462] [warning] [gpu_pipeline_task.cpp:77] gpu_pipeline_task: operator 'PARTITION' (id=4) output batch 0 column count mismatch: got 13, expected 10
[2026-09-07 12:58:48.462] [warning] [gpu_pipeline_task.cpp:77] gpu_pipeline_task: operator 'PARTITION' (id=4) output batch 0 column count mismatch: got 13, expected 10
[2026-09-07 12:58:48.462] [warning] [gpu_pipeline_task.cpp:77] gpu_pipeline_task: operator 'PARTITION' (id=4) output batch 0 column count mismatch: got 13, expected 10
[2026-09-07 12:58:48.462] [warning] [gpu_pipeline_task.cpp:77] gpu_pipeline_task: operator 'PARTITION' (id=4) output batch 0 column count mismatch: got 13, expected 10
[2026-09-07 12:58:48.462] [warning] [gpu_pipeline_task.cpp:77] gpu_pipeline_task: operator 'PARTITION' (id=4) output batch 0 column count mismatch: got 13, expected 10
[2026-09-07 12:58:48.462] [warning] [gpu_pipeline_task.cpp:77] gpu_pipeline_task: operator 'PARTITION' (id=4) output batch 0 column count mismatch: got 13, expected 10
[2026-09-07 12:58:48.462] [warning] [gpu_pipeline_task.cpp:77] gpu_pipeline_task: operator 'PARTITION' (id=4) output batch 0 column count mismatch: got 13, expected 10
[2026-09-07 12:58:48.462] [warning] [gpu_pipeline_task.cpp:77] gpu_pipeline_task: operator 'PARTITION' (id=4) output batch 0 column count mismatch: got 13, expected 10
[2026-09-07 12:58:48.462] [warning] [gpu_pipeline_task.cpp:77] gpu_pipeline_task: operator 'PARTITION' (id=4) output batch 0 column count mismatch: got 13, expected 10
[2026-09-07 12:58:48.462] [warning] [gpu_pipeline_task.cpp:77] gpu_pipeline_task: operator 'PARTITION' (id=4) output batch 0 column count mismatch: got 13, expected 10
[2026-09-07 12:58:48.462] [warning] [gpu_pipeline_task.cpp:77] gpu_pipeline_task: operator 'PARTITION' (id=4) output batch 0 column count mismatch: got 13, expected 10
[2026-09-07 12:58:48.462] [warning] [gpu_pipeline_task.cpp:77] gpu_pipeline_task: operator 'PARTITION' (id=4) output batch 0 column count mismatch: got 13, expected 10
[2026-09-07 12:58:48.462] [warning] [gpu_pipeline_task.cpp:77] gpu_pipeline_task: operator 'PARTITION' (id=4) output batch 0 column count mismatch: got 13, expected 10
[2026-09-07 12:58:48.462] [warning] [gpu_pipeline_task.cpp:77] gpu_pipeline_task: operator 'PARTITION' (id=4) output batch 0 column count mismatch: got 13, expected 10
[2026-09-07 12:58:48.462] [warning] [gpu_pipeline_task.cpp:77] gpu_pipeline_task: operator 'PARTITION' (id=4) output batch 0 column count mismatch: got 13, expected 10
[2026-09-07 12:58:48.462] [warning] [gpu_pipeline_task.cpp:77] gpu_pipeline_task: operator 'PARTITION' (id=4) output batch 0 column count mismatch: got 13, expected 10
[2026-09-07 12:58:48.462] [warning] [gpu_pipeline_task.cpp:77] gpu_pipeline_task: operator 'PARTITION' (id=4) output batch 0 column count mismatch: got 13, expected 10
[2026-09-07 12:58:48.462] [warning] [gpu_pipeline_task.cpp:77] gpu_pipeline_task: operator 'PARTITION' (id=4) output batch 0 column count mismatch: got 13, expected 10
[2026-09-07 12:58:48.462] [warning] [gpu_pipeline_task.cpp:77] gpu_pipeline_task: operator 'PARTITION' (id=4) output batch 0 column count mismatch: got 13, expected 10
[2026-09-07 12:58:48.462] [warning] [gpu_pipeline_task.cpp:77] gpu_pipeline_task: operator 'PARTITION' (id=4) output batch 0 column count mismatch: got 13, expected 10
[2026-09-07 12:58:48.462] [warning] [gpu_pipeline_task.cpp:77] gpu_pipeline_task: operator 'PARTITION' (id=4) output batch 0 column count mismatch: got 13, expected 10
[2026-09-07 12:58:48.462] [warning] [gpu_pipeline_task.cpp:77] gpu_pipeline_task: operator 'PARTITION' (id=4) output batch 0 column count mismatch: got 13, expected 10
[2026-09-07 12:58:48.462] [warning] [gpu_pipeline_task.cpp:77] gpu_pipeline_task: operator 'PARTITION' (id=4) output batch 0 column count mismatch: got 13, expected 10
[2026-09-07 12:58:48.462] [warning] [gpu_pipeline_task.cpp:77] gpu_pipeline_task: operator 'PARTITION' (id=4) output batch 0 column count mismatch: got 13, expected 10
[2026-09-07 12:58:48.462] [warning] [gpu_pipeline_task.cpp:77] gpu_pipeline_task: operator 'PARTITION' (id=4) output batch 0 column count mismatch: got 13, expected 10
[2026-09-07 12:58:48.462] [warning] [gpu_pipeline_task.cpp:77] gpu_pipeline_task: operator 'PARTITION' (id=4) output batch 0 column count mismatch: got 13, expected 10
[2026-09-07 12:58:48.462] [warning] [gpu_pipeline_task.cpp:77] gpu_pipeline_task: operator 'PARTITION' (id=4) output batch 0 column count mismatch: got 13, expected 10
[2026-09-07 12:58:48.462] [warning] [gpu_pipeline_task.cpp:77] gpu_pipeline_task: operator 'PARTITION' (id=4) output batch 0 column count mismatch: got 13, expected 10
[2026-09-07 12:58:48.462] [warning] [gpu_pipeline_task.cpp:77] gpu_pipeline_task: operator 'PARTITION' (id=4) output batch 0 column count mismatch: got 13, expected 10
[2026-09-07 12:58:48.462] [warning] [gpu_pipeline_task.cpp:77] gpu_pipeline_task: operator 'PARTITION' (id=4) output batch 0 column count mismatch: got 13, expected 10
[2026-09-07 12:58:48.462] [warning] [gpu_pipeline_task.cpp:77] gpu_pipeline_task: operator 'PARTITION' (id=4) output batch 0 column count mismatch: got 13, expected 10
[2026-09-07 12:58:48.462] [warning] [gpu_pipeline_task.cpp:77] gpu_pipeline_task: operator 'PARTITION' (id=4) output batch 0 column count mismatch: got 13, expected 10
[2026-09-07 12:58:48.462] [warning] [gpu_pipeline_task.cpp:77] gpu_pipeline_task: operator 'PARTITION' (id=4) output batch 0 column count mismatch: got 13, expected 10
[2026-09-07 12:58:48.462] [warning] [gpu_pipeline_task.cpp:77] gpu_pipeline_task: operator 'PARTITION' (id=4) output batch 0 column count mismatch: got 13, expected 10
[2026-09-07 12:58:48.462] [warning] [gpu_pipeline_task.cpp:77] gpu_pipeline_task: operator 'PARTITION' (id=4) output batch 0 column count mismatch: got 13, expected 10
[2026-09-07 12:58:48.462] [warning] [gpu_pipeline_task.cpp:77] gpu_pipeline_task: operator 'PARTITION' (id=4) output batch 0 column count mismatch: got 13, expected 10
[2026-09-07 12:58:48.462] [warning] [gpu_pipeline_task.cpp:77] gpu_pipeline_task: operator 'PARTITION' (id=4) output batch 0 column count mismatch: got 13, expected 10
[2026-09-07 12:58:48.462] [warning] [gpu_pipeline_task.cpp:77] gpu_pipeline_task: operator 'PARTITION' (id=4) output batch 0 column count mismatch: got 13, expected 10
[2026-09-07 12:58:48.462] [warning] [gpu_pipeline_task.cpp:77] gpu_pipeline_task: operator 'PARTITION' (id=4) output batch 0 column count mismatch: got 13, expected 10
[2026-09-07 12:58:48.462] [warning] [gpu_pipeline_task.cpp:77] gpu_pipeline_task: operator 'PARTITION' (id=4) output batch 0 column count mismatch: got 13, expected 10
[2026-09-07 12:58:48.462] [warning] [gpu_pipeline_task.cpp:77] gpu_pipeline_task: operator 'PARTITION' (id=4) output batch 0 column count mismatch: got 13, expected 10
[2026-09-07 12:58:48.462] [warning] [gpu_pipeline_task.cpp:77] gpu_pipeline_task: operator 'PARTITION' (id=4) output batch 0 column count mismatch: got 13, expected 10
[2026-09-07 12:58:48.462] [warning] [gpu_pipeline_task.cpp:77] gpu_pipeline_task: operator 'PARTITION' (id=4) output batch 0 column count mismatch: got 13, expected 10
[2026-09-07 12:58:48.462] [warning] [gpu_pipeline_task.cpp:77] gpu_pipeline_task: operator 'PARTITION' (id=4) output batch 0 column count mismatch: got 13, expected 10
[2026-09-07 12:58:48.462] [warning] [gpu_pipeline_task.cpp:77] gpu_pipeline_task: operator 'PARTITION' (id=4) output batch 0 column count mismatch: got 13, expected 10
[2026-09-07 12:58:48.462] [warning] [gpu_pipeline_task.cpp:77] gpu_pipeline_task: operator 'PARTITION' (id=4) output batch 0 column count mismatch: got 13, expected 10
[2026-09-07 12:58:48.462] [warning] [gpu_pipeline_task.cpp:77] gpu_pipeline_task: operator 'PARTITION' (id=4) output batch 0 column count mismatch: got 13, expected 10
[2026-09-07 12:58:48.462] [warning] [gpu_pipeline_task.cpp:77] gpu_pipeline_task: operator 'PARTITION' (id=4) output batch 0 column count mismatch: got 13, expected 10
[2026-09-07 12:58:48.462] [warning] [gpu_pipeline_task.cpp:77] gpu_pipeline_task: operator 'PARTITION' (id=4) output batch 0 column count mismatch: got 13, expected 10
[2026-09-07 12:58:48.462] [warning] [gpu_pipeline_task.cpp:77] gpu_pipeline_task: operator 'PARTITION' (id=4) output batch 0 column count mismatch: got 13, expected 10
[2026-09-07 12:58:48.462] [warning] [gpu_pipeline_task.cpp:77] gpu_pipeline_task: operator 'PARTITION' (id=4) output batch 0 column count mismatch: got 13, expected 10
[2026-09-07 12:58:48.462] [warning] [gpu_pipeline_task.cpp:77] gpu_pipeline_task: operator 'PARTITION' (id=4) output batch 0 column count mismatch: got 13, expected 10
[2026-09-07 12:58:48.462] [warning] [gpu_pipeline_task.cpp:77] gpu_pipeline_task: operator 'PARTITION' (id=4) output batch 0 column count mismatch: got 13, expected 10
[2026-09-07 12:58:48.462] [warning] [gpu_pipeline_task.cpp:77] gpu_pipeline_task: operator 'PARTITION' (id=4) output batch 0 column count mismatch: got 13, expected 10
[2026-09-07 12:58:48.462] [warning] [gpu_pipeline_task.cpp:77] gpu_pipeline_task: operator 'PARTITION' (id=4) output batch 0 column count mismatch: got 13, expected 10
[2026-09-07 12:58:48.462] [warning] [gpu_pipeline_task.cpp:77] gpu_pipeline_task: operator 'PARTITION' (id=4) output batch 0 column count mismatch: got 13, expected 10
[2026-09-07 12:58:48.462] [warning] [gpu_pipeline_task.cpp:77] gpu_pipeline_task: operator 'PARTITION' (id=4) output batch 0 column count mismatch: got 13, expected 10
[2026-09-07 12:58:48.462] [warning] [gpu_pipeline_task.cpp:77] gpu_pipeline_task: operator 'PARTITION' (id=4) output batch 0 column count mismatch: got 13, expected 10
[2026-09-07 12:58:48.462] [warning] [gpu_pipeline_task.cpp:77] gpu_pipeline_task: operator 'PARTITION' (id=4) output batch 0 column count mismatch: got 13, expected 10
[2026-09-07 12:58:48.462] [warning] [gpu_pipeline_task.cpp:77] gpu_pipeline_task: operator 'PARTITION' (id=4) output batch 0 column count mismatch: got 13, expected 10
[2026-09-07 12:58:48.462] [warning] [gpu_pipeline_task.cpp:77] gpu_pipeline_task: operator 'PARTITION' (id=4) output batch 0 column count mismatch: got 13, expected 10
[2026-09-07 12:58:48.462] [warning] [gpu_pipeline_task.cpp:77] gpu_pipeline_task: operator 'PARTITION' (id=4) output batch 0 column count mismatch: got 13, expected 10
[2026-09-07 12:58:48.462] [warning] [gpu_pipeline_task.cpp:77] gpu_pipeline_task: operator 'PARTITION' (id=4) output batch 0 column count mismatch: got 13, expected 10
[2026-09-07 12:58:48.462] [warning] [gpu_pipeline_task.cpp:77] gpu_pipeline_task: operator 'PARTITION' (id=4) output batch 0 column count mismatch: got 13, expected 10
[2026-09-07 12:58:48.462] [warning] [gpu_pipeline_task.cpp:77] gpu_pipeline_task: operator 'PARTITION' (id=4) output batch 0 column count mismatch: got 13, expected 10
[2026-09-07 12:58:48.462] [warning] [gpu_pipeline_task.cpp:77] gpu_pipeline_task: operator 'PARTITION' (id=4) output batch 0 column count mismatch: got 13, expected 10
[2026-09-07 12:58:48.462] [warning] [gpu_pipeline_task.cpp:77] gpu_pipeline_task: operator 'PARTITION' (id=4) output batch 0 column count mismatch: got 13, expected 10
[2026-09-07 12:58:48.462] [warning] [gpu_pipeline_task.cpp:77] gpu_pipeline_task: operator 'PARTITION' (id=4) output batch 0 column count mismatch: got 13, expected 10
[2026-09-07 12:58:48.462] [warning] [gpu_pipeline_task.cpp:77] gpu_pipeline_task: operator 'PARTITION' (id=4) output batch 0 column count mismatch: got 13, expected 10
[2026-09-07 12:58:48.462] [warning] [gpu_pipeline_task.cpp:77] gpu_pipeline_task: operator 'PARTITION' (id=4) output batch 0 column count mismatch: got 13, expected 10
[2026-09-07 12:58:48.462] [warning] [gpu_pipeline_task.cpp:77] gpu_pipeline_task: operator 'PARTITION' (id=4) output batch 0 column count mismatch: got 13, expected 10
[2026-09-07 12:58:48.462] [warning] [gpu_pipeline_task.cpp:77] gpu_pipeline_task: operator 'PARTITION' (id=4) output batch 0 column count mismatch: got 13, expected 10
[2026-09-07 12:58:48.462] [warning] [gpu_pipeline_task.cpp:77] gpu_pipeline_task: operator 'PARTITION' (id=4) output batch 0 column count mismatch: got 13, expected 10
[2026-09-07 12:58:48.462] [warning] [gpu_pipeline_task.cpp:77] gpu_pipeline_task: operator 'PARTITION' (id=4) output batch 0 column count mismatch: got 13, expected 10
[2026-09-07 12:58:48.462] [warning] [gpu_pipeline_task.cpp:77] gpu_pipeline_task: operator 'PARTITION' (id=4) output batch 0 column count mismatch: got 13, expected 10
[2026-09-07 12:58:48.462] [warning] [gpu_pipeline_task.cpp:77] gpu_pipeline_task: operator 'PARTITION' (id=4) output batch 0 column count mismatch: got 13, expected 10
[2026-09-07 12:58:48.462] [warning] [gpu_pipeline_task.cpp:77] gpu_pipeline_task: operator 'PARTITION' (id=4) output batch 0 column count mismatch: got 13, expected 10
[2026-09-07 12:58:48.462] [warning] [gpu_pipeline_task.cpp:77] gpu_pipeline_task: operator 'PARTITION' (id=4) output batch 0 column count mismatch: got 13, expected 10
[2026-09-07 12:58:48.462] [warning] [gpu_pipeline_task.cpp:77] gpu_pipeline_task: operator 'PARTITION' (id=4) output batch 0 column count mismatch: got 13, expected 10
[2026-09-07 12:58:48.462] [warning] [gpu_pipeline_task.cpp:77] gpu_pipeline_task: operator 'PARTITION' (id=4) output batch 0 column count mismatch: got 13, expected 10
[2026-09-07 12:58:48.462] [warning] [gpu_pipeline_task.cpp:77] gpu_pipeline_task: operator 'PARTITION' (id=4) output batch 0 column count mismatch: got 13, expected 10
[2026-09-07 12:58:48.462] [warning] [gpu_pipeline_task.cpp:77] gpu_pipeline_task: operator 'PARTITION' (id=4) output batch 0 column count mismatch: got 13, expected 10
[2026-09-07 12:58:48.462] [warning] [gpu_pipeline_task.cpp:77] gpu_pipeline_task: operator 'PARTITION' (id=4) output batch 0 column count mismatch: got 13, expected 10
[2026-09-07 12:58:48.462] [warning] [gpu_pipeline_task.cpp:77] gpu_pipeline_task: operator 'PARTITION' (id=4) output batch 0 column count mismatch: got 13, expected 10
[2026-09-07 12:58:48.462] [warning] [gpu_pipeline_task.cpp:77] gpu_pipeline_task: operator 'PARTITION' (id=4) output batch 0 column count mismatch: got 13, expected 10
[2026-09-07 12:58:48.462] [warning] [gpu_pipeline_task.cpp:77] gpu_pipeline_task: operator 'PARTITION' (id=4) output batch 0 column count mismatch: got 13, expected 10
[2026-09-07 12:58:48.462] [warning] [gpu_pipeline_task.cpp:77] gpu_pipeline_task: operator 'PARTITION' (id=4) output batch 0 column count mismatch: got 13, expected 10
[2026-09-07 12:58:48.462] [warning] [gpu_pipeline_task.cpp:77] gpu_pipeline_task: operator 'PARTITION' (id=4) output batch 0 column count mismatch: got 13, expected 10
[2026-09-07 12:58:48.462] [warning] [gpu_pipeline_task.cpp:77] gpu_pipeline_task: operator 'PARTITION' (id=4) output batch 0 column count mismatch: got 13, expected 10
[2026-09-07 12:58:48.462] [warning] [gpu_pipeline_task.cpp:77] gpu_pipeline_task: operator 'PARTITION' (id=4) output batch 0 column count mismatch: got 13, expected 10
[2026-09-07 12:58:48.462] [warning] [gpu_pipeline_task.cpp:77] gpu_pipeline_task: operator 'PARTITION' (id=4) output batch 0 column count mismatch: got 13, expected 10
[2026-09-07 12:58:48.463] [warning] [gpu_pipeline_task.cpp:77] gpu_pipeline_task: operator 'PARTITION' (id=4) output batch 0 column count mismatch: got 13, expected 10
[2026-09-07 12:58:48.463] [warning] [gpu_pipeline_task.cpp:77] gpu_pipeline_task: operator 'PARTITION' (id=4) output batch 0 column count mismatch: got 13, expected 10
[2026-09-07 12:58:48.463] [warning] [gpu_pipeline_task.cpp:77] gpu_pipeline_task: operator 'PARTITION' (id=4) output batch 0 column count mismatch: got 13, expected 10
[2026-09-07 12:58:48.463] [warning] [gpu_pipeline_task.cpp:77] gpu_pipeline_task: operator 'PARTITION' (id=4) output batch 0 column count mismatch: got 13, expected 10
[2026-09-07 12:58:48.463] [warning] [gpu_pipeline_task.cpp:77] gpu_pipeline_task: operator 'PARTITION' (id=4) output batch 0 column count mismatch: got 13, expected 10
[2026-09-07 12:58:48.463] [warning] [gpu_pipeline_task.cpp:77] gpu_pipeline_task: operator 'PARTITION' (id=4) output batch 0 column count mismatch: got 13, expected 10
[2026-09-07 12:58:48.463] [warning] [gpu_pipeline_task.cpp:77] gpu_pipeline_task: operator 'PARTITION' (id=4) output batch 0 column count mismatch: got 13, expected 10
[2026-09-07 12:58:48.463] [warning] [gpu_pipeline_task.cpp:77] gpu_pipeline_task: operator 'PARTITION' (id=4) output batch 0 column count mismatch: got 13, expected 10
[2026-09-07 12:58:48.463] [warning] [gpu_pipeline_task.cpp:77] gpu_pipeline_task: operator 'PARTITION' (id=4) output batch 0 column count mismatch: got 13, expected 10
[2026-09-07 12:58:48.463] [warning] [gpu_pipeline_task.cpp:77] gpu_pipeline_task: operator 'PARTITION' (id=4) output batch 0 column count mismatch: got 13, expected 10
[2026-09-07 12:58:48.463] [warning] [gpu_pipeline_task.cpp:77] gpu_pipeline_task: operator 'PARTITION' (id=4) output batch 0 column count mismatch: got 13, expected 10
[2026-09-07 12:58:48.463] [warning] [gpu_pipeline_task.cpp:77] gpu_pipeline_task: operator 'PARTITION' (id=4) output batch 0 column count mismatch: got 13, expected 10
[2026-09-07 12:58:48.463] [warning] [gpu_pipeline_task.cpp:77] gpu_pipeline_task: operator 'PARTITION' (id=4) output batch 0 column count mismatch: got 13, expected 10
[2026-09-07 12:58:48.463] [warning] [gpu_pipeline_task.cpp:77] gpu_pipeline_task: operator 'PARTITION' (id=4) output batch 0 column count mismatch: got 13, expected 10
[2026-09-07 12:58:48.463] [warning] [gpu_pipeline_task.cpp:77] gpu_pipeline_task: operator 'PARTITION' (id=4) output batch 0 column count mismatch: got 13, expected 10
[2026-09-07 12:58:48.463] [warning] [gpu_pipeline_task.cpp:77] gpu_pipeline_task: operator 'PARTITION' (id=4) output batch 0 column count mismatch: got 13, expected 10
[2026-09-07 12:58:48.463] [warning] [gpu_pipeline_task.cpp:77] gpu_pipeline_task: operator 'PARTITION' (id=4) output batch 0 column count mismatch: got 13, expected 10
[2026-09-07 12:58:48.463] [warning] [gpu_pipeline_task.cpp:77] gpu_pipeline_task: operator 'PARTITION' (id=4) output batch 0 column count mismatch: got 13, expected 10
[2026-09-07 12:58:48.463] [warning] [gpu_pipeline_task.cpp:77] gpu_pipeline_task: operator 'PARTITION' (id=4) output batch 0 column count mismatch: got 13, expected 10
[2026-09-07 12:58:48.463] [warning] [gpu_pipeline_task.cpp:77] gpu_pipeline_task: operator 'PARTITION' (id=4) output batch 0 column count mismatch: got 13, expected 10
[2026-09-07 12:58:48.463] [warning] [gpu_pipeline_task.cpp:77] gpu_pipeline_task: operator 'PARTITION' (id=4) output batch 0 column count mismatch: got 13, expected 10
[2026-09-07 12:58:48.463] [warning] [gpu_pipeline_task.cpp:77] gpu_pipeline_task: operator 'PARTITION' (id=4) output batch 0 column count mismatch: got 13, expected 10
[2026-09-07 12:58:48.463] [warning] [gpu_pipeline_task.cpp:77] gpu_pipeline_task: operator 'PARTITION' (id=4) output batch 0 column count mismatch: got 13, expected 10
[2026-09-07 12:58:48.463] [warning] [gpu_pipeline_task.cpp:77] gpu_pipeline_task: operator 'PARTITION' (id=4) output batch 0 column count mismatch: got 13, expected 10
[2026-09-07 12:58:48.463] [warning] [gpu_pipeline_task.cpp:77] gpu_pipeline_task: operator 'PARTITION' (id=4) output batch 0 column count mismatch: got 13, expected 10
[2026-09-07 12:58:48.463] [warning] [gpu_pipeline_task.cpp:77] gpu_pipeline_task: operator 'PARTITION' (id=4) output batch 0 column count mismatch: got 13, expected 10
[2026-09-07 12:58:48.463] [warning] [gpu_pipeline_task.cpp:77] gpu_pipeline_task: operator 'PARTITION' (id=4) output batch 0 column count mismatch: got 13, expected 10
[2026-09-07 12:58:48.463] [warning] [gpu_pipeline_task.cpp:77] gpu_pipeline_task: operator 'PARTITION' (id=4) output batch 0 column count mismatch: got 13, expected 10
[2026-09-07 12:58:48.463] [warning] [gpu_pipeline_task.cpp:77] gpu_pipeline_task: operator 'PARTITION' (id=4) output batch 0 column count mismatch: got 13, expected 10
[2026-09-07 12:58:48.463] [warning] [gpu_pipeline_task.cpp:77] gpu_pipeline_task: operator 'PARTITION' (id=4) output batch 0 column count mismatch: got 13, expected 10
[2026-09-07 12:58:48.463] [warning] [gpu_pipeline_task.cpp:77] gpu_pipeline_task: operator 'PARTITION' (id=4) output batch 0 column count mismatch: got 13, expected 10
[2026-09-07 12:58:48.463] [warning] [gpu_pipeline_task.cpp:77] gpu_pipeline_task: operator 'PARTITION' (id=4) output batch 0 column count mismatch: got 13, expected 10
[2026-09-07 12:58:48.463] [warning] [gpu_pipeline_task.cpp:77] gpu_pipeline_task: operator 'PARTITION' (id=4) output batch 0 column count mismatch: got 13, expected 10
[2026-09-07 12:58:48.463] [warning] [gpu_pipeline_task.cpp:77] gpu_pipeline_task: operator 'PARTITION' (id=4) output batch 0 column count mismatch: got 13, expected 10
[2026-09-07 12:58:48.463] [warning] [gpu_pipeline_task.cpp:77] gpu_pipeline_task: operator 'PARTITION' (id=4) output batch 0 column count mismatch: got 13, expected 10
[2026-09-07 12:58:48.463] [warning] [gpu_pipeline_task.cpp:77] gpu_pipeline_task: operator 'PARTITION' (id=4) output batch 0 column count mismatch: got 13, expected 10
[2026-09-07 12:58:48.463] [warning] [gpu_pipeline_task.cpp:77] gpu_pipeline_task: operator 'PARTITION' (id=4) output batch 0 column count mismatch: got 13, expected 10
[2026-09-07 12:58:48.463] [warning] [gpu_pipeline_task.cpp:77] gpu_pipeline_task: operator 'PARTITION' (id=4) output batch 0 column count mismatch: got 13, expected 10
[2026-09-07 12:58:48.463] [warning] [gpu_pipeline_task.cpp:77] gpu_pipeline_task: operator 'PARTITION' (id=4) output batch 0 column count mismatch: got 13, expected 10
[2026-09-07 12:58:48.463] [warning] [gpu_pipeline_task.cpp:77] gpu_pipeline_task: operator 'PARTITION' (id=4) output batch 0 column count mismatch: got 13, expected 10
[2026-09-07 12:58:48.463] [warning] [gpu_pipeline_task.cpp:77] gpu_pipeline_task: operator 'PARTITION' (id=4) output batch 0 column count mismatch: got 13, expected 10
[2026-09-07 12:58:48.463] [warning] [gpu_pipeline_task.cpp:77] gpu_pipeline_task: operator 'PARTITION' (id=4) output batch 0 column count mismatch: got 13, expected 10
[2026-09-07 12:58:48.463] [warning] [gpu_pipeline_task.cpp:77] gpu_pipeline_task: operator 'PARTITION' (id=4) output batch 0 column count mismatch: got 13, expected 10
[2026-09-07 12:58:48.463] [warning] [gpu_pipeline_task.cpp:77] gpu_pipeline_task: operator 'PARTITION' (id=4) output batch 0 column count mismatch: got 13, expected 10
[2026-09-07 12:58:48.463] [warning] [gpu_pipeline_task.cpp:77] gpu_pipeline_task: operator 'PARTITION' (id=4) output batch 0 column count mismatch: got 13, expected 10
[2026-09-07 12:58:48.463] [warning] [gpu_pipeline_task.cpp:77] gpu_pipeline_task: operator 'PARTITION' (id=4) output batch 0 column count mismatch: got 13, expected 10
[2026-09-07 12:58:48.463] [warning] [gpu_pipeline_task.cpp:77] gpu_pipeline_task: operator 'PARTITION' (id=4) output batch 0 column count mismatch: got 13, expected 10
[2026-09-07 12:58:48.463] [warning] [gpu_pipeline_task.cpp:77] gpu_pipeline_task: operator 'PARTITION' (id=4) output batch 0 column count mismatch: got 13, expected 10
[2026-09-07 12:58:48.463] [warning] [gpu_pipeline_task.cpp:77] gpu_pipeline_task: operator 'PARTITION' (id=4) output batch 0 column count mismatch: got 13, expected 10
[2026-09-07 12:58:48.463] [warning] [gpu_pipeline_task.cpp:77] gpu_pipeline_task: operator 'PARTITION' (id=4) output batch 0 column count mismatch: got 13, expected 10
[2026-09-07 12:58:48.463] [warning] [gpu_pipeline_task.cpp:77] gpu_pipeline_task: operator 'PARTITION' (id=4) output batch 0 column count mismatch: got 13, expected 10
[2026-09-07 12:58:48.463] [warning] [gpu_pipeline_task.cpp:77] gpu_pipeline_task: operator 'PARTITION' (id=4) output batch 0 column count mismatch: got 13, expected 10
[2026-09-07 12:58:48.463] [warning] [gpu_pipeline_task.cpp:77] gpu_pipeline_task: operator 'PARTITION' (id=4) output batch 0 column count mismatch: got 13, expected 10
[2026-09-07 12:58:48.463] [warning] [gpu_pipeline_task.cpp:77] gpu_pipeline_task: operator 'PARTITION' (id=4) output batch 0 column count mismatch: got 13, expected 10
[2026-09-07 12:58:48.463] [warning] [gpu_pipeline_task.cpp:77] gpu_pipeline_task: operator 'PARTITION' (id=4) output batch 0 column count mismatch: got 13, expected 10
[2026-09-07 12:58:48.463] [warning] [gpu_pipeline_task.cpp:77] gpu_pipeline_task: operator 'PARTITION' (id=4) output batch 0 column count mismatch: got 13, expected 10
[2026-09-07 12:58:48.463] [warning] [gpu_pipeline_task.cpp:77] gpu_pipeline_task: operator 'PARTITION' (id=4) output batch 0 column count mismatch: got 13, expected 10
[2026-09-07 12:58:48.463] [warning] [gpu_pipeline_task.cpp:77] gpu_pipeline_task: operator 'PARTITION' (id=4) output batch 0 column count mismatch: got 13, expected 10
[2026-09-07 12:58:48.463] [warning] [gpu_pipeline_task.cpp:77] gpu_pipeline_task: operator 'PARTITION' (id=4) output batch 0 column count mismatch: got 13, expected 10
[2026-09-07 12:58:48.463] [warning] [gpu_pipeline_task.cpp:77] gpu_pipeline_task: operator 'PARTITION' (id=4) output batch 0 column count mismatch: got 13, expected 10
[2026-09-07 12:58:48.463] [warning] [gpu_pipeline_task.cpp:77] gpu_pipeline_task: operator 'PARTITION' (id=4) output batch 0 column count mismatch: got 13, expected 10
[2026-09-07 12:58:48.463] [warning] [gpu_pipeline_task.cpp:77] gpu_pipeline_task: operator 'PARTITION' (id=4) output batch 0 column count mismatch: got 13, expected 10
[2026-09-07 12:58:48.463] [warning] [gpu_pipeline_task.cpp:77] gpu_pipeline_task: operator 'PARTITION' (id=4) output batch 0 column count mismatch: got 13, expected 10
[2026-09-07 12:58:48.463] [warning] [gpu_pipeline_task.cpp:77] gpu_pipeline_task: operator 'PARTITION' (id=4) output batch 0 column count mismatch: got 13, expected 10
[2026-09-07 12:58:48.463] [warning] [gpu_pipeline_task.cpp:77] gpu_pipeline_task: operator 'PARTITION' (id=4) output batch 0 column count mismatch: got 13, expected 10
[2026-09-07 12:58:48.463] [warning] [gpu_pipeline_task.cpp:77] gpu_pipeline_task: operator 'PARTITION' (id=4) output batch 0 column count mismatch: got 13, expected 10
[2026-09-07 12:58:48.463] [warning] [gpu_pipeline_task.cpp:77] gpu_pipeline_task: operator 'PARTITION' (id=4) output batch 0 column count mismatch: got 13, expected 10
[2026-09-07 12:58:48.463] [warning] [gpu_pipeline_task.cpp:77] gpu_pipeline_task: operator 'PARTITION' (id=4) output batch 0 column count mismatch: got 13, expected 10
[2026-09-07 12:58:48.463] [warning] [gpu_pipeline_task.cpp:77] gpu_pipeline_task: operator 'PARTITION' (id=4) output batch 0 column count mismatch: got 13, expected 10
[2026-09-07 12:58:48.471] [info] [gpu_pipeline_executor.cpp:129] GPU Pipeline Executor: task queue interrupted, stopping manager loop
[2026-09-07 12:58:48.471] [info] [sirius_context.cpp:405] QueryEnd
[2026-09-07 12:58:48.472] [info] [memory_prefetcher.cpp:72] [memory_prefetcher] stopping: prefetched 0 batches / 0 bytes (stops: headroom=0 reservation=0, skips: lock=0 draining=3, errors=0)
[2026-09-07 12:58:48.472] [info] [sirius_context.cpp:256] [host_pool] HOST:0 QueryEnd instance=0xe6af19960390 connection=1 window=4 query=13 allocated=17515413504 bytes peak=17582522368 bytes free_blocks=539
[2026-09-07 12:58:48.472] [info] [sirius_context.cpp:271] [gpu_pool] GPU:0 QueryEnd instance=0xe6af19960390 connection=1 window=4 query=13 allocated=3450527744 bytes peak=4794143706 bytes reserved=0 bytes
[2026-09-07 12:58:48.472] [info] [sirius_context.cpp:521] [window] end instance=0xe6af19960390 connection=1 window=4 query=13 outcome=ok
[2026-09-07 12:58:48.472] [info] [physical_sirius_execution.cpp:327] Transparent GPU execution: query completed
[2026-09-07 12:58:48.473] [info] [sirius_context.cpp:329] QueryBegin: instance=0xe6af19960390 connection=1 query=14 SQL: CALL unpin_table('lineitem')
[2026-09-07 12:58:48.476] [info] [sirius_context.cpp:329] QueryBegin: instance=0xe6af19960390 connection=1 query=15 SQL: CALL pin_table('/datasets/tpch_sf100_sorted/part/*.parquet', tier='gpu', name='part', cols=['p_partkey','p_mfgr','p_size','p_type'])
[2026-09-07 12:58:48.476] [info] [sirius_context.cpp:521] [window] begin instance=0xe6af19960390 connection=1 window=5 query=15 outcome=-
[2026-09-07 12:58:48.476] [info] [sirius_context.cpp:256] [host_pool] HOST:0 QueryBegin instance=0xe6af19960390 connection=1 window=5 query=15 allocated=17515413504 bytes peak=17582522368 bytes free_blocks=539
[2026-09-07 12:58:48.476] [info] [sirius_context.cpp:271] [gpu_pool] GPU:0 QueryBegin instance=0xe6af19960390 connection=1 window=5 query=15 allocated=0 bytes peak=4794143706 bytes reserved=0 bytes
[2026-09-07 12:58:48.476] [info] [sirius_context.cpp:389] QueryBegin: pin_table
[2026-09-07 12:58:48.482] [warning] [sirius_extension.cpp:1430] [pin_table] 'part': pin_table_compression is enabled but no plan file was found in '/home/nvidia/joost/sirius-zonemap/bench/sf1000-repro/plans'; pinning uncompressed
[2026-09-07 12:58:48.522] [info] [sirius_context.cpp:405] QueryEnd
[2026-09-07 12:58:48.522] [info] [sirius_context.cpp:256] [host_pool] HOST:0 QueryEnd instance=0xe6af19960390 connection=1 window=5 query=15 allocated=17515413504 bytes peak=17582522368 bytes free_blocks=539
[2026-09-07 12:58:48.522] [info] [sirius_context.cpp:271] [gpu_pool] GPU:0 QueryEnd instance=0xe6af19960390 connection=1 window=5 query=15 allocated=962015744 bytes peak=4794143706 bytes reserved=0 bytes
[2026-09-07 12:58:48.522] [info] [sirius_context.cpp:521] [window] end instance=0xe6af19960390 connection=1 window=5 query=15 outcome=ok
[2026-09-07 12:58:48.522] [info] [sirius_context.cpp:329] QueryBegin: instance=0xe6af19960390 connection=1 query=16 SQL: CALL pin_table('/datasets/tpch_sf100_sorted/supplier/*.parquet', tier='gpu', name='supplier', cols=['s_suppkey','s_acctbal','s_name','s_address','s_phone','s_comment','s_nationkey'])
[2026-09-07 12:58:48.523] [info] [sirius_context.cpp:521] [window] begin instance=0xe6af19960390 connection=1 window=6 query=16 outcome=-
[2026-09-07 12:58:48.523] [info] [sirius_context.cpp:256] [host_pool] HOST:0 QueryBegin instance=0xe6af19960390 connection=1 window=6 query=16 allocated=17515413504 bytes peak=17582522368 bytes free_blocks=539
[2026-09-07 12:58:48.523] [info] [sirius_context.cpp:271] [gpu_pool] GPU:0 QueryBegin instance=0xe6af19960390 connection=1 window=6 query=16 allocated=962015744 bytes peak=4794143706 bytes reserved=0 bytes
[2026-09-07 12:58:48.523] [info] [sirius_context.cpp:389] QueryBegin: pin_table
[2026-09-07 12:58:48.523] [warning] [sirius_extension.cpp:1430] [pin_table] 'supplier': pin_table_compression is enabled but no plan file was found in '/home/nvidia/joost/sirius-zonemap/bench/sf1000-repro/plans'; pinning uncompressed
[2026-09-07 12:58:48.547] [info] [sirius_context.cpp:405] QueryEnd
[2026-09-07 12:58:48.547] [info] [sirius_context.cpp:256] [host_pool] HOST:0 QueryEnd instance=0xe6af19960390 connection=1 window=6 query=16 allocated=17515413504 bytes peak=17582522368 bytes free_blocks=539
[2026-09-07 12:58:48.547] [info] [sirius_context.cpp:271] [gpu_pool] GPU:0 QueryEnd instance=0xe6af19960390 connection=1 window=6 query=16 allocated=1108389632 bytes peak=4794143706 bytes reserved=0 bytes
[2026-09-07 12:58:48.547] [info] [sirius_context.cpp:521] [window] end instance=0xe6af19960390 connection=1 window=6 query=16 outcome=ok
[2026-09-07 12:58:48.547] [info] [sirius_context.cpp:329] QueryBegin: instance=0xe6af19960390 connection=1 query=17 SQL: CALL pin_table('/datasets/tpch_sf100_sorted/partsupp/*.parquet', tier='gpu', name='partsupp', cols=['ps_partkey','ps_suppkey','ps_supplycost'])
[2026-09-07 12:58:48.548] [info] [sirius_context.cpp:521] [window] begin instance=0xe6af19960390 connection=1 window=7 query=17 outcome=-
[2026-09-07 12:58:48.548] [info] [sirius_context.cpp:256] [host_pool] HOST:0 QueryBegin instance=0xe6af19960390 connection=1 window=7 query=17 allocated=17515413504 bytes peak=17582522368 bytes free_blocks=539
[2026-09-07 12:58:48.548] [info] [sirius_context.cpp:271] [gpu_pool] GPU:0 QueryBegin instance=0xe6af19960390 connection=1 window=7 query=17 allocated=1108389632 bytes peak=4794143706 bytes reserved=0 bytes
[2026-09-07 12:58:48.548] [info] [sirius_context.cpp:389] QueryBegin: pin_table
[2026-09-07 12:58:48.548] [warning] [sirius_extension.cpp:1430] [pin_table] 'partsupp': pin_table_compression is enabled but no plan file was found in '/home/nvidia/joost/sirius-zonemap/bench/sf1000-repro/plans'; pinning uncompressed
[2026-09-07 12:58:48.667] [info] [sirius_context.cpp:405] QueryEnd
[2026-09-07 12:58:48.667] [info] [sirius_context.cpp:256] [host_pool] HOST:0 QueryEnd instance=0xe6af19960390 connection=1 window=7 query=17 allocated=17515413504 bytes peak=17582522368 bytes free_blocks=539
[2026-09-07 12:58:48.667] [info] [sirius_context.cpp:271] [gpu_pool] GPU:0 QueryEnd instance=0xe6af19960390 connection=1 window=7 query=17 allocated=2098403072 bytes peak=4794143706 bytes reserved=0 bytes
[2026-09-07 12:58:48.667] [info] [sirius_context.cpp:521] [window] end instance=0xe6af19960390 connection=1 window=7 query=17 outcome=ok
[2026-09-07 12:58:48.667] [info] [sirius_context.cpp:329] QueryBegin: instance=0xe6af19960390 connection=1 query=18 SQL: CALL pin_table('/datasets/tpch_sf100_sorted/nation/*.parquet', tier='gpu', name='nation', cols=['n_nationkey','n_name','n_regionkey'])
[2026-09-07 12:58:48.668] [info] [sirius_context.cpp:521] [window] begin instance=0xe6af19960390 connection=1 window=8 query=18 outcome=-
[2026-09-07 12:58:48.668] [info] [sirius_context.cpp:256] [host_pool] HOST:0 QueryBegin instance=0xe6af19960390 connection=1 window=8 query=18 allocated=17515413504 bytes peak=17582522368 bytes free_blocks=539
[2026-09-07 12:58:48.668] [info] [sirius_context.cpp:271] [gpu_pool] GPU:0 QueryBegin instance=0xe6af19960390 connection=1 window=8 query=18 allocated=2098403072 bytes peak=4794143706 bytes reserved=0 bytes
[2026-09-07 12:58:48.668] [info] [sirius_context.cpp:389] QueryBegin: pin_table
[2026-09-07 12:58:48.668] [warning] [sirius_extension.cpp:1430] [pin_table] 'nation': pin_table_compression is enabled but no plan file was found in '/home/nvidia/joost/sirius-zonemap/bench/sf1000-repro/plans'; pinning uncompressed
[2026-09-07 12:58:48.705] [info] [sirius_extension.cpp:1478] [late-mat] pin 'nation': column 'n_nationkey' proven distinct table-wide (per-chunk)
[2026-09-07 12:58:48.705] [info] [sirius_extension.cpp:1478] [late-mat] pin 'nation': column 'n_name' proven distinct table-wide (per-chunk)
[2026-09-07 12:58:48.705] [info] [sirius_context.cpp:405] QueryEnd
[2026-09-07 12:58:48.705] [info] [sirius_context.cpp:256] [host_pool] HOST:0 QueryEnd instance=0xe6af19960390 connection=1 window=8 query=18 allocated=17515413504 bytes peak=17582522368 bytes free_blocks=539
[2026-09-07 12:58:48.705] [info] [sirius_context.cpp:271] [gpu_pool] GPU:0 QueryEnd instance=0xe6af19960390 connection=1 window=8 query=18 allocated=2098404864 bytes peak=4794143706 bytes reserved=0 bytes
[2026-09-07 12:58:48.705] [info] [sirius_context.cpp:521] [window] end instance=0xe6af19960390 connection=1 window=8 query=18 outcome=ok
[2026-09-07 12:58:48.706] [info] [sirius_context.cpp:329] QueryBegin: instance=0xe6af19960390 connection=1 query=19 SQL: CALL pin_table('/datasets/tpch_sf100_sorted/region/*.parquet', tier='gpu', name='region', cols=['r_regionkey','r_name'])
[2026-09-07 12:58:48.706] [info] [sirius_context.cpp:521] [window] begin instance=0xe6af19960390 connection=1 window=9 query=19 outcome=-
[2026-09-07 12:58:48.706] [info] [sirius_context.cpp:256] [host_pool] HOST:0 QueryBegin instance=0xe6af19960390 connection=1 window=9 query=19 allocated=17515413504 bytes peak=17582522368 bytes free_blocks=539
[2026-09-07 12:58:48.706] [info] [sirius_context.cpp:271] [gpu_pool] GPU:0 QueryBegin instance=0xe6af19960390 connection=1 window=9 query=19 allocated=2098404864 bytes peak=4794143706 bytes reserved=0 bytes
[2026-09-07 12:58:48.706] [info] [sirius_context.cpp:389] QueryBegin: pin_table
[2026-09-07 12:58:48.706] [warning] [sirius_extension.cpp:1430] [pin_table] 'region': pin_table_compression is enabled but no plan file was found in '/home/nvidia/joost/sirius-zonemap/bench/sf1000-repro/plans'; pinning uncompressed
[2026-09-07 12:58:48.708] [info] [sirius_context.cpp:405] QueryEnd
[2026-09-07 12:58:48.708] [info] [sirius_context.cpp:256] [host_pool] HOST:0 QueryEnd instance=0xe6af19960390 connection=1 window=9 query=19 allocated=17515413504 bytes peak=17582522368 bytes free_blocks=539
[2026-09-07 12:58:48.708] [info] [sirius_context.cpp:271] [gpu_pool] GPU:0 QueryEnd instance=0xe6af19960390 connection=1 window=9 query=19 allocated=2098406144 bytes peak=4794143706 bytes reserved=0 bytes
[2026-09-07 12:58:48.708] [info] [sirius_context.cpp:521] [window] end instance=0xe6af19960390 connection=1 window=9 query=19 outcome=ok
[2026-09-07 12:58:48.709] [info] [sirius_context.cpp:329] QueryBegin: instance=0xe6af19960390 connection=1 query=20 SQL: CALL sirius_set_query_label('q2_iter0')
[2026-09-07 12:58:48.709] [info] [sirius_context.cpp:329] QueryBegin: instance=0xe6af19960390 connection=1 query=21 SQL: SET gpu_execution = true;
