[2026-09-07 12:52:58.162] [info] [sirius_context.cpp:329] QueryBegin: instance=0xf7a4dd960390 connection=1 query=7 SQL: select l_returnflag, l_linestatus, sum(l_quantity) as sum_qty, sum(l_extendedprice) as sum_base_price, sum(l_extendedprice * (1 - l_discount)) as sum_disc_price, sum(l_extendedprice * (1 - l_discount) * (1 + l_tax)) as sum_charge, avg(l_quantity) as avg_qty, avg(l_extendedprice) as avg_price, avg(l_discount) as avg_disc, count(*) as count_order from lineitem where l_shipdate <= date '1995-08-19' group by l_returnflag, l_linestatus order by l_returnflag, l_linestatus
[2026-09-07 12:52:58.168] [info] [sirius_context.cpp:1467] Transparent execution: Sirius physical plan generated successfully
[2026-09-07 12:52:58.168] [info] [sirius_context.cpp:1495] Transparent execution: physical plan replaced with GPU operator
[2026-09-07 12:52:58.168] [info] [physical_sirius_execution.cpp:157] Transparent GPU execution: executing query
[2026-09-07 12:52:58.168] [info] [sirius_context.cpp:521] [window] begin instance=0xf7a4dd960390 connection=1 window=2 query=7 outcome=-
[2026-09-07 12:52:58.168] [info] [sirius_context.cpp:256] [host_pool] HOST:0 QueryBegin instance=0xf7a4dd960390 connection=1 window=2 query=7 allocated=17515413504 bytes peak=17515413504 bytes free_blocks=539
[2026-09-07 12:52:58.168] [info] [sirius_context.cpp:271] [gpu_pool] GPU:0 QueryBegin instance=0xf7a4dd960390 connection=1 window=2 query=7 allocated=3450527744 bytes peak=3612008960 bytes reserved=0 bytes
[2026-09-07 12:52:58.168] [info] [sirius_context.cpp:389] QueryBegin: transparent_execution
[2026-09-07 12:52:58.170] [info] [sirius_engine.cpp:265] [gpu_alloc] query allocated 1 GPU(s): [0]
[2026-09-07 12:52:58.170] [info] [sirius_engine.cpp:318] Query Plan:
=== Pipeline Overview ===
Pipeline #0: GPU_SCAN (id=0) -> PROJECTION (id=1) -> PROJECTION (id=2) -> HASH_GROUP_BY (id=3)
  Output: -> PARTITION [port: default, barrier: FULL]
Pipeline #1: PARTITION (id=4)
  Input: <- Pipeline #0 [on: PARTITION (id=4), port: default, barrier: FULL]
  Dependencies: Pipeline #0
  Output: -> MERGE_GROUP_BY [port: default, barrier: FULL]
Pipeline #2: MERGE_GROUP_BY (id=5) -> ORDER_BY (id=6)
  Input: <- Pipeline #1 [on: MERGE_GROUP_BY (id=5), port: default, barrier: FULL]
  Dependencies: Pipeline #1
  Output: -> SORT_SAMPLE [port: default, barrier: PIPELINE]
Pipeline #3: SORT_SAMPLE (id=7) -> SORT_PARTITION (id=8)
  Input: <- Pipeline #2 [on: SORT_SAMPLE (id=7), port: default, barrier: PIPELINE]
  Dependencies: Pipeline #2
  Output: -> MERGE_SORT [port: default, barrier: FULL]
Pipeline #4: MERGE_SORT (id=9)
  Input: <- Pipeline #3 [on: MERGE_SORT (id=9), port: default, barrier: FULL]
  Dependencies: Pipeline #3
  Output: -> RESULT_COLLECTOR [port: default, barrier: FULL]
Pipeline #5: RESULT_COLLECTOR (id=10)
  Input: <- Pipeline #4 [on: RESULT_COLLECTOR (id=10), port: default, barrier: FULL]
  Dependencies: Pipeline #4

=== Query Plan DAG ===
┌──────────────────────────┐
│ Pipeline #5              │
│ RESULT_COLLECTOR (id=10) │
│ Input(#4): FULL          │
└────────────┬─────────────┘
             │              
┌──────────────────────────┐
│ Pipeline #4              │
│ MERGE_SORT (id=9)        │
│ Input(#3): FULL          │
└────────────┬─────────────┘
             │              
┌──────────────────────────┐
│ Pipeline #3              │
│ SORT_PARTITION (id=8)    │
│ SORT_SAMPLE (id=7)       │
│ Input(#2): PIPELINE      │
└────────────┬─────────────┘
             │              
┌──────────────────────────┐
│ Pipeline #2              │
│ ORDER_BY (id=6)          │
│ MERGE_GROUP_BY (id=5)    │
│ Input(#1): FULL          │
└────────────┬─────────────┘
             │              
┌──────────────────────────┐
│ Pipeline #1              │
│ PARTITION (id=4)         │
│ Input(#0): FULL          │
└────────────┬─────────────┘
             │              
┌──────────────────────────┐
│ Pipeline #0              │
│ HASH_GROUP_BY (id=3)     │
│ PROJECTION (id=2)        │
│ PROJECTION (id=1)        │
│ GPU_SCAN (id=0)          │
└──────────────────────────┘

[2026-09-07 12:52:58.170] [info] [sirius_engine.cpp:186] query 2 telemetry_query=01a07d6e563a7fc395b1130353c515f1
[2026-09-07 12:52:58.170] [info] [sirius_scan_manager.cpp:2882] [sirius_scan_manager] zone-map pruning for pinned entry 'lineitem' (GPU tier): 134/285 chunks pruned, serving 151
[2026-09-07 12:52:58.170] [info] [sirius_scan_manager.cpp:2999] [sirius_scan_manager] assigned pinned entry 'lineitem' to operator '0'
[2026-09-07 12:52:58.170] [info] [sirius_scan_manager.cpp:823] [late-mat] operator 0: not deferring — the scan restricts rows and its pin is compressed, so the surviving rows are decided inside the decode
[2026-09-07 12:52:58.170] [info] [memory_prefetcher.cpp:59] [memory_prefetcher] started: 3 threads, 1 connectors, min_free_fraction=0.40
[2026-09-07 12:52:58.220] [warning] [gpu_pipeline_task.cpp:77] gpu_pipeline_task: operator 'HASH_GROUP_BY' (id=3) output batch 0 column count mismatch: got 13, expected 10
[2026-09-07 12:52:58.220] [warning] [gpu_pipeline_task.cpp:77] gpu_pipeline_task: operator 'HASH_GROUP_BY' (id=3) output batch 0 column count mismatch: got 13, expected 10
[2026-09-07 12:52:58.220] [warning] [gpu_pipeline_task.cpp:77] gpu_pipeline_task: operator 'HASH_GROUP_BY' (id=3) output batch 0 column count mismatch: got 13, expected 10
[2026-09-07 12:52:58.220] [warning] [gpu_pipeline_task.cpp:77] gpu_pipeline_task: operator 'HASH_GROUP_BY' (id=3) output batch 0 column count mismatch: got 13, expected 10
[2026-09-07 12:52:58.220] [warning] [gpu_pipeline_task.cpp:77] gpu_pipeline_task: operator 'HASH_GROUP_BY' (id=3) output batch 0 column count mismatch: got 13, expected 10
[2026-09-07 12:52:58.220] [warning] [gpu_pipeline_task.cpp:77] gpu_pipeline_task: operator 'HASH_GROUP_BY' (id=3) output batch 0 column count mismatch: got 13, expected 10
[2026-09-07 12:52:58.221] [warning] [gpu_pipeline_task.cpp:77] gpu_pipeline_task: operator 'HASH_GROUP_BY' (id=3) output batch 0 column count mismatch: got 13, expected 10
[2026-09-07 12:52:58.221] [warning] [gpu_pipeline_task.cpp:77] gpu_pipeline_task: operator 'HASH_GROUP_BY' (id=3) output batch 0 column count mismatch: got 13, expected 10
[2026-09-07 12:52:58.226] [warning] [gpu_pipeline_task.cpp:77] gpu_pipeline_task: operator 'HASH_GROUP_BY' (id=3) output batch 0 column count mismatch: got 13, expected 10
[2026-09-07 12:52:58.227] [warning] [gpu_pipeline_task.cpp:77] gpu_pipeline_task: operator 'HASH_GROUP_BY' (id=3) output batch 0 column count mismatch: got 13, expected 10
[2026-09-07 12:52:58.227] [warning] [gpu_pipeline_task.cpp:77] gpu_pipeline_task: operator 'HASH_GROUP_BY' (id=3) output batch 0 column count mismatch: got 13, expected 10
[2026-09-07 12:52:58.227] [warning] [gpu_pipeline_task.cpp:77] gpu_pipeline_task: operator 'HASH_GROUP_BY' (id=3) output batch 0 column count mismatch: got 13, expected 10
[2026-09-07 12:52:58.227] [warning] [gpu_pipeline_task.cpp:77] gpu_pipeline_task: operator 'HASH_GROUP_BY' (id=3) output batch 0 column count mismatch: got 13, expected 10
[2026-09-07 12:52:58.228] [warning] [gpu_pipeline_task.cpp:77] gpu_pipeline_task: operator 'HASH_GROUP_BY' (id=3) output batch 0 column count mismatch: got 13, expected 10
[2026-09-07 12:52:58.229] [warning] [gpu_pipeline_task.cpp:77] gpu_pipeline_task: operator 'HASH_GROUP_BY' (id=3) output batch 0 column count mismatch: got 13, expected 10
[2026-09-07 12:52:58.229] [warning] [gpu_pipeline_task.cpp:77] gpu_pipeline_task: operator 'HASH_GROUP_BY' (id=3) output batch 0 column count mismatch: got 13, expected 10
[2026-09-07 12:52:58.234] [warning] [gpu_pipeline_task.cpp:77] gpu_pipeline_task: operator 'HASH_GROUP_BY' (id=3) output batch 0 column count mismatch: got 13, expected 10
[2026-09-07 12:52:58.234] [warning] [gpu_pipeline_task.cpp:77] gpu_pipeline_task: operator 'HASH_GROUP_BY' (id=3) output batch 0 column count mismatch: got 13, expected 10
[2026-09-07 12:52:58.235] [warning] [gpu_pipeline_task.cpp:77] gpu_pipeline_task: operator 'HASH_GROUP_BY' (id=3) output batch 0 column count mismatch: got 13, expected 10
[2026-09-07 12:52:58.235] [warning] [gpu_pipeline_task.cpp:77] gpu_pipeline_task: operator 'HASH_GROUP_BY' (id=3) output batch 0 column count mismatch: got 13, expected 10
[2026-09-07 12:52:58.235] [warning] [gpu_pipeline_task.cpp:77] gpu_pipeline_task: operator 'HASH_GROUP_BY' (id=3) output batch 0 column count mismatch: got 13, expected 10
[2026-09-07 12:52:58.235] [warning] [gpu_pipeline_task.cpp:77] gpu_pipeline_task: operator 'HASH_GROUP_BY' (id=3) output batch 0 column count mismatch: got 13, expected 10
[2026-09-07 12:52:58.235] [warning] [gpu_pipeline_task.cpp:77] gpu_pipeline_task: operator 'HASH_GROUP_BY' (id=3) output batch 0 column count mismatch: got 13, expected 10
[2026-09-07 12:52:58.236] [warning] [gpu_pipeline_task.cpp:77] gpu_pipeline_task: operator 'HASH_GROUP_BY' (id=3) output batch 0 column count mismatch: got 13, expected 10
[2026-09-07 12:52:58.240] [warning] [gpu_pipeline_task.cpp:77] gpu_pipeline_task: operator 'HASH_GROUP_BY' (id=3) output batch 0 column count mismatch: got 13, expected 10
[2026-09-07 12:52:58.241] [warning] [gpu_pipeline_task.cpp:77] gpu_pipeline_task: operator 'HASH_GROUP_BY' (id=3) output batch 0 column count mismatch: got 13, expected 10
[2026-09-07 12:52:58.241] [warning] [gpu_pipeline_task.cpp:77] gpu_pipeline_task: operator 'HASH_GROUP_BY' (id=3) output batch 0 column count mismatch: got 13, expected 10
[2026-09-07 12:52:58.241] [warning] [gpu_pipeline_task.cpp:77] gpu_pipeline_task: operator 'HASH_GROUP_BY' (id=3) output batch 0 column count mismatch: got 13, expected 10
[2026-09-07 12:52:58.242] [warning] [gpu_pipeline_task.cpp:77] gpu_pipeline_task: operator 'HASH_GROUP_BY' (id=3) output batch 0 column count mismatch: got 13, expected 10
[2026-09-07 12:52:58.242] [warning] [gpu_pipeline_task.cpp:77] gpu_pipeline_task: operator 'HASH_GROUP_BY' (id=3) output batch 0 column count mismatch: got 13, expected 10
[2026-09-07 12:52:58.242] [warning] [gpu_pipeline_task.cpp:77] gpu_pipeline_task: operator 'HASH_GROUP_BY' (id=3) output batch 0 column count mismatch: got 13, expected 10
[2026-09-07 12:52:58.243] [warning] [gpu_pipeline_task.cpp:77] gpu_pipeline_task: operator 'HASH_GROUP_BY' (id=3) output batch 0 column count mismatch: got 13, expected 10
[2026-09-07 12:52:58.247] [warning] [gpu_pipeline_task.cpp:77] gpu_pipeline_task: operator 'HASH_GROUP_BY' (id=3) output batch 0 column count mismatch: got 13, expected 10
[2026-09-07 12:52:58.248] [warning] [gpu_pipeline_task.cpp:77] gpu_pipeline_task: operator 'HASH_GROUP_BY' (id=3) output batch 0 column count mismatch: got 13, expected 10
[2026-09-07 12:52:58.248] [warning] [gpu_pipeline_task.cpp:77] gpu_pipeline_task: operator 'HASH_GROUP_BY' (id=3) output batch 0 column count mismatch: got 13, expected 10
[2026-09-07 12:52:58.248] [warning] [gpu_pipeline_task.cpp:77] gpu_pipeline_task: operator 'HASH_GROUP_BY' (id=3) output batch 0 column count mismatch: got 13, expected 10
[2026-09-07 12:52:58.248] [warning] [gpu_pipeline_task.cpp:77] gpu_pipeline_task: operator 'HASH_GROUP_BY' (id=3) output batch 0 column count mismatch: got 13, expected 10
[2026-09-07 12:52:58.249] [warning] [gpu_pipeline_task.cpp:77] gpu_pipeline_task: operator 'HASH_GROUP_BY' (id=3) output batch 0 column count mismatch: got 13, expected 10
[2026-09-07 12:52:58.249] [warning] [gpu_pipeline_task.cpp:77] gpu_pipeline_task: operator 'HASH_GROUP_BY' (id=3) output batch 0 column count mismatch: got 13, expected 10
[2026-09-07 12:52:58.250] [warning] [gpu_pipeline_task.cpp:77] gpu_pipeline_task: operator 'HASH_GROUP_BY' (id=3) output batch 0 column count mismatch: got 13, expected 10
[2026-09-07 12:52:58.254] [warning] [gpu_pipeline_task.cpp:77] gpu_pipeline_task: operator 'HASH_GROUP_BY' (id=3) output batch 0 column count mismatch: got 13, expected 10
[2026-09-07 12:52:58.254] [warning] [gpu_pipeline_task.cpp:77] gpu_pipeline_task: operator 'HASH_GROUP_BY' (id=3) output batch 0 column count mismatch: got 13, expected 10
[2026-09-07 12:52:58.254] [warning] [gpu_pipeline_task.cpp:77] gpu_pipeline_task: operator 'HASH_GROUP_BY' (id=3) output batch 0 column count mismatch: got 13, expected 10
[2026-09-07 12:52:58.255] [warning] [gpu_pipeline_task.cpp:77] gpu_pipeline_task: operator 'HASH_GROUP_BY' (id=3) output batch 0 column count mismatch: got 13, expected 10
[2026-09-07 12:52:58.255] [warning] [gpu_pipeline_task.cpp:77] gpu_pipeline_task: operator 'HASH_GROUP_BY' (id=3) output batch 0 column count mismatch: got 13, expected 10
[2026-09-07 12:52:58.255] [warning] [gpu_pipeline_task.cpp:77] gpu_pipeline_task: operator 'HASH_GROUP_BY' (id=3) output batch 0 column count mismatch: got 13, expected 10
[2026-09-07 12:52:58.256] [warning] [gpu_pipeline_task.cpp:77] gpu_pipeline_task: operator 'HASH_GROUP_BY' (id=3) output batch 0 column count mismatch: got 13, expected 10
[2026-09-07 12:52:58.257] [warning] [gpu_pipeline_task.cpp:77] gpu_pipeline_task: operator 'HASH_GROUP_BY' (id=3) output batch 0 column count mismatch: got 13, expected 10
[2026-09-07 12:52:58.261] [warning] [gpu_pipeline_task.cpp:77] gpu_pipeline_task: operator 'HASH_GROUP_BY' (id=3) output batch 0 column count mismatch: got 13, expected 10
[2026-09-07 12:52:58.261] [warning] [gpu_pipeline_task.cpp:77] gpu_pipeline_task: operator 'HASH_GROUP_BY' (id=3) output batch 0 column count mismatch: got 13, expected 10
[2026-09-07 12:52:58.261] [warning] [gpu_pipeline_task.cpp:77] gpu_pipeline_task: operator 'HASH_GROUP_BY' (id=3) output batch 0 column count mismatch: got 13, expected 10
[2026-09-07 12:52:58.262] [warning] [gpu_pipeline_task.cpp:77] gpu_pipeline_task: operator 'HASH_GROUP_BY' (id=3) output batch 0 column count mismatch: got 13, expected 10
[2026-09-07 12:52:58.262] [warning] [gpu_pipeline_task.cpp:77] gpu_pipeline_task: operator 'HASH_GROUP_BY' (id=3) output batch 0 column count mismatch: got 13, expected 10
[2026-09-07 12:52:58.262] [warning] [gpu_pipeline_task.cpp:77] gpu_pipeline_task: operator 'HASH_GROUP_BY' (id=3) output batch 0 column count mismatch: got 13, expected 10
[2026-09-07 12:52:58.263] [warning] [gpu_pipeline_task.cpp:77] gpu_pipeline_task: operator 'HASH_GROUP_BY' (id=3) output batch 0 column count mismatch: got 13, expected 10
[2026-09-07 12:52:58.265] [warning] [gpu_pipeline_task.cpp:77] gpu_pipeline_task: operator 'HASH_GROUP_BY' (id=3) output batch 0 column count mismatch: got 13, expected 10
[2026-09-07 12:52:58.267] [warning] [gpu_pipeline_task.cpp:77] gpu_pipeline_task: operator 'HASH_GROUP_BY' (id=3) output batch 0 column count mismatch: got 13, expected 10
[2026-09-07 12:52:58.267] [warning] [gpu_pipeline_task.cpp:77] gpu_pipeline_task: operator 'HASH_GROUP_BY' (id=3) output batch 0 column count mismatch: got 13, expected 10
[2026-09-07 12:52:58.269] [warning] [gpu_pipeline_task.cpp:77] gpu_pipeline_task: operator 'HASH_GROUP_BY' (id=3) output batch 0 column count mismatch: got 13, expected 10
[2026-09-07 12:52:58.269] [warning] [gpu_pipeline_task.cpp:77] gpu_pipeline_task: operator 'HASH_GROUP_BY' (id=3) output batch 0 column count mismatch: got 13, expected 10
[2026-09-07 12:52:58.269] [warning] [gpu_pipeline_task.cpp:77] gpu_pipeline_task: operator 'HASH_GROUP_BY' (id=3) output batch 0 column count mismatch: got 13, expected 10
[2026-09-07 12:52:58.270] [warning] [gpu_pipeline_task.cpp:77] gpu_pipeline_task: operator 'HASH_GROUP_BY' (id=3) output batch 0 column count mismatch: got 13, expected 10
[2026-09-07 12:52:58.270] [warning] [gpu_pipeline_task.cpp:77] gpu_pipeline_task: operator 'HASH_GROUP_BY' (id=3) output batch 0 column count mismatch: got 13, expected 10
[2026-09-07 12:52:58.272] [warning] [gpu_pipeline_task.cpp:77] gpu_pipeline_task: operator 'HASH_GROUP_BY' (id=3) output batch 0 column count mismatch: got 13, expected 10
[2026-09-07 12:52:58.274] [warning] [gpu_pipeline_task.cpp:77] gpu_pipeline_task: operator 'HASH_GROUP_BY' (id=3) output batch 0 column count mismatch: got 13, expected 10
[2026-09-07 12:52:58.274] [warning] [gpu_pipeline_task.cpp:77] gpu_pipeline_task: operator 'HASH_GROUP_BY' (id=3) output batch 0 column count mismatch: got 13, expected 10
[2026-09-07 12:52:58.275] [warning] [gpu_pipeline_task.cpp:77] gpu_pipeline_task: operator 'HASH_GROUP_BY' (id=3) output batch 0 column count mismatch: got 13, expected 10
[2026-09-07 12:52:58.276] [warning] [gpu_pipeline_task.cpp:77] gpu_pipeline_task: operator 'HASH_GROUP_BY' (id=3) output batch 0 column count mismatch: got 13, expected 10
[2026-09-07 12:52:58.276] [warning] [gpu_pipeline_task.cpp:77] gpu_pipeline_task: operator 'HASH_GROUP_BY' (id=3) output batch 0 column count mismatch: got 13, expected 10
[2026-09-07 12:52:58.276] [warning] [gpu_pipeline_task.cpp:77] gpu_pipeline_task: operator 'HASH_GROUP_BY' (id=3) output batch 0 column count mismatch: got 13, expected 10
[2026-09-07 12:52:58.277] [warning] [gpu_pipeline_task.cpp:77] gpu_pipeline_task: operator 'HASH_GROUP_BY' (id=3) output batch 0 column count mismatch: got 13, expected 10
[2026-09-07 12:52:58.278] [warning] [gpu_pipeline_task.cpp:77] gpu_pipeline_task: operator 'HASH_GROUP_BY' (id=3) output batch 0 column count mismatch: got 13, expected 10
[2026-09-07 12:52:58.281] [warning] [gpu_pipeline_task.cpp:77] gpu_pipeline_task: operator 'HASH_GROUP_BY' (id=3) output batch 0 column count mismatch: got 13, expected 10
[2026-09-07 12:52:58.282] [warning] [gpu_pipeline_task.cpp:77] gpu_pipeline_task: operator 'HASH_GROUP_BY' (id=3) output batch 0 column count mismatch: got 13, expected 10
[2026-09-07 12:52:58.282] [warning] [gpu_pipeline_task.cpp:77] gpu_pipeline_task: operator 'HASH_GROUP_BY' (id=3) output batch 0 column count mismatch: got 13, expected 10
[2026-09-07 12:52:58.282] [warning] [gpu_pipeline_task.cpp:77] gpu_pipeline_task: operator 'HASH_GROUP_BY' (id=3) output batch 0 column count mismatch: got 13, expected 10
[2026-09-07 12:52:58.283] [warning] [gpu_pipeline_task.cpp:77] gpu_pipeline_task: operator 'HASH_GROUP_BY' (id=3) output batch 0 column count mismatch: got 13, expected 10
[2026-09-07 12:52:58.283] [warning] [gpu_pipeline_task.cpp:77] gpu_pipeline_task: operator 'HASH_GROUP_BY' (id=3) output batch 0 column count mismatch: got 13, expected 10
[2026-09-07 12:52:58.284] [warning] [gpu_pipeline_task.cpp:77] gpu_pipeline_task: operator 'HASH_GROUP_BY' (id=3) output batch 0 column count mismatch: got 13, expected 10
[2026-09-07 12:52:58.285] [warning] [gpu_pipeline_task.cpp:77] gpu_pipeline_task: operator 'HASH_GROUP_BY' (id=3) output batch 0 column count mismatch: got 13, expected 10
[2026-09-07 12:52:58.287] [warning] [gpu_pipeline_task.cpp:77] gpu_pipeline_task: operator 'HASH_GROUP_BY' (id=3) output batch 0 column count mismatch: got 13, expected 10
[2026-09-07 12:52:58.288] [warning] [gpu_pipeline_task.cpp:77] gpu_pipeline_task: operator 'HASH_GROUP_BY' (id=3) output batch 0 column count mismatch: got 13, expected 10
[2026-09-07 12:52:58.288] [warning] [gpu_pipeline_task.cpp:77] gpu_pipeline_task: operator 'HASH_GROUP_BY' (id=3) output batch 0 column count mismatch: got 13, expected 10
[2026-09-07 12:52:58.289] [warning] [gpu_pipeline_task.cpp:77] gpu_pipeline_task: operator 'HASH_GROUP_BY' (id=3) output batch 0 column count mismatch: got 13, expected 10
[2026-09-07 12:52:58.290] [warning] [gpu_pipeline_task.cpp:77] gpu_pipeline_task: operator 'HASH_GROUP_BY' (id=3) output batch 0 column count mismatch: got 13, expected 10
[2026-09-07 12:52:58.290] [warning] [gpu_pipeline_task.cpp:77] gpu_pipeline_task: operator 'HASH_GROUP_BY' (id=3) output batch 0 column count mismatch: got 13, expected 10
[2026-09-07 12:52:58.291] [warning] [gpu_pipeline_task.cpp:77] gpu_pipeline_task: operator 'HASH_GROUP_BY' (id=3) output batch 0 column count mismatch: got 13, expected 10
[2026-09-07 12:52:58.292] [warning] [gpu_pipeline_task.cpp:77] gpu_pipeline_task: operator 'HASH_GROUP_BY' (id=3) output batch 0 column count mismatch: got 13, expected 10
[2026-09-07 12:52:58.294] [warning] [gpu_pipeline_task.cpp:77] gpu_pipeline_task: operator 'HASH_GROUP_BY' (id=3) output batch 0 column count mismatch: got 13, expected 10
[2026-09-07 12:52:58.294] [warning] [gpu_pipeline_task.cpp:77] gpu_pipeline_task: operator 'HASH_GROUP_BY' (id=3) output batch 0 column count mismatch: got 13, expected 10
[2026-09-07 12:52:58.295] [warning] [gpu_pipeline_task.cpp:77] gpu_pipeline_task: operator 'HASH_GROUP_BY' (id=3) output batch 0 column count mismatch: got 13, expected 10
[2026-09-07 12:52:58.296] [warning] [gpu_pipeline_task.cpp:77] gpu_pipeline_task: operator 'HASH_GROUP_BY' (id=3) output batch 0 column count mismatch: got 13, expected 10
[2026-09-07 12:52:58.297] [warning] [gpu_pipeline_task.cpp:77] gpu_pipeline_task: operator 'HASH_GROUP_BY' (id=3) output batch 0 column count mismatch: got 13, expected 10
[2026-09-07 12:52:58.297] [warning] [gpu_pipeline_task.cpp:77] gpu_pipeline_task: operator 'HASH_GROUP_BY' (id=3) output batch 0 column count mismatch: got 13, expected 10
[2026-09-07 12:52:58.298] [warning] [gpu_pipeline_task.cpp:77] gpu_pipeline_task: operator 'HASH_GROUP_BY' (id=3) output batch 0 column count mismatch: got 13, expected 10
[2026-09-07 12:52:58.298] [warning] [gpu_pipeline_task.cpp:77] gpu_pipeline_task: operator 'HASH_GROUP_BY' (id=3) output batch 0 column count mismatch: got 13, expected 10
[2026-09-07 12:52:58.301] [warning] [gpu_pipeline_task.cpp:77] gpu_pipeline_task: operator 'HASH_GROUP_BY' (id=3) output batch 0 column count mismatch: got 13, expected 10
[2026-09-07 12:52:58.301] [warning] [gpu_pipeline_task.cpp:77] gpu_pipeline_task: operator 'HASH_GROUP_BY' (id=3) output batch 0 column count mismatch: got 13, expected 10
[2026-09-07 12:52:58.302] [warning] [gpu_pipeline_task.cpp:77] gpu_pipeline_task: operator 'HASH_GROUP_BY' (id=3) output batch 0 column count mismatch: got 13, expected 10
[2026-09-07 12:52:58.303] [warning] [gpu_pipeline_task.cpp:77] gpu_pipeline_task: operator 'HASH_GROUP_BY' (id=3) output batch 0 column count mismatch: got 13, expected 10
[2026-09-07 12:52:58.303] [warning] [gpu_pipeline_task.cpp:77] gpu_pipeline_task: operator 'HASH_GROUP_BY' (id=3) output batch 0 column count mismatch: got 13, expected 10
[2026-09-07 12:52:58.304] [warning] [gpu_pipeline_task.cpp:77] gpu_pipeline_task: operator 'HASH_GROUP_BY' (id=3) output batch 0 column count mismatch: got 13, expected 10
[2026-09-07 12:52:58.304] [warning] [gpu_pipeline_task.cpp:77] gpu_pipeline_task: operator 'HASH_GROUP_BY' (id=3) output batch 0 column count mismatch: got 13, expected 10
[2026-09-07 12:52:58.304] [warning] [gpu_pipeline_task.cpp:77] gpu_pipeline_task: operator 'HASH_GROUP_BY' (id=3) output batch 0 column count mismatch: got 13, expected 10
[2026-09-07 12:52:58.307] [warning] [gpu_pipeline_task.cpp:77] gpu_pipeline_task: operator 'HASH_GROUP_BY' (id=3) output batch 0 column count mismatch: got 13, expected 10
[2026-09-07 12:52:58.308] [warning] [gpu_pipeline_task.cpp:77] gpu_pipeline_task: operator 'HASH_GROUP_BY' (id=3) output batch 0 column count mismatch: got 13, expected 10
[2026-09-07 12:52:58.309] [warning] [gpu_pipeline_task.cpp:77] gpu_pipeline_task: operator 'HASH_GROUP_BY' (id=3) output batch 0 column count mismatch: got 13, expected 10
[2026-09-07 12:52:58.310] [warning] [gpu_pipeline_task.cpp:77] gpu_pipeline_task: operator 'HASH_GROUP_BY' (id=3) output batch 0 column count mismatch: got 13, expected 10
[2026-09-07 12:52:58.311] [warning] [gpu_pipeline_task.cpp:77] gpu_pipeline_task: operator 'HASH_GROUP_BY' (id=3) output batch 0 column count mismatch: got 13, expected 10
[2026-09-07 12:52:58.311] [warning] [gpu_pipeline_task.cpp:77] gpu_pipeline_task: operator 'HASH_GROUP_BY' (id=3) output batch 0 column count mismatch: got 13, expected 10
[2026-09-07 12:52:58.311] [warning] [gpu_pipeline_task.cpp:77] gpu_pipeline_task: operator 'HASH_GROUP_BY' (id=3) output batch 0 column count mismatch: got 13, expected 10
[2026-09-07 12:52:58.312] [warning] [gpu_pipeline_task.cpp:77] gpu_pipeline_task: operator 'HASH_GROUP_BY' (id=3) output batch 0 column count mismatch: got 13, expected 10
[2026-09-07 12:52:58.314] [warning] [gpu_pipeline_task.cpp:77] gpu_pipeline_task: operator 'HASH_GROUP_BY' (id=3) output batch 0 column count mismatch: got 13, expected 10
[2026-09-07 12:52:58.314] [warning] [gpu_pipeline_task.cpp:77] gpu_pipeline_task: operator 'HASH_GROUP_BY' (id=3) output batch 0 column count mismatch: got 13, expected 10
[2026-09-07 12:52:58.316] [warning] [gpu_pipeline_task.cpp:77] gpu_pipeline_task: operator 'HASH_GROUP_BY' (id=3) output batch 0 column count mismatch: got 13, expected 10
[2026-09-07 12:52:58.317] [warning] [gpu_pipeline_task.cpp:77] gpu_pipeline_task: operator 'HASH_GROUP_BY' (id=3) output batch 0 column count mismatch: got 13, expected 10
[2026-09-07 12:52:58.317] [warning] [gpu_pipeline_task.cpp:77] gpu_pipeline_task: operator 'HASH_GROUP_BY' (id=3) output batch 0 column count mismatch: got 13, expected 10
[2026-09-07 12:52:58.318] [warning] [gpu_pipeline_task.cpp:77] gpu_pipeline_task: operator 'HASH_GROUP_BY' (id=3) output batch 0 column count mismatch: got 13, expected 10
[2026-09-07 12:52:58.318] [warning] [gpu_pipeline_task.cpp:77] gpu_pipeline_task: operator 'HASH_GROUP_BY' (id=3) output batch 0 column count mismatch: got 13, expected 10
[2026-09-07 12:52:58.319] [warning] [gpu_pipeline_task.cpp:77] gpu_pipeline_task: operator 'HASH_GROUP_BY' (id=3) output batch 0 column count mismatch: got 13, expected 10
[2026-09-07 12:52:58.320] [warning] [gpu_pipeline_task.cpp:77] gpu_pipeline_task: operator 'HASH_GROUP_BY' (id=3) output batch 0 column count mismatch: got 13, expected 10
[2026-09-07 12:52:58.321] [warning] [gpu_pipeline_task.cpp:77] gpu_pipeline_task: operator 'HASH_GROUP_BY' (id=3) output batch 0 column count mismatch: got 13, expected 10
[2026-09-07 12:52:58.323] [warning] [gpu_pipeline_task.cpp:77] gpu_pipeline_task: operator 'HASH_GROUP_BY' (id=3) output batch 0 column count mismatch: got 13, expected 10
[2026-09-07 12:52:58.323] [warning] [gpu_pipeline_task.cpp:77] gpu_pipeline_task: operator 'HASH_GROUP_BY' (id=3) output batch 0 column count mismatch: got 13, expected 10
[2026-09-07 12:52:58.323] [warning] [gpu_pipeline_task.cpp:77] gpu_pipeline_task: operator 'HASH_GROUP_BY' (id=3) output batch 0 column count mismatch: got 13, expected 10
[2026-09-07 12:52:58.325] [warning] [gpu_pipeline_task.cpp:77] gpu_pipeline_task: operator 'HASH_GROUP_BY' (id=3) output batch 0 column count mismatch: got 13, expected 10
[2026-09-07 12:52:58.325] [warning] [gpu_pipeline_task.cpp:77] gpu_pipeline_task: operator 'HASH_GROUP_BY' (id=3) output batch 0 column count mismatch: got 13, expected 10
[2026-09-07 12:52:58.325] [warning] [gpu_pipeline_task.cpp:77] gpu_pipeline_task: operator 'HASH_GROUP_BY' (id=3) output batch 0 column count mismatch: got 13, expected 10
[2026-09-07 12:52:58.326] [warning] [gpu_pipeline_task.cpp:77] gpu_pipeline_task: operator 'HASH_GROUP_BY' (id=3) output batch 0 column count mismatch: got 13, expected 10
[2026-09-07 12:52:58.327] [warning] [gpu_pipeline_task.cpp:77] gpu_pipeline_task: operator 'HASH_GROUP_BY' (id=3) output batch 0 column count mismatch: got 13, expected 10
[2026-09-07 12:52:58.330] [warning] [gpu_pipeline_task.cpp:77] gpu_pipeline_task: operator 'HASH_GROUP_BY' (id=3) output batch 0 column count mismatch: got 13, expected 10
[2026-09-07 12:52:58.331] [warning] [gpu_pipeline_task.cpp:77] gpu_pipeline_task: operator 'HASH_GROUP_BY' (id=3) output batch 0 column count mismatch: got 13, expected 10
[2026-09-07 12:52:58.331] [warning] [gpu_pipeline_task.cpp:77] gpu_pipeline_task: operator 'HASH_GROUP_BY' (id=3) output batch 0 column count mismatch: got 13, expected 10
[2026-09-07 12:52:58.332] [warning] [gpu_pipeline_task.cpp:77] gpu_pipeline_task: operator 'HASH_GROUP_BY' (id=3) output batch 0 column count mismatch: got 13, expected 10
[2026-09-07 12:52:58.332] [warning] [gpu_pipeline_task.cpp:77] gpu_pipeline_task: operator 'HASH_GROUP_BY' (id=3) output batch 0 column count mismatch: got 13, expected 10
[2026-09-07 12:52:58.332] [warning] [gpu_pipeline_task.cpp:77] gpu_pipeline_task: operator 'HASH_GROUP_BY' (id=3) output batch 0 column count mismatch: got 13, expected 10
[2026-09-07 12:52:58.333] [warning] [gpu_pipeline_task.cpp:77] gpu_pipeline_task: operator 'HASH_GROUP_BY' (id=3) output batch 0 column count mismatch: got 13, expected 10
[2026-09-07 12:52:58.334] [warning] [gpu_pipeline_task.cpp:77] gpu_pipeline_task: operator 'HASH_GROUP_BY' (id=3) output batch 0 column count mismatch: got 13, expected 10
[2026-09-07 12:52:58.337] [warning] [gpu_pipeline_task.cpp:77] gpu_pipeline_task: operator 'HASH_GROUP_BY' (id=3) output batch 0 column count mismatch: got 13, expected 10
[2026-09-07 12:52:58.337] [warning] [gpu_pipeline_task.cpp:77] gpu_pipeline_task: operator 'HASH_GROUP_BY' (id=3) output batch 0 column count mismatch: got 13, expected 10
[2026-09-07 12:52:58.337] [warning] [gpu_pipeline_task.cpp:77] gpu_pipeline_task: operator 'HASH_GROUP_BY' (id=3) output batch 0 column count mismatch: got 13, expected 10
[2026-09-07 12:52:58.338] [warning] [gpu_pipeline_task.cpp:77] gpu_pipeline_task: operator 'HASH_GROUP_BY' (id=3) output batch 0 column count mismatch: got 13, expected 10
[2026-09-07 12:52:58.339] [warning] [gpu_pipeline_task.cpp:77] gpu_pipeline_task: operator 'HASH_GROUP_BY' (id=3) output batch 0 column count mismatch: got 13, expected 10
[2026-09-07 12:52:58.339] [warning] [gpu_pipeline_task.cpp:77] gpu_pipeline_task: operator 'HASH_GROUP_BY' (id=3) output batch 0 column count mismatch: got 13, expected 10
[2026-09-07 12:52:58.339] [warning] [gpu_pipeline_task.cpp:77] gpu_pipeline_task: operator 'HASH_GROUP_BY' (id=3) output batch 0 column count mismatch: got 13, expected 10
[2026-09-07 12:52:58.340] [warning] [gpu_pipeline_task.cpp:77] gpu_pipeline_task: operator 'HASH_GROUP_BY' (id=3) output batch 0 column count mismatch: got 13, expected 10
[2026-09-07 12:52:58.343] [warning] [gpu_pipeline_task.cpp:77] gpu_pipeline_task: operator 'HASH_GROUP_BY' (id=3) output batch 0 column count mismatch: got 13, expected 10
[2026-09-07 12:52:58.343] [warning] [gpu_pipeline_task.cpp:77] gpu_pipeline_task: operator 'HASH_GROUP_BY' (id=3) output batch 0 column count mismatch: got 13, expected 10
[2026-09-07 12:52:58.343] [warning] [gpu_pipeline_task.cpp:77] gpu_pipeline_task: operator 'HASH_GROUP_BY' (id=3) output batch 0 column count mismatch: got 13, expected 10
[2026-09-07 12:52:58.343] [warning] [gpu_pipeline_task.cpp:77] gpu_pipeline_task: operator 'HASH_GROUP_BY' (id=3) output batch 0 column count mismatch: got 13, expected 10
[2026-09-07 12:52:58.343] [warning] [gpu_pipeline_task.cpp:77] gpu_pipeline_task: operator 'HASH_GROUP_BY' (id=3) output batch 0 column count mismatch: got 13, expected 10
[2026-09-07 12:52:58.344] [warning] [gpu_pipeline_task.cpp:77] gpu_pipeline_task: operator 'PARTITION' (id=4) output batch 0 column count mismatch: got 13, expected 10
[2026-09-07 12:52:58.344] [warning] [gpu_pipeline_task.cpp:77] gpu_pipeline_task: operator 'PARTITION' (id=4) output batch 0 column count mismatch: got 13, expected 10
[2026-09-07 12:52:58.344] [warning] [gpu_pipeline_task.cpp:77] gpu_pipeline_task: operator 'PARTITION' (id=4) output batch 0 column count mismatch: got 13, expected 10
[2026-09-07 12:52:58.344] [warning] [gpu_pipeline_task.cpp:77] gpu_pipeline_task: operator 'PARTITION' (id=4) output batch 0 column count mismatch: got 13, expected 10
[2026-09-07 12:52:58.344] [warning] [gpu_pipeline_task.cpp:77] gpu_pipeline_task: operator 'PARTITION' (id=4) output batch 0 column count mismatch: got 13, expected 10
[2026-09-07 12:52:58.344] [warning] [gpu_pipeline_task.cpp:77] gpu_pipeline_task: operator 'PARTITION' (id=4) output batch 0 column count mismatch: got 13, expected 10
[2026-09-07 12:52:58.344] [warning] [gpu_pipeline_task.cpp:77] gpu_pipeline_task: operator 'PARTITION' (id=4) output batch 0 column count mismatch: got 13, expected 10
[2026-09-07 12:52:58.344] [warning] [gpu_pipeline_task.cpp:77] gpu_pipeline_task: operator 'PARTITION' (id=4) output batch 0 column count mismatch: got 13, expected 10
[2026-09-07 12:52:58.344] [warning] [gpu_pipeline_task.cpp:77] gpu_pipeline_task: operator 'PARTITION' (id=4) output batch 0 column count mismatch: got 13, expected 10
[2026-09-07 12:52:58.344] [warning] [gpu_pipeline_task.cpp:77] gpu_pipeline_task: operator 'PARTITION' (id=4) output batch 0 column count mismatch: got 13, expected 10
[2026-09-07 12:52:58.344] [warning] [gpu_pipeline_task.cpp:77] gpu_pipeline_task: operator 'PARTITION' (id=4) output batch 0 column count mismatch: got 13, expected 10
[2026-09-07 12:52:58.344] [warning] [gpu_pipeline_task.cpp:77] gpu_pipeline_task: operator 'PARTITION' (id=4) output batch 0 column count mismatch: got 13, expected 10
[2026-09-07 12:52:58.344] [warning] [gpu_pipeline_task.cpp:77] gpu_pipeline_task: operator 'PARTITION' (id=4) output batch 0 column count mismatch: got 13, expected 10
[2026-09-07 12:52:58.344] [warning] [gpu_pipeline_task.cpp:77] gpu_pipeline_task: operator 'PARTITION' (id=4) output batch 0 column count mismatch: got 13, expected 10
[2026-09-07 12:52:58.344] [warning] [gpu_pipeline_task.cpp:77] gpu_pipeline_task: operator 'PARTITION' (id=4) output batch 0 column count mismatch: got 13, expected 10
[2026-09-07 12:52:58.344] [warning] [gpu_pipeline_task.cpp:77] gpu_pipeline_task: operator 'PARTITION' (id=4) output batch 0 column count mismatch: got 13, expected 10
[2026-09-07 12:52:58.344] [warning] [gpu_pipeline_task.cpp:77] gpu_pipeline_task: operator 'PARTITION' (id=4) output batch 0 column count mismatch: got 13, expected 10
[2026-09-07 12:52:58.344] [warning] [gpu_pipeline_task.cpp:77] gpu_pipeline_task: operator 'PARTITION' (id=4) output batch 0 column count mismatch: got 13, expected 10
[2026-09-07 12:52:58.344] [warning] [gpu_pipeline_task.cpp:77] gpu_pipeline_task: operator 'PARTITION' (id=4) output batch 0 column count mismatch: got 13, expected 10
[2026-09-07 12:52:58.344] [warning] [gpu_pipeline_task.cpp:77] gpu_pipeline_task: operator 'PARTITION' (id=4) output batch 0 column count mismatch: got 13, expected 10
[2026-09-07 12:52:58.344] [warning] [gpu_pipeline_task.cpp:77] gpu_pipeline_task: operator 'PARTITION' (id=4) output batch 0 column count mismatch: got 13, expected 10
[2026-09-07 12:52:58.344] [warning] [gpu_pipeline_task.cpp:77] gpu_pipeline_task: operator 'PARTITION' (id=4) output batch 0 column count mismatch: got 13, expected 10
[2026-09-07 12:52:58.344] [warning] [gpu_pipeline_task.cpp:77] gpu_pipeline_task: operator 'PARTITION' (id=4) output batch 0 column count mismatch: got 13, expected 10
[2026-09-07 12:52:58.344] [warning] [gpu_pipeline_task.cpp:77] gpu_pipeline_task: operator 'PARTITION' (id=4) output batch 0 column count mismatch: got 13, expected 10
[2026-09-07 12:52:58.344] [warning] [gpu_pipeline_task.cpp:77] gpu_pipeline_task: operator 'PARTITION' (id=4) output batch 0 column count mismatch: got 13, expected 10
[2026-09-07 12:52:58.344] [warning] [gpu_pipeline_task.cpp:77] gpu_pipeline_task: operator 'PARTITION' (id=4) output batch 0 column count mismatch: got 13, expected 10
[2026-09-07 12:52:58.344] [warning] [gpu_pipeline_task.cpp:77] gpu_pipeline_task: operator 'PARTITION' (id=4) output batch 0 column count mismatch: got 13, expected 10
[2026-09-07 12:52:58.344] [warning] [gpu_pipeline_task.cpp:77] gpu_pipeline_task: operator 'PARTITION' (id=4) output batch 0 column count mismatch: got 13, expected 10
[2026-09-07 12:52:58.344] [warning] [gpu_pipeline_task.cpp:77] gpu_pipeline_task: operator 'PARTITION' (id=4) output batch 0 column count mismatch: got 13, expected 10
[2026-09-07 12:52:58.344] [warning] [gpu_pipeline_task.cpp:77] gpu_pipeline_task: operator 'PARTITION' (id=4) output batch 0 column count mismatch: got 13, expected 10
[2026-09-07 12:52:58.344] [warning] [gpu_pipeline_task.cpp:77] gpu_pipeline_task: operator 'PARTITION' (id=4) output batch 0 column count mismatch: got 13, expected 10
[2026-09-07 12:52:58.344] [warning] [gpu_pipeline_task.cpp:77] gpu_pipeline_task: operator 'PARTITION' (id=4) output batch 0 column count mismatch: got 13, expected 10
[2026-09-07 12:52:58.345] [warning] [gpu_pipeline_task.cpp:77] gpu_pipeline_task: operator 'PARTITION' (id=4) output batch 0 column count mismatch: got 13, expected 10
[2026-09-07 12:52:58.345] [warning] [gpu_pipeline_task.cpp:77] gpu_pipeline_task: operator 'PARTITION' (id=4) output batch 0 column count mismatch: got 13, expected 10
[2026-09-07 12:52:58.345] [warning] [gpu_pipeline_task.cpp:77] gpu_pipeline_task: operator 'PARTITION' (id=4) output batch 0 column count mismatch: got 13, expected 10
[2026-09-07 12:52:58.345] [warning] [gpu_pipeline_task.cpp:77] gpu_pipeline_task: operator 'PARTITION' (id=4) output batch 0 column count mismatch: got 13, expected 10
[2026-09-07 12:52:58.345] [warning] [gpu_pipeline_task.cpp:77] gpu_pipeline_task: operator 'PARTITION' (id=4) output batch 0 column count mismatch: got 13, expected 10
[2026-09-07 12:52:58.345] [warning] [gpu_pipeline_task.cpp:77] gpu_pipeline_task: operator 'PARTITION' (id=4) output batch 0 column count mismatch: got 13, expected 10
[2026-09-07 12:52:58.345] [warning] [gpu_pipeline_task.cpp:77] gpu_pipeline_task: operator 'PARTITION' (id=4) output batch 0 column count mismatch: got 13, expected 10
[2026-09-07 12:52:58.345] [warning] [gpu_pipeline_task.cpp:77] gpu_pipeline_task: operator 'PARTITION' (id=4) output batch 0 column count mismatch: got 13, expected 10
[2026-09-07 12:52:58.345] [warning] [gpu_pipeline_task.cpp:77] gpu_pipeline_task: operator 'PARTITION' (id=4) output batch 0 column count mismatch: got 13, expected 10
[2026-09-07 12:52:58.345] [warning] [gpu_pipeline_task.cpp:77] gpu_pipeline_task: operator 'PARTITION' (id=4) output batch 0 column count mismatch: got 13, expected 10
[2026-09-07 12:52:58.345] [warning] [gpu_pipeline_task.cpp:77] gpu_pipeline_task: operator 'PARTITION' (id=4) output batch 0 column count mismatch: got 13, expected 10
[2026-09-07 12:52:58.345] [warning] [gpu_pipeline_task.cpp:77] gpu_pipeline_task: operator 'PARTITION' (id=4) output batch 0 column count mismatch: got 13, expected 10
[2026-09-07 12:52:58.345] [warning] [gpu_pipeline_task.cpp:77] gpu_pipeline_task: operator 'PARTITION' (id=4) output batch 0 column count mismatch: got 13, expected 10
[2026-09-07 12:52:58.345] [warning] [gpu_pipeline_task.cpp:77] gpu_pipeline_task: operator 'PARTITION' (id=4) output batch 0 column count mismatch: got 13, expected 10
[2026-09-07 12:52:58.345] [warning] [gpu_pipeline_task.cpp:77] gpu_pipeline_task: operator 'PARTITION' (id=4) output batch 0 column count mismatch: got 13, expected 10
[2026-09-07 12:52:58.345] [warning] [gpu_pipeline_task.cpp:77] gpu_pipeline_task: operator 'PARTITION' (id=4) output batch 0 column count mismatch: got 13, expected 10
[2026-09-07 12:52:58.345] [warning] [gpu_pipeline_task.cpp:77] gpu_pipeline_task: operator 'PARTITION' (id=4) output batch 0 column count mismatch: got 13, expected 10
[2026-09-07 12:52:58.345] [warning] [gpu_pipeline_task.cpp:77] gpu_pipeline_task: operator 'PARTITION' (id=4) output batch 0 column count mismatch: got 13, expected 10
[2026-09-07 12:52:58.345] [warning] [gpu_pipeline_task.cpp:77] gpu_pipeline_task: operator 'PARTITION' (id=4) output batch 0 column count mismatch: got 13, expected 10
[2026-09-07 12:52:58.345] [warning] [gpu_pipeline_task.cpp:77] gpu_pipeline_task: operator 'PARTITION' (id=4) output batch 0 column count mismatch: got 13, expected 10
[2026-09-07 12:52:58.345] [warning] [gpu_pipeline_task.cpp:77] gpu_pipeline_task: operator 'PARTITION' (id=4) output batch 0 column count mismatch: got 13, expected 10
[2026-09-07 12:52:58.345] [warning] [gpu_pipeline_task.cpp:77] gpu_pipeline_task: operator 'PARTITION' (id=4) output batch 0 column count mismatch: got 13, expected 10
[2026-09-07 12:52:58.345] [warning] [gpu_pipeline_task.cpp:77] gpu_pipeline_task: operator 'PARTITION' (id=4) output batch 0 column count mismatch: got 13, expected 10
[2026-09-07 12:52:58.345] [warning] [gpu_pipeline_task.cpp:77] gpu_pipeline_task: operator 'PARTITION' (id=4) output batch 0 column count mismatch: got 13, expected 10
[2026-09-07 12:52:58.345] [warning] [gpu_pipeline_task.cpp:77] gpu_pipeline_task: operator 'PARTITION' (id=4) output batch 0 column count mismatch: got 13, expected 10
[2026-09-07 12:52:58.345] [warning] [gpu_pipeline_task.cpp:77] gpu_pipeline_task: operator 'PARTITION' (id=4) output batch 0 column count mismatch: got 13, expected 10
[2026-09-07 12:52:58.345] [warning] [gpu_pipeline_task.cpp:77] gpu_pipeline_task: operator 'PARTITION' (id=4) output batch 0 column count mismatch: got 13, expected 10
[2026-09-07 12:52:58.345] [warning] [gpu_pipeline_task.cpp:77] gpu_pipeline_task: operator 'PARTITION' (id=4) output batch 0 column count mismatch: got 13, expected 10
[2026-09-07 12:52:58.345] [warning] [gpu_pipeline_task.cpp:77] gpu_pipeline_task: operator 'PARTITION' (id=4) output batch 0 column count mismatch: got 13, expected 10
[2026-09-07 12:52:58.345] [warning] [gpu_pipeline_task.cpp:77] gpu_pipeline_task: operator 'PARTITION' (id=4) output batch 0 column count mismatch: got 13, expected 10
[2026-09-07 12:52:58.345] [warning] [gpu_pipeline_task.cpp:77] gpu_pipeline_task: operator 'PARTITION' (id=4) output batch 0 column count mismatch: got 13, expected 10
[2026-09-07 12:52:58.345] [warning] [gpu_pipeline_task.cpp:77] gpu_pipeline_task: operator 'PARTITION' (id=4) output batch 0 column count mismatch: got 13, expected 10
[2026-09-07 12:52:58.345] [warning] [gpu_pipeline_task.cpp:77] gpu_pipeline_task: operator 'PARTITION' (id=4) output batch 0 column count mismatch: got 13, expected 10
[2026-09-07 12:52:58.345] [warning] [gpu_pipeline_task.cpp:77] gpu_pipeline_task: operator 'PARTITION' (id=4) output batch 0 column count mismatch: got 13, expected 10
[2026-09-07 12:52:58.345] [warning] [gpu_pipeline_task.cpp:77] gpu_pipeline_task: operator 'PARTITION' (id=4) output batch 0 column count mismatch: got 13, expected 10
[2026-09-07 12:52:58.345] [warning] [gpu_pipeline_task.cpp:77] gpu_pipeline_task: operator 'PARTITION' (id=4) output batch 0 column count mismatch: got 13, expected 10
[2026-09-07 12:52:58.345] [warning] [gpu_pipeline_task.cpp:77] gpu_pipeline_task: operator 'PARTITION' (id=4) output batch 0 column count mismatch: got 13, expected 10
[2026-09-07 12:52:58.345] [warning] [gpu_pipeline_task.cpp:77] gpu_pipeline_task: operator 'PARTITION' (id=4) output batch 0 column count mismatch: got 13, expected 10
[2026-09-07 12:52:58.345] [warning] [gpu_pipeline_task.cpp:77] gpu_pipeline_task: operator 'PARTITION' (id=4) output batch 0 column count mismatch: got 13, expected 10
[2026-09-07 12:52:58.345] [warning] [gpu_pipeline_task.cpp:77] gpu_pipeline_task: operator 'PARTITION' (id=4) output batch 0 column count mismatch: got 13, expected 10
[2026-09-07 12:52:58.345] [warning] [gpu_pipeline_task.cpp:77] gpu_pipeline_task: operator 'PARTITION' (id=4) output batch 0 column count mismatch: got 13, expected 10
[2026-09-07 12:52:58.345] [warning] [gpu_pipeline_task.cpp:77] gpu_pipeline_task: operator 'PARTITION' (id=4) output batch 0 column count mismatch: got 13, expected 10
[2026-09-07 12:52:58.345] [warning] [gpu_pipeline_task.cpp:77] gpu_pipeline_task: operator 'PARTITION' (id=4) output batch 0 column count mismatch: got 13, expected 10
[2026-09-07 12:52:58.345] [warning] [gpu_pipeline_task.cpp:77] gpu_pipeline_task: operator 'PARTITION' (id=4) output batch 0 column count mismatch: got 13, expected 10
[2026-09-07 12:52:58.345] [warning] [gpu_pipeline_task.cpp:77] gpu_pipeline_task: operator 'PARTITION' (id=4) output batch 0 column count mismatch: got 13, expected 10
[2026-09-07 12:52:58.345] [warning] [gpu_pipeline_task.cpp:77] gpu_pipeline_task: operator 'PARTITION' (id=4) output batch 0 column count mismatch: got 13, expected 10
[2026-09-07 12:52:58.345] [warning] [gpu_pipeline_task.cpp:77] gpu_pipeline_task: operator 'PARTITION' (id=4) output batch 0 column count mismatch: got 13, expected 10
[2026-09-07 12:52:58.345] [warning] [gpu_pipeline_task.cpp:77] gpu_pipeline_task: operator 'PARTITION' (id=4) output batch 0 column count mismatch: got 13, expected 10
[2026-09-07 12:52:58.346] [warning] [gpu_pipeline_task.cpp:77] gpu_pipeline_task: operator 'PARTITION' (id=4) output batch 0 column count mismatch: got 13, expected 10
[2026-09-07 12:52:58.346] [warning] [gpu_pipeline_task.cpp:77] gpu_pipeline_task: operator 'PARTITION' (id=4) output batch 0 column count mismatch: got 13, expected 10
[2026-09-07 12:52:58.346] [warning] [gpu_pipeline_task.cpp:77] gpu_pipeline_task: operator 'PARTITION' (id=4) output batch 0 column count mismatch: got 13, expected 10
[2026-09-07 12:52:58.346] [warning] [gpu_pipeline_task.cpp:77] gpu_pipeline_task: operator 'PARTITION' (id=4) output batch 0 column count mismatch: got 13, expected 10
[2026-09-07 12:52:58.346] [warning] [gpu_pipeline_task.cpp:77] gpu_pipeline_task: operator 'PARTITION' (id=4) output batch 0 column count mismatch: got 13, expected 10
[2026-09-07 12:52:58.346] [warning] [gpu_pipeline_task.cpp:77] gpu_pipeline_task: operator 'PARTITION' (id=4) output batch 0 column count mismatch: got 13, expected 10
[2026-09-07 12:52:58.346] [warning] [gpu_pipeline_task.cpp:77] gpu_pipeline_task: operator 'PARTITION' (id=4) output batch 0 column count mismatch: got 13, expected 10
[2026-09-07 12:52:58.346] [warning] [gpu_pipeline_task.cpp:77] gpu_pipeline_task: operator 'PARTITION' (id=4) output batch 0 column count mismatch: got 13, expected 10
[2026-09-07 12:52:58.346] [warning] [gpu_pipeline_task.cpp:77] gpu_pipeline_task: operator 'PARTITION' (id=4) output batch 0 column count mismatch: got 13, expected 10
[2026-09-07 12:52:58.346] [warning] [gpu_pipeline_task.cpp:77] gpu_pipeline_task: operator 'PARTITION' (id=4) output batch 0 column count mismatch: got 13, expected 10
[2026-09-07 12:52:58.346] [warning] [gpu_pipeline_task.cpp:77] gpu_pipeline_task: operator 'PARTITION' (id=4) output batch 0 column count mismatch: got 13, expected 10
[2026-09-07 12:52:58.346] [warning] [gpu_pipeline_task.cpp:77] gpu_pipeline_task: operator 'PARTITION' (id=4) output batch 0 column count mismatch: got 13, expected 10
[2026-09-07 12:52:58.346] [warning] [gpu_pipeline_task.cpp:77] gpu_pipeline_task: operator 'PARTITION' (id=4) output batch 0 column count mismatch: got 13, expected 10
[2026-09-07 12:52:58.346] [warning] [gpu_pipeline_task.cpp:77] gpu_pipeline_task: operator 'PARTITION' (id=4) output batch 0 column count mismatch: got 13, expected 10
[2026-09-07 12:52:58.346] [warning] [gpu_pipeline_task.cpp:77] gpu_pipeline_task: operator 'PARTITION' (id=4) output batch 0 column count mismatch: got 13, expected 10
[2026-09-07 12:52:58.346] [warning] [gpu_pipeline_task.cpp:77] gpu_pipeline_task: operator 'PARTITION' (id=4) output batch 0 column count mismatch: got 13, expected 10
[2026-09-07 12:52:58.346] [warning] [gpu_pipeline_task.cpp:77] gpu_pipeline_task: operator 'PARTITION' (id=4) output batch 0 column count mismatch: got 13, expected 10
[2026-09-07 12:52:58.346] [warning] [gpu_pipeline_task.cpp:77] gpu_pipeline_task: operator 'PARTITION' (id=4) output batch 0 column count mismatch: got 13, expected 10
[2026-09-07 12:52:58.346] [warning] [gpu_pipeline_task.cpp:77] gpu_pipeline_task: operator 'PARTITION' (id=4) output batch 0 column count mismatch: got 13, expected 10
[2026-09-07 12:52:58.346] [warning] [gpu_pipeline_task.cpp:77] gpu_pipeline_task: operator 'PARTITION' (id=4) output batch 0 column count mismatch: got 13, expected 10
[2026-09-07 12:52:58.346] [warning] [gpu_pipeline_task.cpp:77] gpu_pipeline_task: operator 'PARTITION' (id=4) output batch 0 column count mismatch: got 13, expected 10
[2026-09-07 12:52:58.346] [warning] [gpu_pipeline_task.cpp:77] gpu_pipeline_task: operator 'PARTITION' (id=4) output batch 0 column count mismatch: got 13, expected 10
[2026-09-07 12:52:58.346] [warning] [gpu_pipeline_task.cpp:77] gpu_pipeline_task: operator 'PARTITION' (id=4) output batch 0 column count mismatch: got 13, expected 10
[2026-09-07 12:52:58.346] [warning] [gpu_pipeline_task.cpp:77] gpu_pipeline_task: operator 'PARTITION' (id=4) output batch 0 column count mismatch: got 13, expected 10
[2026-09-07 12:52:58.346] [warning] [gpu_pipeline_task.cpp:77] gpu_pipeline_task: operator 'PARTITION' (id=4) output batch 0 column count mismatch: got 13, expected 10
[2026-09-07 12:52:58.346] [warning] [gpu_pipeline_task.cpp:77] gpu_pipeline_task: operator 'PARTITION' (id=4) output batch 0 column count mismatch: got 13, expected 10
[2026-09-07 12:52:58.346] [warning] [gpu_pipeline_task.cpp:77] gpu_pipeline_task: operator 'PARTITION' (id=4) output batch 0 column count mismatch: got 13, expected 10
[2026-09-07 12:52:58.346] [warning] [gpu_pipeline_task.cpp:77] gpu_pipeline_task: operator 'PARTITION' (id=4) output batch 0 column count mismatch: got 13, expected 10
[2026-09-07 12:52:58.346] [warning] [gpu_pipeline_task.cpp:77] gpu_pipeline_task: operator 'PARTITION' (id=4) output batch 0 column count mismatch: got 13, expected 10
[2026-09-07 12:52:58.346] [warning] [gpu_pipeline_task.cpp:77] gpu_pipeline_task: operator 'PARTITION' (id=4) output batch 0 column count mismatch: got 13, expected 10
[2026-09-07 12:52:58.346] [warning] [gpu_pipeline_task.cpp:77] gpu_pipeline_task: operator 'PARTITION' (id=4) output batch 0 column count mismatch: got 13, expected 10
[2026-09-07 12:52:58.346] [warning] [gpu_pipeline_task.cpp:77] gpu_pipeline_task: operator 'PARTITION' (id=4) output batch 0 column count mismatch: got 13, expected 10
[2026-09-07 12:52:58.346] [warning] [gpu_pipeline_task.cpp:77] gpu_pipeline_task: operator 'PARTITION' (id=4) output batch 0 column count mismatch: got 13, expected 10
[2026-09-07 12:52:58.346] [warning] [gpu_pipeline_task.cpp:77] gpu_pipeline_task: operator 'PARTITION' (id=4) output batch 0 column count mismatch: got 13, expected 10
[2026-09-07 12:52:58.346] [warning] [gpu_pipeline_task.cpp:77] gpu_pipeline_task: operator 'PARTITION' (id=4) output batch 0 column count mismatch: got 13, expected 10
[2026-09-07 12:52:58.346] [warning] [gpu_pipeline_task.cpp:77] gpu_pipeline_task: operator 'PARTITION' (id=4) output batch 0 column count mismatch: got 13, expected 10
[2026-09-07 12:52:58.346] [warning] [gpu_pipeline_task.cpp:77] gpu_pipeline_task: operator 'PARTITION' (id=4) output batch 0 column count mismatch: got 13, expected 10
[2026-09-07 12:52:58.346] [warning] [gpu_pipeline_task.cpp:77] gpu_pipeline_task: operator 'PARTITION' (id=4) output batch 0 column count mismatch: got 13, expected 10
[2026-09-07 12:52:58.346] [warning] [gpu_pipeline_task.cpp:77] gpu_pipeline_task: operator 'PARTITION' (id=4) output batch 0 column count mismatch: got 13, expected 10
[2026-09-07 12:52:58.346] [warning] [gpu_pipeline_task.cpp:77] gpu_pipeline_task: operator 'PARTITION' (id=4) output batch 0 column count mismatch: got 13, expected 10
[2026-09-07 12:52:58.346] [warning] [gpu_pipeline_task.cpp:77] gpu_pipeline_task: operator 'PARTITION' (id=4) output batch 0 column count mismatch: got 13, expected 10
[2026-09-07 12:52:58.346] [warning] [gpu_pipeline_task.cpp:77] gpu_pipeline_task: operator 'PARTITION' (id=4) output batch 0 column count mismatch: got 13, expected 10
[2026-09-07 12:52:58.346] [warning] [gpu_pipeline_task.cpp:77] gpu_pipeline_task: operator 'PARTITION' (id=4) output batch 0 column count mismatch: got 13, expected 10
[2026-09-07 12:52:58.346] [warning] [gpu_pipeline_task.cpp:77] gpu_pipeline_task: operator 'PARTITION' (id=4) output batch 0 column count mismatch: got 13, expected 10
[2026-09-07 12:52:58.346] [warning] [gpu_pipeline_task.cpp:77] gpu_pipeline_task: operator 'PARTITION' (id=4) output batch 0 column count mismatch: got 13, expected 10
[2026-09-07 12:52:58.346] [warning] [gpu_pipeline_task.cpp:77] gpu_pipeline_task: operator 'PARTITION' (id=4) output batch 0 column count mismatch: got 13, expected 10
[2026-09-07 12:52:58.346] [warning] [gpu_pipeline_task.cpp:77] gpu_pipeline_task: operator 'PARTITION' (id=4) output batch 0 column count mismatch: got 13, expected 10
[2026-09-07 12:52:58.346] [warning] [gpu_pipeline_task.cpp:77] gpu_pipeline_task: operator 'PARTITION' (id=4) output batch 0 column count mismatch: got 13, expected 10
[2026-09-07 12:52:58.346] [warning] [gpu_pipeline_task.cpp:77] gpu_pipeline_task: operator 'PARTITION' (id=4) output batch 0 column count mismatch: got 13, expected 10
[2026-09-07 12:52:58.346] [warning] [gpu_pipeline_task.cpp:77] gpu_pipeline_task: operator 'PARTITION' (id=4) output batch 0 column count mismatch: got 13, expected 10
[2026-09-07 12:52:58.346] [warning] [gpu_pipeline_task.cpp:77] gpu_pipeline_task: operator 'PARTITION' (id=4) output batch 0 column count mismatch: got 13, expected 10
[2026-09-07 12:52:58.346] [warning] [gpu_pipeline_task.cpp:77] gpu_pipeline_task: operator 'PARTITION' (id=4) output batch 0 column count mismatch: got 13, expected 10
[2026-09-07 12:52:58.346] [warning] [gpu_pipeline_task.cpp:77] gpu_pipeline_task: operator 'PARTITION' (id=4) output batch 0 column count mismatch: got 13, expected 10
[2026-09-07 12:52:58.346] [warning] [gpu_pipeline_task.cpp:77] gpu_pipeline_task: operator 'PARTITION' (id=4) output batch 0 column count mismatch: got 13, expected 10
[2026-09-07 12:52:58.346] [warning] [gpu_pipeline_task.cpp:77] gpu_pipeline_task: operator 'PARTITION' (id=4) output batch 0 column count mismatch: got 13, expected 10
[2026-09-07 12:52:58.347] [warning] [gpu_pipeline_task.cpp:77] gpu_pipeline_task: operator 'PARTITION' (id=4) output batch 0 column count mismatch: got 13, expected 10
[2026-09-07 12:52:58.347] [warning] [gpu_pipeline_task.cpp:77] gpu_pipeline_task: operator 'PARTITION' (id=4) output batch 0 column count mismatch: got 13, expected 10
[2026-09-07 12:52:58.347] [warning] [gpu_pipeline_task.cpp:77] gpu_pipeline_task: operator 'PARTITION' (id=4) output batch 0 column count mismatch: got 13, expected 10
[2026-09-07 12:52:58.347] [warning] [gpu_pipeline_task.cpp:77] gpu_pipeline_task: operator 'PARTITION' (id=4) output batch 0 column count mismatch: got 13, expected 10
[2026-09-07 12:52:58.347] [warning] [gpu_pipeline_task.cpp:77] gpu_pipeline_task: operator 'PARTITION' (id=4) output batch 0 column count mismatch: got 13, expected 10
[2026-09-07 12:52:58.347] [warning] [gpu_pipeline_task.cpp:77] gpu_pipeline_task: operator 'PARTITION' (id=4) output batch 0 column count mismatch: got 13, expected 10
[2026-09-07 12:52:58.347] [warning] [gpu_pipeline_task.cpp:77] gpu_pipeline_task: operator 'PARTITION' (id=4) output batch 0 column count mismatch: got 13, expected 10
[2026-09-07 12:52:58.347] [warning] [gpu_pipeline_task.cpp:77] gpu_pipeline_task: operator 'PARTITION' (id=4) output batch 0 column count mismatch: got 13, expected 10
[2026-09-07 12:52:58.347] [warning] [gpu_pipeline_task.cpp:77] gpu_pipeline_task: operator 'PARTITION' (id=4) output batch 0 column count mismatch: got 13, expected 10
[2026-09-07 12:52:58.347] [warning] [gpu_pipeline_task.cpp:77] gpu_pipeline_task: operator 'PARTITION' (id=4) output batch 0 column count mismatch: got 13, expected 10
[2026-09-07 12:52:58.347] [warning] [gpu_pipeline_task.cpp:77] gpu_pipeline_task: operator 'PARTITION' (id=4) output batch 0 column count mismatch: got 13, expected 10
[2026-09-07 12:52:58.347] [warning] [gpu_pipeline_task.cpp:77] gpu_pipeline_task: operator 'PARTITION' (id=4) output batch 0 column count mismatch: got 13, expected 10
[2026-09-07 12:52:58.347] [warning] [gpu_pipeline_task.cpp:77] gpu_pipeline_task: operator 'PARTITION' (id=4) output batch 0 column count mismatch: got 13, expected 10
[2026-09-07 12:52:58.347] [warning] [gpu_pipeline_task.cpp:77] gpu_pipeline_task: operator 'PARTITION' (id=4) output batch 0 column count mismatch: got 13, expected 10
[2026-09-07 12:52:58.347] [warning] [gpu_pipeline_task.cpp:77] gpu_pipeline_task: operator 'PARTITION' (id=4) output batch 0 column count mismatch: got 13, expected 10
[2026-09-07 12:52:58.347] [warning] [gpu_pipeline_task.cpp:77] gpu_pipeline_task: operator 'PARTITION' (id=4) output batch 0 column count mismatch: got 13, expected 10
[2026-09-07 12:52:58.368] [info] [gpu_pipeline_executor.cpp:129] GPU Pipeline Executor: task queue interrupted, stopping manager loop
[2026-09-07 12:52:58.368] [info] [sirius_context.cpp:405] QueryEnd
[2026-09-07 12:52:58.368] [info] [memory_prefetcher.cpp:72] [memory_prefetcher] stopping: prefetched 0 batches / 0 bytes (stops: headroom=0 reservation=0, skips: lock=0 draining=3, errors=0)
[2026-09-07 12:52:58.368] [info] [sirius_context.cpp:256] [host_pool] HOST:0 QueryEnd instance=0xf7a4dd960390 connection=1 window=2 query=7 allocated=17515413504 bytes peak=17582522368 bytes free_blocks=539
[2026-09-07 12:52:58.368] [info] [sirius_context.cpp:271] [gpu_pool] GPU:0 QueryEnd instance=0xf7a4dd960390 connection=1 window=2 query=7 allocated=3450527744 bytes peak=4794131197 bytes reserved=0 bytes
[2026-09-07 12:52:58.368] [info] [sirius_context.cpp:521] [window] end instance=0xf7a4dd960390 connection=1 window=2 query=7 outcome=ok
[2026-09-07 12:52:58.368] [info] [physical_sirius_execution.cpp:327] Transparent GPU execution: query completed
[2026-09-07 12:52:58.370] [info] [sirius_context.cpp:329] QueryBegin: instance=0xf7a4dd960390 connection=1 query=8 SQL: CALL sirius_set_query_label('q1_iter1')
[2026-09-07 12:52:58.370] [info] [sirius_context.cpp:329] QueryBegin: instance=0xf7a4dd960390 connection=1 query=9 SQL: SET gpu_execution = true;
[2026-09-07 12:52:58.370] [info] [sirius_context.cpp:329] QueryBegin: instance=0xf7a4dd960390 connection=1 query=10 SQL: select l_returnflag, l_linestatus, sum(l_quantity) as sum_qty, sum(l_extendedprice) as sum_base_price, sum(l_extendedprice * (1 - l_discount)) as sum_disc_price, sum(l_extendedprice * (1 - l_discount) * (1 + l_tax)) as sum_charge, avg(l_quantity) as avg_qty, avg(l_extendedprice) as avg_price, avg(l_discount) as avg_disc, count(*) as count_order from lineitem where l_shipdate <= date '1995-08-19' group by l_returnflag, l_linestatus order by l_returnflag, l_linestatus
[2026-09-07 12:52:58.375] [info] [sirius_context.cpp:1467] Transparent execution: Sirius physical plan generated successfully
[2026-09-07 12:52:58.375] [info] [sirius_context.cpp:1495] Transparent execution: physical plan replaced with GPU operator
[2026-09-07 12:52:58.375] [info] [physical_sirius_execution.cpp:157] Transparent GPU execution: executing query
[2026-09-07 12:52:58.375] [info] [sirius_context.cpp:521] [window] begin instance=0xf7a4dd960390 connection=1 window=3 query=10 outcome=-
[2026-09-07 12:52:58.375] [info] [sirius_context.cpp:256] [host_pool] HOST:0 QueryBegin instance=0xf7a4dd960390 connection=1 window=3 query=10 allocated=17515413504 bytes peak=17582522368 bytes free_blocks=539
[2026-09-07 12:52:58.375] [info] [sirius_context.cpp:271] [gpu_pool] GPU:0 QueryBegin instance=0xf7a4dd960390 connection=1 window=3 query=10 allocated=3450527744 bytes peak=4794131197 bytes reserved=0 bytes
[2026-09-07 12:52:58.375] [info] [sirius_context.cpp:389] QueryBegin: transparent_execution
[2026-09-07 12:52:58.377] [info] [sirius_engine.cpp:265] [gpu_alloc] query allocated 1 GPU(s): [0]
[2026-09-07 12:52:58.377] [info] [sirius_engine.cpp:318] Query Plan:
=== Pipeline Overview ===
Pipeline #0: GPU_SCAN (id=0) -> PROJECTION (id=1) -> PROJECTION (id=2) -> HASH_GROUP_BY (id=3)
  Output: -> PARTITION [port: default, barrier: FULL]
Pipeline #1: PARTITION (id=4)
  Input: <- Pipeline #0 [on: PARTITION (id=4), port: default, barrier: FULL]
  Dependencies: Pipeline #0
  Output: -> MERGE_GROUP_BY [port: default, barrier: FULL]
Pipeline #2: MERGE_GROUP_BY (id=5) -> ORDER_BY (id=6)
  Input: <- Pipeline #1 [on: MERGE_GROUP_BY (id=5), port: default, barrier: FULL]
  Dependencies: Pipeline #1
  Output: -> SORT_SAMPLE [port: default, barrier: PIPELINE]
Pipeline #3: SORT_SAMPLE (id=7) -> SORT_PARTITION (id=8)
  Input: <- Pipeline #2 [on: SORT_SAMPLE (id=7), port: default, barrier: PIPELINE]
  Dependencies: Pipeline #2
  Output: -> MERGE_SORT [port: default, barrier: FULL]
Pipeline #4: MERGE_SORT (id=9)
  Input: <- Pipeline #3 [on: MERGE_SORT (id=9), port: default, barrier: FULL]
  Dependencies: Pipeline #3
  Output: -> RESULT_COLLECTOR [port: default, barrier: FULL]
Pipeline #5: RESULT_COLLECTOR (id=10)
  Input: <- Pipeline #4 [on: RESULT_COLLECTOR (id=10), port: default, barrier: FULL]
  Dependencies: Pipeline #4

=== Query Plan DAG ===
┌──────────────────────────┐
│ Pipeline #5              │
│ RESULT_COLLECTOR (id=10) │
│ Input(#4): FULL          │
└────────────┬─────────────┘
             │              
┌──────────────────────────┐
│ Pipeline #4              │
│ MERGE_SORT (id=9)        │
│ Input(#3): FULL          │
└────────────┬─────────────┘
             │              
┌──────────────────────────┐
│ Pipeline #3              │
│ SORT_PARTITION (id=8)    │
│ SORT_SAMPLE (id=7)       │
│ Input(#2): PIPELINE      │
└────────────┬─────────────┘
             │              
┌──────────────────────────┐
│ Pipeline #2              │
│ ORDER_BY (id=6)          │
│ MERGE_GROUP_BY (id=5)    │
│ Input(#1): FULL          │
└────────────┬─────────────┘
             │              
┌──────────────────────────┐
│ Pipeline #1              │
│ PARTITION (id=4)         │
│ Input(#0): FULL          │
└────────────┬─────────────┘
             │              
┌──────────────────────────┐
│ Pipeline #0              │
│ HASH_GROUP_BY (id=3)     │
│ PROJECTION (id=2)        │
│ PROJECTION (id=1)        │
│ GPU_SCAN (id=0)          │
└──────────────────────────┘

[2026-09-07 12:52:58.377] [info] [sirius_engine.cpp:186] query 3 telemetry_query=01a07d6e57097a52b8fa1f772b5f52f6
[2026-09-07 12:52:58.377] [info] [sirius_scan_manager.cpp:2882] [sirius_scan_manager] zone-map pruning for pinned entry 'lineitem' (GPU tier): 134/285 chunks pruned, serving 151
[2026-09-07 12:52:58.377] [info] [sirius_scan_manager.cpp:2999] [sirius_scan_manager] assigned pinned entry 'lineitem' to operator '0'
[2026-09-07 12:52:58.377] [info] [sirius_scan_manager.cpp:823] [late-mat] operator 0: not deferring — the scan restricts rows and its pin is compressed, so the surviving rows are decided inside the decode
[2026-09-07 12:52:58.378] [info] [memory_prefetcher.cpp:59] [memory_prefetcher] started: 3 threads, 1 connectors, min_free_fraction=0.40
[2026-09-07 12:52:58.384] [warning] [gpu_pipeline_task.cpp:77] gpu_pipeline_task: operator 'HASH_GROUP_BY' (id=3) output batch 0 column count mismatch: got 13, expected 10
[2026-09-07 12:52:58.384] [warning] [gpu_pipeline_task.cpp:77] gpu_pipeline_task: operator 'HASH_GROUP_BY' (id=3) output batch 0 column count mismatch: got 13, expected 10
[2026-09-07 12:52:58.385] [warning] [gpu_pipeline_task.cpp:77] gpu_pipeline_task: operator 'HASH_GROUP_BY' (id=3) output batch 0 column count mismatch: got 13, expected 10
[2026-09-07 12:52:58.385] [warning] [gpu_pipeline_task.cpp:77] gpu_pipeline_task: operator 'HASH_GROUP_BY' (id=3) output batch 0 column count mismatch: got 13, expected 10
[2026-09-07 12:52:58.385] [warning] [gpu_pipeline_task.cpp:77] gpu_pipeline_task: operator 'HASH_GROUP_BY' (id=3) output batch 0 column count mismatch: got 13, expected 10
[2026-09-07 12:52:58.385] [warning] [gpu_pipeline_task.cpp:77] gpu_pipeline_task: operator 'HASH_GROUP_BY' (id=3) output batch 0 column count mismatch: got 13, expected 10
[2026-09-07 12:52:58.385] [warning] [gpu_pipeline_task.cpp:77] gpu_pipeline_task: operator 'HASH_GROUP_BY' (id=3) output batch 0 column count mismatch: got 13, expected 10
[2026-09-07 12:52:58.385] [warning] [gpu_pipeline_task.cpp:77] gpu_pipeline_task: operator 'HASH_GROUP_BY' (id=3) output batch 0 column count mismatch: got 13, expected 10
[2026-09-07 12:52:58.391] [warning] [gpu_pipeline_task.cpp:77] gpu_pipeline_task: operator 'HASH_GROUP_BY' (id=3) output batch 0 column count mismatch: got 13, expected 10
[2026-09-07 12:52:58.391] [warning] [gpu_pipeline_task.cpp:77] gpu_pipeline_task: operator 'HASH_GROUP_BY' (id=3) output batch 0 column count mismatch: got 13, expected 10
[2026-09-07 12:52:58.391] [warning] [gpu_pipeline_task.cpp:77] gpu_pipeline_task: operator 'HASH_GROUP_BY' (id=3) output batch 0 column count mismatch: got 13, expected 10
[2026-09-07 12:52:58.392] [warning] [gpu_pipeline_task.cpp:77] gpu_pipeline_task: operator 'HASH_GROUP_BY' (id=3) output batch 0 column count mismatch: got 13, expected 10
[2026-09-07 12:52:58.392] [warning] [gpu_pipeline_task.cpp:77] gpu_pipeline_task: operator 'HASH_GROUP_BY' (id=3) output batch 0 column count mismatch: got 13, expected 10
[2026-09-07 12:52:58.392] [warning] [gpu_pipeline_task.cpp:77] gpu_pipeline_task: operator 'HASH_GROUP_BY' (id=3) output batch 0 column count mismatch: got 13, expected 10
[2026-09-07 12:52:58.392] [warning] [gpu_pipeline_task.cpp:77] gpu_pipeline_task: operator 'HASH_GROUP_BY' (id=3) output batch 0 column count mismatch: got 13, expected 10
[2026-09-07 12:52:58.392] [warning] [gpu_pipeline_task.cpp:77] gpu_pipeline_task: operator 'HASH_GROUP_BY' (id=3) output batch 0 column count mismatch: got 13, expected 10
[2026-09-07 12:52:58.398] [warning] [gpu_pipeline_task.cpp:77] gpu_pipeline_task: operator 'HASH_GROUP_BY' (id=3) output batch 0 column count mismatch: got 13, expected 10
[2026-09-07 12:52:58.398] [warning] [gpu_pipeline_task.cpp:77] gpu_pipeline_task: operator 'HASH_GROUP_BY' (id=3) output batch 0 column count mismatch: got 13, expected 10
[2026-09-07 12:52:58.398] [warning] [gpu_pipeline_task.cpp:77] gpu_pipeline_task: operator 'HASH_GROUP_BY' (id=3) output batch 0 column count mismatch: got 13, expected 10
[2026-09-07 12:52:58.398] [warning] [gpu_pipeline_task.cpp:77] gpu_pipeline_task: operator 'HASH_GROUP_BY' (id=3) output batch 0 column count mismatch: got 13, expected 10
[2026-09-07 12:52:58.398] [warning] [gpu_pipeline_task.cpp:77] gpu_pipeline_task: operator 'HASH_GROUP_BY' (id=3) output batch 0 column count mismatch: got 13, expected 10
[2026-09-07 12:52:58.400] [warning] [gpu_pipeline_task.cpp:77] gpu_pipeline_task: operator 'HASH_GROUP_BY' (id=3) output batch 0 column count mismatch: got 13, expected 10
[2026-09-07 12:52:58.400] [warning] [gpu_pipeline_task.cpp:77] gpu_pipeline_task: operator 'HASH_GROUP_BY' (id=3) output batch 0 column count mismatch: got 13, expected 10
[2026-09-07 12:52:58.400] [warning] [gpu_pipeline_task.cpp:77] gpu_pipeline_task: operator 'HASH_GROUP_BY' (id=3) output batch 0 column count mismatch: got 13, expected 10
[2026-09-07 12:52:58.404] [warning] [gpu_pipeline_task.cpp:77] gpu_pipeline_task: operator 'HASH_GROUP_BY' (id=3) output batch 0 column count mismatch: got 13, expected 10
[2026-09-07 12:52:58.405] [warning] [gpu_pipeline_task.cpp:77] gpu_pipeline_task: operator 'HASH_GROUP_BY' (id=3) output batch 0 column count mismatch: got 13, expected 10
[2026-09-07 12:52:58.405] [warning] [gpu_pipeline_task.cpp:77] gpu_pipeline_task: operator 'HASH_GROUP_BY' (id=3) output batch 0 column count mismatch: got 13, expected 10
[2026-09-07 12:52:58.405] [warning] [gpu_pipeline_task.cpp:77] gpu_pipeline_task: operator 'HASH_GROUP_BY' (id=3) output batch 0 column count mismatch: got 13, expected 10
[2026-09-07 12:52:58.405] [warning] [gpu_pipeline_task.cpp:77] gpu_pipeline_task: operator 'HASH_GROUP_BY' (id=3) output batch 0 column count mismatch: got 13, expected 10
[2026-09-07 12:52:58.406] [warning] [gpu_pipeline_task.cpp:77] gpu_pipeline_task: operator 'HASH_GROUP_BY' (id=3) output batch 0 column count mismatch: got 13, expected 10
[2026-09-07 12:52:58.406] [warning] [gpu_pipeline_task.cpp:77] gpu_pipeline_task: operator 'HASH_GROUP_BY' (id=3) output batch 0 column count mismatch: got 13, expected 10
[2026-09-07 12:52:58.406] [warning] [gpu_pipeline_task.cpp:77] gpu_pipeline_task: operator 'HASH_GROUP_BY' (id=3) output batch 0 column count mismatch: got 13, expected 10
[2026-09-07 12:52:58.411] [warning] [gpu_pipeline_task.cpp:77] gpu_pipeline_task: operator 'HASH_GROUP_BY' (id=3) output batch 0 column count mismatch: got 13, expected 10
[2026-09-07 12:52:58.412] [warning] [gpu_pipeline_task.cpp:77] gpu_pipeline_task: operator 'HASH_GROUP_BY' (id=3) output batch 0 column count mismatch: got 13, expected 10
[2026-09-07 12:52:58.412] [warning] [gpu_pipeline_task.cpp:77] gpu_pipeline_task: operator 'HASH_GROUP_BY' (id=3) output batch 0 column count mismatch: got 13, expected 10
[2026-09-07 12:52:58.412] [warning] [gpu_pipeline_task.cpp:77] gpu_pipeline_task: operator 'HASH_GROUP_BY' (id=3) output batch 0 column count mismatch: got 13, expected 10
[2026-09-07 12:52:58.412] [warning] [gpu_pipeline_task.cpp:77] gpu_pipeline_task: operator 'HASH_GROUP_BY' (id=3) output batch 0 column count mismatch: got 13, expected 10
[2026-09-07 12:52:58.413] [warning] [gpu_pipeline_task.cpp:77] gpu_pipeline_task: operator 'HASH_GROUP_BY' (id=3) output batch 0 column count mismatch: got 13, expected 10
[2026-09-07 12:52:58.413] [warning] [gpu_pipeline_task.cpp:77] gpu_pipeline_task: operator 'HASH_GROUP_BY' (id=3) output batch 0 column count mismatch: got 13, expected 10
[2026-09-07 12:52:58.414] [warning] [gpu_pipeline_task.cpp:77] gpu_pipeline_task: operator 'HASH_GROUP_BY' (id=3) output batch 0 column count mismatch: got 13, expected 10
[2026-09-07 12:52:58.417] [warning] [gpu_pipeline_task.cpp:77] gpu_pipeline_task: operator 'HASH_GROUP_BY' (id=3) output batch 0 column count mismatch: got 13, expected 10
[2026-09-07 12:52:58.419] [warning] [gpu_pipeline_task.cpp:77] gpu_pipeline_task: operator 'HASH_GROUP_BY' (id=3) output batch 0 column count mismatch: got 13, expected 10
[2026-09-07 12:52:58.419] [warning] [gpu_pipeline_task.cpp:77] gpu_pipeline_task: operator 'HASH_GROUP_BY' (id=3) output batch 0 column count mismatch: got 13, expected 10
[2026-09-07 12:52:58.419] [warning] [gpu_pipeline_task.cpp:77] gpu_pipeline_task: operator 'HASH_GROUP_BY' (id=3) output batch 0 column count mismatch: got 13, expected 10
[2026-09-07 12:52:58.419] [warning] [gpu_pipeline_task.cpp:77] gpu_pipeline_task: operator 'HASH_GROUP_BY' (id=3) output batch 0 column count mismatch: got 13, expected 10
[2026-09-07 12:52:58.419] [warning] [gpu_pipeline_task.cpp:77] gpu_pipeline_task: operator 'HASH_GROUP_BY' (id=3) output batch 0 column count mismatch: got 13, expected 10
[2026-09-07 12:52:58.420] [warning] [gpu_pipeline_task.cpp:77] gpu_pipeline_task: operator 'HASH_GROUP_BY' (id=3) output batch 0 column count mismatch: got 13, expected 10
[2026-09-07 12:52:58.420] [warning] [gpu_pipeline_task.cpp:77] gpu_pipeline_task: operator 'HASH_GROUP_BY' (id=3) output batch 0 column count mismatch: got 13, expected 10
[2026-09-07 12:52:58.425] [warning] [gpu_pipeline_task.cpp:77] gpu_pipeline_task: operator 'HASH_GROUP_BY' (id=3) output batch 0 column count mismatch: got 13, expected 10
[2026-09-07 12:52:58.425] [warning] [gpu_pipeline_task.cpp:77] gpu_pipeline_task: operator 'HASH_GROUP_BY' (id=3) output batch 0 column count mismatch: got 13, expected 10
[2026-09-07 12:52:58.425] [warning] [gpu_pipeline_task.cpp:77] gpu_pipeline_task: operator 'HASH_GROUP_BY' (id=3) output batch 0 column count mismatch: got 13, expected 10
[2026-09-07 12:52:58.426] [warning] [gpu_pipeline_task.cpp:77] gpu_pipeline_task: operator 'HASH_GROUP_BY' (id=3) output batch 0 column count mismatch: got 13, expected 10
[2026-09-07 12:52:58.426] [warning] [gpu_pipeline_task.cpp:77] gpu_pipeline_task: operator 'HASH_GROUP_BY' (id=3) output batch 0 column count mismatch: got 13, expected 10
[2026-09-07 12:52:58.426] [warning] [gpu_pipeline_task.cpp:77] gpu_pipeline_task: operator 'HASH_GROUP_BY' (id=3) output batch 0 column count mismatch: got 13, expected 10
[2026-09-07 12:52:58.426] [warning] [gpu_pipeline_task.cpp:77] gpu_pipeline_task: operator 'HASH_GROUP_BY' (id=3) output batch 0 column count mismatch: got 13, expected 10
[2026-09-07 12:52:58.428] [warning] [gpu_pipeline_task.cpp:77] gpu_pipeline_task: operator 'HASH_GROUP_BY' (id=3) output batch 0 column count mismatch: got 13, expected 10
[2026-09-07 12:52:58.432] [warning] [gpu_pipeline_task.cpp:77] gpu_pipeline_task: operator 'HASH_GROUP_BY' (id=3) output batch 0 column count mismatch: got 13, expected 10
[2026-09-07 12:52:58.432] [warning] [gpu_pipeline_task.cpp:77] gpu_pipeline_task: operator 'HASH_GROUP_BY' (id=3) output batch 0 column count mismatch: got 13, expected 10
[2026-09-07 12:52:58.432] [warning] [gpu_pipeline_task.cpp:77] gpu_pipeline_task: operator 'HASH_GROUP_BY' (id=3) output batch 0 column count mismatch: got 13, expected 10
[2026-09-07 12:52:58.433] [warning] [gpu_pipeline_task.cpp:77] gpu_pipeline_task: operator 'HASH_GROUP_BY' (id=3) output batch 0 column count mismatch: got 13, expected 10
[2026-09-07 12:52:58.433] [warning] [gpu_pipeline_task.cpp:77] gpu_pipeline_task: operator 'HASH_GROUP_BY' (id=3) output batch 0 column count mismatch: got 13, expected 10
[2026-09-07 12:52:58.433] [warning] [gpu_pipeline_task.cpp:77] gpu_pipeline_task: operator 'HASH_GROUP_BY' (id=3) output batch 0 column count mismatch: got 13, expected 10
[2026-09-07 12:52:58.433] [warning] [gpu_pipeline_task.cpp:77] gpu_pipeline_task: operator 'HASH_GROUP_BY' (id=3) output batch 0 column count mismatch: got 13, expected 10
[2026-09-07 12:52:58.434] [warning] [gpu_pipeline_task.cpp:77] gpu_pipeline_task: operator 'HASH_GROUP_BY' (id=3) output batch 0 column count mismatch: got 13, expected 10
[2026-09-07 12:52:58.438] [warning] [gpu_pipeline_task.cpp:77] gpu_pipeline_task: operator 'HASH_GROUP_BY' (id=3) output batch 0 column count mismatch: got 13, expected 10
[2026-09-07 12:52:58.439] [warning] [gpu_pipeline_task.cpp:77] gpu_pipeline_task: operator 'HASH_GROUP_BY' (id=3) output batch 0 column count mismatch: got 13, expected 10
[2026-09-07 12:52:58.439] [warning] [gpu_pipeline_task.cpp:77] gpu_pipeline_task: operator 'HASH_GROUP_BY' (id=3) output batch 0 column count mismatch: got 13, expected 10
[2026-09-07 12:52:58.439] [warning] [gpu_pipeline_task.cpp:77] gpu_pipeline_task: operator 'HASH_GROUP_BY' (id=3) output batch 0 column count mismatch: got 13, expected 10
[2026-09-07 12:52:58.440] [warning] [gpu_pipeline_task.cpp:77] gpu_pipeline_task: operator 'HASH_GROUP_BY' (id=3) output batch 0 column count mismatch: got 13, expected 10
[2026-09-07 12:52:58.440] [warning] [gpu_pipeline_task.cpp:77] gpu_pipeline_task: operator 'HASH_GROUP_BY' (id=3) output batch 0 column count mismatch: got 13, expected 10
[2026-09-07 12:52:58.441] [warning] [gpu_pipeline_task.cpp:77] gpu_pipeline_task: operator 'HASH_GROUP_BY' (id=3) output batch 0 column count mismatch: got 13, expected 10
[2026-09-07 12:52:58.441] [warning] [gpu_pipeline_task.cpp:77] gpu_pipeline_task: operator 'HASH_GROUP_BY' (id=3) output batch 0 column count mismatch: got 13, expected 10
[2026-09-07 12:52:58.445] [warning] [gpu_pipeline_task.cpp:77] gpu_pipeline_task: operator 'HASH_GROUP_BY' (id=3) output batch 0 column count mismatch: got 13, expected 10
[2026-09-07 12:52:58.445] [warning] [gpu_pipeline_task.cpp:77] gpu_pipeline_task: operator 'HASH_GROUP_BY' (id=3) output batch 0 column count mismatch: got 13, expected 10
[2026-09-07 12:52:58.445] [warning] [gpu_pipeline_task.cpp:77] gpu_pipeline_task: operator 'HASH_GROUP_BY' (id=3) output batch 0 column count mismatch: got 13, expected 10
[2026-09-07 12:52:58.446] [warning] [gpu_pipeline_task.cpp:77] gpu_pipeline_task: operator 'HASH_GROUP_BY' (id=3) output batch 0 column count mismatch: got 13, expected 10
[2026-09-07 12:52:58.446] [warning] [gpu_pipeline_task.cpp:77] gpu_pipeline_task: operator 'HASH_GROUP_BY' (id=3) output batch 0 column count mismatch: got 13, expected 10
[2026-09-07 12:52:58.447] [warning] [gpu_pipeline_task.cpp:77] gpu_pipeline_task: operator 'HASH_GROUP_BY' (id=3) output batch 0 column count mismatch: got 13, expected 10
[2026-09-07 12:52:58.448] [warning] [gpu_pipeline_task.cpp:77] gpu_pipeline_task: operator 'HASH_GROUP_BY' (id=3) output batch 0 column count mismatch: got 13, expected 10
[2026-09-07 12:52:58.449] [warning] [gpu_pipeline_task.cpp:77] gpu_pipeline_task: operator 'HASH_GROUP_BY' (id=3) output batch 0 column count mismatch: got 13, expected 10
[2026-09-07 12:52:58.452] [warning] [gpu_pipeline_task.cpp:77] gpu_pipeline_task: operator 'HASH_GROUP_BY' (id=3) output batch 0 column count mismatch: got 13, expected 10
[2026-09-07 12:52:58.452] [warning] [gpu_pipeline_task.cpp:77] gpu_pipeline_task: operator 'HASH_GROUP_BY' (id=3) output batch 0 column count mismatch: got 13, expected 10
[2026-09-07 12:52:58.452] [warning] [gpu_pipeline_task.cpp:77] gpu_pipeline_task: operator 'HASH_GROUP_BY' (id=3) output batch 0 column count mismatch: got 13, expected 10
[2026-09-07 12:52:58.453] [warning] [gpu_pipeline_task.cpp:77] gpu_pipeline_task: operator 'HASH_GROUP_BY' (id=3) output batch 0 column count mismatch: got 13, expected 10
[2026-09-07 12:52:58.453] [warning] [gpu_pipeline_task.cpp:77] gpu_pipeline_task: operator 'HASH_GROUP_BY' (id=3) output batch 0 column count mismatch: got 13, expected 10
[2026-09-07 12:52:58.454] [warning] [gpu_pipeline_task.cpp:77] gpu_pipeline_task: operator 'HASH_GROUP_BY' (id=3) output batch 0 column count mismatch: got 13, expected 10
[2026-09-07 12:52:58.455] [warning] [gpu_pipeline_task.cpp:77] gpu_pipeline_task: operator 'HASH_GROUP_BY' (id=3) output batch 0 column count mismatch: got 13, expected 10
[2026-09-07 12:52:58.456] [warning] [gpu_pipeline_task.cpp:77] gpu_pipeline_task: operator 'HASH_GROUP_BY' (id=3) output batch 0 column count mismatch: got 13, expected 10
[2026-09-07 12:52:58.458] [warning] [gpu_pipeline_task.cpp:77] gpu_pipeline_task: operator 'HASH_GROUP_BY' (id=3) output batch 0 column count mismatch: got 13, expected 10
[2026-09-07 12:52:58.459] [warning] [gpu_pipeline_task.cpp:77] gpu_pipeline_task: operator 'HASH_GROUP_BY' (id=3) output batch 0 column count mismatch: got 13, expected 10
[2026-09-07 12:52:58.459] [warning] [gpu_pipeline_task.cpp:77] gpu_pipeline_task: operator 'HASH_GROUP_BY' (id=3) output batch 0 column count mismatch: got 13, expected 10
[2026-09-07 12:52:58.460] [warning] [gpu_pipeline_task.cpp:77] gpu_pipeline_task: operator 'HASH_GROUP_BY' (id=3) output batch 0 column count mismatch: got 13, expected 10
[2026-09-07 12:52:58.460] [warning] [gpu_pipeline_task.cpp:77] gpu_pipeline_task: operator 'HASH_GROUP_BY' (id=3) output batch 0 column count mismatch: got 13, expected 10
[2026-09-07 12:52:58.461] [warning] [gpu_pipeline_task.cpp:77] gpu_pipeline_task: operator 'HASH_GROUP_BY' (id=3) output batch 0 column count mismatch: got 13, expected 10
[2026-09-07 12:52:58.462] [warning] [gpu_pipeline_task.cpp:77] gpu_pipeline_task: operator 'HASH_GROUP_BY' (id=3) output batch 0 column count mismatch: got 13, expected 10
[2026-09-07 12:52:58.463] [warning] [gpu_pipeline_task.cpp:77] gpu_pipeline_task: operator 'HASH_GROUP_BY' (id=3) output batch 0 column count mismatch: got 13, expected 10
[2026-09-07 12:52:58.465] [warning] [gpu_pipeline_task.cpp:77] gpu_pipeline_task: operator 'HASH_GROUP_BY' (id=3) output batch 0 column count mismatch: got 13, expected 10
[2026-09-07 12:52:58.465] [warning] [gpu_pipeline_task.cpp:77] gpu_pipeline_task: operator 'HASH_GROUP_BY' (id=3) output batch 0 column count mismatch: got 13, expected 10
[2026-09-07 12:52:58.466] [warning] [gpu_pipeline_task.cpp:77] gpu_pipeline_task: operator 'HASH_GROUP_BY' (id=3) output batch 0 column count mismatch: got 13, expected 10
[2026-09-07 12:52:58.467] [warning] [gpu_pipeline_task.cpp:77] gpu_pipeline_task: operator 'HASH_GROUP_BY' (id=3) output batch 0 column count mismatch: got 13, expected 10
[2026-09-07 12:52:58.468] [warning] [gpu_pipeline_task.cpp:77] gpu_pipeline_task: operator 'HASH_GROUP_BY' (id=3) output batch 0 column count mismatch: got 13, expected 10
[2026-09-07 12:52:58.468] [warning] [gpu_pipeline_task.cpp:77] gpu_pipeline_task: operator 'HASH_GROUP_BY' (id=3) output batch 0 column count mismatch: got 13, expected 10
[2026-09-07 12:52:58.468] [warning] [gpu_pipeline_task.cpp:77] gpu_pipeline_task: operator 'HASH_GROUP_BY' (id=3) output batch 0 column count mismatch: got 13, expected 10
[2026-09-07 12:52:58.469] [warning] [gpu_pipeline_task.cpp:77] gpu_pipeline_task: operator 'HASH_GROUP_BY' (id=3) output batch 0 column count mismatch: got 13, expected 10
[2026-09-07 12:52:58.471] [warning] [gpu_pipeline_task.cpp:77] gpu_pipeline_task: operator 'HASH_GROUP_BY' (id=3) output batch 0 column count mismatch: got 13, expected 10
[2026-09-07 12:52:58.472] [warning] [gpu_pipeline_task.cpp:77] gpu_pipeline_task: operator 'HASH_GROUP_BY' (id=3) output batch 0 column count mismatch: got 13, expected 10
[2026-09-07 12:52:58.473] [warning] [gpu_pipeline_task.cpp:77] gpu_pipeline_task: operator 'HASH_GROUP_BY' (id=3) output batch 0 column count mismatch: got 13, expected 10
[2026-09-07 12:52:58.473] [warning] [gpu_pipeline_task.cpp:77] gpu_pipeline_task: operator 'HASH_GROUP_BY' (id=3) output batch 0 column count mismatch: got 13, expected 10
[2026-09-07 12:52:58.475] [warning] [gpu_pipeline_task.cpp:77] gpu_pipeline_task: operator 'HASH_GROUP_BY' (id=3) output batch 0 column count mismatch: got 13, expected 10
[2026-09-07 12:52:58.475] [warning] [gpu_pipeline_task.cpp:77] gpu_pipeline_task: operator 'HASH_GROUP_BY' (id=3) output batch 0 column count mismatch: got 13, expected 10
[2026-09-07 12:52:58.475] [warning] [gpu_pipeline_task.cpp:77] gpu_pipeline_task: operator 'HASH_GROUP_BY' (id=3) output batch 0 column count mismatch: got 13, expected 10
[2026-09-07 12:52:58.476] [warning] [gpu_pipeline_task.cpp:77] gpu_pipeline_task: operator 'HASH_GROUP_BY' (id=3) output batch 0 column count mismatch: got 13, expected 10
[2026-09-07 12:52:58.478] [warning] [gpu_pipeline_task.cpp:77] gpu_pipeline_task: operator 'HASH_GROUP_BY' (id=3) output batch 0 column count mismatch: got 13, expected 10
[2026-09-07 12:52:58.479] [warning] [gpu_pipeline_task.cpp:77] gpu_pipeline_task: operator 'HASH_GROUP_BY' (id=3) output batch 0 column count mismatch: got 13, expected 10
[2026-09-07 12:52:58.480] [warning] [gpu_pipeline_task.cpp:77] gpu_pipeline_task: operator 'HASH_GROUP_BY' (id=3) output batch 0 column count mismatch: got 13, expected 10
[2026-09-07 12:52:58.480] [warning] [gpu_pipeline_task.cpp:77] gpu_pipeline_task: operator 'HASH_GROUP_BY' (id=3) output batch 0 column count mismatch: got 13, expected 10
[2026-09-07 12:52:58.483] [warning] [gpu_pipeline_task.cpp:77] gpu_pipeline_task: operator 'HASH_GROUP_BY' (id=3) output batch 0 column count mismatch: got 13, expected 10
[2026-09-07 12:52:58.483] [warning] [gpu_pipeline_task.cpp:77] gpu_pipeline_task: operator 'HASH_GROUP_BY' (id=3) output batch 0 column count mismatch: got 13, expected 10
[2026-09-07 12:52:58.483] [warning] [gpu_pipeline_task.cpp:77] gpu_pipeline_task: operator 'HASH_GROUP_BY' (id=3) output batch 0 column count mismatch: got 13, expected 10
[2026-09-07 12:52:58.483] [warning] [gpu_pipeline_task.cpp:77] gpu_pipeline_task: operator 'HASH_GROUP_BY' (id=3) output batch 0 column count mismatch: got 13, expected 10
[2026-09-07 12:52:58.485] [warning] [gpu_pipeline_task.cpp:77] gpu_pipeline_task: operator 'HASH_GROUP_BY' (id=3) output batch 0 column count mismatch: got 13, expected 10
[2026-09-07 12:52:58.485] [warning] [gpu_pipeline_task.cpp:77] gpu_pipeline_task: operator 'HASH_GROUP_BY' (id=3) output batch 0 column count mismatch: got 13, expected 10
[2026-09-07 12:52:58.486] [warning] [gpu_pipeline_task.cpp:77] gpu_pipeline_task: operator 'HASH_GROUP_BY' (id=3) output batch 0 column count mismatch: got 13, expected 10
[2026-09-07 12:52:58.488] [warning] [gpu_pipeline_task.cpp:77] gpu_pipeline_task: operator 'HASH_GROUP_BY' (id=3) output batch 0 column count mismatch: got 13, expected 10
[2026-09-07 12:52:58.490] [warning] [gpu_pipeline_task.cpp:77] gpu_pipeline_task: operator 'HASH_GROUP_BY' (id=3) output batch 0 column count mismatch: got 13, expected 10
[2026-09-07 12:52:58.490] [warning] [gpu_pipeline_task.cpp:77] gpu_pipeline_task: operator 'HASH_GROUP_BY' (id=3) output batch 0 column count mismatch: got 13, expected 10
[2026-09-07 12:52:58.490] [warning] [gpu_pipeline_task.cpp:77] gpu_pipeline_task: operator 'HASH_GROUP_BY' (id=3) output batch 0 column count mismatch: got 13, expected 10
[2026-09-07 12:52:58.490] [warning] [gpu_pipeline_task.cpp:77] gpu_pipeline_task: operator 'HASH_GROUP_BY' (id=3) output batch 0 column count mismatch: got 13, expected 10
[2026-09-07 12:52:58.492] [warning] [gpu_pipeline_task.cpp:77] gpu_pipeline_task: operator 'HASH_GROUP_BY' (id=3) output batch 0 column count mismatch: got 13, expected 10
[2026-09-07 12:52:58.492] [warning] [gpu_pipeline_task.cpp:77] gpu_pipeline_task: operator 'HASH_GROUP_BY' (id=3) output batch 0 column count mismatch: got 13, expected 10
[2026-09-07 12:52:58.493] [warning] [gpu_pipeline_task.cpp:77] gpu_pipeline_task: operator 'HASH_GROUP_BY' (id=3) output batch 0 column count mismatch: got 13, expected 10
[2026-09-07 12:52:58.495] [warning] [gpu_pipeline_task.cpp:77] gpu_pipeline_task: operator 'HASH_GROUP_BY' (id=3) output batch 0 column count mismatch: got 13, expected 10
[2026-09-07 12:52:58.496] [warning] [gpu_pipeline_task.cpp:77] gpu_pipeline_task: operator 'HASH_GROUP_BY' (id=3) output batch 0 column count mismatch: got 13, expected 10
[2026-09-07 12:52:58.496] [warning] [gpu_pipeline_task.cpp:77] gpu_pipeline_task: operator 'HASH_GROUP_BY' (id=3) output batch 0 column count mismatch: got 13, expected 10
[2026-09-07 12:52:58.497] [warning] [gpu_pipeline_task.cpp:77] gpu_pipeline_task: operator 'HASH_GROUP_BY' (id=3) output batch 0 column count mismatch: got 13, expected 10
[2026-09-07 12:52:58.498] [warning] [gpu_pipeline_task.cpp:77] gpu_pipeline_task: operator 'HASH_GROUP_BY' (id=3) output batch 0 column count mismatch: got 13, expected 10
[2026-09-07 12:52:58.498] [warning] [gpu_pipeline_task.cpp:77] gpu_pipeline_task: operator 'HASH_GROUP_BY' (id=3) output batch 0 column count mismatch: got 13, expected 10
[2026-09-07 12:52:58.499] [warning] [gpu_pipeline_task.cpp:77] gpu_pipeline_task: operator 'HASH_GROUP_BY' (id=3) output batch 0 column count mismatch: got 13, expected 10
[2026-09-07 12:52:58.501] [warning] [gpu_pipeline_task.cpp:77] gpu_pipeline_task: operator 'HASH_GROUP_BY' (id=3) output batch 0 column count mismatch: got 13, expected 10
[2026-09-07 12:52:58.502] [warning] [gpu_pipeline_task.cpp:77] gpu_pipeline_task: operator 'HASH_GROUP_BY' (id=3) output batch 0 column count mismatch: got 13, expected 10
[2026-09-07 12:52:58.503] [warning] [gpu_pipeline_task.cpp:77] gpu_pipeline_task: operator 'HASH_GROUP_BY' (id=3) output batch 0 column count mismatch: got 13, expected 10
[2026-09-07 12:52:58.503] [warning] [gpu_pipeline_task.cpp:77] gpu_pipeline_task: operator 'HASH_GROUP_BY' (id=3) output batch 0 column count mismatch: got 13, expected 10
[2026-09-07 12:52:58.504] [warning] [gpu_pipeline_task.cpp:77] gpu_pipeline_task: operator 'HASH_GROUP_BY' (id=3) output batch 0 column count mismatch: got 13, expected 10
[2026-09-07 12:52:58.504] [warning] [gpu_pipeline_task.cpp:77] gpu_pipeline_task: operator 'HASH_GROUP_BY' (id=3) output batch 0 column count mismatch: got 13, expected 10
[2026-09-07 12:52:58.505] [warning] [gpu_pipeline_task.cpp:77] gpu_pipeline_task: operator 'HASH_GROUP_BY' (id=3) output batch 0 column count mismatch: got 13, expected 10
[2026-09-07 12:52:58.506] [warning] [gpu_pipeline_task.cpp:77] gpu_pipeline_task: operator 'HASH_GROUP_BY' (id=3) output batch 0 column count mismatch: got 13, expected 10
[2026-09-07 12:52:58.507] [warning] [gpu_pipeline_task.cpp:77] gpu_pipeline_task: operator 'HASH_GROUP_BY' (id=3) output batch 0 column count mismatch: got 13, expected 10
[2026-09-07 12:52:58.508] [warning] [gpu_pipeline_task.cpp:77] gpu_pipeline_task: operator 'HASH_GROUP_BY' (id=3) output batch 0 column count mismatch: got 13, expected 10
[2026-09-07 12:52:58.508] [warning] [gpu_pipeline_task.cpp:77] gpu_pipeline_task: operator 'HASH_GROUP_BY' (id=3) output batch 0 column count mismatch: got 13, expected 10
[2026-09-07 12:52:58.508] [warning] [gpu_pipeline_task.cpp:77] gpu_pipeline_task: operator 'HASH_GROUP_BY' (id=3) output batch 0 column count mismatch: got 13, expected 10
[2026-09-07 12:52:58.509] [warning] [gpu_pipeline_task.cpp:77] gpu_pipeline_task: operator 'HASH_GROUP_BY' (id=3) output batch 0 column count mismatch: got 13, expected 10
[2026-09-07 12:52:58.509] [warning] [gpu_pipeline_task.cpp:77] gpu_pipeline_task: operator 'PARTITION' (id=4) output batch 0 column count mismatch: got 13, expected 10
[2026-09-07 12:52:58.509] [warning] [gpu_pipeline_task.cpp:77] gpu_pipeline_task: operator 'PARTITION' (id=4) output batch 0 column count mismatch: got 13, expected 10
[2026-09-07 12:52:58.509] [warning] [gpu_pipeline_task.cpp:77] gpu_pipeline_task: operator 'PARTITION' (id=4) output batch 0 column count mismatch: got 13, expected 10
[2026-09-07 12:52:58.509] [warning] [gpu_pipeline_task.cpp:77] gpu_pipeline_task: operator 'PARTITION' (id=4) output batch 0 column count mismatch: got 13, expected 10
[2026-09-07 12:52:58.509] [warning] [gpu_pipeline_task.cpp:77] gpu_pipeline_task: operator 'PARTITION' (id=4) output batch 0 column count mismatch: got 13, expected 10
[2026-09-07 12:52:58.509] [warning] [gpu_pipeline_task.cpp:77] gpu_pipeline_task: operator 'PARTITION' (id=4) output batch 0 column count mismatch: got 13, expected 10
[2026-09-07 12:52:58.509] [warning] [gpu_pipeline_task.cpp:77] gpu_pipeline_task: operator 'PARTITION' (id=4) output batch 0 column count mismatch: got 13, expected 10
[2026-09-07 12:52:58.509] [warning] [gpu_pipeline_task.cpp:77] gpu_pipeline_task: operator 'PARTITION' (id=4) output batch 0 column count mismatch: got 13, expected 10
[2026-09-07 12:52:58.509] [warning] [gpu_pipeline_task.cpp:77] gpu_pipeline_task: operator 'PARTITION' (id=4) output batch 0 column count mismatch: got 13, expected 10
[2026-09-07 12:52:58.509] [warning] [gpu_pipeline_task.cpp:77] gpu_pipeline_task: operator 'PARTITION' (id=4) output batch 0 column count mismatch: got 13, expected 10
[2026-09-07 12:52:58.509] [warning] [gpu_pipeline_task.cpp:77] gpu_pipeline_task: operator 'PARTITION' (id=4) output batch 0 column count mismatch: got 13, expected 10
[2026-09-07 12:52:58.509] [warning] [gpu_pipeline_task.cpp:77] gpu_pipeline_task: operator 'PARTITION' (id=4) output batch 0 column count mismatch: got 13, expected 10
[2026-09-07 12:52:58.509] [warning] [gpu_pipeline_task.cpp:77] gpu_pipeline_task: operator 'PARTITION' (id=4) output batch 0 column count mismatch: got 13, expected 10
[2026-09-07 12:52:58.509] [warning] [gpu_pipeline_task.cpp:77] gpu_pipeline_task: operator 'PARTITION' (id=4) output batch 0 column count mismatch: got 13, expected 10
[2026-09-07 12:52:58.509] [warning] [gpu_pipeline_task.cpp:77] gpu_pipeline_task: operator 'PARTITION' (id=4) output batch 0 column count mismatch: got 13, expected 10
[2026-09-07 12:52:58.509] [warning] [gpu_pipeline_task.cpp:77] gpu_pipeline_task: operator 'PARTITION' (id=4) output batch 0 column count mismatch: got 13, expected 10
[2026-09-07 12:52:58.509] [warning] [gpu_pipeline_task.cpp:77] gpu_pipeline_task: operator 'PARTITION' (id=4) output batch 0 column count mismatch: got 13, expected 10
[2026-09-07 12:52:58.509] [warning] [gpu_pipeline_task.cpp:77] gpu_pipeline_task: operator 'PARTITION' (id=4) output batch 0 column count mismatch: got 13, expected 10
[2026-09-07 12:52:58.509] [warning] [gpu_pipeline_task.cpp:77] gpu_pipeline_task: operator 'PARTITION' (id=4) output batch 0 column count mismatch: got 13, expected 10
[2026-09-07 12:52:58.509] [warning] [gpu_pipeline_task.cpp:77] gpu_pipeline_task: operator 'PARTITION' (id=4) output batch 0 column count mismatch: got 13, expected 10
[2026-09-07 12:52:58.509] [warning] [gpu_pipeline_task.cpp:77] gpu_pipeline_task: operator 'PARTITION' (id=4) output batch 0 column count mismatch: got 13, expected 10
[2026-09-07 12:52:58.509] [warning] [gpu_pipeline_task.cpp:77] gpu_pipeline_task: operator 'PARTITION' (id=4) output batch 0 column count mismatch: got 13, expected 10
[2026-09-07 12:52:58.509] [warning] [gpu_pipeline_task.cpp:77] gpu_pipeline_task: operator 'PARTITION' (id=4) output batch 0 column count mismatch: got 13, expected 10
[2026-09-07 12:52:58.509] [warning] [gpu_pipeline_task.cpp:77] gpu_pipeline_task: operator 'PARTITION' (id=4) output batch 0 column count mismatch: got 13, expected 10
[2026-09-07 12:52:58.509] [warning] [gpu_pipeline_task.cpp:77] gpu_pipeline_task: operator 'PARTITION' (id=4) output batch 0 column count mismatch: got 13, expected 10
[2026-09-07 12:52:58.509] [warning] [gpu_pipeline_task.cpp:77] gpu_pipeline_task: operator 'PARTITION' (id=4) output batch 0 column count mismatch: got 13, expected 10
[2026-09-07 12:52:58.509] [warning] [gpu_pipeline_task.cpp:77] gpu_pipeline_task: operator 'PARTITION' (id=4) output batch 0 column count mismatch: got 13, expected 10
[2026-09-07 12:52:58.509] [warning] [gpu_pipeline_task.cpp:77] gpu_pipeline_task: operator 'PARTITION' (id=4) output batch 0 column count mismatch: got 13, expected 10
[2026-09-07 12:52:58.509] [warning] [gpu_pipeline_task.cpp:77] gpu_pipeline_task: operator 'PARTITION' (id=4) output batch 0 column count mismatch: got 13, expected 10
[2026-09-07 12:52:58.509] [warning] [gpu_pipeline_task.cpp:77] gpu_pipeline_task: operator 'PARTITION' (id=4) output batch 0 column count mismatch: got 13, expected 10
[2026-09-07 12:52:58.509] [warning] [gpu_pipeline_task.cpp:77] gpu_pipeline_task: operator 'PARTITION' (id=4) output batch 0 column count mismatch: got 13, expected 10
[2026-09-07 12:52:58.509] [warning] [gpu_pipeline_task.cpp:77] gpu_pipeline_task: operator 'PARTITION' (id=4) output batch 0 column count mismatch: got 13, expected 10
[2026-09-07 12:52:58.509] [warning] [gpu_pipeline_task.cpp:77] gpu_pipeline_task: operator 'PARTITION' (id=4) output batch 0 column count mismatch: got 13, expected 10
[2026-09-07 12:52:58.509] [warning] [gpu_pipeline_task.cpp:77] gpu_pipeline_task: operator 'PARTITION' (id=4) output batch 0 column count mismatch: got 13, expected 10
[2026-09-07 12:52:58.509] [warning] [gpu_pipeline_task.cpp:77] gpu_pipeline_task: operator 'PARTITION' (id=4) output batch 0 column count mismatch: got 13, expected 10
[2026-09-07 12:52:58.509] [warning] [gpu_pipeline_task.cpp:77] gpu_pipeline_task: operator 'PARTITION' (id=4) output batch 0 column count mismatch: got 13, expected 10
[2026-09-07 12:52:58.509] [warning] [gpu_pipeline_task.cpp:77] gpu_pipeline_task: operator 'PARTITION' (id=4) output batch 0 column count mismatch: got 13, expected 10
[2026-09-07 12:52:58.509] [warning] [gpu_pipeline_task.cpp:77] gpu_pipeline_task: operator 'PARTITION' (id=4) output batch 0 column count mismatch: got 13, expected 10
[2026-09-07 12:52:58.509] [warning] [gpu_pipeline_task.cpp:77] gpu_pipeline_task: operator 'PARTITION' (id=4) output batch 0 column count mismatch: got 13, expected 10
[2026-09-07 12:52:58.509] [warning] [gpu_pipeline_task.cpp:77] gpu_pipeline_task: operator 'PARTITION' (id=4) output batch 0 column count mismatch: got 13, expected 10
[2026-09-07 12:52:58.509] [warning] [gpu_pipeline_task.cpp:77] gpu_pipeline_task: operator 'PARTITION' (id=4) output batch 0 column count mismatch: got 13, expected 10
[2026-09-07 12:52:58.509] [warning] [gpu_pipeline_task.cpp:77] gpu_pipeline_task: operator 'PARTITION' (id=4) output batch 0 column count mismatch: got 13, expected 10
[2026-09-07 12:52:58.510] [warning] [gpu_pipeline_task.cpp:77] gpu_pipeline_task: operator 'PARTITION' (id=4) output batch 0 column count mismatch: got 13, expected 10
[2026-09-07 12:52:58.510] [warning] [gpu_pipeline_task.cpp:77] gpu_pipeline_task: operator 'PARTITION' (id=4) output batch 0 column count mismatch: got 13, expected 10
[2026-09-07 12:52:58.510] [warning] [gpu_pipeline_task.cpp:77] gpu_pipeline_task: operator 'PARTITION' (id=4) output batch 0 column count mismatch: got 13, expected 10
[2026-09-07 12:52:58.510] [warning] [gpu_pipeline_task.cpp:77] gpu_pipeline_task: operator 'PARTITION' (id=4) output batch 0 column count mismatch: got 13, expected 10
[2026-09-07 12:52:58.510] [warning] [gpu_pipeline_task.cpp:77] gpu_pipeline_task: operator 'PARTITION' (id=4) output batch 0 column count mismatch: got 13, expected 10
[2026-09-07 12:52:58.510] [warning] [gpu_pipeline_task.cpp:77] gpu_pipeline_task: operator 'PARTITION' (id=4) output batch 0 column count mismatch: got 13, expected 10
[2026-09-07 12:52:58.510] [warning] [gpu_pipeline_task.cpp:77] gpu_pipeline_task: operator 'PARTITION' (id=4) output batch 0 column count mismatch: got 13, expected 10
[2026-09-07 12:52:58.510] [warning] [gpu_pipeline_task.cpp:77] gpu_pipeline_task: operator 'PARTITION' (id=4) output batch 0 column count mismatch: got 13, expected 10
[2026-09-07 12:52:58.510] [warning] [gpu_pipeline_task.cpp:77] gpu_pipeline_task: operator 'PARTITION' (id=4) output batch 0 column count mismatch: got 13, expected 10
[2026-09-07 12:52:58.510] [warning] [gpu_pipeline_task.cpp:77] gpu_pipeline_task: operator 'PARTITION' (id=4) output batch 0 column count mismatch: got 13, expected 10
[2026-09-07 12:52:58.510] [warning] [gpu_pipeline_task.cpp:77] gpu_pipeline_task: operator 'PARTITION' (id=4) output batch 0 column count mismatch: got 13, expected 10
[2026-09-07 12:52:58.510] [warning] [gpu_pipeline_task.cpp:77] gpu_pipeline_task: operator 'PARTITION' (id=4) output batch 0 column count mismatch: got 13, expected 10
[2026-09-07 12:52:58.510] [warning] [gpu_pipeline_task.cpp:77] gpu_pipeline_task: operator 'PARTITION' (id=4) output batch 0 column count mismatch: got 13, expected 10
[2026-09-07 12:52:58.510] [warning] [gpu_pipeline_task.cpp:77] gpu_pipeline_task: operator 'PARTITION' (id=4) output batch 0 column count mismatch: got 13, expected 10
[2026-09-07 12:52:58.510] [warning] [gpu_pipeline_task.cpp:77] gpu_pipeline_task: operator 'PARTITION' (id=4) output batch 0 column count mismatch: got 13, expected 10
[2026-09-07 12:52:58.510] [warning] [gpu_pipeline_task.cpp:77] gpu_pipeline_task: operator 'PARTITION' (id=4) output batch 0 column count mismatch: got 13, expected 10
[2026-09-07 12:52:58.510] [warning] [gpu_pipeline_task.cpp:77] gpu_pipeline_task: operator 'PARTITION' (id=4) output batch 0 column count mismatch: got 13, expected 10
[2026-09-07 12:52:58.510] [warning] [gpu_pipeline_task.cpp:77] gpu_pipeline_task: operator 'PARTITION' (id=4) output batch 0 column count mismatch: got 13, expected 10
[2026-09-07 12:52:58.510] [warning] [gpu_pipeline_task.cpp:77] gpu_pipeline_task: operator 'PARTITION' (id=4) output batch 0 column count mismatch: got 13, expected 10
[2026-09-07 12:52:58.510] [warning] [gpu_pipeline_task.cpp:77] gpu_pipeline_task: operator 'PARTITION' (id=4) output batch 0 column count mismatch: got 13, expected 10
[2026-09-07 12:52:58.510] [warning] [gpu_pipeline_task.cpp:77] gpu_pipeline_task: operator 'PARTITION' (id=4) output batch 0 column count mismatch: got 13, expected 10
[2026-09-07 12:52:58.510] [warning] [gpu_pipeline_task.cpp:77] gpu_pipeline_task: operator 'PARTITION' (id=4) output batch 0 column count mismatch: got 13, expected 10
[2026-09-07 12:52:58.510] [warning] [gpu_pipeline_task.cpp:77] gpu_pipeline_task: operator 'PARTITION' (id=4) output batch 0 column count mismatch: got 13, expected 10
[2026-09-07 12:52:58.510] [warning] [gpu_pipeline_task.cpp:77] gpu_pipeline_task: operator 'PARTITION' (id=4) output batch 0 column count mismatch: got 13, expected 10
[2026-09-07 12:52:58.510] [warning] [gpu_pipeline_task.cpp:77] gpu_pipeline_task: operator 'PARTITION' (id=4) output batch 0 column count mismatch: got 13, expected 10
[2026-09-07 12:52:58.510] [warning] [gpu_pipeline_task.cpp:77] gpu_pipeline_task: operator 'PARTITION' (id=4) output batch 0 column count mismatch: got 13, expected 10
[2026-09-07 12:52:58.510] [warning] [gpu_pipeline_task.cpp:77] gpu_pipeline_task: operator 'PARTITION' (id=4) output batch 0 column count mismatch: got 13, expected 10
[2026-09-07 12:52:58.510] [warning] [gpu_pipeline_task.cpp:77] gpu_pipeline_task: operator 'PARTITION' (id=4) output batch 0 column count mismatch: got 13, expected 10
[2026-09-07 12:52:58.510] [warning] [gpu_pipeline_task.cpp:77] gpu_pipeline_task: operator 'PARTITION' (id=4) output batch 0 column count mismatch: got 13, expected 10
[2026-09-07 12:52:58.510] [warning] [gpu_pipeline_task.cpp:77] gpu_pipeline_task: operator 'PARTITION' (id=4) output batch 0 column count mismatch: got 13, expected 10
[2026-09-07 12:52:58.510] [warning] [gpu_pipeline_task.cpp:77] gpu_pipeline_task: operator 'PARTITION' (id=4) output batch 0 column count mismatch: got 13, expected 10
[2026-09-07 12:52:58.510] [warning] [gpu_pipeline_task.cpp:77] gpu_pipeline_task: operator 'PARTITION' (id=4) output batch 0 column count mismatch: got 13, expected 10
[2026-09-07 12:52:58.510] [warning] [gpu_pipeline_task.cpp:77] gpu_pipeline_task: operator 'PARTITION' (id=4) output batch 0 column count mismatch: got 13, expected 10
[2026-09-07 12:52:58.510] [warning] [gpu_pipeline_task.cpp:77] gpu_pipeline_task: operator 'PARTITION' (id=4) output batch 0 column count mismatch: got 13, expected 10
[2026-09-07 12:52:58.510] [warning] [gpu_pipeline_task.cpp:77] gpu_pipeline_task: operator 'PARTITION' (id=4) output batch 0 column count mismatch: got 13, expected 10
[2026-09-07 12:52:58.510] [warning] [gpu_pipeline_task.cpp:77] gpu_pipeline_task: operator 'PARTITION' (id=4) output batch 0 column count mismatch: got 13, expected 10
[2026-09-07 12:52:58.510] [warning] [gpu_pipeline_task.cpp:77] gpu_pipeline_task: operator 'PARTITION' (id=4) output batch 0 column count mismatch: got 13, expected 10
[2026-09-07 12:52:58.510] [warning] [gpu_pipeline_task.cpp:77] gpu_pipeline_task: operator 'PARTITION' (id=4) output batch 0 column count mismatch: got 13, expected 10
[2026-09-07 12:52:58.510] [warning] [gpu_pipeline_task.cpp:77] gpu_pipeline_task: operator 'PARTITION' (id=4) output batch 0 column count mismatch: got 13, expected 10
[2026-09-07 12:52:58.510] [warning] [gpu_pipeline_task.cpp:77] gpu_pipeline_task: operator 'PARTITION' (id=4) output batch 0 column count mismatch: got 13, expected 10
[2026-09-07 12:52:58.510] [warning] [gpu_pipeline_task.cpp:77] gpu_pipeline_task: operator 'PARTITION' (id=4) output batch 0 column count mismatch: got 13, expected 10
[2026-09-07 12:52:58.510] [warning] [gpu_pipeline_task.cpp:77] gpu_pipeline_task: operator 'PARTITION' (id=4) output batch 0 column count mismatch: got 13, expected 10
[2026-09-07 12:52:58.510] [warning] [gpu_pipeline_task.cpp:77] gpu_pipeline_task: operator 'PARTITION' (id=4) output batch 0 column count mismatch: got 13, expected 10
[2026-09-07 12:52:58.510] [warning] [gpu_pipeline_task.cpp:77] gpu_pipeline_task: operator 'PARTITION' (id=4) output batch 0 column count mismatch: got 13, expected 10
[2026-09-07 12:52:58.510] [warning] [gpu_pipeline_task.cpp:77] gpu_pipeline_task: operator 'PARTITION' (id=4) output batch 0 column count mismatch: got 13, expected 10
[2026-09-07 12:52:58.510] [warning] [gpu_pipeline_task.cpp:77] gpu_pipeline_task: operator 'PARTITION' (id=4) output batch 0 column count mismatch: got 13, expected 10
[2026-09-07 12:52:58.510] [warning] [gpu_pipeline_task.cpp:77] gpu_pipeline_task: operator 'PARTITION' (id=4) output batch 0 column count mismatch: got 13, expected 10
[2026-09-07 12:52:58.510] [warning] [gpu_pipeline_task.cpp:77] gpu_pipeline_task: operator 'PARTITION' (id=4) output batch 0 column count mismatch: got 13, expected 10
[2026-09-07 12:52:58.510] [warning] [gpu_pipeline_task.cpp:77] gpu_pipeline_task: operator 'PARTITION' (id=4) output batch 0 column count mismatch: got 13, expected 10
[2026-09-07 12:52:58.510] [warning] [gpu_pipeline_task.cpp:77] gpu_pipeline_task: operator 'PARTITION' (id=4) output batch 0 column count mismatch: got 13, expected 10
[2026-09-07 12:52:58.510] [warning] [gpu_pipeline_task.cpp:77] gpu_pipeline_task: operator 'PARTITION' (id=4) output batch 0 column count mismatch: got 13, expected 10
[2026-09-07 12:52:58.510] [warning] [gpu_pipeline_task.cpp:77] gpu_pipeline_task: operator 'PARTITION' (id=4) output batch 0 column count mismatch: got 13, expected 10
[2026-09-07 12:52:58.510] [warning] [gpu_pipeline_task.cpp:77] gpu_pipeline_task: operator 'PARTITION' (id=4) output batch 0 column count mismatch: got 13, expected 10
[2026-09-07 12:52:58.510] [warning] [gpu_pipeline_task.cpp:77] gpu_pipeline_task: operator 'PARTITION' (id=4) output batch 0 column count mismatch: got 13, expected 10
[2026-09-07 12:52:58.510] [warning] [gpu_pipeline_task.cpp:77] gpu_pipeline_task: operator 'PARTITION' (id=4) output batch 0 column count mismatch: got 13, expected 10
[2026-09-07 12:52:58.510] [warning] [gpu_pipeline_task.cpp:77] gpu_pipeline_task: operator 'PARTITION' (id=4) output batch 0 column count mismatch: got 13, expected 10
[2026-09-07 12:52:58.510] [warning] [gpu_pipeline_task.cpp:77] gpu_pipeline_task: operator 'PARTITION' (id=4) output batch 0 column count mismatch: got 13, expected 10
[2026-09-07 12:52:58.510] [warning] [gpu_pipeline_task.cpp:77] gpu_pipeline_task: operator 'PARTITION' (id=4) output batch 0 column count mismatch: got 13, expected 10
[2026-09-07 12:52:58.510] [warning] [gpu_pipeline_task.cpp:77] gpu_pipeline_task: operator 'PARTITION' (id=4) output batch 0 column count mismatch: got 13, expected 10
[2026-09-07 12:52:58.510] [warning] [gpu_pipeline_task.cpp:77] gpu_pipeline_task: operator 'PARTITION' (id=4) output batch 0 column count mismatch: got 13, expected 10
[2026-09-07 12:52:58.510] [warning] [gpu_pipeline_task.cpp:77] gpu_pipeline_task: operator 'PARTITION' (id=4) output batch 0 column count mismatch: got 13, expected 10
[2026-09-07 12:52:58.510] [warning] [gpu_pipeline_task.cpp:77] gpu_pipeline_task: operator 'PARTITION' (id=4) output batch 0 column count mismatch: got 13, expected 10
[2026-09-07 12:52:58.510] [warning] [gpu_pipeline_task.cpp:77] gpu_pipeline_task: operator 'PARTITION' (id=4) output batch 0 column count mismatch: got 13, expected 10
[2026-09-07 12:52:58.510] [warning] [gpu_pipeline_task.cpp:77] gpu_pipeline_task: operator 'PARTITION' (id=4) output batch 0 column count mismatch: got 13, expected 10
[2026-09-07 12:52:58.510] [warning] [gpu_pipeline_task.cpp:77] gpu_pipeline_task: operator 'PARTITION' (id=4) output batch 0 column count mismatch: got 13, expected 10
[2026-09-07 12:52:58.510] [warning] [gpu_pipeline_task.cpp:77] gpu_pipeline_task: operator 'PARTITION' (id=4) output batch 0 column count mismatch: got 13, expected 10
[2026-09-07 12:52:58.510] [warning] [gpu_pipeline_task.cpp:77] gpu_pipeline_task: operator 'PARTITION' (id=4) output batch 0 column count mismatch: got 13, expected 10
[2026-09-07 12:52:58.510] [warning] [gpu_pipeline_task.cpp:77] gpu_pipeline_task: operator 'PARTITION' (id=4) output batch 0 column count mismatch: got 13, expected 10
[2026-09-07 12:52:58.510] [warning] [gpu_pipeline_task.cpp:77] gpu_pipeline_task: operator 'PARTITION' (id=4) output batch 0 column count mismatch: got 13, expected 10
[2026-09-07 12:52:58.510] [warning] [gpu_pipeline_task.cpp:77] gpu_pipeline_task: operator 'PARTITION' (id=4) output batch 0 column count mismatch: got 13, expected 10
[2026-09-07 12:52:58.510] [warning] [gpu_pipeline_task.cpp:77] gpu_pipeline_task: operator 'PARTITION' (id=4) output batch 0 column count mismatch: got 13, expected 10
[2026-09-07 12:52:58.510] [warning] [gpu_pipeline_task.cpp:77] gpu_pipeline_task: operator 'PARTITION' (id=4) output batch 0 column count mismatch: got 13, expected 10
[2026-09-07 12:52:58.510] [warning] [gpu_pipeline_task.cpp:77] gpu_pipeline_task: operator 'PARTITION' (id=4) output batch 0 column count mismatch: got 13, expected 10
[2026-09-07 12:52:58.510] [warning] [gpu_pipeline_task.cpp:77] gpu_pipeline_task: operator 'PARTITION' (id=4) output batch 0 column count mismatch: got 13, expected 10
[2026-09-07 12:52:58.510] [warning] [gpu_pipeline_task.cpp:77] gpu_pipeline_task: operator 'PARTITION' (id=4) output batch 0 column count mismatch: got 13, expected 10
[2026-09-07 12:52:58.510] [warning] [gpu_pipeline_task.cpp:77] gpu_pipeline_task: operator 'PARTITION' (id=4) output batch 0 column count mismatch: got 13, expected 10
[2026-09-07 12:52:58.510] [warning] [gpu_pipeline_task.cpp:77] gpu_pipeline_task: operator 'PARTITION' (id=4) output batch 0 column count mismatch: got 13, expected 10
[2026-09-07 12:52:58.510] [warning] [gpu_pipeline_task.cpp:77] gpu_pipeline_task: operator 'PARTITION' (id=4) output batch 0 column count mismatch: got 13, expected 10
[2026-09-07 12:52:58.510] [warning] [gpu_pipeline_task.cpp:77] gpu_pipeline_task: operator 'PARTITION' (id=4) output batch 0 column count mismatch: got 13, expected 10
[2026-09-07 12:52:58.510] [warning] [gpu_pipeline_task.cpp:77] gpu_pipeline_task: operator 'PARTITION' (id=4) output batch 0 column count mismatch: got 13, expected 10
[2026-09-07 12:52:58.510] [warning] [gpu_pipeline_task.cpp:77] gpu_pipeline_task: operator 'PARTITION' (id=4) output batch 0 column count mismatch: got 13, expected 10
[2026-09-07 12:52:58.510] [warning] [gpu_pipeline_task.cpp:77] gpu_pipeline_task: operator 'PARTITION' (id=4) output batch 0 column count mismatch: got 13, expected 10
[2026-09-07 12:52:58.510] [warning] [gpu_pipeline_task.cpp:77] gpu_pipeline_task: operator 'PARTITION' (id=4) output batch 0 column count mismatch: got 13, expected 10
[2026-09-07 12:52:58.510] [warning] [gpu_pipeline_task.cpp:77] gpu_pipeline_task: operator 'PARTITION' (id=4) output batch 0 column count mismatch: got 13, expected 10
[2026-09-07 12:52:58.510] [warning] [gpu_pipeline_task.cpp:77] gpu_pipeline_task: operator 'PARTITION' (id=4) output batch 0 column count mismatch: got 13, expected 10
[2026-09-07 12:52:58.510] [warning] [gpu_pipeline_task.cpp:77] gpu_pipeline_task: operator 'PARTITION' (id=4) output batch 0 column count mismatch: got 13, expected 10
[2026-09-07 12:52:58.510] [warning] [gpu_pipeline_task.cpp:77] gpu_pipeline_task: operator 'PARTITION' (id=4) output batch 0 column count mismatch: got 13, expected 10
[2026-09-07 12:52:58.510] [warning] [gpu_pipeline_task.cpp:77] gpu_pipeline_task: operator 'PARTITION' (id=4) output batch 0 column count mismatch: got 13, expected 10
[2026-09-07 12:52:58.510] [warning] [gpu_pipeline_task.cpp:77] gpu_pipeline_task: operator 'PARTITION' (id=4) output batch 0 column count mismatch: got 13, expected 10
[2026-09-07 12:52:58.510] [warning] [gpu_pipeline_task.cpp:77] gpu_pipeline_task: operator 'PARTITION' (id=4) output batch 0 column count mismatch: got 13, expected 10
[2026-09-07 12:52:58.510] [warning] [gpu_pipeline_task.cpp:77] gpu_pipeline_task: operator 'PARTITION' (id=4) output batch 0 column count mismatch: got 13, expected 10
[2026-09-07 12:52:58.510] [warning] [gpu_pipeline_task.cpp:77] gpu_pipeline_task: operator 'PARTITION' (id=4) output batch 0 column count mismatch: got 13, expected 10
[2026-09-07 12:52:58.510] [warning] [gpu_pipeline_task.cpp:77] gpu_pipeline_task: operator 'PARTITION' (id=4) output batch 0 column count mismatch: got 13, expected 10
[2026-09-07 12:52:58.510] [warning] [gpu_pipeline_task.cpp:77] gpu_pipeline_task: operator 'PARTITION' (id=4) output batch 0 column count mismatch: got 13, expected 10
[2026-09-07 12:52:58.510] [warning] [gpu_pipeline_task.cpp:77] gpu_pipeline_task: operator 'PARTITION' (id=4) output batch 0 column count mismatch: got 13, expected 10
[2026-09-07 12:52:58.510] [warning] [gpu_pipeline_task.cpp:77] gpu_pipeline_task: operator 'PARTITION' (id=4) output batch 0 column count mismatch: got 13, expected 10
[2026-09-07 12:52:58.510] [warning] [gpu_pipeline_task.cpp:77] gpu_pipeline_task: operator 'PARTITION' (id=4) output batch 0 column count mismatch: got 13, expected 10
[2026-09-07 12:52:58.510] [warning] [gpu_pipeline_task.cpp:77] gpu_pipeline_task: operator 'PARTITION' (id=4) output batch 0 column count mismatch: got 13, expected 10
[2026-09-07 12:52:58.510] [warning] [gpu_pipeline_task.cpp:77] gpu_pipeline_task: operator 'PARTITION' (id=4) output batch 0 column count mismatch: got 13, expected 10
[2026-09-07 12:52:58.510] [warning] [gpu_pipeline_task.cpp:77] gpu_pipeline_task: operator 'PARTITION' (id=4) output batch 0 column count mismatch: got 13, expected 10
[2026-09-07 12:52:58.510] [warning] [gpu_pipeline_task.cpp:77] gpu_pipeline_task: operator 'PARTITION' (id=4) output batch 0 column count mismatch: got 13, expected 10
[2026-09-07 12:52:58.510] [warning] [gpu_pipeline_task.cpp:77] gpu_pipeline_task: operator 'PARTITION' (id=4) output batch 0 column count mismatch: got 13, expected 10
[2026-09-07 12:52:58.510] [warning] [gpu_pipeline_task.cpp:77] gpu_pipeline_task: operator 'PARTITION' (id=4) output batch 0 column count mismatch: got 13, expected 10
[2026-09-07 12:52:58.510] [warning] [gpu_pipeline_task.cpp:77] gpu_pipeline_task: operator 'PARTITION' (id=4) output batch 0 column count mismatch: got 13, expected 10
[2026-09-07 12:52:58.510] [warning] [gpu_pipeline_task.cpp:77] gpu_pipeline_task: operator 'PARTITION' (id=4) output batch 0 column count mismatch: got 13, expected 10
[2026-09-07 12:52:58.510] [warning] [gpu_pipeline_task.cpp:77] gpu_pipeline_task: operator 'PARTITION' (id=4) output batch 0 column count mismatch: got 13, expected 10
[2026-09-07 12:52:58.510] [warning] [gpu_pipeline_task.cpp:77] gpu_pipeline_task: operator 'PARTITION' (id=4) output batch 0 column count mismatch: got 13, expected 10
[2026-09-07 12:52:58.510] [warning] [gpu_pipeline_task.cpp:77] gpu_pipeline_task: operator 'PARTITION' (id=4) output batch 0 column count mismatch: got 13, expected 10
[2026-09-07 12:52:58.510] [warning] [gpu_pipeline_task.cpp:77] gpu_pipeline_task: operator 'PARTITION' (id=4) output batch 0 column count mismatch: got 13, expected 10
[2026-09-07 12:52:58.517] [info] [gpu_pipeline_executor.cpp:129] GPU Pipeline Executor: task queue interrupted, stopping manager loop
[2026-09-07 12:52:58.517] [info] [sirius_context.cpp:405] QueryEnd
[2026-09-07 12:52:58.517] [info] [memory_prefetcher.cpp:72] [memory_prefetcher] stopping: prefetched 0 batches / 0 bytes (stops: headroom=0 reservation=0, skips: lock=0 draining=3, errors=0)
[2026-09-07 12:52:58.517] [info] [sirius_context.cpp:256] [host_pool] HOST:0 QueryEnd instance=0xf7a4dd960390 connection=1 window=3 query=10 allocated=17515413504 bytes peak=17582522368 bytes free_blocks=539
[2026-09-07 12:52:58.517] [info] [sirius_context.cpp:271] [gpu_pool] GPU:0 QueryEnd instance=0xf7a4dd960390 connection=1 window=3 query=10 allocated=3450527744 bytes peak=4794132186 bytes reserved=0 bytes
[2026-09-07 12:52:58.517] [info] [sirius_context.cpp:521] [window] end instance=0xf7a4dd960390 connection=1 window=3 query=10 outcome=ok
[2026-09-07 12:52:58.517] [info] [physical_sirius_execution.cpp:327] Transparent GPU execution: query completed
[2026-09-07 12:52:58.534] [info] [sirius_context.cpp:329] QueryBegin: instance=0xf7a4dd960390 connection=1 query=11 SQL: CALL sirius_set_query_label('q1_iter2')
[2026-09-07 12:52:58.535] [info] [sirius_context.cpp:329] QueryBegin: instance=0xf7a4dd960390 connection=1 query=12 SQL: SET gpu_execution = true;
[2026-09-07 12:52:58.535] [info] [sirius_context.cpp:329] QueryBegin: instance=0xf7a4dd960390 connection=1 query=13 SQL: select l_returnflag, l_linestatus, sum(l_quantity) as sum_qty, sum(l_extendedprice) as sum_base_price, sum(l_extendedprice * (1 - l_discount)) as sum_disc_price, sum(l_extendedprice * (1 - l_discount) * (1 + l_tax)) as sum_charge, avg(l_quantity) as avg_qty, avg(l_extendedprice) as avg_price, avg(l_discount) as avg_disc, count(*) as count_order from lineitem where l_shipdate <= date '1995-08-19' group by l_returnflag, l_linestatus order by l_returnflag, l_linestatus
[2026-09-07 12:52:58.540] [info] [sirius_context.cpp:1467] Transparent execution: Sirius physical plan generated successfully
[2026-09-07 12:52:58.540] [info] [sirius_context.cpp:1495] Transparent execution: physical plan replaced with GPU operator
[2026-09-07 12:52:58.540] [info] [physical_sirius_execution.cpp:157] Transparent GPU execution: executing query
[2026-09-07 12:52:58.540] [info] [sirius_context.cpp:521] [window] begin instance=0xf7a4dd960390 connection=1 window=4 query=13 outcome=-
[2026-09-07 12:52:58.540] [info] [sirius_context.cpp:256] [host_pool] HOST:0 QueryBegin instance=0xf7a4dd960390 connection=1 window=4 query=13 allocated=17515413504 bytes peak=17582522368 bytes free_blocks=539
[2026-09-07 12:52:58.540] [info] [sirius_context.cpp:271] [gpu_pool] GPU:0 QueryBegin instance=0xf7a4dd960390 connection=1 window=4 query=13 allocated=3450527744 bytes peak=4794132186 bytes reserved=0 bytes
[2026-09-07 12:52:58.540] [info] [sirius_context.cpp:389] QueryBegin: transparent_execution
[2026-09-07 12:52:58.542] [info] [sirius_engine.cpp:265] [gpu_alloc] query allocated 1 GPU(s): [0]
[2026-09-07 12:52:58.542] [info] [sirius_engine.cpp:318] Query Plan:
=== Pipeline Overview ===
Pipeline #0: GPU_SCAN (id=0) -> PROJECTION (id=1) -> PROJECTION (id=2) -> HASH_GROUP_BY (id=3)
  Output: -> PARTITION [port: default, barrier: FULL]
Pipeline #1: PARTITION (id=4)
  Input: <- Pipeline #0 [on: PARTITION (id=4), port: default, barrier: FULL]
  Dependencies: Pipeline #0
  Output: -> MERGE_GROUP_BY [port: default, barrier: FULL]
Pipeline #2: MERGE_GROUP_BY (id=5) -> ORDER_BY (id=6)
  Input: <- Pipeline #1 [on: MERGE_GROUP_BY (id=5), port: default, barrier: FULL]
  Dependencies: Pipeline #1
  Output: -> SORT_SAMPLE [port: default, barrier: PIPELINE]
Pipeline #3: SORT_SAMPLE (id=7) -> SORT_PARTITION (id=8)
  Input: <- Pipeline #2 [on: SORT_SAMPLE (id=7), port: default, barrier: PIPELINE]
  Dependencies: Pipeline #2
  Output: -> MERGE_SORT [port: default, barrier: FULL]
Pipeline #4: MERGE_SORT (id=9)
  Input: <- Pipeline #3 [on: MERGE_SORT (id=9), port: default, barrier: FULL]
  Dependencies: Pipeline #3
  Output: -> RESULT_COLLECTOR [port: default, barrier: FULL]
Pipeline #5: RESULT_COLLECTOR (id=10)
  Input: <- Pipeline #4 [on: RESULT_COLLECTOR (id=10), port: default, barrier: FULL]
  Dependencies: Pipeline #4

=== Query Plan DAG ===
┌──────────────────────────┐
│ Pipeline #5              │
│ RESULT_COLLECTOR (id=10) │
│ Input(#4): FULL          │
└────────────┬─────────────┘
             │              
┌──────────────────────────┐
│ Pipeline #4              │
│ MERGE_SORT (id=9)        │
│ Input(#3): FULL          │
└────────────┬─────────────┘
             │              
┌──────────────────────────┐
│ Pipeline #3              │
│ SORT_PARTITION (id=8)    │
│ SORT_SAMPLE (id=7)       │
│ Input(#2): PIPELINE      │
└────────────┬─────────────┘
             │              
┌──────────────────────────┐
│ Pipeline #2              │
│ ORDER_BY (id=6)          │
│ MERGE_GROUP_BY (id=5)    │
│ Input(#1): FULL          │
└────────────┬─────────────┘
             │              
┌──────────────────────────┐
│ Pipeline #1              │
│ PARTITION (id=4)         │
│ Input(#0): FULL          │
└────────────┬─────────────┘
             │              
┌──────────────────────────┐
│ Pipeline #0              │
│ HASH_GROUP_BY (id=3)     │
│ PROJECTION (id=2)        │
│ PROJECTION (id=1)        │
│ GPU_SCAN (id=0)          │
└──────────────────────────┘

[2026-09-07 12:52:58.542] [info] [sirius_engine.cpp:186] query 4 telemetry_query=01a07d6e57ae7a30b8e372a1db864644
[2026-09-07 12:52:58.542] [info] [sirius_scan_manager.cpp:2882] [sirius_scan_manager] zone-map pruning for pinned entry 'lineitem' (GPU tier): 134/285 chunks pruned, serving 151
[2026-09-07 12:52:58.542] [info] [sirius_scan_manager.cpp:2999] [sirius_scan_manager] assigned pinned entry 'lineitem' to operator '0'
[2026-09-07 12:52:58.542] [info] [sirius_scan_manager.cpp:823] [late-mat] operator 0: not deferring — the scan restricts rows and its pin is compressed, so the surviving rows are decided inside the decode
[2026-09-07 12:52:58.542] [info] [memory_prefetcher.cpp:59] [memory_prefetcher] started: 3 threads, 1 connectors, min_free_fraction=0.40
[2026-09-07 12:52:58.549] [warning] [gpu_pipeline_task.cpp:77] gpu_pipeline_task: operator 'HASH_GROUP_BY' (id=3) output batch 0 column count mismatch: got 13, expected 10
[2026-09-07 12:52:58.549] [warning] [gpu_pipeline_task.cpp:77] gpu_pipeline_task: operator 'HASH_GROUP_BY' (id=3) output batch 0 column count mismatch: got 13, expected 10
[2026-09-07 12:52:58.549] [warning] [gpu_pipeline_task.cpp:77] gpu_pipeline_task: operator 'HASH_GROUP_BY' (id=3) output batch 0 column count mismatch: got 13, expected 10
[2026-09-07 12:52:58.550] [warning] [gpu_pipeline_task.cpp:77] gpu_pipeline_task: operator 'HASH_GROUP_BY' (id=3) output batch 0 column count mismatch: got 13, expected 10
[2026-09-07 12:52:58.550] [warning] [gpu_pipeline_task.cpp:77] gpu_pipeline_task: operator 'HASH_GROUP_BY' (id=3) output batch 0 column count mismatch: got 13, expected 10
[2026-09-07 12:52:58.550] [warning] [gpu_pipeline_task.cpp:77] gpu_pipeline_task: operator 'HASH_GROUP_BY' (id=3) output batch 0 column count mismatch: got 13, expected 10
[2026-09-07 12:52:58.550] [warning] [gpu_pipeline_task.cpp:77] gpu_pipeline_task: operator 'HASH_GROUP_BY' (id=3) output batch 0 column count mismatch: got 13, expected 10
[2026-09-07 12:52:58.550] [warning] [gpu_pipeline_task.cpp:77] gpu_pipeline_task: operator 'HASH_GROUP_BY' (id=3) output batch 0 column count mismatch: got 13, expected 10
[2026-09-07 12:52:58.556] [warning] [gpu_pipeline_task.cpp:77] gpu_pipeline_task: operator 'HASH_GROUP_BY' (id=3) output batch 0 column count mismatch: got 13, expected 10
[2026-09-07 12:52:58.556] [warning] [gpu_pipeline_task.cpp:77] gpu_pipeline_task: operator 'HASH_GROUP_BY' (id=3) output batch 0 column count mismatch: got 13, expected 10
[2026-09-07 12:52:58.557] [warning] [gpu_pipeline_task.cpp:77] gpu_pipeline_task: operator 'HASH_GROUP_BY' (id=3) output batch 0 column count mismatch: got 13, expected 10
[2026-09-07 12:52:58.557] [warning] [gpu_pipeline_task.cpp:77] gpu_pipeline_task: operator 'HASH_GROUP_BY' (id=3) output batch 0 column count mismatch: got 13, expected 10
[2026-09-07 12:52:58.557] [warning] [gpu_pipeline_task.cpp:77] gpu_pipeline_task: operator 'HASH_GROUP_BY' (id=3) output batch 0 column count mismatch: got 13, expected 10
[2026-09-07 12:52:58.557] [warning] [gpu_pipeline_task.cpp:77] gpu_pipeline_task: operator 'HASH_GROUP_BY' (id=3) output batch 0 column count mismatch: got 13, expected 10
[2026-09-07 12:52:58.557] [warning] [gpu_pipeline_task.cpp:77] gpu_pipeline_task: operator 'HASH_GROUP_BY' (id=3) output batch 0 column count mismatch: got 13, expected 10
[2026-09-07 12:52:58.557] [warning] [gpu_pipeline_task.cpp:77] gpu_pipeline_task: operator 'HASH_GROUP_BY' (id=3) output batch 0 column count mismatch: got 13, expected 10
[2026-09-07 12:52:58.563] [warning] [gpu_pipeline_task.cpp:77] gpu_pipeline_task: operator 'HASH_GROUP_BY' (id=3) output batch 0 column count mismatch: got 13, expected 10
[2026-09-07 12:52:58.564] [warning] [gpu_pipeline_task.cpp:77] gpu_pipeline_task: operator 'HASH_GROUP_BY' (id=3) output batch 0 column count mismatch: got 13, expected 10
[2026-09-07 12:52:58.564] [warning] [gpu_pipeline_task.cpp:77] gpu_pipeline_task: operator 'HASH_GROUP_BY' (id=3) output batch 0 column count mismatch: got 13, expected 10
[2026-09-07 12:52:58.565] [warning] [gpu_pipeline_task.cpp:77] gpu_pipeline_task: operator 'HASH_GROUP_BY' (id=3) output batch 0 column count mismatch: got 13, expected 10
[2026-09-07 12:52:58.565] [warning] [gpu_pipeline_task.cpp:77] gpu_pipeline_task: operator 'HASH_GROUP_BY' (id=3) output batch 0 column count mismatch: got 13, expected 10
[2026-09-07 12:52:58.565] [warning] [gpu_pipeline_task.cpp:77] gpu_pipeline_task: operator 'HASH_GROUP_BY' (id=3) output batch 0 column count mismatch: got 13, expected 10
[2026-09-07 12:52:58.565] [warning] [gpu_pipeline_task.cpp:77] gpu_pipeline_task: operator 'HASH_GROUP_BY' (id=3) output batch 0 column count mismatch: got 13, expected 10
[2026-09-07 12:52:58.565] [warning] [gpu_pipeline_task.cpp:77] gpu_pipeline_task: operator 'HASH_GROUP_BY' (id=3) output batch 0 column count mismatch: got 13, expected 10
[2026-09-07 12:52:58.570] [warning] [gpu_pipeline_task.cpp:77] gpu_pipeline_task: operator 'HASH_GROUP_BY' (id=3) output batch 0 column count mismatch: got 13, expected 10
[2026-09-07 12:52:58.570] [warning] [gpu_pipeline_task.cpp:77] gpu_pipeline_task: operator 'HASH_GROUP_BY' (id=3) output batch 0 column count mismatch: got 13, expected 10
[2026-09-07 12:52:58.571] [warning] [gpu_pipeline_task.cpp:77] gpu_pipeline_task: operator 'HASH_GROUP_BY' (id=3) output batch 0 column count mismatch: got 13, expected 10
[2026-09-07 12:52:58.572] [warning] [gpu_pipeline_task.cpp:77] gpu_pipeline_task: operator 'HASH_GROUP_BY' (id=3) output batch 0 column count mismatch: got 13, expected 10
[2026-09-07 12:52:58.572] [warning] [gpu_pipeline_task.cpp:77] gpu_pipeline_task: operator 'HASH_GROUP_BY' (id=3) output batch 0 column count mismatch: got 13, expected 10
[2026-09-07 12:52:58.572] [warning] [gpu_pipeline_task.cpp:77] gpu_pipeline_task: operator 'HASH_GROUP_BY' (id=3) output batch 0 column count mismatch: got 13, expected 10
[2026-09-07 12:52:58.572] [warning] [gpu_pipeline_task.cpp:77] gpu_pipeline_task: operator 'HASH_GROUP_BY' (id=3) output batch 0 column count mismatch: got 13, expected 10
[2026-09-07 12:52:58.572] [warning] [gpu_pipeline_task.cpp:77] gpu_pipeline_task: operator 'HASH_GROUP_BY' (id=3) output batch 0 column count mismatch: got 13, expected 10
[2026-09-07 12:52:58.576] [warning] [gpu_pipeline_task.cpp:77] gpu_pipeline_task: operator 'HASH_GROUP_BY' (id=3) output batch 0 column count mismatch: got 13, expected 10
[2026-09-07 12:52:58.577] [warning] [gpu_pipeline_task.cpp:77] gpu_pipeline_task: operator 'HASH_GROUP_BY' (id=3) output batch 0 column count mismatch: got 13, expected 10
[2026-09-07 12:52:58.578] [warning] [gpu_pipeline_task.cpp:77] gpu_pipeline_task: operator 'HASH_GROUP_BY' (id=3) output batch 0 column count mismatch: got 13, expected 10
[2026-09-07 12:52:58.578] [warning] [gpu_pipeline_task.cpp:77] gpu_pipeline_task: operator 'HASH_GROUP_BY' (id=3) output batch 0 column count mismatch: got 13, expected 10
[2026-09-07 12:52:58.578] [warning] [gpu_pipeline_task.cpp:77] gpu_pipeline_task: operator 'HASH_GROUP_BY' (id=3) output batch 0 column count mismatch: got 13, expected 10
[2026-09-07 12:52:58.579] [warning] [gpu_pipeline_task.cpp:77] gpu_pipeline_task: operator 'HASH_GROUP_BY' (id=3) output batch 0 column count mismatch: got 13, expected 10
[2026-09-07 12:52:58.579] [warning] [gpu_pipeline_task.cpp:77] gpu_pipeline_task: operator 'HASH_GROUP_BY' (id=3) output batch 0 column count mismatch: got 13, expected 10
[2026-09-07 12:52:58.579] [warning] [gpu_pipeline_task.cpp:77] gpu_pipeline_task: operator 'HASH_GROUP_BY' (id=3) output batch 0 column count mismatch: got 13, expected 10
[2026-09-07 12:52:58.583] [warning] [gpu_pipeline_task.cpp:77] gpu_pipeline_task: operator 'HASH_GROUP_BY' (id=3) output batch 0 column count mismatch: got 13, expected 10
[2026-09-07 12:52:58.585] [warning] [gpu_pipeline_task.cpp:77] gpu_pipeline_task: operator 'HASH_GROUP_BY' (id=3) output batch 0 column count mismatch: got 13, expected 10
[2026-09-07 12:52:58.585] [warning] [gpu_pipeline_task.cpp:77] gpu_pipeline_task: operator 'HASH_GROUP_BY' (id=3) output batch 0 column count mismatch: got 13, expected 10
[2026-09-07 12:52:58.585] [warning] [gpu_pipeline_task.cpp:77] gpu_pipeline_task: operator 'HASH_GROUP_BY' (id=3) output batch 0 column count mismatch: got 13, expected 10
[2026-09-07 12:52:58.585] [warning] [gpu_pipeline_task.cpp:77] gpu_pipeline_task: operator 'HASH_GROUP_BY' (id=3) output batch 0 column count mismatch: got 13, expected 10
[2026-09-07 12:52:58.585] [warning] [gpu_pipeline_task.cpp:77] gpu_pipeline_task: operator 'HASH_GROUP_BY' (id=3) output batch 0 column count mismatch: got 13, expected 10
[2026-09-07 12:52:58.585] [warning] [gpu_pipeline_task.cpp:77] gpu_pipeline_task: operator 'HASH_GROUP_BY' (id=3) output batch 0 column count mismatch: got 13, expected 10
[2026-09-07 12:52:58.585] [warning] [gpu_pipeline_task.cpp:77] gpu_pipeline_task: operator 'HASH_GROUP_BY' (id=3) output batch 0 column count mismatch: got 13, expected 10
[2026-09-07 12:52:58.590] [warning] [gpu_pipeline_task.cpp:77] gpu_pipeline_task: operator 'HASH_GROUP_BY' (id=3) output batch 0 column count mismatch: got 13, expected 10
[2026-09-07 12:52:58.591] [warning] [gpu_pipeline_task.cpp:77] gpu_pipeline_task: operator 'HASH_GROUP_BY' (id=3) output batch 0 column count mismatch: got 13, expected 10
[2026-09-07 12:52:58.591] [warning] [gpu_pipeline_task.cpp:77] gpu_pipeline_task: operator 'HASH_GROUP_BY' (id=3) output batch 0 column count mismatch: got 13, expected 10
[2026-09-07 12:52:58.592] [warning] [gpu_pipeline_task.cpp:77] gpu_pipeline_task: operator 'HASH_GROUP_BY' (id=3) output batch 0 column count mismatch: got 13, expected 10
[2026-09-07 12:52:58.592] [warning] [gpu_pipeline_task.cpp:77] gpu_pipeline_task: operator 'HASH_GROUP_BY' (id=3) output batch 0 column count mismatch: got 13, expected 10
[2026-09-07 12:52:58.592] [warning] [gpu_pipeline_task.cpp:77] gpu_pipeline_task: operator 'HASH_GROUP_BY' (id=3) output batch 0 column count mismatch: got 13, expected 10
[2026-09-07 12:52:58.593] [warning] [gpu_pipeline_task.cpp:77] gpu_pipeline_task: operator 'HASH_GROUP_BY' (id=3) output batch 0 column count mismatch: got 13, expected 10
[2026-09-07 12:52:58.593] [warning] [gpu_pipeline_task.cpp:77] gpu_pipeline_task: operator 'HASH_GROUP_BY' (id=3) output batch 0 column count mismatch: got 13, expected 10
[2026-09-07 12:52:58.597] [warning] [gpu_pipeline_task.cpp:77] gpu_pipeline_task: operator 'HASH_GROUP_BY' (id=3) output batch 0 column count mismatch: got 13, expected 10
[2026-09-07 12:52:58.598] [warning] [gpu_pipeline_task.cpp:77] gpu_pipeline_task: operator 'HASH_GROUP_BY' (id=3) output batch 0 column count mismatch: got 13, expected 10
[2026-09-07 12:52:58.598] [warning] [gpu_pipeline_task.cpp:77] gpu_pipeline_task: operator 'HASH_GROUP_BY' (id=3) output batch 0 column count mismatch: got 13, expected 10
[2026-09-07 12:52:58.599] [warning] [gpu_pipeline_task.cpp:77] gpu_pipeline_task: operator 'HASH_GROUP_BY' (id=3) output batch 0 column count mismatch: got 13, expected 10
[2026-09-07 12:52:58.599] [warning] [gpu_pipeline_task.cpp:77] gpu_pipeline_task: operator 'HASH_GROUP_BY' (id=3) output batch 0 column count mismatch: got 13, expected 10
[2026-09-07 12:52:58.599] [warning] [gpu_pipeline_task.cpp:77] gpu_pipeline_task: operator 'HASH_GROUP_BY' (id=3) output batch 0 column count mismatch: got 13, expected 10
[2026-09-07 12:52:58.599] [warning] [gpu_pipeline_task.cpp:77] gpu_pipeline_task: operator 'HASH_GROUP_BY' (id=3) output batch 0 column count mismatch: got 13, expected 10
[2026-09-07 12:52:58.599] [warning] [gpu_pipeline_task.cpp:77] gpu_pipeline_task: operator 'HASH_GROUP_BY' (id=3) output batch 0 column count mismatch: got 13, expected 10
[2026-09-07 12:52:58.605] [warning] [gpu_pipeline_task.cpp:77] gpu_pipeline_task: operator 'HASH_GROUP_BY' (id=3) output batch 0 column count mismatch: got 13, expected 10
[2026-09-07 12:52:58.605] [warning] [gpu_pipeline_task.cpp:77] gpu_pipeline_task: operator 'HASH_GROUP_BY' (id=3) output batch 0 column count mismatch: got 13, expected 10
[2026-09-07 12:52:58.605] [warning] [gpu_pipeline_task.cpp:77] gpu_pipeline_task: operator 'HASH_GROUP_BY' (id=3) output batch 0 column count mismatch: got 13, expected 10
[2026-09-07 12:52:58.605] [warning] [gpu_pipeline_task.cpp:77] gpu_pipeline_task: operator 'HASH_GROUP_BY' (id=3) output batch 0 column count mismatch: got 13, expected 10
[2026-09-07 12:52:58.606] [warning] [gpu_pipeline_task.cpp:77] gpu_pipeline_task: operator 'HASH_GROUP_BY' (id=3) output batch 0 column count mismatch: got 13, expected 10
[2026-09-07 12:52:58.606] [warning] [gpu_pipeline_task.cpp:77] gpu_pipeline_task: operator 'HASH_GROUP_BY' (id=3) output batch 0 column count mismatch: got 13, expected 10
[2026-09-07 12:52:58.606] [warning] [gpu_pipeline_task.cpp:77] gpu_pipeline_task: operator 'HASH_GROUP_BY' (id=3) output batch 0 column count mismatch: got 13, expected 10
[2026-09-07 12:52:58.606] [warning] [gpu_pipeline_task.cpp:77] gpu_pipeline_task: operator 'HASH_GROUP_BY' (id=3) output batch 0 column count mismatch: got 13, expected 10
[2026-09-07 12:52:58.611] [warning] [gpu_pipeline_task.cpp:77] gpu_pipeline_task: operator 'HASH_GROUP_BY' (id=3) output batch 0 column count mismatch: got 13, expected 10
[2026-09-07 12:52:58.611] [warning] [gpu_pipeline_task.cpp:77] gpu_pipeline_task: operator 'HASH_GROUP_BY' (id=3) output batch 0 column count mismatch: got 13, expected 10
[2026-09-07 12:52:58.612] [warning] [gpu_pipeline_task.cpp:77] gpu_pipeline_task: operator 'HASH_GROUP_BY' (id=3) output batch 0 column count mismatch: got 13, expected 10
[2026-09-07 12:52:58.612] [warning] [gpu_pipeline_task.cpp:77] gpu_pipeline_task: operator 'HASH_GROUP_BY' (id=3) output batch 0 column count mismatch: got 13, expected 10
[2026-09-07 12:52:58.612] [warning] [gpu_pipeline_task.cpp:77] gpu_pipeline_task: operator 'HASH_GROUP_BY' (id=3) output batch 0 column count mismatch: got 13, expected 10
[2026-09-07 12:52:58.613] [warning] [gpu_pipeline_task.cpp:77] gpu_pipeline_task: operator 'HASH_GROUP_BY' (id=3) output batch 0 column count mismatch: got 13, expected 10
[2026-09-07 12:52:58.613] [warning] [gpu_pipeline_task.cpp:77] gpu_pipeline_task: operator 'HASH_GROUP_BY' (id=3) output batch 0 column count mismatch: got 13, expected 10
[2026-09-07 12:52:58.614] [warning] [gpu_pipeline_task.cpp:77] gpu_pipeline_task: operator 'HASH_GROUP_BY' (id=3) output batch 0 column count mismatch: got 13, expected 10
[2026-09-07 12:52:58.618] [warning] [gpu_pipeline_task.cpp:77] gpu_pipeline_task: operator 'HASH_GROUP_BY' (id=3) output batch 0 column count mismatch: got 13, expected 10
[2026-09-07 12:52:58.619] [warning] [gpu_pipeline_task.cpp:77] gpu_pipeline_task: operator 'HASH_GROUP_BY' (id=3) output batch 0 column count mismatch: got 13, expected 10
[2026-09-07 12:52:58.619] [warning] [gpu_pipeline_task.cpp:77] gpu_pipeline_task: operator 'HASH_GROUP_BY' (id=3) output batch 0 column count mismatch: got 13, expected 10
[2026-09-07 12:52:58.619] [warning] [gpu_pipeline_task.cpp:77] gpu_pipeline_task: operator 'HASH_GROUP_BY' (id=3) output batch 0 column count mismatch: got 13, expected 10
[2026-09-07 12:52:58.619] [warning] [gpu_pipeline_task.cpp:77] gpu_pipeline_task: operator 'HASH_GROUP_BY' (id=3) output batch 0 column count mismatch: got 13, expected 10
[2026-09-07 12:52:58.620] [warning] [gpu_pipeline_task.cpp:77] gpu_pipeline_task: operator 'HASH_GROUP_BY' (id=3) output batch 0 column count mismatch: got 13, expected 10
[2026-09-07 12:52:58.620] [warning] [gpu_pipeline_task.cpp:77] gpu_pipeline_task: operator 'HASH_GROUP_BY' (id=3) output batch 0 column count mismatch: got 13, expected 10
[2026-09-07 12:52:58.621] [warning] [gpu_pipeline_task.cpp:77] gpu_pipeline_task: operator 'HASH_GROUP_BY' (id=3) output batch 0 column count mismatch: got 13, expected 10
[2026-09-07 12:52:58.625] [warning] [gpu_pipeline_task.cpp:77] gpu_pipeline_task: operator 'HASH_GROUP_BY' (id=3) output batch 0 column count mismatch: got 13, expected 10
[2026-09-07 12:52:58.626] [warning] [gpu_pipeline_task.cpp:77] gpu_pipeline_task: operator 'HASH_GROUP_BY' (id=3) output batch 0 column count mismatch: got 13, expected 10
[2026-09-07 12:52:58.626] [warning] [gpu_pipeline_task.cpp:77] gpu_pipeline_task: operator 'HASH_GROUP_BY' (id=3) output batch 0 column count mismatch: got 13, expected 10
[2026-09-07 12:52:58.626] [warning] [gpu_pipeline_task.cpp:77] gpu_pipeline_task: operator 'HASH_GROUP_BY' (id=3) output batch 0 column count mismatch: got 13, expected 10
[2026-09-07 12:52:58.627] [warning] [gpu_pipeline_task.cpp:77] gpu_pipeline_task: operator 'HASH_GROUP_BY' (id=3) output batch 0 column count mismatch: got 13, expected 10
[2026-09-07 12:52:58.627] [warning] [gpu_pipeline_task.cpp:77] gpu_pipeline_task: operator 'HASH_GROUP_BY' (id=3) output batch 0 column count mismatch: got 13, expected 10
[2026-09-07 12:52:58.628] [warning] [gpu_pipeline_task.cpp:77] gpu_pipeline_task: operator 'HASH_GROUP_BY' (id=3) output batch 0 column count mismatch: got 13, expected 10
[2026-09-07 12:52:58.628] [warning] [gpu_pipeline_task.cpp:77] gpu_pipeline_task: operator 'HASH_GROUP_BY' (id=3) output batch 0 column count mismatch: got 13, expected 10
[2026-09-07 12:52:58.632] [warning] [gpu_pipeline_task.cpp:77] gpu_pipeline_task: operator 'HASH_GROUP_BY' (id=3) output batch 0 column count mismatch: got 13, expected 10
[2026-09-07 12:52:58.633] [warning] [gpu_pipeline_task.cpp:77] gpu_pipeline_task: operator 'HASH_GROUP_BY' (id=3) output batch 0 column count mismatch: got 13, expected 10
[2026-09-07 12:52:58.633] [warning] [gpu_pipeline_task.cpp:77] gpu_pipeline_task: operator 'HASH_GROUP_BY' (id=3) output batch 0 column count mismatch: got 13, expected 10
[2026-09-07 12:52:58.633] [warning] [gpu_pipeline_task.cpp:77] gpu_pipeline_task: operator 'HASH_GROUP_BY' (id=3) output batch 0 column count mismatch: got 13, expected 10
[2026-09-07 12:52:58.634] [warning] [gpu_pipeline_task.cpp:77] gpu_pipeline_task: operator 'HASH_GROUP_BY' (id=3) output batch 0 column count mismatch: got 13, expected 10
[2026-09-07 12:52:58.634] [warning] [gpu_pipeline_task.cpp:77] gpu_pipeline_task: operator 'HASH_GROUP_BY' (id=3) output batch 0 column count mismatch: got 13, expected 10
[2026-09-07 12:52:58.635] [warning] [gpu_pipeline_task.cpp:77] gpu_pipeline_task: operator 'HASH_GROUP_BY' (id=3) output batch 0 column count mismatch: got 13, expected 10
[2026-09-07 12:52:58.635] [warning] [gpu_pipeline_task.cpp:77] gpu_pipeline_task: operator 'HASH_GROUP_BY' (id=3) output batch 0 column count mismatch: got 13, expected 10
[2026-09-07 12:52:58.639] [warning] [gpu_pipeline_task.cpp:77] gpu_pipeline_task: operator 'HASH_GROUP_BY' (id=3) output batch 0 column count mismatch: got 13, expected 10
[2026-09-07 12:52:58.640] [warning] [gpu_pipeline_task.cpp:77] gpu_pipeline_task: operator 'HASH_GROUP_BY' (id=3) output batch 0 column count mismatch: got 13, expected 10
[2026-09-07 12:52:58.640] [warning] [gpu_pipeline_task.cpp:77] gpu_pipeline_task: operator 'HASH_GROUP_BY' (id=3) output batch 0 column count mismatch: got 13, expected 10
[2026-09-07 12:52:58.641] [warning] [gpu_pipeline_task.cpp:77] gpu_pipeline_task: operator 'HASH_GROUP_BY' (id=3) output batch 0 column count mismatch: got 13, expected 10
[2026-09-07 12:52:58.641] [warning] [gpu_pipeline_task.cpp:77] gpu_pipeline_task: operator 'HASH_GROUP_BY' (id=3) output batch 0 column count mismatch: got 13, expected 10
[2026-09-07 12:52:58.641] [warning] [gpu_pipeline_task.cpp:77] gpu_pipeline_task: operator 'HASH_GROUP_BY' (id=3) output batch 0 column count mismatch: got 13, expected 10
[2026-09-07 12:52:58.642] [warning] [gpu_pipeline_task.cpp:77] gpu_pipeline_task: operator 'HASH_GROUP_BY' (id=3) output batch 0 column count mismatch: got 13, expected 10
[2026-09-07 12:52:58.642] [warning] [gpu_pipeline_task.cpp:77] gpu_pipeline_task: operator 'HASH_GROUP_BY' (id=3) output batch 0 column count mismatch: got 13, expected 10
[2026-09-07 12:52:58.646] [warning] [gpu_pipeline_task.cpp:77] gpu_pipeline_task: operator 'HASH_GROUP_BY' (id=3) output batch 0 column count mismatch: got 13, expected 10
[2026-09-07 12:52:58.647] [warning] [gpu_pipeline_task.cpp:77] gpu_pipeline_task: operator 'HASH_GROUP_BY' (id=3) output batch 0 column count mismatch: got 13, expected 10
[2026-09-07 12:52:58.647] [warning] [gpu_pipeline_task.cpp:77] gpu_pipeline_task: operator 'HASH_GROUP_BY' (id=3) output batch 0 column count mismatch: got 13, expected 10
[2026-09-07 12:52:58.648] [warning] [gpu_pipeline_task.cpp:77] gpu_pipeline_task: operator 'HASH_GROUP_BY' (id=3) output batch 0 column count mismatch: got 13, expected 10
[2026-09-07 12:52:58.648] [warning] [gpu_pipeline_task.cpp:77] gpu_pipeline_task: operator 'HASH_GROUP_BY' (id=3) output batch 0 column count mismatch: got 13, expected 10
[2026-09-07 12:52:58.648] [warning] [gpu_pipeline_task.cpp:77] gpu_pipeline_task: operator 'HASH_GROUP_BY' (id=3) output batch 0 column count mismatch: got 13, expected 10
[2026-09-07 12:52:58.649] [warning] [gpu_pipeline_task.cpp:77] gpu_pipeline_task: operator 'HASH_GROUP_BY' (id=3) output batch 0 column count mismatch: got 13, expected 10
[2026-09-07 12:52:58.649] [warning] [gpu_pipeline_task.cpp:77] gpu_pipeline_task: operator 'HASH_GROUP_BY' (id=3) output batch 0 column count mismatch: got 13, expected 10
[2026-09-07 12:52:58.653] [warning] [gpu_pipeline_task.cpp:77] gpu_pipeline_task: operator 'HASH_GROUP_BY' (id=3) output batch 0 column count mismatch: got 13, expected 10
[2026-09-07 12:52:58.653] [warning] [gpu_pipeline_task.cpp:77] gpu_pipeline_task: operator 'HASH_GROUP_BY' (id=3) output batch 0 column count mismatch: got 13, expected 10
[2026-09-07 12:52:58.653] [warning] [gpu_pipeline_task.cpp:77] gpu_pipeline_task: operator 'HASH_GROUP_BY' (id=3) output batch 0 column count mismatch: got 13, expected 10
[2026-09-07 12:52:58.654] [warning] [gpu_pipeline_task.cpp:77] gpu_pipeline_task: operator 'HASH_GROUP_BY' (id=3) output batch 0 column count mismatch: got 13, expected 10
[2026-09-07 12:52:58.655] [warning] [gpu_pipeline_task.cpp:77] gpu_pipeline_task: operator 'HASH_GROUP_BY' (id=3) output batch 0 column count mismatch: got 13, expected 10
[2026-09-07 12:52:58.655] [warning] [gpu_pipeline_task.cpp:77] gpu_pipeline_task: operator 'HASH_GROUP_BY' (id=3) output batch 0 column count mismatch: got 13, expected 10
[2026-09-07 12:52:58.656] [warning] [gpu_pipeline_task.cpp:77] gpu_pipeline_task: operator 'HASH_GROUP_BY' (id=3) output batch 0 column count mismatch: got 13, expected 10
[2026-09-07 12:52:58.656] [warning] [gpu_pipeline_task.cpp:77] gpu_pipeline_task: operator 'HASH_GROUP_BY' (id=3) output batch 0 column count mismatch: got 13, expected 10
[2026-09-07 12:52:58.660] [warning] [gpu_pipeline_task.cpp:77] gpu_pipeline_task: operator 'HASH_GROUP_BY' (id=3) output batch 0 column count mismatch: got 13, expected 10
[2026-09-07 12:52:58.660] [warning] [gpu_pipeline_task.cpp:77] gpu_pipeline_task: operator 'HASH_GROUP_BY' (id=3) output batch 0 column count mismatch: got 13, expected 10
[2026-09-07 12:52:58.660] [warning] [gpu_pipeline_task.cpp:77] gpu_pipeline_task: operator 'HASH_GROUP_BY' (id=3) output batch 0 column count mismatch: got 13, expected 10
[2026-09-07 12:52:58.660] [warning] [gpu_pipeline_task.cpp:77] gpu_pipeline_task: operator 'HASH_GROUP_BY' (id=3) output batch 0 column count mismatch: got 13, expected 10
[2026-09-07 12:52:58.661] [warning] [gpu_pipeline_task.cpp:77] gpu_pipeline_task: operator 'HASH_GROUP_BY' (id=3) output batch 0 column count mismatch: got 13, expected 10
[2026-09-07 12:52:58.662] [warning] [gpu_pipeline_task.cpp:77] gpu_pipeline_task: operator 'HASH_GROUP_BY' (id=3) output batch 0 column count mismatch: got 13, expected 10
[2026-09-07 12:52:58.663] [warning] [gpu_pipeline_task.cpp:77] gpu_pipeline_task: operator 'HASH_GROUP_BY' (id=3) output batch 0 column count mismatch: got 13, expected 10
[2026-09-07 12:52:58.665] [warning] [gpu_pipeline_task.cpp:77] gpu_pipeline_task: operator 'HASH_GROUP_BY' (id=3) output batch 0 column count mismatch: got 13, expected 10
[2026-09-07 12:52:58.667] [warning] [gpu_pipeline_task.cpp:77] gpu_pipeline_task: operator 'HASH_GROUP_BY' (id=3) output batch 0 column count mismatch: got 13, expected 10
[2026-09-07 12:52:58.667] [warning] [gpu_pipeline_task.cpp:77] gpu_pipeline_task: operator 'HASH_GROUP_BY' (id=3) output batch 0 column count mismatch: got 13, expected 10
[2026-09-07 12:52:58.667] [warning] [gpu_pipeline_task.cpp:77] gpu_pipeline_task: operator 'HASH_GROUP_BY' (id=3) output batch 0 column count mismatch: got 13, expected 10
[2026-09-07 12:52:58.668] [warning] [gpu_pipeline_task.cpp:77] gpu_pipeline_task: operator 'HASH_GROUP_BY' (id=3) output batch 0 column count mismatch: got 13, expected 10
[2026-09-07 12:52:58.668] [warning] [gpu_pipeline_task.cpp:77] gpu_pipeline_task: operator 'HASH_GROUP_BY' (id=3) output batch 0 column count mismatch: got 13, expected 10
[2026-09-07 12:52:58.669] [warning] [gpu_pipeline_task.cpp:77] gpu_pipeline_task: operator 'HASH_GROUP_BY' (id=3) output batch 0 column count mismatch: got 13, expected 10
[2026-09-07 12:52:58.669] [warning] [gpu_pipeline_task.cpp:77] gpu_pipeline_task: operator 'HASH_GROUP_BY' (id=3) output batch 0 column count mismatch: got 13, expected 10
[2026-09-07 12:52:58.671] [warning] [gpu_pipeline_task.cpp:77] gpu_pipeline_task: operator 'HASH_GROUP_BY' (id=3) output batch 0 column count mismatch: got 13, expected 10
[2026-09-07 12:52:58.673] [warning] [gpu_pipeline_task.cpp:77] gpu_pipeline_task: operator 'HASH_GROUP_BY' (id=3) output batch 0 column count mismatch: got 13, expected 10
[2026-09-07 12:52:58.674] [warning] [gpu_pipeline_task.cpp:77] gpu_pipeline_task: operator 'HASH_GROUP_BY' (id=3) output batch 0 column count mismatch: got 13, expected 10
[2026-09-07 12:52:58.674] [warning] [gpu_pipeline_task.cpp:77] gpu_pipeline_task: operator 'HASH_GROUP_BY' (id=3) output batch 0 column count mismatch: got 13, expected 10
[2026-09-07 12:52:58.674] [warning] [gpu_pipeline_task.cpp:77] gpu_pipeline_task: operator 'HASH_GROUP_BY' (id=3) output batch 0 column count mismatch: got 13, expected 10
[2026-09-07 12:52:58.675] [warning] [gpu_pipeline_task.cpp:77] gpu_pipeline_task: operator 'HASH_GROUP_BY' (id=3) output batch 0 column count mismatch: got 13, expected 10
[2026-09-07 12:52:58.675] [warning] [gpu_pipeline_task.cpp:77] gpu_pipeline_task: operator 'HASH_GROUP_BY' (id=3) output batch 0 column count mismatch: got 13, expected 10
[2026-09-07 12:52:58.675] [warning] [gpu_pipeline_task.cpp:77] gpu_pipeline_task: operator 'HASH_GROUP_BY' (id=3) output batch 0 column count mismatch: got 13, expected 10
[2026-09-07 12:52:58.676] [warning] [gpu_pipeline_task.cpp:77] gpu_pipeline_task: operator 'PARTITION' (id=4) output batch 0 column count mismatch: got 13, expected 10
[2026-09-07 12:52:58.676] [warning] [gpu_pipeline_task.cpp:77] gpu_pipeline_task: operator 'PARTITION' (id=4) output batch 0 column count mismatch: got 13, expected 10
[2026-09-07 12:52:58.676] [warning] [gpu_pipeline_task.cpp:77] gpu_pipeline_task: operator 'PARTITION' (id=4) output batch 0 column count mismatch: got 13, expected 10
[2026-09-07 12:52:58.676] [warning] [gpu_pipeline_task.cpp:77] gpu_pipeline_task: operator 'PARTITION' (id=4) output batch 0 column count mismatch: got 13, expected 10
[2026-09-07 12:52:58.676] [warning] [gpu_pipeline_task.cpp:77] gpu_pipeline_task: operator 'PARTITION' (id=4) output batch 0 column count mismatch: got 13, expected 10
[2026-09-07 12:52:58.676] [warning] [gpu_pipeline_task.cpp:77] gpu_pipeline_task: operator 'PARTITION' (id=4) output batch 0 column count mismatch: got 13, expected 10
[2026-09-07 12:52:58.676] [warning] [gpu_pipeline_task.cpp:77] gpu_pipeline_task: operator 'PARTITION' (id=4) output batch 0 column count mismatch: got 13, expected 10
[2026-09-07 12:52:58.676] [warning] [gpu_pipeline_task.cpp:77] gpu_pipeline_task: operator 'PARTITION' (id=4) output batch 0 column count mismatch: got 13, expected 10
[2026-09-07 12:52:58.676] [warning] [gpu_pipeline_task.cpp:77] gpu_pipeline_task: operator 'PARTITION' (id=4) output batch 0 column count mismatch: got 13, expected 10
[2026-09-07 12:52:58.676] [warning] [gpu_pipeline_task.cpp:77] gpu_pipeline_task: operator 'PARTITION' (id=4) output batch 0 column count mismatch: got 13, expected 10
[2026-09-07 12:52:58.676] [warning] [gpu_pipeline_task.cpp:77] gpu_pipeline_task: operator 'PARTITION' (id=4) output batch 0 column count mismatch: got 13, expected 10
[2026-09-07 12:52:58.676] [warning] [gpu_pipeline_task.cpp:77] gpu_pipeline_task: operator 'PARTITION' (id=4) output batch 0 column count mismatch: got 13, expected 10
[2026-09-07 12:52:58.676] [warning] [gpu_pipeline_task.cpp:77] gpu_pipeline_task: operator 'PARTITION' (id=4) output batch 0 column count mismatch: got 13, expected 10
[2026-09-07 12:52:58.676] [warning] [gpu_pipeline_task.cpp:77] gpu_pipeline_task: operator 'PARTITION' (id=4) output batch 0 column count mismatch: got 13, expected 10
[2026-09-07 12:52:58.676] [warning] [gpu_pipeline_task.cpp:77] gpu_pipeline_task: operator 'PARTITION' (id=4) output batch 0 column count mismatch: got 13, expected 10
[2026-09-07 12:52:58.676] [warning] [gpu_pipeline_task.cpp:77] gpu_pipeline_task: operator 'PARTITION' (id=4) output batch 0 column count mismatch: got 13, expected 10
[2026-09-07 12:52:58.676] [warning] [gpu_pipeline_task.cpp:77] gpu_pipeline_task: operator 'PARTITION' (id=4) output batch 0 column count mismatch: got 13, expected 10
[2026-09-07 12:52:58.676] [warning] [gpu_pipeline_task.cpp:77] gpu_pipeline_task: operator 'PARTITION' (id=4) output batch 0 column count mismatch: got 13, expected 10
[2026-09-07 12:52:58.676] [warning] [gpu_pipeline_task.cpp:77] gpu_pipeline_task: operator 'PARTITION' (id=4) output batch 0 column count mismatch: got 13, expected 10
[2026-09-07 12:52:58.676] [warning] [gpu_pipeline_task.cpp:77] gpu_pipeline_task: operator 'PARTITION' (id=4) output batch 0 column count mismatch: got 13, expected 10
[2026-09-07 12:52:58.676] [warning] [gpu_pipeline_task.cpp:77] gpu_pipeline_task: operator 'PARTITION' (id=4) output batch 0 column count mismatch: got 13, expected 10
[2026-09-07 12:52:58.676] [warning] [gpu_pipeline_task.cpp:77] gpu_pipeline_task: operator 'PARTITION' (id=4) output batch 0 column count mismatch: got 13, expected 10
[2026-09-07 12:52:58.676] [warning] [gpu_pipeline_task.cpp:77] gpu_pipeline_task: operator 'PARTITION' (id=4) output batch 0 column count mismatch: got 13, expected 10
[2026-09-07 12:52:58.676] [warning] [gpu_pipeline_task.cpp:77] gpu_pipeline_task: operator 'PARTITION' (id=4) output batch 0 column count mismatch: got 13, expected 10
[2026-09-07 12:52:58.676] [warning] [gpu_pipeline_task.cpp:77] gpu_pipeline_task: operator 'PARTITION' (id=4) output batch 0 column count mismatch: got 13, expected 10
[2026-09-07 12:52:58.676] [warning] [gpu_pipeline_task.cpp:77] gpu_pipeline_task: operator 'PARTITION' (id=4) output batch 0 column count mismatch: got 13, expected 10
[2026-09-07 12:52:58.676] [warning] [gpu_pipeline_task.cpp:77] gpu_pipeline_task: operator 'PARTITION' (id=4) output batch 0 column count mismatch: got 13, expected 10
[2026-09-07 12:52:58.676] [warning] [gpu_pipeline_task.cpp:77] gpu_pipeline_task: operator 'PARTITION' (id=4) output batch 0 column count mismatch: got 13, expected 10
[2026-09-07 12:52:58.676] [warning] [gpu_pipeline_task.cpp:77] gpu_pipeline_task: operator 'PARTITION' (id=4) output batch 0 column count mismatch: got 13, expected 10
[2026-09-07 12:52:58.676] [warning] [gpu_pipeline_task.cpp:77] gpu_pipeline_task: operator 'PARTITION' (id=4) output batch 0 column count mismatch: got 13, expected 10
[2026-09-07 12:52:58.676] [warning] [gpu_pipeline_task.cpp:77] gpu_pipeline_task: operator 'PARTITION' (id=4) output batch 0 column count mismatch: got 13, expected 10
[2026-09-07 12:52:58.676] [warning] [gpu_pipeline_task.cpp:77] gpu_pipeline_task: operator 'PARTITION' (id=4) output batch 0 column count mismatch: got 13, expected 10
[2026-09-07 12:52:58.676] [warning] [gpu_pipeline_task.cpp:77] gpu_pipeline_task: operator 'PARTITION' (id=4) output batch 0 column count mismatch: got 13, expected 10
[2026-09-07 12:52:58.676] [warning] [gpu_pipeline_task.cpp:77] gpu_pipeline_task: operator 'PARTITION' (id=4) output batch 0 column count mismatch: got 13, expected 10
[2026-09-07 12:52:58.676] [warning] [gpu_pipeline_task.cpp:77] gpu_pipeline_task: operator 'PARTITION' (id=4) output batch 0 column count mismatch: got 13, expected 10
[2026-09-07 12:52:58.676] [warning] [gpu_pipeline_task.cpp:77] gpu_pipeline_task: operator 'PARTITION' (id=4) output batch 0 column count mismatch: got 13, expected 10
[2026-09-07 12:52:58.676] [warning] [gpu_pipeline_task.cpp:77] gpu_pipeline_task: operator 'PARTITION' (id=4) output batch 0 column count mismatch: got 13, expected 10
[2026-09-07 12:52:58.676] [warning] [gpu_pipeline_task.cpp:77] gpu_pipeline_task: operator 'PARTITION' (id=4) output batch 0 column count mismatch: got 13, expected 10
[2026-09-07 12:52:58.676] [warning] [gpu_pipeline_task.cpp:77] gpu_pipeline_task: operator 'PARTITION' (id=4) output batch 0 column count mismatch: got 13, expected 10
[2026-09-07 12:52:58.676] [warning] [gpu_pipeline_task.cpp:77] gpu_pipeline_task: operator 'PARTITION' (id=4) output batch 0 column count mismatch: got 13, expected 10
[2026-09-07 12:52:58.676] [warning] [gpu_pipeline_task.cpp:77] gpu_pipeline_task: operator 'PARTITION' (id=4) output batch 0 column count mismatch: got 13, expected 10
[2026-09-07 12:52:58.676] [warning] [gpu_pipeline_task.cpp:77] gpu_pipeline_task: operator 'PARTITION' (id=4) output batch 0 column count mismatch: got 13, expected 10
[2026-09-07 12:52:58.676] [warning] [gpu_pipeline_task.cpp:77] gpu_pipeline_task: operator 'PARTITION' (id=4) output batch 0 column count mismatch: got 13, expected 10
[2026-09-07 12:52:58.676] [warning] [gpu_pipeline_task.cpp:77] gpu_pipeline_task: operator 'PARTITION' (id=4) output batch 0 column count mismatch: got 13, expected 10
[2026-09-07 12:52:58.676] [warning] [gpu_pipeline_task.cpp:77] gpu_pipeline_task: operator 'PARTITION' (id=4) output batch 0 column count mismatch: got 13, expected 10
[2026-09-07 12:52:58.676] [warning] [gpu_pipeline_task.cpp:77] gpu_pipeline_task: operator 'PARTITION' (id=4) output batch 0 column count mismatch: got 13, expected 10
[2026-09-07 12:52:58.676] [warning] [gpu_pipeline_task.cpp:77] gpu_pipeline_task: operator 'PARTITION' (id=4) output batch 0 column count mismatch: got 13, expected 10
[2026-09-07 12:52:58.676] [warning] [gpu_pipeline_task.cpp:77] gpu_pipeline_task: operator 'PARTITION' (id=4) output batch 0 column count mismatch: got 13, expected 10
[2026-09-07 12:52:58.676] [warning] [gpu_pipeline_task.cpp:77] gpu_pipeline_task: operator 'PARTITION' (id=4) output batch 0 column count mismatch: got 13, expected 10
[2026-09-07 12:52:58.676] [warning] [gpu_pipeline_task.cpp:77] gpu_pipeline_task: operator 'PARTITION' (id=4) output batch 0 column count mismatch: got 13, expected 10
[2026-09-07 12:52:58.676] [warning] [gpu_pipeline_task.cpp:77] gpu_pipeline_task: operator 'PARTITION' (id=4) output batch 0 column count mismatch: got 13, expected 10
[2026-09-07 12:52:58.676] [warning] [gpu_pipeline_task.cpp:77] gpu_pipeline_task: operator 'PARTITION' (id=4) output batch 0 column count mismatch: got 13, expected 10
[2026-09-07 12:52:58.676] [warning] [gpu_pipeline_task.cpp:77] gpu_pipeline_task: operator 'PARTITION' (id=4) output batch 0 column count mismatch: got 13, expected 10
[2026-09-07 12:52:58.676] [warning] [gpu_pipeline_task.cpp:77] gpu_pipeline_task: operator 'PARTITION' (id=4) output batch 0 column count mismatch: got 13, expected 10
[2026-09-07 12:52:58.676] [warning] [gpu_pipeline_task.cpp:77] gpu_pipeline_task: operator 'PARTITION' (id=4) output batch 0 column count mismatch: got 13, expected 10
[2026-09-07 12:52:58.676] [warning] [gpu_pipeline_task.cpp:77] gpu_pipeline_task: operator 'PARTITION' (id=4) output batch 0 column count mismatch: got 13, expected 10
[2026-09-07 12:52:58.676] [warning] [gpu_pipeline_task.cpp:77] gpu_pipeline_task: operator 'PARTITION' (id=4) output batch 0 column count mismatch: got 13, expected 10
[2026-09-07 12:52:58.676] [warning] [gpu_pipeline_task.cpp:77] gpu_pipeline_task: operator 'PARTITION' (id=4) output batch 0 column count mismatch: got 13, expected 10
[2026-09-07 12:52:58.676] [warning] [gpu_pipeline_task.cpp:77] gpu_pipeline_task: operator 'PARTITION' (id=4) output batch 0 column count mismatch: got 13, expected 10
[2026-09-07 12:52:58.676] [warning] [gpu_pipeline_task.cpp:77] gpu_pipeline_task: operator 'PARTITION' (id=4) output batch 0 column count mismatch: got 13, expected 10
[2026-09-07 12:52:58.676] [warning] [gpu_pipeline_task.cpp:77] gpu_pipeline_task: operator 'PARTITION' (id=4) output batch 0 column count mismatch: got 13, expected 10
[2026-09-07 12:52:58.676] [warning] [gpu_pipeline_task.cpp:77] gpu_pipeline_task: operator 'PARTITION' (id=4) output batch 0 column count mismatch: got 13, expected 10
[2026-09-07 12:52:58.676] [warning] [gpu_pipeline_task.cpp:77] gpu_pipeline_task: operator 'PARTITION' (id=4) output batch 0 column count mismatch: got 13, expected 10
[2026-09-07 12:52:58.676] [warning] [gpu_pipeline_task.cpp:77] gpu_pipeline_task: operator 'PARTITION' (id=4) output batch 0 column count mismatch: got 13, expected 10
[2026-09-07 12:52:58.676] [warning] [gpu_pipeline_task.cpp:77] gpu_pipeline_task: operator 'PARTITION' (id=4) output batch 0 column count mismatch: got 13, expected 10
[2026-09-07 12:52:58.676] [warning] [gpu_pipeline_task.cpp:77] gpu_pipeline_task: operator 'PARTITION' (id=4) output batch 0 column count mismatch: got 13, expected 10
[2026-09-07 12:52:58.676] [warning] [gpu_pipeline_task.cpp:77] gpu_pipeline_task: operator 'PARTITION' (id=4) output batch 0 column count mismatch: got 13, expected 10
[2026-09-07 12:52:58.676] [warning] [gpu_pipeline_task.cpp:77] gpu_pipeline_task: operator 'PARTITION' (id=4) output batch 0 column count mismatch: got 13, expected 10
[2026-09-07 12:52:58.676] [warning] [gpu_pipeline_task.cpp:77] gpu_pipeline_task: operator 'PARTITION' (id=4) output batch 0 column count mismatch: got 13, expected 10
[2026-09-07 12:52:58.676] [warning] [gpu_pipeline_task.cpp:77] gpu_pipeline_task: operator 'PARTITION' (id=4) output batch 0 column count mismatch: got 13, expected 10
[2026-09-07 12:52:58.676] [warning] [gpu_pipeline_task.cpp:77] gpu_pipeline_task: operator 'PARTITION' (id=4) output batch 0 column count mismatch: got 13, expected 10
[2026-09-07 12:52:58.676] [warning] [gpu_pipeline_task.cpp:77] gpu_pipeline_task: operator 'PARTITION' (id=4) output batch 0 column count mismatch: got 13, expected 10
[2026-09-07 12:52:58.676] [warning] [gpu_pipeline_task.cpp:77] gpu_pipeline_task: operator 'PARTITION' (id=4) output batch 0 column count mismatch: got 13, expected 10
[2026-09-07 12:52:58.676] [warning] [gpu_pipeline_task.cpp:77] gpu_pipeline_task: operator 'PARTITION' (id=4) output batch 0 column count mismatch: got 13, expected 10
[2026-09-07 12:52:58.676] [warning] [gpu_pipeline_task.cpp:77] gpu_pipeline_task: operator 'PARTITION' (id=4) output batch 0 column count mismatch: got 13, expected 10
[2026-09-07 12:52:58.676] [warning] [gpu_pipeline_task.cpp:77] gpu_pipeline_task: operator 'PARTITION' (id=4) output batch 0 column count mismatch: got 13, expected 10
[2026-09-07 12:52:58.676] [warning] [gpu_pipeline_task.cpp:77] gpu_pipeline_task: operator 'PARTITION' (id=4) output batch 0 column count mismatch: got 13, expected 10
[2026-09-07 12:52:58.676] [warning] [gpu_pipeline_task.cpp:77] gpu_pipeline_task: operator 'PARTITION' (id=4) output batch 0 column count mismatch: got 13, expected 10
[2026-09-07 12:52:58.677] [warning] [gpu_pipeline_task.cpp:77] gpu_pipeline_task: operator 'PARTITION' (id=4) output batch 0 column count mismatch: got 13, expected 10
[2026-09-07 12:52:58.677] [warning] [gpu_pipeline_task.cpp:77] gpu_pipeline_task: operator 'PARTITION' (id=4) output batch 0 column count mismatch: got 13, expected 10
[2026-09-07 12:52:58.677] [warning] [gpu_pipeline_task.cpp:77] gpu_pipeline_task: operator 'PARTITION' (id=4) output batch 0 column count mismatch: got 13, expected 10
[2026-09-07 12:52:58.677] [warning] [gpu_pipeline_task.cpp:77] gpu_pipeline_task: operator 'PARTITION' (id=4) output batch 0 column count mismatch: got 13, expected 10
[2026-09-07 12:52:58.677] [warning] [gpu_pipeline_task.cpp:77] gpu_pipeline_task: operator 'PARTITION' (id=4) output batch 0 column count mismatch: got 13, expected 10
[2026-09-07 12:52:58.677] [warning] [gpu_pipeline_task.cpp:77] gpu_pipeline_task: operator 'PARTITION' (id=4) output batch 0 column count mismatch: got 13, expected 10
[2026-09-07 12:52:58.677] [warning] [gpu_pipeline_task.cpp:77] gpu_pipeline_task: operator 'PARTITION' (id=4) output batch 0 column count mismatch: got 13, expected 10
[2026-09-07 12:52:58.677] [warning] [gpu_pipeline_task.cpp:77] gpu_pipeline_task: operator 'PARTITION' (id=4) output batch 0 column count mismatch: got 13, expected 10
[2026-09-07 12:52:58.677] [warning] [gpu_pipeline_task.cpp:77] gpu_pipeline_task: operator 'PARTITION' (id=4) output batch 0 column count mismatch: got 13, expected 10
[2026-09-07 12:52:58.677] [warning] [gpu_pipeline_task.cpp:77] gpu_pipeline_task: operator 'PARTITION' (id=4) output batch 0 column count mismatch: got 13, expected 10
[2026-09-07 12:52:58.677] [warning] [gpu_pipeline_task.cpp:77] gpu_pipeline_task: operator 'PARTITION' (id=4) output batch 0 column count mismatch: got 13, expected 10
[2026-09-07 12:52:58.677] [warning] [gpu_pipeline_task.cpp:77] gpu_pipeline_task: operator 'PARTITION' (id=4) output batch 0 column count mismatch: got 13, expected 10
[2026-09-07 12:52:58.677] [warning] [gpu_pipeline_task.cpp:77] gpu_pipeline_task: operator 'PARTITION' (id=4) output batch 0 column count mismatch: got 13, expected 10
[2026-09-07 12:52:58.677] [warning] [gpu_pipeline_task.cpp:77] gpu_pipeline_task: operator 'PARTITION' (id=4) output batch 0 column count mismatch: got 13, expected 10
[2026-09-07 12:52:58.677] [warning] [gpu_pipeline_task.cpp:77] gpu_pipeline_task: operator 'PARTITION' (id=4) output batch 0 column count mismatch: got 13, expected 10
[2026-09-07 12:52:58.677] [warning] [gpu_pipeline_task.cpp:77] gpu_pipeline_task: operator 'PARTITION' (id=4) output batch 0 column count mismatch: got 13, expected 10
[2026-09-07 12:52:58.677] [warning] [gpu_pipeline_task.cpp:77] gpu_pipeline_task: operator 'PARTITION' (id=4) output batch 0 column count mismatch: got 13, expected 10
[2026-09-07 12:52:58.677] [warning] [gpu_pipeline_task.cpp:77] gpu_pipeline_task: operator 'PARTITION' (id=4) output batch 0 column count mismatch: got 13, expected 10
[2026-09-07 12:52:58.677] [warning] [gpu_pipeline_task.cpp:77] gpu_pipeline_task: operator 'PARTITION' (id=4) output batch 0 column count mismatch: got 13, expected 10
[2026-09-07 12:52:58.677] [warning] [gpu_pipeline_task.cpp:77] gpu_pipeline_task: operator 'PARTITION' (id=4) output batch 0 column count mismatch: got 13, expected 10
[2026-09-07 12:52:58.677] [warning] [gpu_pipeline_task.cpp:77] gpu_pipeline_task: operator 'PARTITION' (id=4) output batch 0 column count mismatch: got 13, expected 10
[2026-09-07 12:52:58.677] [warning] [gpu_pipeline_task.cpp:77] gpu_pipeline_task: operator 'PARTITION' (id=4) output batch 0 column count mismatch: got 13, expected 10
[2026-09-07 12:52:58.677] [warning] [gpu_pipeline_task.cpp:77] gpu_pipeline_task: operator 'PARTITION' (id=4) output batch 0 column count mismatch: got 13, expected 10
[2026-09-07 12:52:58.677] [warning] [gpu_pipeline_task.cpp:77] gpu_pipeline_task: operator 'PARTITION' (id=4) output batch 0 column count mismatch: got 13, expected 10
[2026-09-07 12:52:58.677] [warning] [gpu_pipeline_task.cpp:77] gpu_pipeline_task: operator 'PARTITION' (id=4) output batch 0 column count mismatch: got 13, expected 10
[2026-09-07 12:52:58.677] [warning] [gpu_pipeline_task.cpp:77] gpu_pipeline_task: operator 'PARTITION' (id=4) output batch 0 column count mismatch: got 13, expected 10
[2026-09-07 12:52:58.677] [warning] [gpu_pipeline_task.cpp:77] gpu_pipeline_task: operator 'PARTITION' (id=4) output batch 0 column count mismatch: got 13, expected 10
[2026-09-07 12:52:58.677] [warning] [gpu_pipeline_task.cpp:77] gpu_pipeline_task: operator 'PARTITION' (id=4) output batch 0 column count mismatch: got 13, expected 10
[2026-09-07 12:52:58.677] [warning] [gpu_pipeline_task.cpp:77] gpu_pipeline_task: operator 'PARTITION' (id=4) output batch 0 column count mismatch: got 13, expected 10
[2026-09-07 12:52:58.677] [warning] [gpu_pipeline_task.cpp:77] gpu_pipeline_task: operator 'PARTITION' (id=4) output batch 0 column count mismatch: got 13, expected 10
[2026-09-07 12:52:58.677] [warning] [gpu_pipeline_task.cpp:77] gpu_pipeline_task: operator 'PARTITION' (id=4) output batch 0 column count mismatch: got 13, expected 10
[2026-09-07 12:52:58.677] [warning] [gpu_pipeline_task.cpp:77] gpu_pipeline_task: operator 'PARTITION' (id=4) output batch 0 column count mismatch: got 13, expected 10
[2026-09-07 12:52:58.677] [warning] [gpu_pipeline_task.cpp:77] gpu_pipeline_task: operator 'PARTITION' (id=4) output batch 0 column count mismatch: got 13, expected 10
[2026-09-07 12:52:58.677] [warning] [gpu_pipeline_task.cpp:77] gpu_pipeline_task: operator 'PARTITION' (id=4) output batch 0 column count mismatch: got 13, expected 10
[2026-09-07 12:52:58.677] [warning] [gpu_pipeline_task.cpp:77] gpu_pipeline_task: operator 'PARTITION' (id=4) output batch 0 column count mismatch: got 13, expected 10
[2026-09-07 12:52:58.677] [warning] [gpu_pipeline_task.cpp:77] gpu_pipeline_task: operator 'PARTITION' (id=4) output batch 0 column count mismatch: got 13, expected 10
[2026-09-07 12:52:58.677] [warning] [gpu_pipeline_task.cpp:77] gpu_pipeline_task: operator 'PARTITION' (id=4) output batch 0 column count mismatch: got 13, expected 10
[2026-09-07 12:52:58.677] [warning] [gpu_pipeline_task.cpp:77] gpu_pipeline_task: operator 'PARTITION' (id=4) output batch 0 column count mismatch: got 13, expected 10
[2026-09-07 12:52:58.677] [warning] [gpu_pipeline_task.cpp:77] gpu_pipeline_task: operator 'PARTITION' (id=4) output batch 0 column count mismatch: got 13, expected 10
[2026-09-07 12:52:58.677] [warning] [gpu_pipeline_task.cpp:77] gpu_pipeline_task: operator 'PARTITION' (id=4) output batch 0 column count mismatch: got 13, expected 10
[2026-09-07 12:52:58.677] [warning] [gpu_pipeline_task.cpp:77] gpu_pipeline_task: operator 'PARTITION' (id=4) output batch 0 column count mismatch: got 13, expected 10
[2026-09-07 12:52:58.677] [warning] [gpu_pipeline_task.cpp:77] gpu_pipeline_task: operator 'PARTITION' (id=4) output batch 0 column count mismatch: got 13, expected 10
[2026-09-07 12:52:58.677] [warning] [gpu_pipeline_task.cpp:77] gpu_pipeline_task: operator 'PARTITION' (id=4) output batch 0 column count mismatch: got 13, expected 10
[2026-09-07 12:52:58.677] [warning] [gpu_pipeline_task.cpp:77] gpu_pipeline_task: operator 'PARTITION' (id=4) output batch 0 column count mismatch: got 13, expected 10
[2026-09-07 12:52:58.677] [warning] [gpu_pipeline_task.cpp:77] gpu_pipeline_task: operator 'PARTITION' (id=4) output batch 0 column count mismatch: got 13, expected 10
[2026-09-07 12:52:58.677] [warning] [gpu_pipeline_task.cpp:77] gpu_pipeline_task: operator 'PARTITION' (id=4) output batch 0 column count mismatch: got 13, expected 10
[2026-09-07 12:52:58.677] [warning] [gpu_pipeline_task.cpp:77] gpu_pipeline_task: operator 'PARTITION' (id=4) output batch 0 column count mismatch: got 13, expected 10
[2026-09-07 12:52:58.677] [warning] [gpu_pipeline_task.cpp:77] gpu_pipeline_task: operator 'PARTITION' (id=4) output batch 0 column count mismatch: got 13, expected 10
[2026-09-07 12:52:58.677] [warning] [gpu_pipeline_task.cpp:77] gpu_pipeline_task: operator 'PARTITION' (id=4) output batch 0 column count mismatch: got 13, expected 10
[2026-09-07 12:52:58.677] [warning] [gpu_pipeline_task.cpp:77] gpu_pipeline_task: operator 'PARTITION' (id=4) output batch 0 column count mismatch: got 13, expected 10
[2026-09-07 12:52:58.677] [warning] [gpu_pipeline_task.cpp:77] gpu_pipeline_task: operator 'PARTITION' (id=4) output batch 0 column count mismatch: got 13, expected 10
[2026-09-07 12:52:58.677] [warning] [gpu_pipeline_task.cpp:77] gpu_pipeline_task: operator 'PARTITION' (id=4) output batch 0 column count mismatch: got 13, expected 10
[2026-09-07 12:52:58.677] [warning] [gpu_pipeline_task.cpp:77] gpu_pipeline_task: operator 'PARTITION' (id=4) output batch 0 column count mismatch: got 13, expected 10
[2026-09-07 12:52:58.677] [warning] [gpu_pipeline_task.cpp:77] gpu_pipeline_task: operator 'PARTITION' (id=4) output batch 0 column count mismatch: got 13, expected 10
[2026-09-07 12:52:58.677] [warning] [gpu_pipeline_task.cpp:77] gpu_pipeline_task: operator 'PARTITION' (id=4) output batch 0 column count mismatch: got 13, expected 10
[2026-09-07 12:52:58.677] [warning] [gpu_pipeline_task.cpp:77] gpu_pipeline_task: operator 'PARTITION' (id=4) output batch 0 column count mismatch: got 13, expected 10
[2026-09-07 12:52:58.677] [warning] [gpu_pipeline_task.cpp:77] gpu_pipeline_task: operator 'PARTITION' (id=4) output batch 0 column count mismatch: got 13, expected 10
[2026-09-07 12:52:58.677] [warning] [gpu_pipeline_task.cpp:77] gpu_pipeline_task: operator 'PARTITION' (id=4) output batch 0 column count mismatch: got 13, expected 10
[2026-09-07 12:52:58.677] [warning] [gpu_pipeline_task.cpp:77] gpu_pipeline_task: operator 'PARTITION' (id=4) output batch 0 column count mismatch: got 13, expected 10
[2026-09-07 12:52:58.677] [warning] [gpu_pipeline_task.cpp:77] gpu_pipeline_task: operator 'PARTITION' (id=4) output batch 0 column count mismatch: got 13, expected 10
[2026-09-07 12:52:58.677] [warning] [gpu_pipeline_task.cpp:77] gpu_pipeline_task: operator 'PARTITION' (id=4) output batch 0 column count mismatch: got 13, expected 10
[2026-09-07 12:52:58.677] [warning] [gpu_pipeline_task.cpp:77] gpu_pipeline_task: operator 'PARTITION' (id=4) output batch 0 column count mismatch: got 13, expected 10
[2026-09-07 12:52:58.677] [warning] [gpu_pipeline_task.cpp:77] gpu_pipeline_task: operator 'PARTITION' (id=4) output batch 0 column count mismatch: got 13, expected 10
[2026-09-07 12:52:58.677] [warning] [gpu_pipeline_task.cpp:77] gpu_pipeline_task: operator 'PARTITION' (id=4) output batch 0 column count mismatch: got 13, expected 10
[2026-09-07 12:52:58.677] [warning] [gpu_pipeline_task.cpp:77] gpu_pipeline_task: operator 'PARTITION' (id=4) output batch 0 column count mismatch: got 13, expected 10
[2026-09-07 12:52:58.677] [warning] [gpu_pipeline_task.cpp:77] gpu_pipeline_task: operator 'PARTITION' (id=4) output batch 0 column count mismatch: got 13, expected 10
[2026-09-07 12:52:58.677] [warning] [gpu_pipeline_task.cpp:77] gpu_pipeline_task: operator 'PARTITION' (id=4) output batch 0 column count mismatch: got 13, expected 10
[2026-09-07 12:52:58.677] [warning] [gpu_pipeline_task.cpp:77] gpu_pipeline_task: operator 'PARTITION' (id=4) output batch 0 column count mismatch: got 13, expected 10
[2026-09-07 12:52:58.677] [warning] [gpu_pipeline_task.cpp:77] gpu_pipeline_task: operator 'PARTITION' (id=4) output batch 0 column count mismatch: got 13, expected 10
[2026-09-07 12:52:58.677] [warning] [gpu_pipeline_task.cpp:77] gpu_pipeline_task: operator 'PARTITION' (id=4) output batch 0 column count mismatch: got 13, expected 10
[2026-09-07 12:52:58.677] [warning] [gpu_pipeline_task.cpp:77] gpu_pipeline_task: operator 'PARTITION' (id=4) output batch 0 column count mismatch: got 13, expected 10
[2026-09-07 12:52:58.677] [warning] [gpu_pipeline_task.cpp:77] gpu_pipeline_task: operator 'PARTITION' (id=4) output batch 0 column count mismatch: got 13, expected 10
[2026-09-07 12:52:58.677] [warning] [gpu_pipeline_task.cpp:77] gpu_pipeline_task: operator 'PARTITION' (id=4) output batch 0 column count mismatch: got 13, expected 10
[2026-09-07 12:52:58.684] [info] [gpu_pipeline_executor.cpp:129] GPU Pipeline Executor: task queue interrupted, stopping manager loop
[2026-09-07 12:52:58.684] [info] [sirius_context.cpp:405] QueryEnd
[2026-09-07 12:52:58.684] [info] [memory_prefetcher.cpp:72] [memory_prefetcher] stopping: prefetched 0 batches / 0 bytes (stops: headroom=0 reservation=0, skips: lock=0 draining=3, errors=0)
[2026-09-07 12:52:58.684] [info] [sirius_context.cpp:256] [host_pool] HOST:0 QueryEnd instance=0xf7a4dd960390 connection=1 window=4 query=13 allocated=17515413504 bytes peak=17582522368 bytes free_blocks=539
[2026-09-07 12:52:58.684] [info] [sirius_context.cpp:271] [gpu_pool] GPU:0 QueryEnd instance=0xf7a4dd960390 connection=1 window=4 query=13 allocated=3450527744 bytes peak=4794132186 bytes reserved=0 bytes
[2026-09-07 12:52:58.684] [info] [sirius_context.cpp:521] [window] end instance=0xf7a4dd960390 connection=1 window=4 query=13 outcome=ok
[2026-09-07 12:52:58.684] [info] [physical_sirius_execution.cpp:327] Transparent GPU execution: query completed
[2026-09-07 12:52:58.685] [info] [sirius_context.cpp:329] QueryBegin: instance=0xf7a4dd960390 connection=1 query=14 SQL: CALL unpin_table('lineitem')
[2026-09-07 12:52:58.689] [info] [sirius_context.cpp:329] QueryBegin: instance=0xf7a4dd960390 connection=1 query=15 SQL: CALL pin_table('/datasets/tpch_sf100_sorted/part/*.parquet', tier='gpu', name='part', cols=['p_partkey','p_mfgr','p_size','p_type'])
[2026-09-07 12:52:58.689] [info] [sirius_context.cpp:521] [window] begin instance=0xf7a4dd960390 connection=1 window=5 query=15 outcome=-
[2026-09-07 12:52:58.689] [info] [sirius_context.cpp:256] [host_pool] HOST:0 QueryBegin instance=0xf7a4dd960390 connection=1 window=5 query=15 allocated=17515413504 bytes peak=17582522368 bytes free_blocks=539
[2026-09-07 12:52:58.689] [info] [sirius_context.cpp:271] [gpu_pool] GPU:0 QueryBegin instance=0xf7a4dd960390 connection=1 window=5 query=15 allocated=0 bytes peak=4794132186 bytes reserved=0 bytes
[2026-09-07 12:52:58.689] [info] [sirius_context.cpp:389] QueryBegin: pin_table
[2026-09-07 12:52:58.694] [warning] [sirius_extension.cpp:1430] [pin_table] 'part': pin_table_compression is enabled but no plan file was found in '/home/nvidia/joost/sirius-zonemap/bench/sf1000-repro/plans'; pinning uncompressed
[2026-09-07 12:52:58.736] [info] [sirius_context.cpp:405] QueryEnd
[2026-09-07 12:52:58.737] [info] [sirius_context.cpp:256] [host_pool] HOST:0 QueryEnd instance=0xf7a4dd960390 connection=1 window=5 query=15 allocated=17515413504 bytes peak=17582522368 bytes free_blocks=539
[2026-09-07 12:52:58.737] [info] [sirius_context.cpp:271] [gpu_pool] GPU:0 QueryEnd instance=0xf7a4dd960390 connection=1 window=5 query=15 allocated=962015744 bytes peak=4794132186 bytes reserved=0 bytes
[2026-09-07 12:52:58.737] [info] [sirius_context.cpp:521] [window] end instance=0xf7a4dd960390 connection=1 window=5 query=15 outcome=ok
[2026-09-07 12:52:58.737] [info] [sirius_context.cpp:329] QueryBegin: instance=0xf7a4dd960390 connection=1 query=16 SQL: CALL pin_table('/datasets/tpch_sf100_sorted/supplier/*.parquet', tier='gpu', name='supplier', cols=['s_suppkey','s_acctbal','s_name','s_address','s_phone','s_comment','s_nationkey'])
[2026-09-07 12:52:58.737] [info] [sirius_context.cpp:521] [window] begin instance=0xf7a4dd960390 connection=1 window=6 query=16 outcome=-
[2026-09-07 12:52:58.737] [info] [sirius_context.cpp:256] [host_pool] HOST:0 QueryBegin instance=0xf7a4dd960390 connection=1 window=6 query=16 allocated=17515413504 bytes peak=17582522368 bytes free_blocks=539
[2026-09-07 12:52:58.737] [info] [sirius_context.cpp:271] [gpu_pool] GPU:0 QueryBegin instance=0xf7a4dd960390 connection=1 window=6 query=16 allocated=962015744 bytes peak=4794132186 bytes reserved=0 bytes
[2026-09-07 12:52:58.737] [info] [sirius_context.cpp:389] QueryBegin: pin_table
[2026-09-07 12:52:58.738] [warning] [sirius_extension.cpp:1430] [pin_table] 'supplier': pin_table_compression is enabled but no plan file was found in '/home/nvidia/joost/sirius-zonemap/bench/sf1000-repro/plans'; pinning uncompressed
[2026-09-07 12:52:58.761] [info] [sirius_context.cpp:405] QueryEnd
[2026-09-07 12:52:58.761] [info] [sirius_context.cpp:256] [host_pool] HOST:0 QueryEnd instance=0xf7a4dd960390 connection=1 window=6 query=16 allocated=17515413504 bytes peak=17582522368 bytes free_blocks=539
[2026-09-07 12:52:58.761] [info] [sirius_context.cpp:271] [gpu_pool] GPU:0 QueryEnd instance=0xf7a4dd960390 connection=1 window=6 query=16 allocated=1108389632 bytes peak=4794132186 bytes reserved=0 bytes
[2026-09-07 12:52:58.761] [info] [sirius_context.cpp:521] [window] end instance=0xf7a4dd960390 connection=1 window=6 query=16 outcome=ok
[2026-09-07 12:52:58.762] [info] [sirius_context.cpp:329] QueryBegin: instance=0xf7a4dd960390 connection=1 query=17 SQL: CALL pin_table('/datasets/tpch_sf100_sorted/partsupp/*.parquet', tier='gpu', name='partsupp', cols=['ps_partkey','ps_suppkey','ps_supplycost'])
[2026-09-07 12:52:58.762] [info] [sirius_context.cpp:521] [window] begin instance=0xf7a4dd960390 connection=1 window=7 query=17 outcome=-
[2026-09-07 12:52:58.762] [info] [sirius_context.cpp:256] [host_pool] HOST:0 QueryBegin instance=0xf7a4dd960390 connection=1 window=7 query=17 allocated=17515413504 bytes peak=17582522368 bytes free_blocks=539
[2026-09-07 12:52:58.762] [info] [sirius_context.cpp:271] [gpu_pool] GPU:0 QueryBegin instance=0xf7a4dd960390 connection=1 window=7 query=17 allocated=1108389632 bytes peak=4794132186 bytes reserved=0 bytes
[2026-09-07 12:52:58.762] [info] [sirius_context.cpp:389] QueryBegin: pin_table
[2026-09-07 12:52:58.763] [warning] [sirius_extension.cpp:1430] [pin_table] 'partsupp': pin_table_compression is enabled but no plan file was found in '/home/nvidia/joost/sirius-zonemap/bench/sf1000-repro/plans'; pinning uncompressed
[2026-09-07 12:52:58.883] [info] [sirius_context.cpp:405] QueryEnd
[2026-09-07 12:52:58.884] [info] [sirius_context.cpp:256] [host_pool] HOST:0 QueryEnd instance=0xf7a4dd960390 connection=1 window=7 query=17 allocated=17515413504 bytes peak=17582522368 bytes free_blocks=539
[2026-09-07 12:52:58.884] [info] [sirius_context.cpp:271] [gpu_pool] GPU:0 QueryEnd instance=0xf7a4dd960390 connection=1 window=7 query=17 allocated=2098403072 bytes peak=4794132186 bytes reserved=0 bytes
[2026-09-07 12:52:58.884] [info] [sirius_context.cpp:521] [window] end instance=0xf7a4dd960390 connection=1 window=7 query=17 outcome=ok
[2026-09-07 12:52:58.884] [info] [sirius_context.cpp:329] QueryBegin: instance=0xf7a4dd960390 connection=1 query=18 SQL: CALL pin_table('/datasets/tpch_sf100_sorted/nation/*.parquet', tier='gpu', name='nation', cols=['n_nationkey','n_name','n_regionkey'])
[2026-09-07 12:52:58.884] [info] [sirius_context.cpp:521] [window] begin instance=0xf7a4dd960390 connection=1 window=8 query=18 outcome=-
[2026-09-07 12:52:58.884] [info] [sirius_context.cpp:256] [host_pool] HOST:0 QueryBegin instance=0xf7a4dd960390 connection=1 window=8 query=18 allocated=17515413504 bytes peak=17582522368 bytes free_blocks=539
[2026-09-07 12:52:58.884] [info] [sirius_context.cpp:271] [gpu_pool] GPU:0 QueryBegin instance=0xf7a4dd960390 connection=1 window=8 query=18 allocated=2098403072 bytes peak=4794132186 bytes reserved=0 bytes
[2026-09-07 12:52:58.884] [info] [sirius_context.cpp:389] QueryBegin: pin_table
[2026-09-07 12:52:58.884] [warning] [sirius_extension.cpp:1430] [pin_table] 'nation': pin_table_compression is enabled but no plan file was found in '/home/nvidia/joost/sirius-zonemap/bench/sf1000-repro/plans'; pinning uncompressed
[2026-09-07 12:52:58.922] [info] [sirius_extension.cpp:1478] [late-mat] pin 'nation': column 'n_nationkey' proven distinct table-wide (per-chunk)
[2026-09-07 12:52:58.922] [info] [sirius_extension.cpp:1478] [late-mat] pin 'nation': column 'n_name' proven distinct table-wide (per-chunk)
[2026-09-07 12:52:58.922] [info] [sirius_context.cpp:405] QueryEnd
[2026-09-07 12:52:58.922] [info] [sirius_context.cpp:256] [host_pool] HOST:0 QueryEnd instance=0xf7a4dd960390 connection=1 window=8 query=18 allocated=17515413504 bytes peak=17582522368 bytes free_blocks=539
[2026-09-07 12:52:58.922] [info] [sirius_context.cpp:271] [gpu_pool] GPU:0 QueryEnd instance=0xf7a4dd960390 connection=1 window=8 query=18 allocated=2098404864 bytes peak=4794132186 bytes reserved=0 bytes
[2026-09-07 12:52:58.922] [info] [sirius_context.cpp:521] [window] end instance=0xf7a4dd960390 connection=1 window=8 query=18 outcome=ok
[2026-09-07 12:52:58.923] [info] [sirius_context.cpp:329] QueryBegin: instance=0xf7a4dd960390 connection=1 query=19 SQL: CALL pin_table('/datasets/tpch_sf100_sorted/region/*.parquet', tier='gpu', name='region', cols=['r_regionkey','r_name'])
[2026-09-07 12:52:58.923] [info] [sirius_context.cpp:521] [window] begin instance=0xf7a4dd960390 connection=1 window=9 query=19 outcome=-
[2026-09-07 12:52:58.923] [info] [sirius_context.cpp:256] [host_pool] HOST:0 QueryBegin instance=0xf7a4dd960390 connection=1 window=9 query=19 allocated=17515413504 bytes peak=17582522368 bytes free_blocks=539
[2026-09-07 12:52:58.923] [info] [sirius_context.cpp:271] [gpu_pool] GPU:0 QueryBegin instance=0xf7a4dd960390 connection=1 window=9 query=19 allocated=2098404864 bytes peak=4794132186 bytes reserved=0 bytes
[2026-09-07 12:52:58.923] [info] [sirius_context.cpp:389] QueryBegin: pin_table
[2026-09-07 12:52:58.923] [warning] [sirius_extension.cpp:1430] [pin_table] 'region': pin_table_compression is enabled but no plan file was found in '/home/nvidia/joost/sirius-zonemap/bench/sf1000-repro/plans'; pinning uncompressed
[2026-09-07 12:52:58.925] [info] [sirius_context.cpp:405] QueryEnd
[2026-09-07 12:52:58.925] [info] [sirius_context.cpp:256] [host_pool] HOST:0 QueryEnd instance=0xf7a4dd960390 connection=1 window=9 query=19 allocated=17515413504 bytes peak=17582522368 bytes free_blocks=539
[2026-09-07 12:52:58.925] [info] [sirius_context.cpp:271] [gpu_pool] GPU:0 QueryEnd instance=0xf7a4dd960390 connection=1 window=9 query=19 allocated=2098406144 bytes peak=4794132186 bytes reserved=0 bytes
[2026-09-07 12:52:58.925] [info] [sirius_context.cpp:521] [window] end instance=0xf7a4dd960390 connection=1 window=9 query=19 outcome=ok
[2026-09-07 12:52:58.925] [info] [sirius_context.cpp:329] QueryBegin: instance=0xf7a4dd960390 connection=1 query=20 SQL: CALL sirius_set_query_label('q2_iter0')
[2026-09-07 12:52:58.926] [info] [sirius_context.cpp:329] QueryBegin: instance=0xf7a4dd960390 connection=1 query=21 SQL: SET gpu_execution = true;
