[2026-09-08 05:18:29.541] [info] [sirius_context.cpp:329] QueryBegin: instance=0xfef5f1960360 connection=1 query=70 SQL: select n.n_name, sum(l.l_extendedprice * (1 - l.l_discount)) as revenue from orders o, lineitem l, supplier s, nation n, region r, customer c where c.c_custkey = o.o_custkey and l.l_orderkey = o.o_orderkey and l.l_suppkey = s.s_suppkey and c.c_nationkey = s.s_nationkey and s.s_nationkey = n.n_nationkey and n.n_regionkey = r.r_regionkey and r.r_name = 'EUROPE' and o.o_orderdate >= date '1997-01-01' and o.o_orderdate < date '1998-01-01' group by n.n_name order by revenue desc
[2026-09-08 05:18:29.558] [info] [sirius_plan_comparison_join.cpp:646] [sirius_plan_comparison_join] Wired hash join with 1 dynamic-filter probe target(s) (1 scan-bound, 0 join-edge; evidence=filtered; build est 5 rows).
[2026-09-08 05:18:29.558] [info] [sirius_plan_comparison_join.cpp:646] [sirius_plan_comparison_join] Wired hash join with 1 dynamic-filter probe target(s) (1 scan-bound, 0 join-edge; evidence=filtered; build est 25 rows).
[2026-09-08 05:18:29.558] [info] [sirius_plan_comparison_join.cpp:646] [sirius_plan_comparison_join] Wired hash join with 1 dynamic-filter probe target(s) (1 scan-bound, 0 join-edge; evidence=filtered; build est 149999850 rows).
[2026-09-08 05:18:29.558] [info] [sirius_plan_comparison_join.cpp:646] [sirius_plan_comparison_join] Wired hash join with 1 dynamic-filter probe target(s) (1 scan-bound, 0 join-edge; evidence=filtered; build est 1513881600 rows).
[2026-09-08 05:18:29.558] [info] [sirius_plan_comparison_join.cpp:662] [sirius_plan_comparison_join] Not wiring dynamic filter(s): build side carries neither filter nor opaque-build evidence (build est 10000000 rows).
[2026-09-08 05:18:29.559] [info] [sirius_context.cpp:1467] Transparent execution: Sirius physical plan generated successfully
[2026-09-08 05:18:29.559] [info] [sirius_context.cpp:1495] Transparent execution: physical plan replaced with GPU operator
[2026-09-08 05:18:29.559] [info] [physical_sirius_execution.cpp:157] Transparent GPU execution: executing query
[2026-09-08 05:18:29.559] [info] [sirius_context.cpp:521] [window] begin instance=0xfef5f1960360 connection=1 window=30 query=70 outcome=-
[2026-09-08 05:18:29.559] [info] [sirius_context.cpp:256] [host_pool] HOST:0 QueryBegin instance=0xfef5f1960360 connection=1 window=30 query=70 allocated=94153736192 bytes peak=94153736192 bytes free_blocks=1733
[2026-09-08 05:18:29.559] [info] [sirius_context.cpp:271] [gpu_pool] GPU:0 QueryBegin instance=0xfef5f1960360 connection=1 window=30 query=70 allocated=0 bytes peak=123060638503 bytes reserved=0 bytes
[2026-09-08 05:18:29.559] [info] [sirius_context.cpp:389] QueryBegin: transparent_execution
[2026-09-08 05:18:29.564] [info] [sirius_plan_comparison_join.cpp:646] [sirius_plan_comparison_join] Wired hash join with 1 dynamic-filter probe target(s) (1 scan-bound, 0 join-edge; evidence=filtered; build est 5 rows).
[2026-09-08 05:18:29.564] [info] [sirius_plan_comparison_join.cpp:646] [sirius_plan_comparison_join] Wired hash join with 1 dynamic-filter probe target(s) (1 scan-bound, 0 join-edge; evidence=filtered; build est 25 rows).
[2026-09-08 05:18:29.564] [info] [sirius_plan_comparison_join.cpp:646] [sirius_plan_comparison_join] Wired hash join with 1 dynamic-filter probe target(s) (1 scan-bound, 0 join-edge; evidence=filtered; build est 149999850 rows).
[2026-09-08 05:18:29.564] [info] [sirius_plan_comparison_join.cpp:646] [sirius_plan_comparison_join] Wired hash join with 1 dynamic-filter probe target(s) (1 scan-bound, 0 join-edge; evidence=filtered; build est 1513881600 rows).
[2026-09-08 05:18:29.564] [info] [sirius_plan_comparison_join.cpp:662] [sirius_plan_comparison_join] Not wiring dynamic filter(s): build side carries neither filter nor opaque-build evidence (build est 10000000 rows).
[2026-09-08 05:18:29.565] [info] [sirius_engine.cpp:265] [gpu_alloc] query allocated 1 GPU(s): [0]
[2026-09-08 05:18:29.565] [info] [sirius_engine.cpp:318] Query Plan:
=== Pipeline Overview ===
Pipeline #0: GPU_SCAN (id=0)
  Output: -> PARTITION [port: default, barrier: FULL]
Pipeline #1: PARTITION (id=1)
  Input: <- Pipeline #0 [on: PARTITION (id=1), port: default, barrier: FULL]
  Dependencies: Pipeline #0
  Output: -> CONCAT [port: default, barrier: PARTIAL]
Pipeline #2: CONCAT (id=2)
  Input: <- Pipeline #1 [on: CONCAT (id=2), port: default, barrier: PARTIAL]
  Dependencies: Pipeline #1
  Output: -> HASH_JOIN [port: build, barrier: PARTIAL]
Pipeline #3: GPU_SCAN (id=3)
  Output: -> PARTITION [port: default, barrier: FULL]
Pipeline #4: PARTITION (id=4)
  Input: <- Pipeline #3 [on: PARTITION (id=4), port: default, barrier: FULL]
  Dependencies: Pipeline #3
  Output: -> CONCAT [port: default, barrier: PARTIAL]
Pipeline #5: CONCAT (id=5)
  Input: <- Pipeline #4 [on: CONCAT (id=5), port: default, barrier: PARTIAL]
  Dependencies: Pipeline #4
  Output: -> HASH_JOIN [port: build, barrier: PARTIAL]
Pipeline #6: GPU_SCAN (id=6) -> DYNAMIC_FILTER (id=7)
  Output: -> PARTITION [port: default, barrier: PARTIAL]
Pipeline #7: PARTITION (id=8)
  Input: <- Pipeline #6 [on: PARTITION (id=8), port: default, barrier: PARTIAL]
  Dependencies: Pipeline #6
  Output: -> CONCAT [port: default, barrier: PARTIAL]
Pipeline #8: CONCAT (id=9)
  Input: <- Pipeline #7 [on: CONCAT (id=9), port: default, barrier: PARTIAL]
  Dependencies: Pipeline #7
  Output: -> HASH_JOIN [port: default, barrier: PARTIAL]
Pipeline #9: HASH_JOIN (id=10) -> PROJECTION (id=11)
  Input: <- Pipeline #5 [on: HASH_JOIN (id=10), port: build, barrier: PARTIAL]
  Input: <- Pipeline #8 [on: HASH_JOIN (id=10), port: default, barrier: PARTIAL]
  Dependencies: Pipeline #5, Pipeline #8
  Output: -> PARTITION [port: default, barrier: FULL]
Pipeline #10: PARTITION (id=12)
  Input: <- Pipeline #9 [on: PARTITION (id=12), port: default, barrier: FULL]
  Dependencies: Pipeline #9
  Output: -> CONCAT [port: default, barrier: PARTIAL]
Pipeline #11: CONCAT (id=13)
  Input: <- Pipeline #10 [on: CONCAT (id=13), port: default, barrier: PARTIAL]
  Dependencies: Pipeline #10
  Output: -> HASH_JOIN [port: build, barrier: PARTIAL]
Pipeline #12: GPU_SCAN (id=14) -> DYNAMIC_FILTER (id=15)
  Output: -> PARTITION [port: default, barrier: PARTIAL]
Pipeline #13: PARTITION (id=16)
  Input: <- Pipeline #12 [on: PARTITION (id=16), port: default, barrier: PARTIAL]
  Dependencies: Pipeline #12
  Output: -> CONCAT [port: default, barrier: PARTIAL]
Pipeline #14: CONCAT (id=17)
  Input: <- Pipeline #13 [on: CONCAT (id=17), port: default, barrier: PARTIAL]
  Dependencies: Pipeline #13
  Output: -> HASH_JOIN [port: default, barrier: PARTIAL]
Pipeline #15: HASH_JOIN (id=18)
  Input: <- Pipeline #11 [on: HASH_JOIN (id=18), port: build, barrier: PARTIAL]
  Input: <- Pipeline #14 [on: HASH_JOIN (id=18), port: default, barrier: PARTIAL]
  Dependencies: Pipeline #11, Pipeline #14
  Output: -> PARTITION [port: default, barrier: FULL]
Pipeline #16: PARTITION (id=19)
  Input: <- Pipeline #15 [on: PARTITION (id=19), port: default, barrier: FULL]
  Dependencies: Pipeline #15
  Output: -> CONCAT [port: default, barrier: PARTIAL]
Pipeline #17: CONCAT (id=20)
  Input: <- Pipeline #16 [on: CONCAT (id=20), port: default, barrier: PARTIAL]
  Dependencies: Pipeline #16
  Output: -> HASH_JOIN [port: build, barrier: PARTIAL]
Pipeline #18: GPU_SCAN (id=21) -> DYNAMIC_FILTER (id=22)
  Output: -> PARTITION [port: default, barrier: PARTIAL]
Pipeline #19: PARTITION (id=23)
  Input: <- Pipeline #18 [on: PARTITION (id=23), port: default, barrier: PARTIAL]
  Dependencies: Pipeline #18
  Output: -> CONCAT [port: default, barrier: PARTIAL]
Pipeline #20: CONCAT (id=24)
  Input: <- Pipeline #19 [on: CONCAT (id=24), port: default, barrier: PARTIAL]
  Dependencies: Pipeline #19
  Output: -> HASH_JOIN [port: default, barrier: PARTIAL]
Pipeline #21: HASH_JOIN (id=25)
  Input: <- Pipeline #17 [on: HASH_JOIN (id=25), port: build, barrier: PARTIAL]
  Input: <- Pipeline #20 [on: HASH_JOIN (id=25), port: default, barrier: PARTIAL]
  Dependencies: Pipeline #17, Pipeline #20
  Output: -> PARTITION [port: default, barrier: FULL]
Pipeline #22: PARTITION (id=26)
  Input: <- Pipeline #21 [on: PARTITION (id=26), port: default, barrier: FULL]
  Dependencies: Pipeline #21
  Output: -> CONCAT [port: default, barrier: PARTIAL]
Pipeline #23: CONCAT (id=27)
  Input: <- Pipeline #22 [on: CONCAT (id=27), port: default, barrier: PARTIAL]
  Dependencies: Pipeline #22
  Output: -> HASH_JOIN [port: build, barrier: PARTIAL]
Pipeline #24: GPU_SCAN (id=28) -> DYNAMIC_FILTER (id=29)
  Output: -> PARTITION [port: default, barrier: PARTIAL]
Pipeline #25: PARTITION (id=30)
  Input: <- Pipeline #24 [on: PARTITION (id=30), port: default, barrier: PARTIAL]
  Dependencies: Pipeline #24
  Output: -> CONCAT [port: default, barrier: PARTIAL]
Pipeline #26: CONCAT (id=31)
  Input: <- Pipeline #25 [on: CONCAT (id=31), port: default, barrier: PARTIAL]
  Dependencies: Pipeline #25
  Output: -> HASH_JOIN [port: default, barrier: PARTIAL]
Pipeline #27: HASH_JOIN (id=32)
  Input: <- Pipeline #23 [on: HASH_JOIN (id=32), port: build, barrier: PARTIAL]
  Input: <- Pipeline #26 [on: HASH_JOIN (id=32), port: default, barrier: PARTIAL]
  Dependencies: Pipeline #23, Pipeline #26
  Output: -> PARTITION [port: default, barrier: PARTIAL]
Pipeline #28: PARTITION (id=33)
  Input: <- Pipeline #27 [on: PARTITION (id=33), port: default, barrier: PARTIAL]
  Dependencies: Pipeline #27
  Output: -> CONCAT [port: default, barrier: PARTIAL]
Pipeline #29: CONCAT (id=34)
  Input: <- Pipeline #28 [on: CONCAT (id=34), port: default, barrier: PARTIAL]
  Dependencies: Pipeline #28
  Output: -> HASH_JOIN [port: default, barrier: PARTIAL]
Pipeline #30: HASH_JOIN (id=35) -> PROJECTION (id=36) -> HASH_GROUP_BY (id=37)
  Input: <- Pipeline #2 [on: HASH_JOIN (id=35), port: build, barrier: PARTIAL]
  Input: <- Pipeline #29 [on: HASH_JOIN (id=35), port: default, barrier: PARTIAL]
  Dependencies: Pipeline #2, Pipeline #29
  Output: -> PARTITION [port: default, barrier: FULL]
Pipeline #31: PARTITION (id=38)
  Input: <- Pipeline #30 [on: PARTITION (id=38), port: default, barrier: FULL]
  Dependencies: Pipeline #30
  Output: -> MERGE_GROUP_BY [port: default, barrier: FULL]
Pipeline #32: MERGE_GROUP_BY (id=39) -> ORDER_BY (id=40)
  Input: <- Pipeline #31 [on: MERGE_GROUP_BY (id=39), port: default, barrier: FULL]
  Dependencies: Pipeline #31
  Output: -> SORT_SAMPLE [port: default, barrier: PIPELINE]
Pipeline #33: SORT_SAMPLE (id=41) -> SORT_PARTITION (id=42)
  Input: <- Pipeline #32 [on: SORT_SAMPLE (id=41), port: default, barrier: PIPELINE]
  Dependencies: Pipeline #32
  Output: -> MERGE_SORT [port: default, barrier: FULL]
Pipeline #34: MERGE_SORT (id=43)
  Input: <- Pipeline #33 [on: MERGE_SORT (id=43), port: default, barrier: FULL]
  Dependencies: Pipeline #33
  Output: -> RESULT_COLLECTOR [port: default, barrier: FULL]
Pipeline #35: RESULT_COLLECTOR (id=44)
  Input: <- Pipeline #34 [on: RESULT_COLLECTOR (id=44), port: default, barrier: FULL]
  Dependencies: Pipeline #34

=== Query Plan DAG ===
┌──────────────────────────┐                                                                                                                                            
│ Pipeline #35             │                                                                                                                                            
│ RESULT_COLLECTOR (id=44) │                                                                                                                                            
│ Input(#34): FULL         │                                                                                                                                            
└────────────┬─────────────┘                                                                                                                                            
             │                                                                                                                                                          
┌──────────────────────────┐                                                                                                                                            
│ Pipeline #34             │                                                                                                                                            
│ MERGE_SORT (id=43)       │                                                                                                                                            
│ Input(#33): FULL         │                                                                                                                                            
└────────────┬─────────────┘                                                                                                                                            
             │                                                                                                                                                          
┌──────────────────────────┐                                                                                                                                            
│ Pipeline #33             │                                                                                                                                            
│ SORT_PARTITION (id=42)   │                                                                                                                                            
│ SORT_SAMPLE (id=41)      │                                                                                                                                            
│ Input(#32): PIPELINE     │                                                                                                                                            
└────────────┬─────────────┘                                                                                                                                            
             │                                                                                                                                                          
┌──────────────────────────┐                                                                                                                                            
│ Pipeline #32             │                                                                                                                                            
│ ORDER_BY (id=40)         │                                                                                                                                            
│ MERGE_GROUP_BY (id=39)   │                                                                                                                                            
│ Input(#31): FULL         │                                                                                                                                            
└────────────┬─────────────┘                                                                                                                                            
             │                                                                                                                                                          
┌──────────────────────────┐                                                                                                                                            
│ Pipeline #31             │                                                                                                                                            
│ PARTITION (id=38)        │                                                                                                                                            
│ Input(#30): FULL         │                                                                                                                                            
└────────────┬─────────────┘                                                                                                                                            
             │                                                                                                                                                          
┌──────────────────────────┐                                                                                                                                            
│ Pipeline #30             │                                                                                                                                            
│ HASH_GROUP_BY (id=37)    │                                                                                                                                            
│ PROJECTION (id=36)       │                                                                                                                                            
│ HASH_JOIN (id=35)        │                                                                                                                                            
│   type: INNER            │                                                                                                                                            
│ Input(#2): PARTIAL       │                                                                                                                                            
│ Input(#29): PARTIAL      │                                                                                                                                            
└────────────┬─────────────┘                                                                                                                                            
             ┌───────────────────────────┐                                                                                                                              
             │                           │                                                                                                                              
┌──────────────────────────┐┌──────────────────────────┐                                                                                                                
│ Pipeline #2              ││ Pipeline #29             │                                                                                                                
│ CONCAT (id=2)            ││ CONCAT (id=34)           │                                                                                                                
│ Input(#1): PARTIAL       ││ Input(#28): PARTIAL      │                                                                                                                
└────────────┬─────────────┘└────────────┬─────────────┘                                                                                                                
             │                           │                                                                                                                              
┌──────────────────────────┐┌──────────────────────────┐                                                                                                                
│ Pipeline #1              ││ Pipeline #28             │                                                                                                                
│ PARTITION (id=1)         ││ PARTITION (id=33)        │                                                                                                                
│ Input(#0): FULL          ││ Input(#27): PARTIAL      │                                                                                                                
└────────────┬─────────────┘└────────────┬─────────────┘                                                                                                                
             │                           │                                                                                                                              
┌──────────────────────────┐┌──────────────────────────┐                                                                                                                
│ Pipeline #0              ││ Pipeline #27             │                                                                                                                
│ GPU_SCAN (id=0)          ││ HASH_JOIN (id=32)        │                                                                                                                
│                          ││   type: INNER            │                                                                                                                
│                          ││ Input(#23): PARTIAL      │                                                                                                                
│                          ││ Input(#26): PARTIAL      │                                                                                                                
└──────────────────────────┘└────────────┬─────────────┘                                                                                                                
                                         ┌───────────────────────────────────────────────────────────────────────────────────────────────────────────────┐              
                                         │                                                                                                               │              
                            ┌──────────────────────────┐                                                                                    ┌──────────────────────────┐
                            │ Pipeline #23             │                                                                                    │ Pipeline #26             │
                            │ CONCAT (id=27)           │                                                                                    │ CONCAT (id=31)           │
                            │ Input(#22): PARTIAL      │                                                                                    │ Input(#25): PARTIAL      │
                            └────────────┬─────────────┘                                                                                    └────────────┬─────────────┘
                                         │                                                                                                               │              
                            ┌──────────────────────────┐                                                                                    ┌──────────────────────────┐
                            │ Pipeline #22             │                                                                                    │ Pipeline #25             │
                            │ PARTITION (id=26)        │                                                                                    │ PARTITION (id=30)        │
                            │ Input(#21): FULL         │                                                                                    │ Input(#24): PARTIAL      │
                            └────────────┬─────────────┘                                                                                    └────────────┬─────────────┘
                                         │                                                                                                               │              
                            ┌──────────────────────────┐                                                                                    ┌──────────────────────────┐
                            │ Pipeline #21             │                                                                                    │ Pipeline #24             │
                            │ HASH_JOIN (id=25)        │                                                                                    │ DYNAMIC_FILTER (id=29)   │
                            │   type: INNER            │                                                                                    │ GPU_SCAN (id=28)         │
                            │ Input(#17): PARTIAL      │                                                                                    │                          │
                            │ Input(#20): PARTIAL      │                                                                                    │                          │
                            └────────────┬─────────────┘                                                                                    └──────────────────────────┘
                                         ┌───────────────────────────────────────────────────────────────────────────────────┐                                          
                                         │                                                                                   │                                          
                            ┌──────────────────────────┐                                                        ┌──────────────────────────┐                            
                            │ Pipeline #17             │                                                        │ Pipeline #20             │                            
                            │ CONCAT (id=20)           │                                                        │ CONCAT (id=24)           │                            
                            │ Input(#16): PARTIAL      │                                                        │ Input(#19): PARTIAL      │                            
                            └────────────┬─────────────┘                                                        └────────────┬─────────────┘                            
                                         │                                                                                   │                                          
                            ┌──────────────────────────┐                                                        ┌──────────────────────────┐                            
                            │ Pipeline #16             │                                                        │ Pipeline #19             │                            
                            │ PARTITION (id=19)        │                                                        │ PARTITION (id=23)        │                            
                            │ Input(#15): FULL         │                                                        │ Input(#18): PARTIAL      │                            
                            └────────────┬─────────────┘                                                        └────────────┬─────────────┘                            
                                         │                                                                                   │                                          
                            ┌──────────────────────────┐                                                        ┌──────────────────────────┐                            
                            │ Pipeline #15             │                                                        │ Pipeline #18             │                            
                            │ HASH_JOIN (id=18)        │                                                        │ DYNAMIC_FILTER (id=22)   │                            
                            │   type: INNER            │                                                        │ GPU_SCAN (id=21)         │                            
                            │ Input(#11): PARTIAL      │                                                        │                          │                            
                            │ Input(#14): PARTIAL      │                                                        │                          │                            
                            └────────────┬─────────────┘                                                        └──────────────────────────┘                            
                                         ┌───────────────────────────────────────────────────────┐                                                                      
                                         │                                                       │                                                                      
                            ┌──────────────────────────┐                            ┌──────────────────────────┐                                                        
                            │ Pipeline #11             │                            │ Pipeline #14             │                                                        
                            │ CONCAT (id=13)           │                            │ CONCAT (id=17)           │                                                        
                            │ Input(#10): PARTIAL      │                            │ Input(#13): PARTIAL      │                                                        
                            └────────────┬─────────────┘                            └────────────┬─────────────┘                                                        
                                         │                                                       │                                                                      
                            ┌──────────────────────────┐                            ┌──────────────────────────┐                                                        
                            │ Pipeline #10             │                            │ Pipeline #13             │                                                        
                            │ PARTITION (id=12)        │                            │ PARTITION (id=16)        │                                                        
                            │ Input(#9): FULL          │                            │ Input(#12): PARTIAL      │                                                        
                            └────────────┬─────────────┘                            └────────────┬─────────────┘                                                        
                                         │                                                       │                                                                      
                            ┌──────────────────────────┐                            ┌──────────────────────────┐                                                        
                            │ Pipeline #9              │                            │ Pipeline #12             │                                                        
                            │ PROJECTION (id=11)       │                            │ DYNAMIC_FILTER (id=15)   │                                                        
                            │ HASH_JOIN (id=10)        │                            │ GPU_SCAN (id=14)         │                                                        
                            │   type: INNER            │                            │                          │                                                        
                            │ Input(#5): PARTIAL       │                            │                          │                                                        
                            │ Input(#8): PARTIAL       │                            │                          │                                                        
                            └────────────┬─────────────┘                            └──────────────────────────┘                                                        
                                         ┌───────────────────────────┐                                                                                                  
                                         │                           │                                                                                                  
                            ┌──────────────────────────┐┌──────────────────────────┐                                                                                    
                            │ Pipeline #5              ││ Pipeline #8              │                                                                                    
                            │ CONCAT (id=5)            ││ CONCAT (id=9)            │                                                                                    
                            │ Input(#4): PARTIAL       ││ Input(#7): PARTIAL       │                                                                                    
                            └────────────┬─────────────┘└────────────┬─────────────┘                                                                                    
                                         │                           │                                                                                                  
                            ┌──────────────────────────┐┌──────────────────────────┐                                                                                    
                            │ Pipeline #4              ││ Pipeline #7              │                                                                                    
                            │ PARTITION (id=4)         ││ PARTITION (id=8)         │                                                                                    
                            │ Input(#3): FULL          ││ Input(#6): PARTIAL       │                                                                                    
                            └────────────┬─────────────┘└────────────┬─────────────┘                                                                                    
                                         │                           │                                                                                                  
                            ┌──────────────────────────┐┌──────────────────────────┐                                                                                    
                            │ Pipeline #3              ││ Pipeline #6              │                                                                                    
                            │ GPU_SCAN (id=3)          ││ DYNAMIC_FILTER (id=7)    │                                                                                    
                            │                          ││ GPU_SCAN (id=6)          │                                                                                    
                            └──────────────────────────┘└──────────────────────────┘                                                                                    

[2026-09-08 05:18:29.565] [info] [sirius_engine.cpp:186] query 30 telemetry_query=01a080f49c3d7e80b41b5abb8e8ecccf
[2026-09-08 05:18:29.565] [info] [sirius_scan_manager.cpp:2999] [sirius_scan_manager] assigned pinned entry 'supplier' to operator '0'
[2026-09-08 05:18:29.565] [info] [sirius_scan_manager.cpp:2999] [sirius_scan_manager] assigned pinned entry 'region' to operator '3'
[2026-09-08 05:18:29.565] [info] [sirius_scan_manager.cpp:2999] [sirius_scan_manager] assigned pinned entry 'nation' to operator '6'
[2026-09-08 05:18:29.565] [info] [sirius_scan_manager.cpp:2999] [sirius_scan_manager] assigned pinned entry 'customer' to operator '14'
[2026-09-08 05:18:29.565] [info] [sirius_scan_manager.cpp:2882] [sirius_scan_manager] zone-map pruning for pinned entry 'orders' (HOST tier): 6/13 chunks pruned, serving 7
[2026-09-08 05:18:29.565] [info] [sirius_scan_manager.cpp:2999] [sirius_scan_manager] assigned pinned entry 'orders' to operator '21'
[2026-09-08 05:18:29.566] [info] [sirius_scan_manager.cpp:2999] [sirius_scan_manager] assigned pinned entry 'lineitem' to operator '28'
[2026-09-08 05:18:29.566] [info] [sirius_scan_manager.cpp:823] [late-mat] operator 0: not deferring — the pinned entry is not device-resident
[2026-09-08 05:18:29.566] [info] [sirius_scan_manager.cpp:823] [late-mat] operator 3: not deferring — the pinned entry is not device-resident
[2026-09-08 05:18:29.566] [info] [sirius_scan_manager.cpp:823] [late-mat] operator 6: not deferring — the pinned entry is not device-resident
[2026-09-08 05:18:29.566] [info] [sirius_scan_manager.cpp:823] [late-mat] operator 14: not deferring — the pinned entry is not device-resident
[2026-09-08 05:18:29.566] [info] [sirius_scan_manager.cpp:823] [late-mat] operator 21: not deferring — the pinned entry is not device-resident
[2026-09-08 05:18:29.566] [info] [sirius_scan_manager.cpp:823] [late-mat] operator 28: not deferring — the pinned entry is not device-resident
[2026-09-08 05:18:29.566] [info] [memory_prefetcher.cpp:59] [memory_prefetcher] started: 3 threads, 6 connectors, min_free_fraction=0.40
[2026-09-08 05:18:29.594] [info] [dynamic_filter_publisher.cpp:297] [sirius_physical_hash_join] Pushed 1 dynamic filter(s) across 1 active target(s) of 1 wired target(s) (1 build rows, 1 bound keys of 1 admitted).
[2026-09-08 05:18:29.605] [warning] [sirius_physical_partition.cpp:375] slot_for_device: device_id 0 not found in active GPU list, falling back to slot 0
[2026-09-08 05:18:29.630] [info] [dynamic_filter_publisher.cpp:297] [sirius_physical_hash_join] Pushed 1 dynamic filter(s) across 1 active target(s) of 1 wired target(s) (5 build rows, 1 bound keys of 1 admitted).
[2026-09-08 05:18:29.632] [warning] [sirius_physical_partition.cpp:375] slot_for_device: device_id 0 not found in active GPU list, falling back to slot 0
[2026-09-08 05:18:29.648] [info] [dynamic_filter_publisher.cpp:297] [sirius_physical_hash_join] Pushed 1 dynamic filter(s) across 1 active target(s) of 1 wired target(s) (29997971 build rows, 1 bound keys of 1 admitted).
[2026-09-08 05:18:29.731] [info] [dynamic_filter_publisher.cpp:297] [sirius_physical_hash_join] Pushed 1 dynamic filter(s) across 1 active target(s) of 1 wired target(s) (45508350 build rows, 1 bound keys of 1 admitted).
[2026-09-08 05:18:29.922] [warning] [sirius_physical_partition.cpp:375] slot_for_device: device_id 0 not found in active GPU list, falling back to slot 0
[2026-09-08 05:18:29.971] [info] [gpu_pipeline_executor.cpp:129] GPU Pipeline Executor: task queue interrupted, stopping manager loop
[2026-09-08 05:18:29.972] [info] [sirius_context.cpp:405] QueryEnd
[2026-09-08 05:18:29.972] [info] [memory_prefetcher.cpp:72] [memory_prefetcher] stopping: prefetched 84 batches / 60005901826 bytes (stops: headroom=0 reservation=0, skips: lock=0 draining=9, errors=0)
[2026-09-08 05:18:29.972] [info] [sirius_context.cpp:256] [host_pool] HOST:0 QueryEnd instance=0xfef5f1960360 connection=1 window=30 query=70 allocated=94153736192 bytes peak=94220845056 bytes free_blocks=1733
[2026-09-08 05:18:29.972] [info] [sirius_context.cpp:271] [gpu_pool] GPU:0 QueryEnd instance=0xfef5f1960360 connection=1 window=30 query=70 allocated=0 bytes peak=123060638503 bytes reserved=0 bytes
[2026-09-08 05:18:29.972] [info] [sirius_context.cpp:521] [window] end instance=0xfef5f1960360 connection=1 window=30 query=70 outcome=ok
[2026-09-08 05:18:29.972] [info] [physical_sirius_execution.cpp:327] Transparent GPU execution: query completed
[2026-09-08 05:18:29.974] [info] [sirius_context.cpp:329] QueryBegin: instance=0xfef5f1960360 connection=1 query=71 SQL: CALL sirius_set_query_label('q5_iter1')
[2026-09-08 05:18:29.974] [info] [sirius_context.cpp:329] QueryBegin: instance=0xfef5f1960360 connection=1 query=72 SQL: SET gpu_execution = true;
[2026-09-08 05:18:29.975] [info] [sirius_context.cpp:329] QueryBegin: instance=0xfef5f1960360 connection=1 query=73 SQL: select n.n_name, sum(l.l_extendedprice * (1 - l.l_discount)) as revenue from orders o, lineitem l, supplier s, nation n, region r, customer c where c.c_custkey = o.o_custkey and l.l_orderkey = o.o_orderkey and l.l_suppkey = s.s_suppkey and c.c_nationkey = s.s_nationkey and s.s_nationkey = n.n_nationkey and n.n_regionkey = r.r_regionkey and r.r_name = 'EUROPE' and o.o_orderdate >= date '1997-01-01' and o.o_orderdate < date '1998-01-01' group by n.n_name order by revenue desc
[2026-09-08 05:18:29.991] [info] [sirius_plan_comparison_join.cpp:646] [sirius_plan_comparison_join] Wired hash join with 1 dynamic-filter probe target(s) (1 scan-bound, 0 join-edge; evidence=filtered; build est 5 rows).
[2026-09-08 05:18:29.991] [info] [sirius_plan_comparison_join.cpp:646] [sirius_plan_comparison_join] Wired hash join with 1 dynamic-filter probe target(s) (1 scan-bound, 0 join-edge; evidence=filtered; build est 25 rows).
[2026-09-08 05:18:29.991] [info] [sirius_plan_comparison_join.cpp:646] [sirius_plan_comparison_join] Wired hash join with 1 dynamic-filter probe target(s) (1 scan-bound, 0 join-edge; evidence=filtered; build est 149999850 rows).
[2026-09-08 05:18:29.991] [info] [sirius_plan_comparison_join.cpp:646] [sirius_plan_comparison_join] Wired hash join with 1 dynamic-filter probe target(s) (1 scan-bound, 0 join-edge; evidence=filtered; build est 1513881600 rows).
[2026-09-08 05:18:29.992] [info] [sirius_plan_comparison_join.cpp:662] [sirius_plan_comparison_join] Not wiring dynamic filter(s): build side carries neither filter nor opaque-build evidence (build est 10000000 rows).
[2026-09-08 05:18:29.992] [info] [sirius_context.cpp:1467] Transparent execution: Sirius physical plan generated successfully
[2026-09-08 05:18:29.992] [info] [sirius_context.cpp:1495] Transparent execution: physical plan replaced with GPU operator
[2026-09-08 05:18:29.992] [info] [physical_sirius_execution.cpp:157] Transparent GPU execution: executing query
[2026-09-08 05:18:29.992] [info] [sirius_context.cpp:521] [window] begin instance=0xfef5f1960360 connection=1 window=31 query=73 outcome=-
[2026-09-08 05:18:29.992] [info] [sirius_context.cpp:256] [host_pool] HOST:0 QueryBegin instance=0xfef5f1960360 connection=1 window=31 query=73 allocated=94153736192 bytes peak=94220845056 bytes free_blocks=1733
[2026-09-08 05:18:29.992] [info] [sirius_context.cpp:271] [gpu_pool] GPU:0 QueryBegin instance=0xfef5f1960360 connection=1 window=31 query=73 allocated=0 bytes peak=123060638503 bytes reserved=0 bytes
[2026-09-08 05:18:29.992] [info] [sirius_context.cpp:389] QueryBegin: transparent_execution
[2026-09-08 05:18:29.997] [info] [sirius_plan_comparison_join.cpp:646] [sirius_plan_comparison_join] Wired hash join with 1 dynamic-filter probe target(s) (1 scan-bound, 0 join-edge; evidence=filtered; build est 5 rows).
[2026-09-08 05:18:29.997] [info] [sirius_plan_comparison_join.cpp:646] [sirius_plan_comparison_join] Wired hash join with 1 dynamic-filter probe target(s) (1 scan-bound, 0 join-edge; evidence=filtered; build est 25 rows).
[2026-09-08 05:18:29.997] [info] [sirius_plan_comparison_join.cpp:646] [sirius_plan_comparison_join] Wired hash join with 1 dynamic-filter probe target(s) (1 scan-bound, 0 join-edge; evidence=filtered; build est 149999850 rows).
[2026-09-08 05:18:29.997] [info] [sirius_plan_comparison_join.cpp:646] [sirius_plan_comparison_join] Wired hash join with 1 dynamic-filter probe target(s) (1 scan-bound, 0 join-edge; evidence=filtered; build est 1513881600 rows).
[2026-09-08 05:18:29.997] [info] [sirius_plan_comparison_join.cpp:662] [sirius_plan_comparison_join] Not wiring dynamic filter(s): build side carries neither filter nor opaque-build evidence (build est 10000000 rows).
[2026-09-08 05:18:29.998] [info] [sirius_engine.cpp:265] [gpu_alloc] query allocated 1 GPU(s): [0]
[2026-09-08 05:18:29.998] [info] [sirius_engine.cpp:318] Query Plan:
=== Pipeline Overview ===
Pipeline #0: GPU_SCAN (id=0)
  Output: -> PARTITION [port: default, barrier: FULL]
Pipeline #1: PARTITION (id=1)
  Input: <- Pipeline #0 [on: PARTITION (id=1), port: default, barrier: FULL]
  Dependencies: Pipeline #0
  Output: -> CONCAT [port: default, barrier: PARTIAL]
Pipeline #2: CONCAT (id=2)
  Input: <- Pipeline #1 [on: CONCAT (id=2), port: default, barrier: PARTIAL]
  Dependencies: Pipeline #1
  Output: -> HASH_JOIN [port: build, barrier: PARTIAL]
Pipeline #3: GPU_SCAN (id=3)
  Output: -> PARTITION [port: default, barrier: FULL]
Pipeline #4: PARTITION (id=4)
  Input: <- Pipeline #3 [on: PARTITION (id=4), port: default, barrier: FULL]
  Dependencies: Pipeline #3
  Output: -> CONCAT [port: default, barrier: PARTIAL]
Pipeline #5: CONCAT (id=5)
  Input: <- Pipeline #4 [on: CONCAT (id=5), port: default, barrier: PARTIAL]
  Dependencies: Pipeline #4
  Output: -> HASH_JOIN [port: build, barrier: PARTIAL]
Pipeline #6: GPU_SCAN (id=6) -> DYNAMIC_FILTER (id=7)
  Output: -> PARTITION [port: default, barrier: PARTIAL]
Pipeline #7: PARTITION (id=8)
  Input: <- Pipeline #6 [on: PARTITION (id=8), port: default, barrier: PARTIAL]
  Dependencies: Pipeline #6
  Output: -> CONCAT [port: default, barrier: PARTIAL]
Pipeline #8: CONCAT (id=9)
  Input: <- Pipeline #7 [on: CONCAT (id=9), port: default, barrier: PARTIAL]
  Dependencies: Pipeline #7
  Output: -> HASH_JOIN [port: default, barrier: PARTIAL]
Pipeline #9: HASH_JOIN (id=10) -> PROJECTION (id=11)
  Input: <- Pipeline #5 [on: HASH_JOIN (id=10), port: build, barrier: PARTIAL]
  Input: <- Pipeline #8 [on: HASH_JOIN (id=10), port: default, barrier: PARTIAL]
  Dependencies: Pipeline #5, Pipeline #8
  Output: -> PARTITION [port: default, barrier: FULL]
Pipeline #10: PARTITION (id=12)
  Input: <- Pipeline #9 [on: PARTITION (id=12), port: default, barrier: FULL]
  Dependencies: Pipeline #9
  Output: -> CONCAT [port: default, barrier: PARTIAL]
Pipeline #11: CONCAT (id=13)
  Input: <- Pipeline #10 [on: CONCAT (id=13), port: default, barrier: PARTIAL]
  Dependencies: Pipeline #10
  Output: -> HASH_JOIN [port: build, barrier: PARTIAL]
Pipeline #12: GPU_SCAN (id=14) -> DYNAMIC_FILTER (id=15)
  Output: -> PARTITION [port: default, barrier: PARTIAL]
Pipeline #13: PARTITION (id=16)
  Input: <- Pipeline #12 [on: PARTITION (id=16), port: default, barrier: PARTIAL]
  Dependencies: Pipeline #12
  Output: -> CONCAT [port: default, barrier: PARTIAL]
Pipeline #14: CONCAT (id=17)
  Input: <- Pipeline #13 [on: CONCAT (id=17), port: default, barrier: PARTIAL]
  Dependencies: Pipeline #13
  Output: -> HASH_JOIN [port: default, barrier: PARTIAL]
Pipeline #15: HASH_JOIN (id=18)
  Input: <- Pipeline #11 [on: HASH_JOIN (id=18), port: build, barrier: PARTIAL]
  Input: <- Pipeline #14 [on: HASH_JOIN (id=18), port: default, barrier: PARTIAL]
  Dependencies: Pipeline #11, Pipeline #14
  Output: -> PARTITION [port: default, barrier: FULL]
Pipeline #16: PARTITION (id=19)
  Input: <- Pipeline #15 [on: PARTITION (id=19), port: default, barrier: FULL]
  Dependencies: Pipeline #15
  Output: -> CONCAT [port: default, barrier: PARTIAL]
Pipeline #17: CONCAT (id=20)
  Input: <- Pipeline #16 [on: CONCAT (id=20), port: default, barrier: PARTIAL]
  Dependencies: Pipeline #16
  Output: -> HASH_JOIN [port: build, barrier: PARTIAL]
Pipeline #18: GPU_SCAN (id=21) -> DYNAMIC_FILTER (id=22)
  Output: -> PARTITION [port: default, barrier: PARTIAL]
Pipeline #19: PARTITION (id=23)
  Input: <- Pipeline #18 [on: PARTITION (id=23), port: default, barrier: PARTIAL]
  Dependencies: Pipeline #18
  Output: -> CONCAT [port: default, barrier: PARTIAL]
Pipeline #20: CONCAT (id=24)
  Input: <- Pipeline #19 [on: CONCAT (id=24), port: default, barrier: PARTIAL]
  Dependencies: Pipeline #19
  Output: -> HASH_JOIN [port: default, barrier: PARTIAL]
Pipeline #21: HASH_JOIN (id=25)
  Input: <- Pipeline #17 [on: HASH_JOIN (id=25), port: build, barrier: PARTIAL]
  Input: <- Pipeline #20 [on: HASH_JOIN (id=25), port: default, barrier: PARTIAL]
  Dependencies: Pipeline #17, Pipeline #20
  Output: -> PARTITION [port: default, barrier: FULL]
Pipeline #22: PARTITION (id=26)
  Input: <- Pipeline #21 [on: PARTITION (id=26), port: default, barrier: FULL]
  Dependencies: Pipeline #21
  Output: -> CONCAT [port: default, barrier: PARTIAL]
Pipeline #23: CONCAT (id=27)
  Input: <- Pipeline #22 [on: CONCAT (id=27), port: default, barrier: PARTIAL]
  Dependencies: Pipeline #22
  Output: -> HASH_JOIN [port: build, barrier: PARTIAL]
Pipeline #24: GPU_SCAN (id=28) -> DYNAMIC_FILTER (id=29)
  Output: -> PARTITION [port: default, barrier: PARTIAL]
Pipeline #25: PARTITION (id=30)
  Input: <- Pipeline #24 [on: PARTITION (id=30), port: default, barrier: PARTIAL]
  Dependencies: Pipeline #24
  Output: -> CONCAT [port: default, barrier: PARTIAL]
Pipeline #26: CONCAT (id=31)
  Input: <- Pipeline #25 [on: CONCAT (id=31), port: default, barrier: PARTIAL]
  Dependencies: Pipeline #25
  Output: -> HASH_JOIN [port: default, barrier: PARTIAL]
Pipeline #27: HASH_JOIN (id=32)
  Input: <- Pipeline #23 [on: HASH_JOIN (id=32), port: build, barrier: PARTIAL]
  Input: <- Pipeline #26 [on: HASH_JOIN (id=32), port: default, barrier: PARTIAL]
  Dependencies: Pipeline #23, Pipeline #26
  Output: -> PARTITION [port: default, barrier: PARTIAL]
Pipeline #28: PARTITION (id=33)
  Input: <- Pipeline #27 [on: PARTITION (id=33), port: default, barrier: PARTIAL]
  Dependencies: Pipeline #27
  Output: -> CONCAT [port: default, barrier: PARTIAL]
Pipeline #29: CONCAT (id=34)
  Input: <- Pipeline #28 [on: CONCAT (id=34), port: default, barrier: PARTIAL]
  Dependencies: Pipeline #28
  Output: -> HASH_JOIN [port: default, barrier: PARTIAL]
Pipeline #30: HASH_JOIN (id=35) -> PROJECTION (id=36) -> HASH_GROUP_BY (id=37)
  Input: <- Pipeline #2 [on: HASH_JOIN (id=35), port: build, barrier: PARTIAL]
  Input: <- Pipeline #29 [on: HASH_JOIN (id=35), port: default, barrier: PARTIAL]
  Dependencies: Pipeline #2, Pipeline #29
  Output: -> PARTITION [port: default, barrier: FULL]
Pipeline #31: PARTITION (id=38)
  Input: <- Pipeline #30 [on: PARTITION (id=38), port: default, barrier: FULL]
  Dependencies: Pipeline #30
  Output: -> MERGE_GROUP_BY [port: default, barrier: FULL]
Pipeline #32: MERGE_GROUP_BY (id=39) -> ORDER_BY (id=40)
  Input: <- Pipeline #31 [on: MERGE_GROUP_BY (id=39), port: default, barrier: FULL]
  Dependencies: Pipeline #31
  Output: -> SORT_SAMPLE [port: default, barrier: PIPELINE]
Pipeline #33: SORT_SAMPLE (id=41) -> SORT_PARTITION (id=42)
  Input: <- Pipeline #32 [on: SORT_SAMPLE (id=41), port: default, barrier: PIPELINE]
  Dependencies: Pipeline #32
  Output: -> MERGE_SORT [port: default, barrier: FULL]
Pipeline #34: MERGE_SORT (id=43)
  Input: <- Pipeline #33 [on: MERGE_SORT (id=43), port: default, barrier: FULL]
  Dependencies: Pipeline #33
  Output: -> RESULT_COLLECTOR [port: default, barrier: FULL]
Pipeline #35: RESULT_COLLECTOR (id=44)
  Input: <- Pipeline #34 [on: RESULT_COLLECTOR (id=44), port: default, barrier: FULL]
  Dependencies: Pipeline #34

=== Query Plan DAG ===
┌──────────────────────────┐                                                                                                                                            
│ Pipeline #35             │                                                                                                                                            
│ RESULT_COLLECTOR (id=44) │                                                                                                                                            
│ Input(#34): FULL         │                                                                                                                                            
└────────────┬─────────────┘                                                                                                                                            
             │                                                                                                                                                          
┌──────────────────────────┐                                                                                                                                            
│ Pipeline #34             │                                                                                                                                            
│ MERGE_SORT (id=43)       │                                                                                                                                            
│ Input(#33): FULL         │                                                                                                                                            
└────────────┬─────────────┘                                                                                                                                            
             │                                                                                                                                                          
┌──────────────────────────┐                                                                                                                                            
│ Pipeline #33             │                                                                                                                                            
│ SORT_PARTITION (id=42)   │                                                                                                                                            
│ SORT_SAMPLE (id=41)      │                                                                                                                                            
│ Input(#32): PIPELINE     │                                                                                                                                            
└────────────┬─────────────┘                                                                                                                                            
             │                                                                                                                                                          
┌──────────────────────────┐                                                                                                                                            
│ Pipeline #32             │                                                                                                                                            
│ ORDER_BY (id=40)         │                                                                                                                                            
│ MERGE_GROUP_BY (id=39)   │                                                                                                                                            
│ Input(#31): FULL         │                                                                                                                                            
└────────────┬─────────────┘                                                                                                                                            
             │                                                                                                                                                          
┌──────────────────────────┐                                                                                                                                            
│ Pipeline #31             │                                                                                                                                            
│ PARTITION (id=38)        │                                                                                                                                            
│ Input(#30): FULL         │                                                                                                                                            
└────────────┬─────────────┘                                                                                                                                            
             │                                                                                                                                                          
┌──────────────────────────┐                                                                                                                                            
│ Pipeline #30             │                                                                                                                                            
│ HASH_GROUP_BY (id=37)    │                                                                                                                                            
│ PROJECTION (id=36)       │                                                                                                                                            
│ HASH_JOIN (id=35)        │                                                                                                                                            
│   type: INNER            │                                                                                                                                            
│ Input(#2): PARTIAL       │                                                                                                                                            
│ Input(#29): PARTIAL      │                                                                                                                                            
└────────────┬─────────────┘                                                                                                                                            
             ┌───────────────────────────┐                                                                                                                              
             │                           │                                                                                                                              
┌──────────────────────────┐┌──────────────────────────┐                                                                                                                
│ Pipeline #2              ││ Pipeline #29             │                                                                                                                
│ CONCAT (id=2)            ││ CONCAT (id=34)           │                                                                                                                
│ Input(#1): PARTIAL       ││ Input(#28): PARTIAL      │                                                                                                                
└────────────┬─────────────┘└────────────┬─────────────┘                                                                                                                
             │                           │                                                                                                                              
┌──────────────────────────┐┌──────────────────────────┐                                                                                                                
│ Pipeline #1              ││ Pipeline #28             │                                                                                                                
│ PARTITION (id=1)         ││ PARTITION (id=33)        │                                                                                                                
│ Input(#0): FULL          ││ Input(#27): PARTIAL      │                                                                                                                
└────────────┬─────────────┘└────────────┬─────────────┘                                                                                                                
             │                           │                                                                                                                              
┌──────────────────────────┐┌──────────────────────────┐                                                                                                                
│ Pipeline #0              ││ Pipeline #27             │                                                                                                                
│ GPU_SCAN (id=0)          ││ HASH_JOIN (id=32)        │                                                                                                                
│                          ││   type: INNER            │                                                                                                                
│                          ││ Input(#23): PARTIAL      │                                                                                                                
│                          ││ Input(#26): PARTIAL      │                                                                                                                
└──────────────────────────┘└────────────┬─────────────┘                                                                                                                
                                         ┌───────────────────────────────────────────────────────────────────────────────────────────────────────────────┐              
                                         │                                                                                                               │              
                            ┌──────────────────────────┐                                                                                    ┌──────────────────────────┐
                            │ Pipeline #23             │                                                                                    │ Pipeline #26             │
                            │ CONCAT (id=27)           │                                                                                    │ CONCAT (id=31)           │
                            │ Input(#22): PARTIAL      │                                                                                    │ Input(#25): PARTIAL      │
                            └────────────┬─────────────┘                                                                                    └────────────┬─────────────┘
                                         │                                                                                                               │              
                            ┌──────────────────────────┐                                                                                    ┌──────────────────────────┐
                            │ Pipeline #22             │                                                                                    │ Pipeline #25             │
                            │ PARTITION (id=26)        │                                                                                    │ PARTITION (id=30)        │
                            │ Input(#21): FULL         │                                                                                    │ Input(#24): PARTIAL      │
                            └────────────┬─────────────┘                                                                                    └────────────┬─────────────┘
                                         │                                                                                                               │              
                            ┌──────────────────────────┐                                                                                    ┌──────────────────────────┐
                            │ Pipeline #21             │                                                                                    │ Pipeline #24             │
                            │ HASH_JOIN (id=25)        │                                                                                    │ DYNAMIC_FILTER (id=29)   │
                            │   type: INNER            │                                                                                    │ GPU_SCAN (id=28)         │
                            │ Input(#17): PARTIAL      │                                                                                    │                          │
                            │ Input(#20): PARTIAL      │                                                                                    │                          │
                            └────────────┬─────────────┘                                                                                    └──────────────────────────┘
                                         ┌───────────────────────────────────────────────────────────────────────────────────┐                                          
                                         │                                                                                   │                                          
                            ┌──────────────────────────┐                                                        ┌──────────────────────────┐                            
                            │ Pipeline #17             │                                                        │ Pipeline #20             │                            
                            │ CONCAT (id=20)           │                                                        │ CONCAT (id=24)           │                            
                            │ Input(#16): PARTIAL      │                                                        │ Input(#19): PARTIAL      │                            
                            └────────────┬─────────────┘                                                        └────────────┬─────────────┘                            
                                         │                                                                                   │                                          
                            ┌──────────────────────────┐                                                        ┌──────────────────────────┐                            
                            │ Pipeline #16             │                                                        │ Pipeline #19             │                            
                            │ PARTITION (id=19)        │                                                        │ PARTITION (id=23)        │                            
                            │ Input(#15): FULL         │                                                        │ Input(#18): PARTIAL      │                            
                            └────────────┬─────────────┘                                                        └────────────┬─────────────┘                            
                                         │                                                                                   │                                          
                            ┌──────────────────────────┐                                                        ┌──────────────────────────┐                            
                            │ Pipeline #15             │                                                        │ Pipeline #18             │                            
                            │ HASH_JOIN (id=18)        │                                                        │ DYNAMIC_FILTER (id=22)   │                            
                            │   type: INNER            │                                                        │ GPU_SCAN (id=21)         │                            
                            │ Input(#11): PARTIAL      │                                                        │                          │                            
                            │ Input(#14): PARTIAL      │                                                        │                          │                            
                            └────────────┬─────────────┘                                                        └──────────────────────────┘                            
                                         ┌───────────────────────────────────────────────────────┐                                                                      
                                         │                                                       │                                                                      
                            ┌──────────────────────────┐                            ┌──────────────────────────┐                                                        
                            │ Pipeline #11             │                            │ Pipeline #14             │                                                        
                            │ CONCAT (id=13)           │                            │ CONCAT (id=17)           │                                                        
                            │ Input(#10): PARTIAL      │                            │ Input(#13): PARTIAL      │                                                        
                            └────────────┬─────────────┘                            └────────────┬─────────────┘                                                        
                                         │                                                       │                                                                      
                            ┌──────────────────────────┐                            ┌──────────────────────────┐                                                        
                            │ Pipeline #10             │                            │ Pipeline #13             │                                                        
                            │ PARTITION (id=12)        │                            │ PARTITION (id=16)        │                                                        
                            │ Input(#9): FULL          │                            │ Input(#12): PARTIAL      │                                                        
                            └────────────┬─────────────┘                            └────────────┬─────────────┘                                                        
                                         │                                                       │                                                                      
                            ┌──────────────────────────┐                            ┌──────────────────────────┐                                                        
                            │ Pipeline #9              │                            │ Pipeline #12             │                                                        
                            │ PROJECTION (id=11)       │                            │ DYNAMIC_FILTER (id=15)   │                                                        
                            │ HASH_JOIN (id=10)        │                            │ GPU_SCAN (id=14)         │                                                        
                            │   type: INNER            │                            │                          │                                                        
                            │ Input(#5): PARTIAL       │                            │                          │                                                        
                            │ Input(#8): PARTIAL       │                            │                          │                                                        
                            └────────────┬─────────────┘                            └──────────────────────────┘                                                        
                                         ┌───────────────────────────┐                                                                                                  
                                         │                           │                                                                                                  
                            ┌──────────────────────────┐┌──────────────────────────┐                                                                                    
                            │ Pipeline #5              ││ Pipeline #8              │                                                                                    
                            │ CONCAT (id=5)            ││ CONCAT (id=9)            │                                                                                    
                            │ Input(#4): PARTIAL       ││ Input(#7): PARTIAL       │                                                                                    
                            └────────────┬─────────────┘└────────────┬─────────────┘                                                                                    
                                         │                           │                                                                                                  
                            ┌──────────────────────────┐┌──────────────────────────┐                                                                                    
                            │ Pipeline #4              ││ Pipeline #7              │                                                                                    
                            │ PARTITION (id=4)         ││ PARTITION (id=8)         │                                                                                    
                            │ Input(#3): FULL          ││ Input(#6): PARTIAL       │                                                                                    
                            └────────────┬─────────────┘└────────────┬─────────────┘                                                                                    
                                         │                           │                                                                                                  
                            ┌──────────────────────────┐┌──────────────────────────┐                                                                                    
                            │ Pipeline #3              ││ Pipeline #6              │                                                                                    
                            │ GPU_SCAN (id=3)          ││ DYNAMIC_FILTER (id=7)    │                                                                                    
                            │                          ││ GPU_SCAN (id=6)          │                                                                                    
                            └──────────────────────────┘└──────────────────────────┘                                                                                    

[2026-09-08 05:18:29.998] [info] [sirius_engine.cpp:186] query 31 telemetry_query=01a080f49dee773384aca987af34841f
[2026-09-08 05:18:29.999] [info] [sirius_scan_manager.cpp:2999] [sirius_scan_manager] assigned pinned entry 'supplier' to operator '0'
[2026-09-08 05:18:29.999] [info] [sirius_scan_manager.cpp:2999] [sirius_scan_manager] assigned pinned entry 'region' to operator '3'
[2026-09-08 05:18:29.999] [info] [sirius_scan_manager.cpp:2999] [sirius_scan_manager] assigned pinned entry 'nation' to operator '6'
[2026-09-08 05:18:29.999] [info] [sirius_scan_manager.cpp:2999] [sirius_scan_manager] assigned pinned entry 'customer' to operator '14'
[2026-09-08 05:18:29.999] [info] [sirius_scan_manager.cpp:2882] [sirius_scan_manager] zone-map pruning for pinned entry 'orders' (HOST tier): 6/13 chunks pruned, serving 7
[2026-09-08 05:18:29.999] [info] [sirius_scan_manager.cpp:2999] [sirius_scan_manager] assigned pinned entry 'orders' to operator '21'
[2026-09-08 05:18:29.999] [info] [sirius_scan_manager.cpp:2999] [sirius_scan_manager] assigned pinned entry 'lineitem' to operator '28'
[2026-09-08 05:18:29.999] [info] [sirius_scan_manager.cpp:823] [late-mat] operator 0: not deferring — the pinned entry is not device-resident
[2026-09-08 05:18:29.999] [info] [sirius_scan_manager.cpp:823] [late-mat] operator 3: not deferring — the pinned entry is not device-resident
[2026-09-08 05:18:29.999] [info] [sirius_scan_manager.cpp:823] [late-mat] operator 6: not deferring — the pinned entry is not device-resident
[2026-09-08 05:18:29.999] [info] [sirius_scan_manager.cpp:823] [late-mat] operator 14: not deferring — the pinned entry is not device-resident
[2026-09-08 05:18:29.999] [info] [sirius_scan_manager.cpp:823] [late-mat] operator 21: not deferring — the pinned entry is not device-resident
[2026-09-08 05:18:29.999] [info] [sirius_scan_manager.cpp:823] [late-mat] operator 28: not deferring — the pinned entry is not device-resident
[2026-09-08 05:18:29.999] [info] [memory_prefetcher.cpp:59] [memory_prefetcher] started: 3 threads, 6 connectors, min_free_fraction=0.40
[2026-09-08 05:18:30.027] [info] [dynamic_filter_publisher.cpp:297] [sirius_physical_hash_join] Pushed 1 dynamic filter(s) across 1 active target(s) of 1 wired target(s) (1 build rows, 1 bound keys of 1 admitted).
[2026-09-08 05:18:30.039] [warning] [sirius_physical_partition.cpp:375] slot_for_device: device_id 0 not found in active GPU list, falling back to slot 0
[2026-09-08 05:18:30.063] [info] [dynamic_filter_publisher.cpp:297] [sirius_physical_hash_join] Pushed 1 dynamic filter(s) across 1 active target(s) of 1 wired target(s) (5 build rows, 1 bound keys of 1 admitted).
[2026-09-08 05:18:30.065] [warning] [sirius_physical_partition.cpp:375] slot_for_device: device_id 0 not found in active GPU list, falling back to slot 0
[2026-09-08 05:18:30.081] [info] [dynamic_filter_publisher.cpp:297] [sirius_physical_hash_join] Pushed 1 dynamic filter(s) across 1 active target(s) of 1 wired target(s) (29997971 build rows, 1 bound keys of 1 admitted).
[2026-09-08 05:18:30.133] [info] [dynamic_filter_publisher.cpp:297] [sirius_physical_hash_join] Pushed 1 dynamic filter(s) across 1 active target(s) of 1 wired target(s) (45508350 build rows, 1 bound keys of 1 admitted).
[2026-09-08 05:18:30.330] [warning] [sirius_physical_partition.cpp:375] slot_for_device: device_id 0 not found in active GPU list, falling back to slot 0
[2026-09-08 05:18:30.362] [info] [gpu_pipeline_executor.cpp:129] GPU Pipeline Executor: task queue interrupted, stopping manager loop
[2026-09-08 05:18:30.362] [info] [sirius_context.cpp:405] QueryEnd
[2026-09-08 05:18:30.362] [info] [memory_prefetcher.cpp:72] [memory_prefetcher] stopping: prefetched 72 batches / 51312525618 bytes (stops: headroom=0 reservation=0, skips: lock=0 draining=14, errors=0)
[2026-09-08 05:18:30.362] [info] [sirius_context.cpp:256] [host_pool] HOST:0 QueryEnd instance=0xfef5f1960360 connection=1 window=31 query=73 allocated=94153736192 bytes peak=94220845056 bytes free_blocks=1733
[2026-09-08 05:18:30.362] [info] [sirius_context.cpp:271] [gpu_pool] GPU:0 QueryEnd instance=0xfef5f1960360 connection=1 window=31 query=73 allocated=0 bytes peak=123060638503 bytes reserved=0 bytes
[2026-09-08 05:18:30.362] [info] [sirius_context.cpp:521] [window] end instance=0xfef5f1960360 connection=1 window=31 query=73 outcome=ok
[2026-09-08 05:18:30.362] [info] [physical_sirius_execution.cpp:327] Transparent GPU execution: query completed
[2026-09-08 05:18:30.380] [info] [sirius_context.cpp:329] QueryBegin: instance=0xfef5f1960360 connection=1 query=74 SQL: CALL sirius_set_query_label('q5_iter2')
[2026-09-08 05:18:30.380] [info] [sirius_context.cpp:329] QueryBegin: instance=0xfef5f1960360 connection=1 query=75 SQL: SET gpu_execution = true;
[2026-09-08 05:18:30.381] [info] [sirius_context.cpp:329] QueryBegin: instance=0xfef5f1960360 connection=1 query=76 SQL: select n.n_name, sum(l.l_extendedprice * (1 - l.l_discount)) as revenue from orders o, lineitem l, supplier s, nation n, region r, customer c where c.c_custkey = o.o_custkey and l.l_orderkey = o.o_orderkey and l.l_suppkey = s.s_suppkey and c.c_nationkey = s.s_nationkey and s.s_nationkey = n.n_nationkey and n.n_regionkey = r.r_regionkey and r.r_name = 'EUROPE' and o.o_orderdate >= date '1997-01-01' and o.o_orderdate < date '1998-01-01' group by n.n_name order by revenue desc
[2026-09-08 05:18:30.398] [info] [sirius_plan_comparison_join.cpp:646] [sirius_plan_comparison_join] Wired hash join with 1 dynamic-filter probe target(s) (1 scan-bound, 0 join-edge; evidence=filtered; build est 5 rows).
[2026-09-08 05:18:30.398] [info] [sirius_plan_comparison_join.cpp:646] [sirius_plan_comparison_join] Wired hash join with 1 dynamic-filter probe target(s) (1 scan-bound, 0 join-edge; evidence=filtered; build est 25 rows).
[2026-09-08 05:18:30.398] [info] [sirius_plan_comparison_join.cpp:646] [sirius_plan_comparison_join] Wired hash join with 1 dynamic-filter probe target(s) (1 scan-bound, 0 join-edge; evidence=filtered; build est 149999850 rows).
[2026-09-08 05:18:30.398] [info] [sirius_plan_comparison_join.cpp:646] [sirius_plan_comparison_join] Wired hash join with 1 dynamic-filter probe target(s) (1 scan-bound, 0 join-edge; evidence=filtered; build est 1513881600 rows).
[2026-09-08 05:18:30.398] [info] [sirius_plan_comparison_join.cpp:662] [sirius_plan_comparison_join] Not wiring dynamic filter(s): build side carries neither filter nor opaque-build evidence (build est 10000000 rows).
[2026-09-08 05:18:30.398] [info] [sirius_context.cpp:1467] Transparent execution: Sirius physical plan generated successfully
[2026-09-08 05:18:30.398] [info] [sirius_context.cpp:1495] Transparent execution: physical plan replaced with GPU operator
[2026-09-08 05:18:30.398] [info] [physical_sirius_execution.cpp:157] Transparent GPU execution: executing query
[2026-09-08 05:18:30.398] [info] [sirius_context.cpp:521] [window] begin instance=0xfef5f1960360 connection=1 window=32 query=76 outcome=-
[2026-09-08 05:18:30.398] [info] [sirius_context.cpp:256] [host_pool] HOST:0 QueryBegin instance=0xfef5f1960360 connection=1 window=32 query=76 allocated=94153736192 bytes peak=94220845056 bytes free_blocks=1733
[2026-09-08 05:18:30.398] [info] [sirius_context.cpp:271] [gpu_pool] GPU:0 QueryBegin instance=0xfef5f1960360 connection=1 window=32 query=76 allocated=0 bytes peak=123060638503 bytes reserved=0 bytes
[2026-09-08 05:18:30.398] [info] [sirius_context.cpp:389] QueryBegin: transparent_execution
[2026-09-08 05:18:30.404] [info] [sirius_plan_comparison_join.cpp:646] [sirius_plan_comparison_join] Wired hash join with 1 dynamic-filter probe target(s) (1 scan-bound, 0 join-edge; evidence=filtered; build est 5 rows).
[2026-09-08 05:18:30.404] [info] [sirius_plan_comparison_join.cpp:646] [sirius_plan_comparison_join] Wired hash join with 1 dynamic-filter probe target(s) (1 scan-bound, 0 join-edge; evidence=filtered; build est 25 rows).
[2026-09-08 05:18:30.404] [info] [sirius_plan_comparison_join.cpp:646] [sirius_plan_comparison_join] Wired hash join with 1 dynamic-filter probe target(s) (1 scan-bound, 0 join-edge; evidence=filtered; build est 149999850 rows).
[2026-09-08 05:18:30.404] [info] [sirius_plan_comparison_join.cpp:646] [sirius_plan_comparison_join] Wired hash join with 1 dynamic-filter probe target(s) (1 scan-bound, 0 join-edge; evidence=filtered; build est 1513881600 rows).
[2026-09-08 05:18:30.404] [info] [sirius_plan_comparison_join.cpp:662] [sirius_plan_comparison_join] Not wiring dynamic filter(s): build side carries neither filter nor opaque-build evidence (build est 10000000 rows).
[2026-09-08 05:18:30.404] [info] [sirius_engine.cpp:265] [gpu_alloc] query allocated 1 GPU(s): [0]
[2026-09-08 05:18:30.404] [info] [sirius_engine.cpp:318] Query Plan:
=== Pipeline Overview ===
Pipeline #0: GPU_SCAN (id=0)
  Output: -> PARTITION [port: default, barrier: FULL]
Pipeline #1: PARTITION (id=1)
  Input: <- Pipeline #0 [on: PARTITION (id=1), port: default, barrier: FULL]
  Dependencies: Pipeline #0
  Output: -> CONCAT [port: default, barrier: PARTIAL]
Pipeline #2: CONCAT (id=2)
  Input: <- Pipeline #1 [on: CONCAT (id=2), port: default, barrier: PARTIAL]
  Dependencies: Pipeline #1
  Output: -> HASH_JOIN [port: build, barrier: PARTIAL]
Pipeline #3: GPU_SCAN (id=3)
  Output: -> PARTITION [port: default, barrier: FULL]
Pipeline #4: PARTITION (id=4)
  Input: <- Pipeline #3 [on: PARTITION (id=4), port: default, barrier: FULL]
  Dependencies: Pipeline #3
  Output: -> CONCAT [port: default, barrier: PARTIAL]
Pipeline #5: CONCAT (id=5)
  Input: <- Pipeline #4 [on: CONCAT (id=5), port: default, barrier: PARTIAL]
  Dependencies: Pipeline #4
  Output: -> HASH_JOIN [port: build, barrier: PARTIAL]
Pipeline #6: GPU_SCAN (id=6) -> DYNAMIC_FILTER (id=7)
  Output: -> PARTITION [port: default, barrier: PARTIAL]
Pipeline #7: PARTITION (id=8)
  Input: <- Pipeline #6 [on: PARTITION (id=8), port: default, barrier: PARTIAL]
  Dependencies: Pipeline #6
  Output: -> CONCAT [port: default, barrier: PARTIAL]
Pipeline #8: CONCAT (id=9)
  Input: <- Pipeline #7 [on: CONCAT (id=9), port: default, barrier: PARTIAL]
  Dependencies: Pipeline #7
  Output: -> HASH_JOIN [port: default, barrier: PARTIAL]
Pipeline #9: HASH_JOIN (id=10) -> PROJECTION (id=11)
  Input: <- Pipeline #5 [on: HASH_JOIN (id=10), port: build, barrier: PARTIAL]
  Input: <- Pipeline #8 [on: HASH_JOIN (id=10), port: default, barrier: PARTIAL]
  Dependencies: Pipeline #5, Pipeline #8
  Output: -> PARTITION [port: default, barrier: FULL]
Pipeline #10: PARTITION (id=12)
  Input: <- Pipeline #9 [on: PARTITION (id=12), port: default, barrier: FULL]
  Dependencies: Pipeline #9
  Output: -> CONCAT [port: default, barrier: PARTIAL]
Pipeline #11: CONCAT (id=13)
  Input: <- Pipeline #10 [on: CONCAT (id=13), port: default, barrier: PARTIAL]
  Dependencies: Pipeline #10
  Output: -> HASH_JOIN [port: build, barrier: PARTIAL]
Pipeline #12: GPU_SCAN (id=14) -> DYNAMIC_FILTER (id=15)
  Output: -> PARTITION [port: default, barrier: PARTIAL]
Pipeline #13: PARTITION (id=16)
  Input: <- Pipeline #12 [on: PARTITION (id=16), port: default, barrier: PARTIAL]
  Dependencies: Pipeline #12
  Output: -> CONCAT [port: default, barrier: PARTIAL]
Pipeline #14: CONCAT (id=17)
  Input: <- Pipeline #13 [on: CONCAT (id=17), port: default, barrier: PARTIAL]
  Dependencies: Pipeline #13
  Output: -> HASH_JOIN [port: default, barrier: PARTIAL]
Pipeline #15: HASH_JOIN (id=18)
  Input: <- Pipeline #11 [on: HASH_JOIN (id=18), port: build, barrier: PARTIAL]
  Input: <- Pipeline #14 [on: HASH_JOIN (id=18), port: default, barrier: PARTIAL]
  Dependencies: Pipeline #11, Pipeline #14
  Output: -> PARTITION [port: default, barrier: FULL]
Pipeline #16: PARTITION (id=19)
  Input: <- Pipeline #15 [on: PARTITION (id=19), port: default, barrier: FULL]
  Dependencies: Pipeline #15
  Output: -> CONCAT [port: default, barrier: PARTIAL]
Pipeline #17: CONCAT (id=20)
  Input: <- Pipeline #16 [on: CONCAT (id=20), port: default, barrier: PARTIAL]
  Dependencies: Pipeline #16
  Output: -> HASH_JOIN [port: build, barrier: PARTIAL]
Pipeline #18: GPU_SCAN (id=21) -> DYNAMIC_FILTER (id=22)
  Output: -> PARTITION [port: default, barrier: PARTIAL]
Pipeline #19: PARTITION (id=23)
  Input: <- Pipeline #18 [on: PARTITION (id=23), port: default, barrier: PARTIAL]
  Dependencies: Pipeline #18
  Output: -> CONCAT [port: default, barrier: PARTIAL]
Pipeline #20: CONCAT (id=24)
  Input: <- Pipeline #19 [on: CONCAT (id=24), port: default, barrier: PARTIAL]
  Dependencies: Pipeline #19
  Output: -> HASH_JOIN [port: default, barrier: PARTIAL]
Pipeline #21: HASH_JOIN (id=25)
  Input: <- Pipeline #17 [on: HASH_JOIN (id=25), port: build, barrier: PARTIAL]
  Input: <- Pipeline #20 [on: HASH_JOIN (id=25), port: default, barrier: PARTIAL]
  Dependencies: Pipeline #17, Pipeline #20
  Output: -> PARTITION [port: default, barrier: FULL]
Pipeline #22: PARTITION (id=26)
  Input: <- Pipeline #21 [on: PARTITION (id=26), port: default, barrier: FULL]
  Dependencies: Pipeline #21
  Output: -> CONCAT [port: default, barrier: PARTIAL]
Pipeline #23: CONCAT (id=27)
  Input: <- Pipeline #22 [on: CONCAT (id=27), port: default, barrier: PARTIAL]
  Dependencies: Pipeline #22
  Output: -> HASH_JOIN [port: build, barrier: PARTIAL]
Pipeline #24: GPU_SCAN (id=28) -> DYNAMIC_FILTER (id=29)
  Output: -> PARTITION [port: default, barrier: PARTIAL]
Pipeline #25: PARTITION (id=30)
  Input: <- Pipeline #24 [on: PARTITION (id=30), port: default, barrier: PARTIAL]
  Dependencies: Pipeline #24
  Output: -> CONCAT [port: default, barrier: PARTIAL]
Pipeline #26: CONCAT (id=31)
  Input: <- Pipeline #25 [on: CONCAT (id=31), port: default, barrier: PARTIAL]
  Dependencies: Pipeline #25
  Output: -> HASH_JOIN [port: default, barrier: PARTIAL]
Pipeline #27: HASH_JOIN (id=32)
  Input: <- Pipeline #23 [on: HASH_JOIN (id=32), port: build, barrier: PARTIAL]
  Input: <- Pipeline #26 [on: HASH_JOIN (id=32), port: default, barrier: PARTIAL]
  Dependencies: Pipeline #23, Pipeline #26
  Output: -> PARTITION [port: default, barrier: PARTIAL]
Pipeline #28: PARTITION (id=33)
  Input: <- Pipeline #27 [on: PARTITION (id=33), port: default, barrier: PARTIAL]
  Dependencies: Pipeline #27
  Output: -> CONCAT [port: default, barrier: PARTIAL]
Pipeline #29: CONCAT (id=34)
  Input: <- Pipeline #28 [on: CONCAT (id=34), port: default, barrier: PARTIAL]
  Dependencies: Pipeline #28
  Output: -> HASH_JOIN [port: default, barrier: PARTIAL]
Pipeline #30: HASH_JOIN (id=35) -> PROJECTION (id=36) -> HASH_GROUP_BY (id=37)
  Input: <- Pipeline #2 [on: HASH_JOIN (id=35), port: build, barrier: PARTIAL]
  Input: <- Pipeline #29 [on: HASH_JOIN (id=35), port: default, barrier: PARTIAL]
  Dependencies: Pipeline #2, Pipeline #29
  Output: -> PARTITION [port: default, barrier: FULL]
Pipeline #31: PARTITION (id=38)
  Input: <- Pipeline #30 [on: PARTITION (id=38), port: default, barrier: FULL]
  Dependencies: Pipeline #30
  Output: -> MERGE_GROUP_BY [port: default, barrier: FULL]
Pipeline #32: MERGE_GROUP_BY (id=39) -> ORDER_BY (id=40)
  Input: <- Pipeline #31 [on: MERGE_GROUP_BY (id=39), port: default, barrier: FULL]
  Dependencies: Pipeline #31
  Output: -> SORT_SAMPLE [port: default, barrier: PIPELINE]
Pipeline #33: SORT_SAMPLE (id=41) -> SORT_PARTITION (id=42)
  Input: <- Pipeline #32 [on: SORT_SAMPLE (id=41), port: default, barrier: PIPELINE]
  Dependencies: Pipeline #32
  Output: -> MERGE_SORT [port: default, barrier: FULL]
Pipeline #34: MERGE_SORT (id=43)
  Input: <- Pipeline #33 [on: MERGE_SORT (id=43), port: default, barrier: FULL]
  Dependencies: Pipeline #33
  Output: -> RESULT_COLLECTOR [port: default, barrier: FULL]
Pipeline #35: RESULT_COLLECTOR (id=44)
  Input: <- Pipeline #34 [on: RESULT_COLLECTOR (id=44), port: default, barrier: FULL]
  Dependencies: Pipeline #34

=== Query Plan DAG ===
┌──────────────────────────┐                                                                                                                                            
│ Pipeline #35             │                                                                                                                                            
│ RESULT_COLLECTOR (id=44) │                                                                                                                                            
│ Input(#34): FULL         │                                                                                                                                            
└────────────┬─────────────┘                                                                                                                                            
             │                                                                                                                                                          
┌──────────────────────────┐                                                                                                                                            
│ Pipeline #34             │                                                                                                                                            
│ MERGE_SORT (id=43)       │                                                                                                                                            
│ Input(#33): FULL         │                                                                                                                                            
└────────────┬─────────────┘                                                                                                                                            
             │                                                                                                                                                          
┌──────────────────────────┐                                                                                                                                            
│ Pipeline #33             │                                                                                                                                            
│ SORT_PARTITION (id=42)   │                                                                                                                                            
│ SORT_SAMPLE (id=41)      │                                                                                                                                            
│ Input(#32): PIPELINE     │                                                                                                                                            
└────────────┬─────────────┘                                                                                                                                            
             │                                                                                                                                                          
┌──────────────────────────┐                                                                                                                                            
│ Pipeline #32             │                                                                                                                                            
│ ORDER_BY (id=40)         │                                                                                                                                            
│ MERGE_GROUP_BY (id=39)   │                                                                                                                                            
│ Input(#31): FULL         │                                                                                                                                            
└────────────┬─────────────┘                                                                                                                                            
             │                                                                                                                                                          
┌──────────────────────────┐                                                                                                                                            
│ Pipeline #31             │                                                                                                                                            
│ PARTITION (id=38)        │                                                                                                                                            
│ Input(#30): FULL         │                                                                                                                                            
└────────────┬─────────────┘                                                                                                                                            
             │                                                                                                                                                          
┌──────────────────────────┐                                                                                                                                            
│ Pipeline #30             │                                                                                                                                            
│ HASH_GROUP_BY (id=37)    │                                                                                                                                            
│ PROJECTION (id=36)       │                                                                                                                                            
│ HASH_JOIN (id=35)        │                                                                                                                                            
│   type: INNER            │                                                                                                                                            
│ Input(#2): PARTIAL       │                                                                                                                                            
│ Input(#29): PARTIAL      │                                                                                                                                            
└────────────┬─────────────┘                                                                                                                                            
             ┌───────────────────────────┐                                                                                                                              
             │                           │                                                                                                                              
┌──────────────────────────┐┌──────────────────────────┐                                                                                                                
│ Pipeline #2              ││ Pipeline #29             │                                                                                                                
│ CONCAT (id=2)            ││ CONCAT (id=34)           │                                                                                                                
│ Input(#1): PARTIAL       ││ Input(#28): PARTIAL      │                                                                                                                
└────────────┬─────────────┘└────────────┬─────────────┘                                                                                                                
             │                           │                                                                                                                              
┌──────────────────────────┐┌──────────────────────────┐                                                                                                                
│ Pipeline #1              ││ Pipeline #28             │                                                                                                                
│ PARTITION (id=1)         ││ PARTITION (id=33)        │                                                                                                                
│ Input(#0): FULL          ││ Input(#27): PARTIAL      │                                                                                                                
└────────────┬─────────────┘└────────────┬─────────────┘                                                                                                                
             │                           │                                                                                                                              
┌──────────────────────────┐┌──────────────────────────┐                                                                                                                
│ Pipeline #0              ││ Pipeline #27             │                                                                                                                
│ GPU_SCAN (id=0)          ││ HASH_JOIN (id=32)        │                                                                                                                
│                          ││   type: INNER            │                                                                                                                
│                          ││ Input(#23): PARTIAL      │                                                                                                                
│                          ││ Input(#26): PARTIAL      │                                                                                                                
└──────────────────────────┘└────────────┬─────────────┘                                                                                                                
                                         ┌───────────────────────────────────────────────────────────────────────────────────────────────────────────────┐              
                                         │                                                                                                               │              
                            ┌──────────────────────────┐                                                                                    ┌──────────────────────────┐
                            │ Pipeline #23             │                                                                                    │ Pipeline #26             │
                            │ CONCAT (id=27)           │                                                                                    │ CONCAT (id=31)           │
                            │ Input(#22): PARTIAL      │                                                                                    │ Input(#25): PARTIAL      │
                            └────────────┬─────────────┘                                                                                    └────────────┬─────────────┘
                                         │                                                                                                               │              
                            ┌──────────────────────────┐                                                                                    ┌──────────────────────────┐
                            │ Pipeline #22             │                                                                                    │ Pipeline #25             │
                            │ PARTITION (id=26)        │                                                                                    │ PARTITION (id=30)        │
                            │ Input(#21): FULL         │                                                                                    │ Input(#24): PARTIAL      │
                            └────────────┬─────────────┘                                                                                    └────────────┬─────────────┘
                                         │                                                                                                               │              
                            ┌──────────────────────────┐                                                                                    ┌──────────────────────────┐
                            │ Pipeline #21             │                                                                                    │ Pipeline #24             │
                            │ HASH_JOIN (id=25)        │                                                                                    │ DYNAMIC_FILTER (id=29)   │
                            │   type: INNER            │                                                                                    │ GPU_SCAN (id=28)         │
                            │ Input(#17): PARTIAL      │                                                                                    │                          │
                            │ Input(#20): PARTIAL      │                                                                                    │                          │
                            └────────────┬─────────────┘                                                                                    └──────────────────────────┘
                                         ┌───────────────────────────────────────────────────────────────────────────────────┐                                          
                                         │                                                                                   │                                          
                            ┌──────────────────────────┐                                                        ┌──────────────────────────┐                            
                            │ Pipeline #17             │                                                        │ Pipeline #20             │                            
                            │ CONCAT (id=20)           │                                                        │ CONCAT (id=24)           │                            
                            │ Input(#16): PARTIAL      │                                                        │ Input(#19): PARTIAL      │                            
                            └────────────┬─────────────┘                                                        └────────────┬─────────────┘                            
                                         │                                                                                   │                                          
                            ┌──────────────────────────┐                                                        ┌──────────────────────────┐                            
                            │ Pipeline #16             │                                                        │ Pipeline #19             │                            
                            │ PARTITION (id=19)        │                                                        │ PARTITION (id=23)        │                            
                            │ Input(#15): FULL         │                                                        │ Input(#18): PARTIAL      │                            
                            └────────────┬─────────────┘                                                        └────────────┬─────────────┘                            
                                         │                                                                                   │                                          
                            ┌──────────────────────────┐                                                        ┌──────────────────────────┐                            
                            │ Pipeline #15             │                                                        │ Pipeline #18             │                            
                            │ HASH_JOIN (id=18)        │                                                        │ DYNAMIC_FILTER (id=22)   │                            
                            │   type: INNER            │                                                        │ GPU_SCAN (id=21)         │                            
                            │ Input(#11): PARTIAL      │                                                        │                          │                            
                            │ Input(#14): PARTIAL      │                                                        │                          │                            
                            └────────────┬─────────────┘                                                        └──────────────────────────┘                            
                                         ┌───────────────────────────────────────────────────────┐                                                                      
                                         │                                                       │                                                                      
                            ┌──────────────────────────┐                            ┌──────────────────────────┐                                                        
                            │ Pipeline #11             │                            │ Pipeline #14             │                                                        
                            │ CONCAT (id=13)           │                            │ CONCAT (id=17)           │                                                        
                            │ Input(#10): PARTIAL      │                            │ Input(#13): PARTIAL      │                                                        
                            └────────────┬─────────────┘                            └────────────┬─────────────┘                                                        
                                         │                                                       │                                                                      
                            ┌──────────────────────────┐                            ┌──────────────────────────┐                                                        
                            │ Pipeline #10             │                            │ Pipeline #13             │                                                        
                            │ PARTITION (id=12)        │                            │ PARTITION (id=16)        │                                                        
                            │ Input(#9): FULL          │                            │ Input(#12): PARTIAL      │                                                        
                            └────────────┬─────────────┘                            └────────────┬─────────────┘                                                        
                                         │                                                       │                                                                      
                            ┌──────────────────────────┐                            ┌──────────────────────────┐                                                        
                            │ Pipeline #9              │                            │ Pipeline #12             │                                                        
                            │ PROJECTION (id=11)       │                            │ DYNAMIC_FILTER (id=15)   │                                                        
                            │ HASH_JOIN (id=10)        │                            │ GPU_SCAN (id=14)         │                                                        
                            │   type: INNER            │                            │                          │                                                        
                            │ Input(#5): PARTIAL       │                            │                          │                                                        
                            │ Input(#8): PARTIAL       │                            │                          │                                                        
                            └────────────┬─────────────┘                            └──────────────────────────┘                                                        
                                         ┌───────────────────────────┐                                                                                                  
                                         │                           │                                                                                                  
                            ┌──────────────────────────┐┌──────────────────────────┐                                                                                    
                            │ Pipeline #5              ││ Pipeline #8              │                                                                                    
                            │ CONCAT (id=5)            ││ CONCAT (id=9)            │                                                                                    
                            │ Input(#4): PARTIAL       ││ Input(#7): PARTIAL       │                                                                                    
                            └────────────┬─────────────┘└────────────┬─────────────┘                                                                                    
                                         │                           │                                                                                                  
                            ┌──────────────────────────┐┌──────────────────────────┐                                                                                    
                            │ Pipeline #4              ││ Pipeline #7              │                                                                                    
                            │ PARTITION (id=4)         ││ PARTITION (id=8)         │                                                                                    
                            │ Input(#3): FULL          ││ Input(#6): PARTIAL       │                                                                                    
                            └────────────┬─────────────┘└────────────┬─────────────┘                                                                                    
                                         │                           │                                                                                                  
                            ┌──────────────────────────┐┌──────────────────────────┐                                                                                    
                            │ Pipeline #3              ││ Pipeline #6              │                                                                                    
                            │ GPU_SCAN (id=3)          ││ DYNAMIC_FILTER (id=7)    │                                                                                    
                            │                          ││ GPU_SCAN (id=6)          │                                                                                    
                            └──────────────────────────┘└──────────────────────────┘                                                                                    

[2026-09-08 05:18:30.405] [info] [sirius_engine.cpp:186] query 32 telemetry_query=01a080f49f8476508c7cc937554e14fb
[2026-09-08 05:18:30.405] [info] [sirius_scan_manager.cpp:2999] [sirius_scan_manager] assigned pinned entry 'supplier' to operator '0'
[2026-09-08 05:18:30.405] [info] [sirius_scan_manager.cpp:2999] [sirius_scan_manager] assigned pinned entry 'region' to operator '3'
[2026-09-08 05:18:30.405] [info] [sirius_scan_manager.cpp:2999] [sirius_scan_manager] assigned pinned entry 'nation' to operator '6'
[2026-09-08 05:18:30.405] [info] [sirius_scan_manager.cpp:2999] [sirius_scan_manager] assigned pinned entry 'customer' to operator '14'
[2026-09-08 05:18:30.405] [info] [sirius_scan_manager.cpp:2882] [sirius_scan_manager] zone-map pruning for pinned entry 'orders' (HOST tier): 6/13 chunks pruned, serving 7
[2026-09-08 05:18:30.405] [info] [sirius_scan_manager.cpp:2999] [sirius_scan_manager] assigned pinned entry 'orders' to operator '21'
[2026-09-08 05:18:30.405] [info] [sirius_scan_manager.cpp:2999] [sirius_scan_manager] assigned pinned entry 'lineitem' to operator '28'
[2026-09-08 05:18:30.405] [info] [sirius_scan_manager.cpp:823] [late-mat] operator 0: not deferring — the pinned entry is not device-resident
[2026-09-08 05:18:30.405] [info] [sirius_scan_manager.cpp:823] [late-mat] operator 3: not deferring — the pinned entry is not device-resident
[2026-09-08 05:18:30.405] [info] [sirius_scan_manager.cpp:823] [late-mat] operator 6: not deferring — the pinned entry is not device-resident
[2026-09-08 05:18:30.405] [info] [sirius_scan_manager.cpp:823] [late-mat] operator 14: not deferring — the pinned entry is not device-resident
[2026-09-08 05:18:30.405] [info] [sirius_scan_manager.cpp:823] [late-mat] operator 21: not deferring — the pinned entry is not device-resident
[2026-09-08 05:18:30.405] [info] [sirius_scan_manager.cpp:823] [late-mat] operator 28: not deferring — the pinned entry is not device-resident
[2026-09-08 05:18:30.405] [info] [memory_prefetcher.cpp:59] [memory_prefetcher] started: 3 threads, 6 connectors, min_free_fraction=0.40
[2026-09-08 05:18:30.429] [info] [dynamic_filter_publisher.cpp:297] [sirius_physical_hash_join] Pushed 1 dynamic filter(s) across 1 active target(s) of 1 wired target(s) (1 build rows, 1 bound keys of 1 admitted).
[2026-09-08 05:18:30.441] [warning] [sirius_physical_partition.cpp:375] slot_for_device: device_id 0 not found in active GPU list, falling back to slot 0
[2026-09-08 05:18:30.465] [info] [dynamic_filter_publisher.cpp:297] [sirius_physical_hash_join] Pushed 1 dynamic filter(s) across 1 active target(s) of 1 wired target(s) (5 build rows, 1 bound keys of 1 admitted).
[2026-09-08 05:18:30.467] [warning] [sirius_physical_partition.cpp:375] slot_for_device: device_id 0 not found in active GPU list, falling back to slot 0
[2026-09-08 05:18:30.483] [info] [dynamic_filter_publisher.cpp:297] [sirius_physical_hash_join] Pushed 1 dynamic filter(s) across 1 active target(s) of 1 wired target(s) (29997971 build rows, 1 bound keys of 1 admitted).
[2026-09-08 05:18:30.567] [info] [dynamic_filter_publisher.cpp:297] [sirius_physical_hash_join] Pushed 1 dynamic filter(s) across 1 active target(s) of 1 wired target(s) (45508350 build rows, 1 bound keys of 1 admitted).
[2026-09-08 05:18:30.757] [warning] [sirius_physical_partition.cpp:375] slot_for_device: device_id 0 not found in active GPU list, falling back to slot 0
[2026-09-08 05:18:30.789] [info] [gpu_pipeline_executor.cpp:129] GPU Pipeline Executor: task queue interrupted, stopping manager loop
[2026-09-08 05:18:30.789] [info] [sirius_context.cpp:405] QueryEnd
[2026-09-08 05:18:30.789] [info] [memory_prefetcher.cpp:72] [memory_prefetcher] stopping: prefetched 84 batches / 60005901826 bytes (stops: headroom=0 reservation=0, skips: lock=0 draining=5, errors=0)
[2026-09-08 05:18:30.789] [info] [sirius_context.cpp:256] [host_pool] HOST:0 QueryEnd instance=0xfef5f1960360 connection=1 window=32 query=76 allocated=94153736192 bytes peak=94220845056 bytes free_blocks=1733
[2026-09-08 05:18:30.789] [info] [sirius_context.cpp:271] [gpu_pool] GPU:0 QueryEnd instance=0xfef5f1960360 connection=1 window=32 query=76 allocated=0 bytes peak=123060638503 bytes reserved=0 bytes
[2026-09-08 05:18:30.789] [info] [sirius_context.cpp:521] [window] end instance=0xfef5f1960360 connection=1 window=32 query=76 outcome=ok
[2026-09-08 05:18:30.789] [info] [physical_sirius_execution.cpp:327] Transparent GPU execution: query completed
[2026-09-08 05:18:30.796] [info] [sirius_context.cpp:329] QueryBegin: instance=0xfef5f1960360 connection=1 query=77 SQL: CALL unpin_table('orders')
[2026-09-08 05:18:30.796] [info] [sirius_context.cpp:329] QueryBegin: instance=0xfef5f1960360 connection=1 query=78 SQL: CALL unpin_table('lineitem')
[2026-09-08 05:18:30.797] [info] [sirius_context.cpp:329] QueryBegin: instance=0xfef5f1960360 connection=1 query=79 SQL: CALL unpin_table('supplier')
[2026-09-08 05:18:30.797] [info] [sirius_context.cpp:329] QueryBegin: instance=0xfef5f1960360 connection=1 query=80 SQL: CALL unpin_table('nation')
[2026-09-08 05:18:30.797] [info] [sirius_context.cpp:329] QueryBegin: instance=0xfef5f1960360 connection=1 query=81 SQL: CALL unpin_table('region')
[2026-09-08 05:18:30.798] [info] [sirius_context.cpp:329] QueryBegin: instance=0xfef5f1960360 connection=1 query=82 SQL: CALL unpin_table('customer')
[2026-09-08 05:18:30.798] [info] [sirius_context.cpp:329] QueryBegin: instance=0xfef5f1960360 connection=1 query=83 SQL: CALL pin_table('/datasets/tpch_sf1000_sorted/lineitem/*.parquet', tier='host', name='lineitem', cols=['l_extendedprice','l_discount','l_shipdate','l_quantity'])
[2026-09-08 05:18:30.798] [info] [sirius_context.cpp:521] [window] begin instance=0xfef5f1960360 connection=1 window=33 query=83 outcome=-
[2026-09-08 05:18:30.798] [info] [sirius_context.cpp:256] [host_pool] HOST:0 QueryBegin instance=0xfef5f1960360 connection=1 window=33 query=83 allocated=17515413504 bytes peak=94220845056 bytes free_blocks=2875
[2026-09-08 05:18:30.798] [info] [sirius_context.cpp:271] [gpu_pool] GPU:0 QueryBegin instance=0xfef5f1960360 connection=1 window=33 query=83 allocated=0 bytes peak=123060638503 bytes reserved=0 bytes
[2026-09-08 05:18:30.798] [info] [sirius_context.cpp:389] QueryBegin: pin_table
[2026-09-08 05:18:30.799] [info] [sirius_extension.cpp:1420] [pin_table] 'lineitem' tier=host: compressing with plan for 4 column(s)
[2026-09-08 05:18:34.916] [info] [sirius_context.cpp:405] QueryEnd
[2026-09-08 05:18:34.916] [info] [sirius_context.cpp:256] [host_pool] HOST:0 QueryEnd instance=0xfef5f1960360 connection=1 window=33 query=83 allocated=52412022784 bytes peak=94220845056 bytes free_blocks=2355
[2026-09-08 05:18:34.916] [info] [sirius_context.cpp:271] [gpu_pool] GPU:0 QueryEnd instance=0xfef5f1960360 connection=1 window=33 query=83 allocated=0 bytes peak=123060638503 bytes reserved=0 bytes
[2026-09-08 05:18:34.916] [info] [sirius_context.cpp:521] [window] end instance=0xfef5f1960360 connection=1 window=33 query=83 outcome=ok
[2026-09-08 05:18:34.916] [info] [sirius_context.cpp:329] QueryBegin: instance=0xfef5f1960360 connection=1 query=84 SQL: CALL sirius_set_query_label('q6_iter0')
[2026-09-08 05:18:34.917] [info] [sirius_context.cpp:329] QueryBegin: instance=0xfef5f1960360 connection=1 query=85 SQL: SET gpu_execution = true;
