[2026-09-08 04:23:01.304] [info] [sirius_context.cpp:329] QueryBegin: instance=0xe9c21d960390 connection=1 query=7 SQL: select l_returnflag, l_linestatus, sum(l_quantity) as sum_qty, sum(l_extendedprice) as sum_base_price, sum(l_extendedprice * (1 - l_discount)) as sum_disc_price, sum(l_extendedprice * (1 - l_discount) * (1 + l_tax)) as sum_charge, avg(l_quantity) as avg_qty, avg(l_extendedprice) as avg_price, avg(l_discount) as avg_disc, count(*) as count_order from lineitem where l_shipdate <= date '1995-08-19' group by l_returnflag, l_linestatus order by l_returnflag, l_linestatus
[2026-09-08 04:23:01.312] [info] [sirius_context.cpp:1467] Transparent execution: Sirius physical plan generated successfully
[2026-09-08 04:23:01.312] [info] [sirius_context.cpp:1495] Transparent execution: physical plan replaced with GPU operator
[2026-09-08 04:23:01.312] [info] [physical_sirius_execution.cpp:157] Transparent GPU execution: executing query
[2026-09-08 04:23:01.312] [info] [sirius_context.cpp:521] [window] begin instance=0xe9c21d960390 connection=1 window=2 query=7 outcome=-
[2026-09-08 04:23:01.312] [info] [sirius_context.cpp:256] [host_pool] HOST:0 QueryBegin instance=0xe9c21d960390 connection=1 window=2 query=7 allocated=17381195776 bytes peak=17381195776 bytes free_blocks=2877
[2026-09-08 04:23:01.312] [info] [sirius_context.cpp:271] [gpu_pool] GPU:0 QueryBegin instance=0xe9c21d960390 connection=1 window=2 query=7 allocated=34491850496 bytes peak=37198638592 bytes reserved=0 bytes
[2026-09-08 04:23:01.312] [info] [sirius_context.cpp:389] QueryBegin: transparent_execution
[2026-09-08 04:23:01.314] [info] [sirius_engine.cpp:265] [gpu_alloc] query allocated 1 GPU(s): [0]
[2026-09-08 04:23:01.315] [info] [sirius_engine.cpp:318] Query Plan:
=== Pipeline Overview ===
Pipeline #0: GPU_SCAN (id=0) -> PROJECTION (id=1) -> PROJECTION (id=2) -> HASH_GROUP_BY (id=3)
  Output: -> PARTITION [port: default, barrier: FULL]
Pipeline #1: PARTITION (id=4)
  Input: <- Pipeline #0 [on: PARTITION (id=4), port: default, barrier: FULL]
  Dependencies: Pipeline #0
  Output: -> MERGE_GROUP_BY [port: default, barrier: FULL]
Pipeline #2: MERGE_GROUP_BY (id=5) -> ORDER_BY (id=6)
  Input: <- Pipeline #1 [on: MERGE_GROUP_BY (id=5), port: default, barrier: FULL]
  Dependencies: Pipeline #1
  Output: -> SORT_SAMPLE [port: default, barrier: PIPELINE]
Pipeline #3: SORT_SAMPLE (id=7) -> SORT_PARTITION (id=8)
  Input: <- Pipeline #2 [on: SORT_SAMPLE (id=7), port: default, barrier: PIPELINE]
  Dependencies: Pipeline #2
  Output: -> MERGE_SORT [port: default, barrier: FULL]
Pipeline #4: MERGE_SORT (id=9)
  Input: <- Pipeline #3 [on: MERGE_SORT (id=9), port: default, barrier: FULL]
  Dependencies: Pipeline #3
  Output: -> RESULT_COLLECTOR [port: default, barrier: FULL]
Pipeline #5: RESULT_COLLECTOR (id=10)
  Input: <- Pipeline #4 [on: RESULT_COLLECTOR (id=10), port: default, barrier: FULL]
  Dependencies: Pipeline #4

=== Query Plan DAG ===
┌──────────────────────────┐
│ Pipeline #5              │
│ RESULT_COLLECTOR (id=10) │
│ Input(#4): FULL          │
└────────────┬─────────────┘
             │              
┌──────────────────────────┐
│ Pipeline #4              │
│ MERGE_SORT (id=9)        │
│ Input(#3): FULL          │
└────────────┬─────────────┘
             │              
┌──────────────────────────┐
│ Pipeline #3              │
│ SORT_PARTITION (id=8)    │
│ SORT_SAMPLE (id=7)       │
│ Input(#2): PIPELINE      │
└────────────┬─────────────┘
             │              
┌──────────────────────────┐
│ Pipeline #2              │
│ ORDER_BY (id=6)          │
│ MERGE_GROUP_BY (id=5)    │
│ Input(#1): FULL          │
└────────────┬─────────────┘
             │              
┌──────────────────────────┐
│ Pipeline #1              │
│ PARTITION (id=4)         │
│ Input(#0): FULL          │
└────────────┬─────────────┘
             │              
┌──────────────────────────┐
│ Pipeline #0              │
│ HASH_GROUP_BY (id=3)     │
│ PROJECTION (id=2)        │
│ PROJECTION (id=1)        │
│ GPU_SCAN (id=0)          │
└──────────────────────────┘

[2026-09-08 04:23:01.315] [info] [sirius_engine.cpp:186] query 2 telemetry_query=01a080c1d3427a839aac3288e0a7b074
[2026-09-08 04:23:01.315] [info] [sirius_scan_manager.cpp:2999] [sirius_scan_manager] assigned pinned entry 'lineitem' to operator '0'
[2026-09-08 04:23:01.315] [info] [sirius_scan_manager.cpp:823] [late-mat] operator 0: not deferring — the scan restricts rows and its pin is compressed, so the surviving rows are decided inside the decode
[2026-09-08 04:23:01.315] [info] [memory_prefetcher.cpp:59] [memory_prefetcher] started: 3 threads, 1 connectors, min_free_fraction=0.40
[2026-09-08 04:23:01.323] [warning] [gpu_pipeline_task.cpp:77] gpu_pipeline_task: operator 'HASH_GROUP_BY' (id=3) output batch 0 column count mismatch: got 13, expected 10
[2026-09-08 04:23:01.324] [warning] [gpu_pipeline_task.cpp:77] gpu_pipeline_task: operator 'HASH_GROUP_BY' (id=3) output batch 0 column count mismatch: got 13, expected 10
[2026-09-08 04:23:01.409] [warning] [gpu_pipeline_task.cpp:77] gpu_pipeline_task: operator 'HASH_GROUP_BY' (id=3) output batch 0 column count mismatch: got 13, expected 10
[2026-09-08 04:23:01.409] [warning] [gpu_pipeline_task.cpp:77] gpu_pipeline_task: operator 'HASH_GROUP_BY' (id=3) output batch 0 column count mismatch: got 13, expected 10
[2026-09-08 04:23:01.410] [warning] [gpu_pipeline_task.cpp:77] gpu_pipeline_task: operator 'HASH_GROUP_BY' (id=3) output batch 0 column count mismatch: got 13, expected 10
[2026-09-08 04:23:01.410] [warning] [gpu_pipeline_task.cpp:77] gpu_pipeline_task: operator 'HASH_GROUP_BY' (id=3) output batch 0 column count mismatch: got 13, expected 10
[2026-09-08 04:23:01.410] [warning] [gpu_pipeline_task.cpp:77] gpu_pipeline_task: operator 'HASH_GROUP_BY' (id=3) output batch 0 column count mismatch: got 13, expected 10
[2026-09-08 04:23:01.410] [warning] [gpu_pipeline_task.cpp:77] gpu_pipeline_task: operator 'HASH_GROUP_BY' (id=3) output batch 0 column count mismatch: got 13, expected 10
[2026-09-08 04:23:01.410] [warning] [gpu_pipeline_task.cpp:77] gpu_pipeline_task: operator 'HASH_GROUP_BY' (id=3) output batch 0 column count mismatch: got 13, expected 10
[2026-09-08 04:23:01.410] [warning] [gpu_pipeline_task.cpp:77] gpu_pipeline_task: operator 'HASH_GROUP_BY' (id=3) output batch 0 column count mismatch: got 13, expected 10
[2026-09-08 04:23:01.410] [warning] [gpu_pipeline_task.cpp:77] gpu_pipeline_task: operator 'HASH_GROUP_BY' (id=3) output batch 0 column count mismatch: got 13, expected 10
[2026-09-08 04:23:01.411] [warning] [gpu_pipeline_task.cpp:77] gpu_pipeline_task: operator 'HASH_GROUP_BY' (id=3) output batch 0 column count mismatch: got 13, expected 10
[2026-09-08 04:23:01.411] [warning] [gpu_pipeline_task.cpp:77] gpu_pipeline_task: operator 'HASH_GROUP_BY' (id=3) output batch 0 column count mismatch: got 13, expected 10
[2026-09-08 04:23:01.411] [warning] [gpu_pipeline_task.cpp:77] gpu_pipeline_task: operator 'HASH_GROUP_BY' (id=3) output batch 0 column count mismatch: got 13, expected 10
[2026-09-08 04:23:01.412] [warning] [gpu_pipeline_task.cpp:77] gpu_pipeline_task: operator 'HASH_GROUP_BY' (id=3) output batch 0 column count mismatch: got 13, expected 10
[2026-09-08 04:23:01.413] [warning] [gpu_pipeline_task.cpp:77] gpu_pipeline_task: operator 'HASH_GROUP_BY' (id=3) output batch 0 column count mismatch: got 13, expected 10
[2026-09-08 04:23:01.414] [warning] [gpu_pipeline_task.cpp:77] gpu_pipeline_task: operator 'HASH_GROUP_BY' (id=3) output batch 0 column count mismatch: got 13, expected 10
[2026-09-08 04:23:01.414] [warning] [gpu_pipeline_task.cpp:77] gpu_pipeline_task: operator 'HASH_GROUP_BY' (id=3) output batch 0 column count mismatch: got 13, expected 10
[2026-09-08 04:23:01.414] [warning] [gpu_pipeline_task.cpp:77] gpu_pipeline_task: operator 'HASH_GROUP_BY' (id=3) output batch 0 column count mismatch: got 13, expected 10
[2026-09-08 04:23:01.414] [warning] [gpu_pipeline_task.cpp:77] gpu_pipeline_task: operator 'HASH_GROUP_BY' (id=3) output batch 0 column count mismatch: got 13, expected 10
[2026-09-08 04:23:01.416] [warning] [gpu_pipeline_task.cpp:77] gpu_pipeline_task: operator 'HASH_GROUP_BY' (id=3) output batch 0 column count mismatch: got 13, expected 10
[2026-09-08 04:23:01.419] [warning] [gpu_pipeline_task.cpp:77] gpu_pipeline_task: operator 'HASH_GROUP_BY' (id=3) output batch 0 column count mismatch: got 13, expected 10
[2026-09-08 04:23:01.419] [warning] [gpu_pipeline_task.cpp:77] gpu_pipeline_task: operator 'HASH_GROUP_BY' (id=3) output batch 0 column count mismatch: got 13, expected 10
[2026-09-08 04:23:01.419] [warning] [gpu_pipeline_task.cpp:77] gpu_pipeline_task: operator 'HASH_GROUP_BY' (id=3) output batch 0 column count mismatch: got 13, expected 10
[2026-09-08 04:23:01.429] [warning] [gpu_pipeline_task.cpp:77] gpu_pipeline_task: operator 'HASH_GROUP_BY' (id=3) output batch 0 column count mismatch: got 13, expected 10
[2026-09-08 04:23:01.441] [warning] [gpu_pipeline_task.cpp:77] gpu_pipeline_task: operator 'HASH_GROUP_BY' (id=3) output batch 0 column count mismatch: got 13, expected 10
[2026-09-08 04:23:01.441] [warning] [gpu_pipeline_task.cpp:77] gpu_pipeline_task: operator 'HASH_GROUP_BY' (id=3) output batch 0 column count mismatch: got 13, expected 10
[2026-09-08 04:23:01.441] [warning] [gpu_pipeline_task.cpp:77] gpu_pipeline_task: operator 'HASH_GROUP_BY' (id=3) output batch 0 column count mismatch: got 13, expected 10
[2026-09-08 04:23:01.442] [warning] [gpu_pipeline_task.cpp:77] gpu_pipeline_task: operator 'HASH_GROUP_BY' (id=3) output batch 0 column count mismatch: got 13, expected 10
[2026-09-08 04:23:01.444] [warning] [gpu_pipeline_task.cpp:77] gpu_pipeline_task: operator 'HASH_GROUP_BY' (id=3) output batch 0 column count mismatch: got 13, expected 10
[2026-09-08 04:23:01.444] [warning] [gpu_pipeline_task.cpp:77] gpu_pipeline_task: operator 'HASH_GROUP_BY' (id=3) output batch 0 column count mismatch: got 13, expected 10
[2026-09-08 04:23:01.452] [warning] [gpu_pipeline_task.cpp:77] gpu_pipeline_task: operator 'HASH_GROUP_BY' (id=3) output batch 0 column count mismatch: got 13, expected 10
[2026-09-08 04:23:01.461] [warning] [gpu_pipeline_task.cpp:77] gpu_pipeline_task: operator 'HASH_GROUP_BY' (id=3) output batch 0 column count mismatch: got 13, expected 10
[2026-09-08 04:23:01.470] [warning] [gpu_pipeline_task.cpp:77] gpu_pipeline_task: operator 'HASH_GROUP_BY' (id=3) output batch 0 column count mismatch: got 13, expected 10
[2026-09-08 04:23:01.477] [warning] [gpu_pipeline_task.cpp:77] gpu_pipeline_task: operator 'HASH_GROUP_BY' (id=3) output batch 0 column count mismatch: got 13, expected 10
[2026-09-08 04:23:01.480] [warning] [gpu_pipeline_task.cpp:77] gpu_pipeline_task: operator 'HASH_GROUP_BY' (id=3) output batch 0 column count mismatch: got 13, expected 10
[2026-09-08 04:23:01.484] [warning] [gpu_pipeline_task.cpp:77] gpu_pipeline_task: operator 'HASH_GROUP_BY' (id=3) output batch 0 column count mismatch: got 13, expected 10
[2026-09-08 04:23:01.500] [warning] [gpu_pipeline_task.cpp:77] gpu_pipeline_task: operator 'HASH_GROUP_BY' (id=3) output batch 0 column count mismatch: got 13, expected 10
[2026-09-08 04:23:01.500] [warning] [gpu_pipeline_task.cpp:77] gpu_pipeline_task: operator 'HASH_GROUP_BY' (id=3) output batch 0 column count mismatch: got 13, expected 10
[2026-09-08 04:23:01.503] [warning] [gpu_pipeline_task.cpp:77] gpu_pipeline_task: operator 'HASH_GROUP_BY' (id=3) output batch 0 column count mismatch: got 13, expected 10
[2026-09-08 04:23:01.503] [warning] [gpu_pipeline_task.cpp:77] gpu_pipeline_task: operator 'HASH_GROUP_BY' (id=3) output batch 0 column count mismatch: got 13, expected 10
[2026-09-08 04:23:01.504] [warning] [gpu_pipeline_task.cpp:77] gpu_pipeline_task: operator 'HASH_GROUP_BY' (id=3) output batch 0 column count mismatch: got 13, expected 10
[2026-09-08 04:23:01.504] [warning] [gpu_pipeline_task.cpp:77] gpu_pipeline_task: operator 'HASH_GROUP_BY' (id=3) output batch 0 column count mismatch: got 13, expected 10
[2026-09-08 04:23:01.506] [warning] [gpu_pipeline_task.cpp:77] gpu_pipeline_task: operator 'HASH_GROUP_BY' (id=3) output batch 0 column count mismatch: got 13, expected 10
[2026-09-08 04:23:01.507] [warning] [gpu_pipeline_task.cpp:77] gpu_pipeline_task: operator 'HASH_GROUP_BY' (id=3) output batch 0 column count mismatch: got 13, expected 10
[2026-09-08 04:23:01.513] [warning] [gpu_pipeline_task.cpp:77] gpu_pipeline_task: operator 'HASH_GROUP_BY' (id=3) output batch 0 column count mismatch: got 13, expected 10
[2026-09-08 04:23:01.513] [warning] [gpu_pipeline_task.cpp:77] gpu_pipeline_task: operator 'HASH_GROUP_BY' (id=3) output batch 0 column count mismatch: got 13, expected 10
[2026-09-08 04:23:01.514] [warning] [gpu_pipeline_task.cpp:77] gpu_pipeline_task: operator 'HASH_GROUP_BY' (id=3) output batch 0 column count mismatch: got 13, expected 10
[2026-09-08 04:23:01.515] [warning] [gpu_pipeline_task.cpp:77] gpu_pipeline_task: operator 'HASH_GROUP_BY' (id=3) output batch 0 column count mismatch: got 13, expected 10
[2026-09-08 04:23:01.518] [warning] [gpu_pipeline_task.cpp:77] gpu_pipeline_task: operator 'HASH_GROUP_BY' (id=3) output batch 0 column count mismatch: got 13, expected 10
[2026-09-08 04:23:01.527] [warning] [gpu_pipeline_task.cpp:77] gpu_pipeline_task: operator 'HASH_GROUP_BY' (id=3) output batch 0 column count mismatch: got 13, expected 10
[2026-09-08 04:23:01.531] [warning] [gpu_pipeline_task.cpp:77] gpu_pipeline_task: operator 'HASH_GROUP_BY' (id=3) output batch 0 column count mismatch: got 13, expected 10
[2026-09-08 04:23:01.534] [warning] [gpu_pipeline_task.cpp:77] gpu_pipeline_task: operator 'HASH_GROUP_BY' (id=3) output batch 0 column count mismatch: got 13, expected 10
[2026-09-08 04:23:01.535] [warning] [gpu_pipeline_task.cpp:77] gpu_pipeline_task: operator 'HASH_GROUP_BY' (id=3) output batch 0 column count mismatch: got 13, expected 10
[2026-09-08 04:23:01.535] [warning] [gpu_pipeline_task.cpp:77] gpu_pipeline_task: operator 'HASH_GROUP_BY' (id=3) output batch 0 column count mismatch: got 13, expected 10
[2026-09-08 04:23:01.535] [warning] [gpu_pipeline_task.cpp:77] gpu_pipeline_task: operator 'HASH_GROUP_BY' (id=3) output batch 0 column count mismatch: got 13, expected 10
[2026-09-08 04:23:01.536] [warning] [gpu_pipeline_task.cpp:77] gpu_pipeline_task: operator 'HASH_GROUP_BY' (id=3) output batch 0 column count mismatch: got 13, expected 10
[2026-09-08 04:23:01.541] [warning] [gpu_pipeline_task.cpp:77] gpu_pipeline_task: operator 'HASH_GROUP_BY' (id=3) output batch 0 column count mismatch: got 13, expected 10
[2026-09-08 04:23:01.541] [warning] [gpu_pipeline_task.cpp:77] gpu_pipeline_task: operator 'HASH_GROUP_BY' (id=3) output batch 0 column count mismatch: got 13, expected 10
[2026-09-08 04:23:01.542] [warning] [gpu_pipeline_task.cpp:77] gpu_pipeline_task: operator 'HASH_GROUP_BY' (id=3) output batch 0 column count mismatch: got 13, expected 10
[2026-09-08 04:23:01.548] [warning] [gpu_pipeline_task.cpp:77] gpu_pipeline_task: operator 'HASH_GROUP_BY' (id=3) output batch 0 column count mismatch: got 13, expected 10
[2026-09-08 04:23:01.566] [warning] [gpu_pipeline_task.cpp:77] gpu_pipeline_task: operator 'HASH_GROUP_BY' (id=3) output batch 0 column count mismatch: got 13, expected 10
[2026-09-08 04:23:01.568] [warning] [gpu_pipeline_task.cpp:77] gpu_pipeline_task: operator 'HASH_GROUP_BY' (id=3) output batch 0 column count mismatch: got 13, expected 10
[2026-09-08 04:23:01.568] [warning] [gpu_pipeline_task.cpp:77] gpu_pipeline_task: operator 'HASH_GROUP_BY' (id=3) output batch 0 column count mismatch: got 13, expected 10
[2026-09-08 04:23:01.579] [warning] [gpu_pipeline_task.cpp:77] gpu_pipeline_task: operator 'HASH_GROUP_BY' (id=3) output batch 0 column count mismatch: got 13, expected 10
[2026-09-08 04:23:01.585] [warning] [gpu_pipeline_task.cpp:77] gpu_pipeline_task: operator 'HASH_GROUP_BY' (id=3) output batch 0 column count mismatch: got 13, expected 10
[2026-09-08 04:23:01.585] [warning] [gpu_pipeline_task.cpp:77] gpu_pipeline_task: operator 'HASH_GROUP_BY' (id=3) output batch 0 column count mismatch: got 13, expected 10
[2026-09-08 04:23:01.585] [warning] [gpu_pipeline_task.cpp:77] gpu_pipeline_task: operator 'HASH_GROUP_BY' (id=3) output batch 0 column count mismatch: got 13, expected 10
[2026-09-08 04:23:01.588] [warning] [gpu_pipeline_task.cpp:77] gpu_pipeline_task: operator 'HASH_GROUP_BY' (id=3) output batch 0 column count mismatch: got 13, expected 10
[2026-09-08 04:23:01.590] [warning] [gpu_pipeline_task.cpp:77] gpu_pipeline_task: operator 'HASH_GROUP_BY' (id=3) output batch 0 column count mismatch: got 13, expected 10
[2026-09-08 04:23:01.593] [warning] [gpu_pipeline_task.cpp:77] gpu_pipeline_task: operator 'HASH_GROUP_BY' (id=3) output batch 0 column count mismatch: got 13, expected 10
[2026-09-08 04:23:01.596] [warning] [gpu_pipeline_task.cpp:77] gpu_pipeline_task: operator 'HASH_GROUP_BY' (id=3) output batch 0 column count mismatch: got 13, expected 10
[2026-09-08 04:23:01.604] [warning] [gpu_pipeline_task.cpp:77] gpu_pipeline_task: operator 'HASH_GROUP_BY' (id=3) output batch 0 column count mismatch: got 13, expected 10
[2026-09-08 04:23:01.613] [warning] [gpu_pipeline_task.cpp:77] gpu_pipeline_task: operator 'HASH_GROUP_BY' (id=3) output batch 0 column count mismatch: got 13, expected 10
[2026-09-08 04:23:01.617] [warning] [gpu_pipeline_task.cpp:77] gpu_pipeline_task: operator 'HASH_GROUP_BY' (id=3) output batch 0 column count mismatch: got 13, expected 10
[2026-09-08 04:23:01.617] [warning] [gpu_pipeline_task.cpp:77] gpu_pipeline_task: operator 'HASH_GROUP_BY' (id=3) output batch 0 column count mismatch: got 13, expected 10
[2026-09-08 04:23:01.619] [warning] [gpu_pipeline_task.cpp:77] gpu_pipeline_task: operator 'HASH_GROUP_BY' (id=3) output batch 0 column count mismatch: got 13, expected 10
[2026-09-08 04:23:01.619] [warning] [gpu_pipeline_task.cpp:77] gpu_pipeline_task: operator 'HASH_GROUP_BY' (id=3) output batch 0 column count mismatch: got 13, expected 10
[2026-09-08 04:23:01.626] [warning] [gpu_pipeline_task.cpp:77] gpu_pipeline_task: operator 'HASH_GROUP_BY' (id=3) output batch 0 column count mismatch: got 13, expected 10
[2026-09-08 04:23:01.627] [warning] [gpu_pipeline_task.cpp:77] gpu_pipeline_task: operator 'HASH_GROUP_BY' (id=3) output batch 0 column count mismatch: got 13, expected 10
[2026-09-08 04:23:01.639] [warning] [gpu_pipeline_task.cpp:77] gpu_pipeline_task: operator 'HASH_GROUP_BY' (id=3) output batch 0 column count mismatch: got 13, expected 10
[2026-09-08 04:23:01.639] [warning] [gpu_pipeline_task.cpp:77] gpu_pipeline_task: operator 'HASH_GROUP_BY' (id=3) output batch 0 column count mismatch: got 13, expected 10
[2026-09-08 04:23:01.642] [warning] [gpu_pipeline_task.cpp:77] gpu_pipeline_task: operator 'HASH_GROUP_BY' (id=3) output batch 0 column count mismatch: got 13, expected 10
[2026-09-08 04:23:01.643] [warning] [gpu_pipeline_task.cpp:77] gpu_pipeline_task: operator 'HASH_GROUP_BY' (id=3) output batch 0 column count mismatch: got 13, expected 10
[2026-09-08 04:23:01.647] [warning] [gpu_pipeline_task.cpp:77] gpu_pipeline_task: operator 'HASH_GROUP_BY' (id=3) output batch 0 column count mismatch: got 13, expected 10
[2026-09-08 04:23:01.661] [warning] [gpu_pipeline_task.cpp:77] gpu_pipeline_task: operator 'HASH_GROUP_BY' (id=3) output batch 0 column count mismatch: got 13, expected 10
[2026-09-08 04:23:01.665] [warning] [gpu_pipeline_task.cpp:77] gpu_pipeline_task: operator 'HASH_GROUP_BY' (id=3) output batch 0 column count mismatch: got 13, expected 10
[2026-09-08 04:23:01.665] [warning] [gpu_pipeline_task.cpp:77] gpu_pipeline_task: operator 'HASH_GROUP_BY' (id=3) output batch 0 column count mismatch: got 13, expected 10
[2026-09-08 04:23:01.666] [warning] [gpu_pipeline_task.cpp:77] gpu_pipeline_task: operator 'HASH_GROUP_BY' (id=3) output batch 0 column count mismatch: got 13, expected 10
[2026-09-08 04:23:01.667] [warning] [gpu_pipeline_task.cpp:77] gpu_pipeline_task: operator 'HASH_GROUP_BY' (id=3) output batch 0 column count mismatch: got 13, expected 10
[2026-09-08 04:23:01.667] [warning] [gpu_pipeline_task.cpp:77] gpu_pipeline_task: operator 'HASH_GROUP_BY' (id=3) output batch 0 column count mismatch: got 13, expected 10
[2026-09-08 04:23:01.667] [warning] [gpu_pipeline_task.cpp:77] gpu_pipeline_task: operator 'HASH_GROUP_BY' (id=3) output batch 0 column count mismatch: got 13, expected 10
[2026-09-08 04:23:01.671] [warning] [gpu_pipeline_task.cpp:77] gpu_pipeline_task: operator 'HASH_GROUP_BY' (id=3) output batch 0 column count mismatch: got 13, expected 10
[2026-09-08 04:23:01.671] [warning] [gpu_pipeline_task.cpp:77] gpu_pipeline_task: operator 'HASH_GROUP_BY' (id=3) output batch 0 column count mismatch: got 13, expected 10
[2026-09-08 04:23:01.672] [warning] [gpu_pipeline_task.cpp:77] gpu_pipeline_task: operator 'HASH_GROUP_BY' (id=3) output batch 0 column count mismatch: got 13, expected 10
[2026-09-08 04:23:01.677] [warning] [gpu_pipeline_task.cpp:77] gpu_pipeline_task: operator 'HASH_GROUP_BY' (id=3) output batch 0 column count mismatch: got 13, expected 10
[2026-09-08 04:23:01.680] [warning] [gpu_pipeline_task.cpp:77] gpu_pipeline_task: operator 'HASH_GROUP_BY' (id=3) output batch 0 column count mismatch: got 13, expected 10
[2026-09-08 04:23:01.684] [warning] [gpu_pipeline_task.cpp:77] gpu_pipeline_task: operator 'HASH_GROUP_BY' (id=3) output batch 0 column count mismatch: got 13, expected 10
[2026-09-08 04:23:01.685] [warning] [gpu_pipeline_task.cpp:77] gpu_pipeline_task: operator 'HASH_GROUP_BY' (id=3) output batch 0 column count mismatch: got 13, expected 10
[2026-09-08 04:23:01.685] [warning] [gpu_pipeline_task.cpp:77] gpu_pipeline_task: operator 'HASH_GROUP_BY' (id=3) output batch 0 column count mismatch: got 13, expected 10
[2026-09-08 04:23:01.692] [warning] [gpu_pipeline_task.cpp:77] gpu_pipeline_task: operator 'HASH_GROUP_BY' (id=3) output batch 0 column count mismatch: got 13, expected 10
[2026-09-08 04:23:01.703] [warning] [gpu_pipeline_task.cpp:77] gpu_pipeline_task: operator 'HASH_GROUP_BY' (id=3) output batch 0 column count mismatch: got 13, expected 10
[2026-09-08 04:23:01.710] [warning] [gpu_pipeline_task.cpp:77] gpu_pipeline_task: operator 'HASH_GROUP_BY' (id=3) output batch 0 column count mismatch: got 13, expected 10
[2026-09-08 04:23:01.712] [warning] [gpu_pipeline_task.cpp:77] gpu_pipeline_task: operator 'HASH_GROUP_BY' (id=3) output batch 0 column count mismatch: got 13, expected 10
[2026-09-08 04:23:01.721] [warning] [gpu_pipeline_task.cpp:77] gpu_pipeline_task: operator 'HASH_GROUP_BY' (id=3) output batch 0 column count mismatch: got 13, expected 10
[2026-09-08 04:23:01.729] [warning] [gpu_pipeline_task.cpp:77] gpu_pipeline_task: operator 'HASH_GROUP_BY' (id=3) output batch 0 column count mismatch: got 13, expected 10
[2026-09-08 04:23:01.729] [warning] [gpu_pipeline_task.cpp:77] gpu_pipeline_task: operator 'HASH_GROUP_BY' (id=3) output batch 0 column count mismatch: got 13, expected 10
[2026-09-08 04:23:01.733] [warning] [gpu_pipeline_task.cpp:77] gpu_pipeline_task: operator 'HASH_GROUP_BY' (id=3) output batch 0 column count mismatch: got 13, expected 10
[2026-09-08 04:23:01.736] [warning] [gpu_pipeline_task.cpp:77] gpu_pipeline_task: operator 'HASH_GROUP_BY' (id=3) output batch 0 column count mismatch: got 13, expected 10
[2026-09-08 04:23:01.737] [warning] [gpu_pipeline_task.cpp:77] gpu_pipeline_task: operator 'HASH_GROUP_BY' (id=3) output batch 0 column count mismatch: got 13, expected 10
[2026-09-08 04:23:01.744] [warning] [gpu_pipeline_task.cpp:77] gpu_pipeline_task: operator 'HASH_GROUP_BY' (id=3) output batch 0 column count mismatch: got 13, expected 10
[2026-09-08 04:23:01.749] [warning] [gpu_pipeline_task.cpp:77] gpu_pipeline_task: operator 'HASH_GROUP_BY' (id=3) output batch 0 column count mismatch: got 13, expected 10
[2026-09-08 04:23:01.760] [warning] [gpu_pipeline_task.cpp:77] gpu_pipeline_task: operator 'HASH_GROUP_BY' (id=3) output batch 0 column count mismatch: got 13, expected 10
[2026-09-08 04:23:01.761] [warning] [gpu_pipeline_task.cpp:77] gpu_pipeline_task: operator 'HASH_GROUP_BY' (id=3) output batch 0 column count mismatch: got 13, expected 10
[2026-09-08 04:23:01.773] [warning] [gpu_pipeline_task.cpp:77] gpu_pipeline_task: operator 'HASH_GROUP_BY' (id=3) output batch 0 column count mismatch: got 13, expected 10
[2026-09-08 04:23:01.777] [warning] [gpu_pipeline_task.cpp:77] gpu_pipeline_task: operator 'HASH_GROUP_BY' (id=3) output batch 0 column count mismatch: got 13, expected 10
[2026-09-08 04:23:01.780] [warning] [gpu_pipeline_task.cpp:77] gpu_pipeline_task: operator 'HASH_GROUP_BY' (id=3) output batch 0 column count mismatch: got 13, expected 10
[2026-09-08 04:23:01.783] [warning] [gpu_pipeline_task.cpp:77] gpu_pipeline_task: operator 'HASH_GROUP_BY' (id=3) output batch 0 column count mismatch: got 13, expected 10
[2026-09-08 04:23:01.784] [warning] [gpu_pipeline_task.cpp:77] gpu_pipeline_task: operator 'HASH_GROUP_BY' (id=3) output batch 0 column count mismatch: got 13, expected 10
[2026-09-08 04:23:01.785] [warning] [gpu_pipeline_task.cpp:77] gpu_pipeline_task: operator 'HASH_GROUP_BY' (id=3) output batch 0 column count mismatch: got 13, expected 10
[2026-09-08 04:23:01.787] [warning] [gpu_pipeline_task.cpp:77] gpu_pipeline_task: operator 'HASH_GROUP_BY' (id=3) output batch 0 column count mismatch: got 13, expected 10
[2026-09-08 04:23:01.788] [warning] [gpu_pipeline_task.cpp:77] gpu_pipeline_task: operator 'HASH_GROUP_BY' (id=3) output batch 0 column count mismatch: got 13, expected 10
[2026-09-08 04:23:01.794] [warning] [gpu_pipeline_task.cpp:77] gpu_pipeline_task: operator 'HASH_GROUP_BY' (id=3) output batch 0 column count mismatch: got 13, expected 10
[2026-09-08 04:23:01.801] [warning] [gpu_pipeline_task.cpp:77] gpu_pipeline_task: operator 'HASH_GROUP_BY' (id=3) output batch 0 column count mismatch: got 13, expected 10
[2026-09-08 04:23:01.802] [warning] [gpu_pipeline_task.cpp:77] gpu_pipeline_task: operator 'HASH_GROUP_BY' (id=3) output batch 0 column count mismatch: got 13, expected 10
[2026-09-08 04:23:01.806] [warning] [gpu_pipeline_task.cpp:77] gpu_pipeline_task: operator 'HASH_GROUP_BY' (id=3) output batch 0 column count mismatch: got 13, expected 10
[2026-09-08 04:23:01.807] [warning] [gpu_pipeline_task.cpp:77] gpu_pipeline_task: operator 'HASH_GROUP_BY' (id=3) output batch 0 column count mismatch: got 13, expected 10
[2026-09-08 04:23:01.813] [warning] [gpu_pipeline_task.cpp:77] gpu_pipeline_task: operator 'HASH_GROUP_BY' (id=3) output batch 0 column count mismatch: got 13, expected 10
[2026-09-08 04:23:01.817] [warning] [gpu_pipeline_task.cpp:77] gpu_pipeline_task: operator 'HASH_GROUP_BY' (id=3) output batch 0 column count mismatch: got 13, expected 10
[2026-09-08 04:23:01.819] [warning] [gpu_pipeline_task.cpp:77] gpu_pipeline_task: operator 'HASH_GROUP_BY' (id=3) output batch 0 column count mismatch: got 13, expected 10
[2026-09-08 04:23:01.830] [warning] [gpu_pipeline_task.cpp:77] gpu_pipeline_task: operator 'HASH_GROUP_BY' (id=3) output batch 0 column count mismatch: got 13, expected 10
[2026-09-08 04:23:01.842] [warning] [gpu_pipeline_task.cpp:77] gpu_pipeline_task: operator 'HASH_GROUP_BY' (id=3) output batch 0 column count mismatch: got 13, expected 10
[2026-09-08 04:23:01.842] [warning] [gpu_pipeline_task.cpp:77] gpu_pipeline_task: operator 'HASH_GROUP_BY' (id=3) output batch 0 column count mismatch: got 13, expected 10
[2026-09-08 04:23:01.845] [warning] [gpu_pipeline_task.cpp:77] gpu_pipeline_task: operator 'HASH_GROUP_BY' (id=3) output batch 0 column count mismatch: got 13, expected 10
[2026-09-08 04:23:01.855] [warning] [gpu_pipeline_task.cpp:77] gpu_pipeline_task: operator 'HASH_GROUP_BY' (id=3) output batch 0 column count mismatch: got 13, expected 10
[2026-09-08 04:23:01.862] [warning] [gpu_pipeline_task.cpp:77] gpu_pipeline_task: operator 'HASH_GROUP_BY' (id=3) output batch 0 column count mismatch: got 13, expected 10
[2026-09-08 04:23:01.870] [warning] [gpu_pipeline_task.cpp:77] gpu_pipeline_task: operator 'HASH_GROUP_BY' (id=3) output batch 0 column count mismatch: got 13, expected 10
[2026-09-08 04:23:01.870] [warning] [gpu_pipeline_task.cpp:77] gpu_pipeline_task: operator 'HASH_GROUP_BY' (id=3) output batch 0 column count mismatch: got 13, expected 10
[2026-09-08 04:23:01.877] [warning] [gpu_pipeline_task.cpp:77] gpu_pipeline_task: operator 'HASH_GROUP_BY' (id=3) output batch 0 column count mismatch: got 13, expected 10
[2026-09-08 04:23:01.881] [warning] [gpu_pipeline_task.cpp:77] gpu_pipeline_task: operator 'HASH_GROUP_BY' (id=3) output batch 0 column count mismatch: got 13, expected 10
[2026-09-08 04:23:01.881] [warning] [gpu_pipeline_task.cpp:77] gpu_pipeline_task: operator 'HASH_GROUP_BY' (id=3) output batch 0 column count mismatch: got 13, expected 10
[2026-09-08 04:23:01.883] [warning] [gpu_pipeline_task.cpp:77] gpu_pipeline_task: operator 'HASH_GROUP_BY' (id=3) output batch 0 column count mismatch: got 13, expected 10
[2026-09-08 04:23:01.888] [warning] [gpu_pipeline_task.cpp:77] gpu_pipeline_task: operator 'HASH_GROUP_BY' (id=3) output batch 0 column count mismatch: got 13, expected 10
[2026-09-08 04:23:01.890] [warning] [gpu_pipeline_task.cpp:77] gpu_pipeline_task: operator 'HASH_GROUP_BY' (id=3) output batch 0 column count mismatch: got 13, expected 10
[2026-09-08 04:23:01.890] [warning] [gpu_pipeline_task.cpp:77] gpu_pipeline_task: operator 'PARTITION' (id=4) output batch 0 column count mismatch: got 13, expected 10
[2026-09-08 04:23:01.890] [warning] [gpu_pipeline_task.cpp:77] gpu_pipeline_task: operator 'PARTITION' (id=4) output batch 0 column count mismatch: got 13, expected 10
[2026-09-08 04:23:01.890] [warning] [gpu_pipeline_task.cpp:77] gpu_pipeline_task: operator 'PARTITION' (id=4) output batch 0 column count mismatch: got 13, expected 10
[2026-09-08 04:23:01.890] [warning] [gpu_pipeline_task.cpp:77] gpu_pipeline_task: operator 'PARTITION' (id=4) output batch 0 column count mismatch: got 13, expected 10
[2026-09-08 04:23:01.890] [warning] [gpu_pipeline_task.cpp:77] gpu_pipeline_task: operator 'PARTITION' (id=4) output batch 0 column count mismatch: got 13, expected 10
[2026-09-08 04:23:01.890] [warning] [gpu_pipeline_task.cpp:77] gpu_pipeline_task: operator 'PARTITION' (id=4) output batch 0 column count mismatch: got 13, expected 10
[2026-09-08 04:23:01.890] [warning] [gpu_pipeline_task.cpp:77] gpu_pipeline_task: operator 'PARTITION' (id=4) output batch 0 column count mismatch: got 13, expected 10
[2026-09-08 04:23:01.890] [warning] [gpu_pipeline_task.cpp:77] gpu_pipeline_task: operator 'PARTITION' (id=4) output batch 0 column count mismatch: got 13, expected 10
[2026-09-08 04:23:01.890] [warning] [gpu_pipeline_task.cpp:77] gpu_pipeline_task: operator 'PARTITION' (id=4) output batch 0 column count mismatch: got 13, expected 10
[2026-09-08 04:23:01.890] [warning] [gpu_pipeline_task.cpp:77] gpu_pipeline_task: operator 'PARTITION' (id=4) output batch 0 column count mismatch: got 13, expected 10
[2026-09-08 04:23:01.890] [warning] [gpu_pipeline_task.cpp:77] gpu_pipeline_task: operator 'PARTITION' (id=4) output batch 0 column count mismatch: got 13, expected 10
[2026-09-08 04:23:01.890] [warning] [gpu_pipeline_task.cpp:77] gpu_pipeline_task: operator 'PARTITION' (id=4) output batch 0 column count mismatch: got 13, expected 10
[2026-09-08 04:23:01.890] [warning] [gpu_pipeline_task.cpp:77] gpu_pipeline_task: operator 'PARTITION' (id=4) output batch 0 column count mismatch: got 13, expected 10
[2026-09-08 04:23:01.890] [warning] [gpu_pipeline_task.cpp:77] gpu_pipeline_task: operator 'PARTITION' (id=4) output batch 0 column count mismatch: got 13, expected 10
[2026-09-08 04:23:01.890] [warning] [gpu_pipeline_task.cpp:77] gpu_pipeline_task: operator 'PARTITION' (id=4) output batch 0 column count mismatch: got 13, expected 10
[2026-09-08 04:23:01.890] [warning] [gpu_pipeline_task.cpp:77] gpu_pipeline_task: operator 'PARTITION' (id=4) output batch 0 column count mismatch: got 13, expected 10
[2026-09-08 04:23:01.891] [warning] [gpu_pipeline_task.cpp:77] gpu_pipeline_task: operator 'PARTITION' (id=4) output batch 0 column count mismatch: got 13, expected 10
[2026-09-08 04:23:01.891] [warning] [gpu_pipeline_task.cpp:77] gpu_pipeline_task: operator 'PARTITION' (id=4) output batch 0 column count mismatch: got 13, expected 10
[2026-09-08 04:23:01.891] [warning] [gpu_pipeline_task.cpp:77] gpu_pipeline_task: operator 'PARTITION' (id=4) output batch 0 column count mismatch: got 13, expected 10
[2026-09-08 04:23:01.891] [warning] [gpu_pipeline_task.cpp:77] gpu_pipeline_task: operator 'PARTITION' (id=4) output batch 0 column count mismatch: got 13, expected 10
[2026-09-08 04:23:01.891] [warning] [gpu_pipeline_task.cpp:77] gpu_pipeline_task: operator 'PARTITION' (id=4) output batch 0 column count mismatch: got 13, expected 10
[2026-09-08 04:23:01.891] [warning] [gpu_pipeline_task.cpp:77] gpu_pipeline_task: operator 'PARTITION' (id=4) output batch 0 column count mismatch: got 13, expected 10
[2026-09-08 04:23:01.891] [warning] [gpu_pipeline_task.cpp:77] gpu_pipeline_task: operator 'PARTITION' (id=4) output batch 0 column count mismatch: got 13, expected 10
[2026-09-08 04:23:01.891] [warning] [gpu_pipeline_task.cpp:77] gpu_pipeline_task: operator 'PARTITION' (id=4) output batch 0 column count mismatch: got 13, expected 10
[2026-09-08 04:23:01.891] [warning] [gpu_pipeline_task.cpp:77] gpu_pipeline_task: operator 'PARTITION' (id=4) output batch 0 column count mismatch: got 13, expected 10
[2026-09-08 04:23:01.891] [warning] [gpu_pipeline_task.cpp:77] gpu_pipeline_task: operator 'PARTITION' (id=4) output batch 0 column count mismatch: got 13, expected 10
[2026-09-08 04:23:01.891] [warning] [gpu_pipeline_task.cpp:77] gpu_pipeline_task: operator 'PARTITION' (id=4) output batch 0 column count mismatch: got 13, expected 10
[2026-09-08 04:23:01.891] [warning] [gpu_pipeline_task.cpp:77] gpu_pipeline_task: operator 'PARTITION' (id=4) output batch 0 column count mismatch: got 13, expected 10
[2026-09-08 04:23:01.891] [warning] [gpu_pipeline_task.cpp:77] gpu_pipeline_task: operator 'PARTITION' (id=4) output batch 0 column count mismatch: got 13, expected 10
[2026-09-08 04:23:01.891] [warning] [gpu_pipeline_task.cpp:77] gpu_pipeline_task: operator 'PARTITION' (id=4) output batch 0 column count mismatch: got 13, expected 10
[2026-09-08 04:23:01.891] [warning] [gpu_pipeline_task.cpp:77] gpu_pipeline_task: operator 'PARTITION' (id=4) output batch 0 column count mismatch: got 13, expected 10
[2026-09-08 04:23:01.891] [warning] [gpu_pipeline_task.cpp:77] gpu_pipeline_task: operator 'PARTITION' (id=4) output batch 0 column count mismatch: got 13, expected 10
[2026-09-08 04:23:01.891] [warning] [gpu_pipeline_task.cpp:77] gpu_pipeline_task: operator 'PARTITION' (id=4) output batch 0 column count mismatch: got 13, expected 10
[2026-09-08 04:23:01.891] [warning] [gpu_pipeline_task.cpp:77] gpu_pipeline_task: operator 'PARTITION' (id=4) output batch 0 column count mismatch: got 13, expected 10
[2026-09-08 04:23:01.891] [warning] [gpu_pipeline_task.cpp:77] gpu_pipeline_task: operator 'PARTITION' (id=4) output batch 0 column count mismatch: got 13, expected 10
[2026-09-08 04:23:01.891] [warning] [gpu_pipeline_task.cpp:77] gpu_pipeline_task: operator 'PARTITION' (id=4) output batch 0 column count mismatch: got 13, expected 10
[2026-09-08 04:23:01.891] [warning] [gpu_pipeline_task.cpp:77] gpu_pipeline_task: operator 'PARTITION' (id=4) output batch 0 column count mismatch: got 13, expected 10
[2026-09-08 04:23:01.891] [warning] [gpu_pipeline_task.cpp:77] gpu_pipeline_task: operator 'PARTITION' (id=4) output batch 0 column count mismatch: got 13, expected 10
[2026-09-08 04:23:01.891] [warning] [gpu_pipeline_task.cpp:77] gpu_pipeline_task: operator 'PARTITION' (id=4) output batch 0 column count mismatch: got 13, expected 10
[2026-09-08 04:23:01.891] [warning] [gpu_pipeline_task.cpp:77] gpu_pipeline_task: operator 'PARTITION' (id=4) output batch 0 column count mismatch: got 13, expected 10
[2026-09-08 04:23:01.891] [warning] [gpu_pipeline_task.cpp:77] gpu_pipeline_task: operator 'PARTITION' (id=4) output batch 0 column count mismatch: got 13, expected 10
[2026-09-08 04:23:01.891] [warning] [gpu_pipeline_task.cpp:77] gpu_pipeline_task: operator 'PARTITION' (id=4) output batch 0 column count mismatch: got 13, expected 10
[2026-09-08 04:23:01.891] [warning] [gpu_pipeline_task.cpp:77] gpu_pipeline_task: operator 'PARTITION' (id=4) output batch 0 column count mismatch: got 13, expected 10
[2026-09-08 04:23:01.891] [warning] [gpu_pipeline_task.cpp:77] gpu_pipeline_task: operator 'PARTITION' (id=4) output batch 0 column count mismatch: got 13, expected 10
[2026-09-08 04:23:01.891] [warning] [gpu_pipeline_task.cpp:77] gpu_pipeline_task: operator 'PARTITION' (id=4) output batch 0 column count mismatch: got 13, expected 10
[2026-09-08 04:23:01.891] [warning] [gpu_pipeline_task.cpp:77] gpu_pipeline_task: operator 'PARTITION' (id=4) output batch 0 column count mismatch: got 13, expected 10
[2026-09-08 04:23:01.891] [warning] [gpu_pipeline_task.cpp:77] gpu_pipeline_task: operator 'PARTITION' (id=4) output batch 0 column count mismatch: got 13, expected 10
[2026-09-08 04:23:01.891] [warning] [gpu_pipeline_task.cpp:77] gpu_pipeline_task: operator 'PARTITION' (id=4) output batch 0 column count mismatch: got 13, expected 10
[2026-09-08 04:23:01.891] [warning] [gpu_pipeline_task.cpp:77] gpu_pipeline_task: operator 'PARTITION' (id=4) output batch 0 column count mismatch: got 13, expected 10
[2026-09-08 04:23:01.891] [warning] [gpu_pipeline_task.cpp:77] gpu_pipeline_task: operator 'PARTITION' (id=4) output batch 0 column count mismatch: got 13, expected 10
[2026-09-08 04:23:01.891] [warning] [gpu_pipeline_task.cpp:77] gpu_pipeline_task: operator 'PARTITION' (id=4) output batch 0 column count mismatch: got 13, expected 10
[2026-09-08 04:23:01.891] [warning] [gpu_pipeline_task.cpp:77] gpu_pipeline_task: operator 'PARTITION' (id=4) output batch 0 column count mismatch: got 13, expected 10
[2026-09-08 04:23:01.891] [warning] [gpu_pipeline_task.cpp:77] gpu_pipeline_task: operator 'PARTITION' (id=4) output batch 0 column count mismatch: got 13, expected 10
[2026-09-08 04:23:01.891] [warning] [gpu_pipeline_task.cpp:77] gpu_pipeline_task: operator 'PARTITION' (id=4) output batch 0 column count mismatch: got 13, expected 10
[2026-09-08 04:23:01.891] [warning] [gpu_pipeline_task.cpp:77] gpu_pipeline_task: operator 'PARTITION' (id=4) output batch 0 column count mismatch: got 13, expected 10
[2026-09-08 04:23:01.891] [warning] [gpu_pipeline_task.cpp:77] gpu_pipeline_task: operator 'PARTITION' (id=4) output batch 0 column count mismatch: got 13, expected 10
[2026-09-08 04:23:01.891] [warning] [gpu_pipeline_task.cpp:77] gpu_pipeline_task: operator 'PARTITION' (id=4) output batch 0 column count mismatch: got 13, expected 10
[2026-09-08 04:23:01.891] [warning] [gpu_pipeline_task.cpp:77] gpu_pipeline_task: operator 'PARTITION' (id=4) output batch 0 column count mismatch: got 13, expected 10
[2026-09-08 04:23:01.891] [warning] [gpu_pipeline_task.cpp:77] gpu_pipeline_task: operator 'PARTITION' (id=4) output batch 0 column count mismatch: got 13, expected 10
[2026-09-08 04:23:01.891] [warning] [gpu_pipeline_task.cpp:77] gpu_pipeline_task: operator 'PARTITION' (id=4) output batch 0 column count mismatch: got 13, expected 10
[2026-09-08 04:23:01.891] [warning] [gpu_pipeline_task.cpp:77] gpu_pipeline_task: operator 'PARTITION' (id=4) output batch 0 column count mismatch: got 13, expected 10
[2026-09-08 04:23:01.891] [warning] [gpu_pipeline_task.cpp:77] gpu_pipeline_task: operator 'PARTITION' (id=4) output batch 0 column count mismatch: got 13, expected 10
[2026-09-08 04:23:01.892] [warning] [gpu_pipeline_task.cpp:77] gpu_pipeline_task: operator 'PARTITION' (id=4) output batch 0 column count mismatch: got 13, expected 10
[2026-09-08 04:23:01.892] [warning] [gpu_pipeline_task.cpp:77] gpu_pipeline_task: operator 'PARTITION' (id=4) output batch 0 column count mismatch: got 13, expected 10
[2026-09-08 04:23:01.892] [warning] [gpu_pipeline_task.cpp:77] gpu_pipeline_task: operator 'PARTITION' (id=4) output batch 0 column count mismatch: got 13, expected 10
[2026-09-08 04:23:01.892] [warning] [gpu_pipeline_task.cpp:77] gpu_pipeline_task: operator 'PARTITION' (id=4) output batch 0 column count mismatch: got 13, expected 10
[2026-09-08 04:23:01.892] [warning] [gpu_pipeline_task.cpp:77] gpu_pipeline_task: operator 'PARTITION' (id=4) output batch 0 column count mismatch: got 13, expected 10
[2026-09-08 04:23:01.892] [warning] [gpu_pipeline_task.cpp:77] gpu_pipeline_task: operator 'PARTITION' (id=4) output batch 0 column count mismatch: got 13, expected 10
[2026-09-08 04:23:01.892] [warning] [gpu_pipeline_task.cpp:77] gpu_pipeline_task: operator 'PARTITION' (id=4) output batch 0 column count mismatch: got 13, expected 10
[2026-09-08 04:23:01.892] [warning] [gpu_pipeline_task.cpp:77] gpu_pipeline_task: operator 'PARTITION' (id=4) output batch 0 column count mismatch: got 13, expected 10
[2026-09-08 04:23:01.892] [warning] [gpu_pipeline_task.cpp:77] gpu_pipeline_task: operator 'PARTITION' (id=4) output batch 0 column count mismatch: got 13, expected 10
[2026-09-08 04:23:01.892] [warning] [gpu_pipeline_task.cpp:77] gpu_pipeline_task: operator 'PARTITION' (id=4) output batch 0 column count mismatch: got 13, expected 10
[2026-09-08 04:23:01.892] [warning] [gpu_pipeline_task.cpp:77] gpu_pipeline_task: operator 'PARTITION' (id=4) output batch 0 column count mismatch: got 13, expected 10
[2026-09-08 04:23:01.892] [warning] [gpu_pipeline_task.cpp:77] gpu_pipeline_task: operator 'PARTITION' (id=4) output batch 0 column count mismatch: got 13, expected 10
[2026-09-08 04:23:01.892] [warning] [gpu_pipeline_task.cpp:77] gpu_pipeline_task: operator 'PARTITION' (id=4) output batch 0 column count mismatch: got 13, expected 10
[2026-09-08 04:23:01.892] [warning] [gpu_pipeline_task.cpp:77] gpu_pipeline_task: operator 'PARTITION' (id=4) output batch 0 column count mismatch: got 13, expected 10
[2026-09-08 04:23:01.892] [warning] [gpu_pipeline_task.cpp:77] gpu_pipeline_task: operator 'PARTITION' (id=4) output batch 0 column count mismatch: got 13, expected 10
[2026-09-08 04:23:01.892] [warning] [gpu_pipeline_task.cpp:77] gpu_pipeline_task: operator 'PARTITION' (id=4) output batch 0 column count mismatch: got 13, expected 10
[2026-09-08 04:23:01.892] [warning] [gpu_pipeline_task.cpp:77] gpu_pipeline_task: operator 'PARTITION' (id=4) output batch 0 column count mismatch: got 13, expected 10
[2026-09-08 04:23:01.892] [warning] [gpu_pipeline_task.cpp:77] gpu_pipeline_task: operator 'PARTITION' (id=4) output batch 0 column count mismatch: got 13, expected 10
[2026-09-08 04:23:01.892] [warning] [gpu_pipeline_task.cpp:77] gpu_pipeline_task: operator 'PARTITION' (id=4) output batch 0 column count mismatch: got 13, expected 10
[2026-09-08 04:23:01.892] [warning] [gpu_pipeline_task.cpp:77] gpu_pipeline_task: operator 'PARTITION' (id=4) output batch 0 column count mismatch: got 13, expected 10
[2026-09-08 04:23:01.892] [warning] [gpu_pipeline_task.cpp:77] gpu_pipeline_task: operator 'PARTITION' (id=4) output batch 0 column count mismatch: got 13, expected 10
[2026-09-08 04:23:01.892] [warning] [gpu_pipeline_task.cpp:77] gpu_pipeline_task: operator 'PARTITION' (id=4) output batch 0 column count mismatch: got 13, expected 10
[2026-09-08 04:23:01.892] [warning] [gpu_pipeline_task.cpp:77] gpu_pipeline_task: operator 'PARTITION' (id=4) output batch 0 column count mismatch: got 13, expected 10
[2026-09-08 04:23:01.892] [warning] [gpu_pipeline_task.cpp:77] gpu_pipeline_task: operator 'PARTITION' (id=4) output batch 0 column count mismatch: got 13, expected 10
[2026-09-08 04:23:01.892] [warning] [gpu_pipeline_task.cpp:77] gpu_pipeline_task: operator 'PARTITION' (id=4) output batch 0 column count mismatch: got 13, expected 10
[2026-09-08 04:23:01.892] [warning] [gpu_pipeline_task.cpp:77] gpu_pipeline_task: operator 'PARTITION' (id=4) output batch 0 column count mismatch: got 13, expected 10
[2026-09-08 04:23:01.892] [warning] [gpu_pipeline_task.cpp:77] gpu_pipeline_task: operator 'PARTITION' (id=4) output batch 0 column count mismatch: got 13, expected 10
[2026-09-08 04:23:01.892] [warning] [gpu_pipeline_task.cpp:77] gpu_pipeline_task: operator 'PARTITION' (id=4) output batch 0 column count mismatch: got 13, expected 10
[2026-09-08 04:23:01.892] [warning] [gpu_pipeline_task.cpp:77] gpu_pipeline_task: operator 'PARTITION' (id=4) output batch 0 column count mismatch: got 13, expected 10
[2026-09-08 04:23:01.892] [warning] [gpu_pipeline_task.cpp:77] gpu_pipeline_task: operator 'PARTITION' (id=4) output batch 0 column count mismatch: got 13, expected 10
[2026-09-08 04:23:01.892] [warning] [gpu_pipeline_task.cpp:77] gpu_pipeline_task: operator 'PARTITION' (id=4) output batch 0 column count mismatch: got 13, expected 10
[2026-09-08 04:23:01.892] [warning] [gpu_pipeline_task.cpp:77] gpu_pipeline_task: operator 'PARTITION' (id=4) output batch 0 column count mismatch: got 13, expected 10
[2026-09-08 04:23:01.892] [warning] [gpu_pipeline_task.cpp:77] gpu_pipeline_task: operator 'PARTITION' (id=4) output batch 0 column count mismatch: got 13, expected 10
[2026-09-08 04:23:01.892] [warning] [gpu_pipeline_task.cpp:77] gpu_pipeline_task: operator 'PARTITION' (id=4) output batch 0 column count mismatch: got 13, expected 10
[2026-09-08 04:23:01.892] [warning] [gpu_pipeline_task.cpp:77] gpu_pipeline_task: operator 'PARTITION' (id=4) output batch 0 column count mismatch: got 13, expected 10
[2026-09-08 04:23:01.892] [warning] [gpu_pipeline_task.cpp:77] gpu_pipeline_task: operator 'PARTITION' (id=4) output batch 0 column count mismatch: got 13, expected 10
[2026-09-08 04:23:01.892] [warning] [gpu_pipeline_task.cpp:77] gpu_pipeline_task: operator 'PARTITION' (id=4) output batch 0 column count mismatch: got 13, expected 10
[2026-09-08 04:23:01.892] [warning] [gpu_pipeline_task.cpp:77] gpu_pipeline_task: operator 'PARTITION' (id=4) output batch 0 column count mismatch: got 13, expected 10
[2026-09-08 04:23:01.892] [warning] [gpu_pipeline_task.cpp:77] gpu_pipeline_task: operator 'PARTITION' (id=4) output batch 0 column count mismatch: got 13, expected 10
[2026-09-08 04:23:01.892] [warning] [gpu_pipeline_task.cpp:77] gpu_pipeline_task: operator 'PARTITION' (id=4) output batch 0 column count mismatch: got 13, expected 10
[2026-09-08 04:23:01.892] [warning] [gpu_pipeline_task.cpp:77] gpu_pipeline_task: operator 'PARTITION' (id=4) output batch 0 column count mismatch: got 13, expected 10
[2026-09-08 04:23:01.892] [warning] [gpu_pipeline_task.cpp:77] gpu_pipeline_task: operator 'PARTITION' (id=4) output batch 0 column count mismatch: got 13, expected 10
[2026-09-08 04:23:01.892] [warning] [gpu_pipeline_task.cpp:77] gpu_pipeline_task: operator 'PARTITION' (id=4) output batch 0 column count mismatch: got 13, expected 10
[2026-09-08 04:23:01.893] [warning] [gpu_pipeline_task.cpp:77] gpu_pipeline_task: operator 'PARTITION' (id=4) output batch 0 column count mismatch: got 13, expected 10
[2026-09-08 04:23:01.893] [warning] [gpu_pipeline_task.cpp:77] gpu_pipeline_task: operator 'PARTITION' (id=4) output batch 0 column count mismatch: got 13, expected 10
[2026-09-08 04:23:01.893] [warning] [gpu_pipeline_task.cpp:77] gpu_pipeline_task: operator 'PARTITION' (id=4) output batch 0 column count mismatch: got 13, expected 10
[2026-09-08 04:23:01.893] [warning] [gpu_pipeline_task.cpp:77] gpu_pipeline_task: operator 'PARTITION' (id=4) output batch 0 column count mismatch: got 13, expected 10
[2026-09-08 04:23:01.893] [warning] [gpu_pipeline_task.cpp:77] gpu_pipeline_task: operator 'PARTITION' (id=4) output batch 0 column count mismatch: got 13, expected 10
[2026-09-08 04:23:01.893] [warning] [gpu_pipeline_task.cpp:77] gpu_pipeline_task: operator 'PARTITION' (id=4) output batch 0 column count mismatch: got 13, expected 10
[2026-09-08 04:23:01.893] [warning] [gpu_pipeline_task.cpp:77] gpu_pipeline_task: operator 'PARTITION' (id=4) output batch 0 column count mismatch: got 13, expected 10
[2026-09-08 04:23:01.893] [warning] [gpu_pipeline_task.cpp:77] gpu_pipeline_task: operator 'PARTITION' (id=4) output batch 0 column count mismatch: got 13, expected 10
[2026-09-08 04:23:01.893] [warning] [gpu_pipeline_task.cpp:77] gpu_pipeline_task: operator 'PARTITION' (id=4) output batch 0 column count mismatch: got 13, expected 10
[2026-09-08 04:23:01.893] [warning] [gpu_pipeline_task.cpp:77] gpu_pipeline_task: operator 'PARTITION' (id=4) output batch 0 column count mismatch: got 13, expected 10
[2026-09-08 04:23:01.893] [warning] [gpu_pipeline_task.cpp:77] gpu_pipeline_task: operator 'PARTITION' (id=4) output batch 0 column count mismatch: got 13, expected 10
[2026-09-08 04:23:01.893] [warning] [gpu_pipeline_task.cpp:77] gpu_pipeline_task: operator 'PARTITION' (id=4) output batch 0 column count mismatch: got 13, expected 10
[2026-09-08 04:23:01.893] [warning] [gpu_pipeline_task.cpp:77] gpu_pipeline_task: operator 'PARTITION' (id=4) output batch 0 column count mismatch: got 13, expected 10
[2026-09-08 04:23:01.893] [warning] [gpu_pipeline_task.cpp:77] gpu_pipeline_task: operator 'PARTITION' (id=4) output batch 0 column count mismatch: got 13, expected 10
[2026-09-08 04:23:01.893] [warning] [gpu_pipeline_task.cpp:77] gpu_pipeline_task: operator 'PARTITION' (id=4) output batch 0 column count mismatch: got 13, expected 10
[2026-09-08 04:23:01.893] [warning] [gpu_pipeline_task.cpp:77] gpu_pipeline_task: operator 'PARTITION' (id=4) output batch 0 column count mismatch: got 13, expected 10
[2026-09-08 04:23:01.893] [warning] [gpu_pipeline_task.cpp:77] gpu_pipeline_task: operator 'PARTITION' (id=4) output batch 0 column count mismatch: got 13, expected 10
[2026-09-08 04:23:01.893] [warning] [gpu_pipeline_task.cpp:77] gpu_pipeline_task: operator 'PARTITION' (id=4) output batch 0 column count mismatch: got 13, expected 10
[2026-09-08 04:23:01.893] [warning] [gpu_pipeline_task.cpp:77] gpu_pipeline_task: operator 'PARTITION' (id=4) output batch 0 column count mismatch: got 13, expected 10
[2026-09-08 04:23:01.893] [warning] [gpu_pipeline_task.cpp:77] gpu_pipeline_task: operator 'PARTITION' (id=4) output batch 0 column count mismatch: got 13, expected 10
[2026-09-08 04:23:01.893] [warning] [gpu_pipeline_task.cpp:77] gpu_pipeline_task: operator 'PARTITION' (id=4) output batch 0 column count mismatch: got 13, expected 10
[2026-09-08 04:23:01.893] [warning] [gpu_pipeline_task.cpp:77] gpu_pipeline_task: operator 'PARTITION' (id=4) output batch 0 column count mismatch: got 13, expected 10
[2026-09-08 04:23:01.893] [warning] [gpu_pipeline_task.cpp:77] gpu_pipeline_task: operator 'PARTITION' (id=4) output batch 0 column count mismatch: got 13, expected 10
[2026-09-08 04:23:01.893] [warning] [gpu_pipeline_task.cpp:77] gpu_pipeline_task: operator 'PARTITION' (id=4) output batch 0 column count mismatch: got 13, expected 10
[2026-09-08 04:23:01.893] [warning] [gpu_pipeline_task.cpp:77] gpu_pipeline_task: operator 'PARTITION' (id=4) output batch 0 column count mismatch: got 13, expected 10
[2026-09-08 04:23:01.893] [warning] [gpu_pipeline_task.cpp:77] gpu_pipeline_task: operator 'PARTITION' (id=4) output batch 0 column count mismatch: got 13, expected 10
[2026-09-08 04:23:01.893] [warning] [gpu_pipeline_task.cpp:77] gpu_pipeline_task: operator 'PARTITION' (id=4) output batch 0 column count mismatch: got 13, expected 10
[2026-09-08 04:23:01.893] [warning] [gpu_pipeline_task.cpp:77] gpu_pipeline_task: operator 'PARTITION' (id=4) output batch 0 column count mismatch: got 13, expected 10
[2026-09-08 04:23:01.893] [warning] [gpu_pipeline_task.cpp:77] gpu_pipeline_task: operator 'PARTITION' (id=4) output batch 0 column count mismatch: got 13, expected 10
[2026-09-08 04:23:01.893] [warning] [gpu_pipeline_task.cpp:77] gpu_pipeline_task: operator 'PARTITION' (id=4) output batch 0 column count mismatch: got 13, expected 10
[2026-09-08 04:23:01.893] [warning] [gpu_pipeline_task.cpp:77] gpu_pipeline_task: operator 'PARTITION' (id=4) output batch 0 column count mismatch: got 13, expected 10
[2026-09-08 04:23:01.893] [warning] [gpu_pipeline_task.cpp:77] gpu_pipeline_task: operator 'PARTITION' (id=4) output batch 0 column count mismatch: got 13, expected 10
[2026-09-08 04:23:01.893] [warning] [gpu_pipeline_task.cpp:77] gpu_pipeline_task: operator 'PARTITION' (id=4) output batch 0 column count mismatch: got 13, expected 10
[2026-09-08 04:23:01.893] [warning] [gpu_pipeline_task.cpp:77] gpu_pipeline_task: operator 'PARTITION' (id=4) output batch 0 column count mismatch: got 13, expected 10
[2026-09-08 04:23:01.893] [warning] [gpu_pipeline_task.cpp:77] gpu_pipeline_task: operator 'PARTITION' (id=4) output batch 0 column count mismatch: got 13, expected 10
[2026-09-08 04:23:01.893] [warning] [gpu_pipeline_task.cpp:77] gpu_pipeline_task: operator 'PARTITION' (id=4) output batch 0 column count mismatch: got 13, expected 10
[2026-09-08 04:23:01.893] [warning] [gpu_pipeline_task.cpp:77] gpu_pipeline_task: operator 'PARTITION' (id=4) output batch 0 column count mismatch: got 13, expected 10
[2026-09-08 04:23:01.893] [warning] [gpu_pipeline_task.cpp:77] gpu_pipeline_task: operator 'PARTITION' (id=4) output batch 0 column count mismatch: got 13, expected 10
[2026-09-08 04:23:01.893] [warning] [gpu_pipeline_task.cpp:77] gpu_pipeline_task: operator 'PARTITION' (id=4) output batch 0 column count mismatch: got 13, expected 10
[2026-09-08 04:23:01.914] [info] [gpu_pipeline_executor.cpp:129] GPU Pipeline Executor: task queue interrupted, stopping manager loop
[2026-09-08 04:23:01.914] [info] [sirius_context.cpp:405] QueryEnd
[2026-09-08 04:23:01.914] [info] [memory_prefetcher.cpp:72] [memory_prefetcher] stopping: prefetched 0 batches / 0 bytes (stops: headroom=0 reservation=0, skips: lock=0 draining=3, errors=0)
[2026-09-08 04:23:01.914] [info] [sirius_context.cpp:256] [host_pool] HOST:0 QueryEnd instance=0xe9c21d960390 connection=1 window=2 query=7 allocated=17448304640 bytes peak=17515413504 bytes free_blocks=2876
[2026-09-08 04:23:01.914] [info] [sirius_context.cpp:271] [gpu_pool] GPU:0 QueryEnd instance=0xe9c21d960390 connection=1 window=2 query=7 allocated=34491850496 bytes peak=59483090206 bytes reserved=0 bytes
[2026-09-08 04:23:01.914] [info] [sirius_context.cpp:521] [window] end instance=0xe9c21d960390 connection=1 window=2 query=7 outcome=ok
[2026-09-08 04:23:01.914] [info] [physical_sirius_execution.cpp:327] Transparent GPU execution: query completed
[2026-09-08 04:23:01.915] [info] [sirius_context.cpp:329] QueryBegin: instance=0xe9c21d960390 connection=1 query=8 SQL: CALL sirius_set_query_label('q1_iter1')
[2026-09-08 04:23:01.916] [info] [sirius_context.cpp:329] QueryBegin: instance=0xe9c21d960390 connection=1 query=9 SQL: SET gpu_execution = true;
[2026-09-08 04:23:01.916] [info] [sirius_context.cpp:329] QueryBegin: instance=0xe9c21d960390 connection=1 query=10 SQL: select l_returnflag, l_linestatus, sum(l_quantity) as sum_qty, sum(l_extendedprice) as sum_base_price, sum(l_extendedprice * (1 - l_discount)) as sum_disc_price, sum(l_extendedprice * (1 - l_discount) * (1 + l_tax)) as sum_charge, avg(l_quantity) as avg_qty, avg(l_extendedprice) as avg_price, avg(l_discount) as avg_disc, count(*) as count_order from lineitem where l_shipdate <= date '1995-08-19' group by l_returnflag, l_linestatus order by l_returnflag, l_linestatus
[2026-09-08 04:23:01.924] [info] [sirius_context.cpp:1467] Transparent execution: Sirius physical plan generated successfully
[2026-09-08 04:23:01.924] [info] [sirius_context.cpp:1495] Transparent execution: physical plan replaced with GPU operator
[2026-09-08 04:23:01.924] [info] [physical_sirius_execution.cpp:157] Transparent GPU execution: executing query
[2026-09-08 04:23:01.924] [info] [sirius_context.cpp:521] [window] begin instance=0xe9c21d960390 connection=1 window=3 query=10 outcome=-
[2026-09-08 04:23:01.924] [info] [sirius_context.cpp:256] [host_pool] HOST:0 QueryBegin instance=0xe9c21d960390 connection=1 window=3 query=10 allocated=17448304640 bytes peak=17515413504 bytes free_blocks=2876
[2026-09-08 04:23:01.924] [info] [sirius_context.cpp:271] [gpu_pool] GPU:0 QueryBegin instance=0xe9c21d960390 connection=1 window=3 query=10 allocated=34491850496 bytes peak=59483090206 bytes reserved=0 bytes
[2026-09-08 04:23:01.924] [info] [sirius_context.cpp:389] QueryBegin: transparent_execution
[2026-09-08 04:23:01.926] [info] [sirius_engine.cpp:265] [gpu_alloc] query allocated 1 GPU(s): [0]
[2026-09-08 04:23:01.927] [info] [sirius_engine.cpp:318] Query Plan:
=== Pipeline Overview ===
Pipeline #0: GPU_SCAN (id=0) -> PROJECTION (id=1) -> PROJECTION (id=2) -> HASH_GROUP_BY (id=3)
  Output: -> PARTITION [port: default, barrier: FULL]
Pipeline #1: PARTITION (id=4)
  Input: <- Pipeline #0 [on: PARTITION (id=4), port: default, barrier: FULL]
  Dependencies: Pipeline #0
  Output: -> MERGE_GROUP_BY [port: default, barrier: FULL]
Pipeline #2: MERGE_GROUP_BY (id=5) -> ORDER_BY (id=6)
  Input: <- Pipeline #1 [on: MERGE_GROUP_BY (id=5), port: default, barrier: FULL]
  Dependencies: Pipeline #1
  Output: -> SORT_SAMPLE [port: default, barrier: PIPELINE]
Pipeline #3: SORT_SAMPLE (id=7) -> SORT_PARTITION (id=8)
  Input: <- Pipeline #2 [on: SORT_SAMPLE (id=7), port: default, barrier: PIPELINE]
  Dependencies: Pipeline #2
  Output: -> MERGE_SORT [port: default, barrier: FULL]
Pipeline #4: MERGE_SORT (id=9)
  Input: <- Pipeline #3 [on: MERGE_SORT (id=9), port: default, barrier: FULL]
  Dependencies: Pipeline #3
  Output: -> RESULT_COLLECTOR [port: default, barrier: FULL]
Pipeline #5: RESULT_COLLECTOR (id=10)
  Input: <- Pipeline #4 [on: RESULT_COLLECTOR (id=10), port: default, barrier: FULL]
  Dependencies: Pipeline #4

=== Query Plan DAG ===
┌──────────────────────────┐
│ Pipeline #5              │
│ RESULT_COLLECTOR (id=10) │
│ Input(#4): FULL          │
└────────────┬─────────────┘
             │              
┌──────────────────────────┐
│ Pipeline #4              │
│ MERGE_SORT (id=9)        │
│ Input(#3): FULL          │
└────────────┬─────────────┘
             │              
┌──────────────────────────┐
│ Pipeline #3              │
│ SORT_PARTITION (id=8)    │
│ SORT_SAMPLE (id=7)       │
│ Input(#2): PIPELINE      │
└────────────┬─────────────┘
             │              
┌──────────────────────────┐
│ Pipeline #2              │
│ ORDER_BY (id=6)          │
│ MERGE_GROUP_BY (id=5)    │
│ Input(#1): FULL          │
└────────────┬─────────────┘
             │              
┌──────────────────────────┐
│ Pipeline #1              │
│ PARTITION (id=4)         │
│ Input(#0): FULL          │
└────────────┬─────────────┘
             │              
┌──────────────────────────┐
│ Pipeline #0              │
│ HASH_GROUP_BY (id=3)     │
│ PROJECTION (id=2)        │
│ PROJECTION (id=1)        │
│ GPU_SCAN (id=0)          │
└──────────────────────────┘

[2026-09-08 04:23:01.927] [info] [sirius_engine.cpp:186] query 3 telemetry_query=01a080c1d5a67fa286bcacd9a6e9de5b
[2026-09-08 04:23:01.927] [info] [sirius_scan_manager.cpp:2999] [sirius_scan_manager] assigned pinned entry 'lineitem' to operator '0'
[2026-09-08 04:23:01.927] [info] [sirius_scan_manager.cpp:823] [late-mat] operator 0: not deferring — the scan restricts rows and its pin is compressed, so the surviving rows are decided inside the decode
[2026-09-08 04:23:01.927] [info] [memory_prefetcher.cpp:59] [memory_prefetcher] started: 3 threads, 1 connectors, min_free_fraction=0.40
[2026-09-08 04:23:01.929] [warning] [gpu_pipeline_task.cpp:77] gpu_pipeline_task: operator 'HASH_GROUP_BY' (id=3) output batch 0 column count mismatch: got 13, expected 10
[2026-09-08 04:23:01.930] [warning] [gpu_pipeline_task.cpp:77] gpu_pipeline_task: operator 'HASH_GROUP_BY' (id=3) output batch 0 column count mismatch: got 13, expected 10
[2026-09-08 04:23:01.974] [warning] [gpu_pipeline_task.cpp:77] gpu_pipeline_task: operator 'HASH_GROUP_BY' (id=3) output batch 0 column count mismatch: got 13, expected 10
[2026-09-08 04:23:01.975] [warning] [gpu_pipeline_task.cpp:77] gpu_pipeline_task: operator 'HASH_GROUP_BY' (id=3) output batch 0 column count mismatch: got 13, expected 10
[2026-09-08 04:23:01.976] [warning] [gpu_pipeline_task.cpp:77] gpu_pipeline_task: operator 'HASH_GROUP_BY' (id=3) output batch 0 column count mismatch: got 13, expected 10
[2026-09-08 04:23:01.976] [warning] [gpu_pipeline_task.cpp:77] gpu_pipeline_task: operator 'HASH_GROUP_BY' (id=3) output batch 0 column count mismatch: got 13, expected 10
[2026-09-08 04:23:01.977] [warning] [gpu_pipeline_task.cpp:77] gpu_pipeline_task: operator 'HASH_GROUP_BY' (id=3) output batch 0 column count mismatch: got 13, expected 10
[2026-09-08 04:23:01.979] [warning] [gpu_pipeline_task.cpp:77] gpu_pipeline_task: operator 'HASH_GROUP_BY' (id=3) output batch 0 column count mismatch: got 13, expected 10
[2026-09-08 04:23:01.982] [warning] [gpu_pipeline_task.cpp:77] gpu_pipeline_task: operator 'HASH_GROUP_BY' (id=3) output batch 0 column count mismatch: got 13, expected 10
[2026-09-08 04:23:01.985] [warning] [gpu_pipeline_task.cpp:77] gpu_pipeline_task: operator 'HASH_GROUP_BY' (id=3) output batch 0 column count mismatch: got 13, expected 10
[2026-09-08 04:23:01.985] [warning] [gpu_pipeline_task.cpp:77] gpu_pipeline_task: operator 'HASH_GROUP_BY' (id=3) output batch 0 column count mismatch: got 13, expected 10
[2026-09-08 04:23:01.987] [warning] [gpu_pipeline_task.cpp:77] gpu_pipeline_task: operator 'HASH_GROUP_BY' (id=3) output batch 0 column count mismatch: got 13, expected 10
[2026-09-08 04:23:01.988] [warning] [gpu_pipeline_task.cpp:77] gpu_pipeline_task: operator 'HASH_GROUP_BY' (id=3) output batch 0 column count mismatch: got 13, expected 10
[2026-09-08 04:23:01.988] [warning] [gpu_pipeline_task.cpp:77] gpu_pipeline_task: operator 'HASH_GROUP_BY' (id=3) output batch 0 column count mismatch: got 13, expected 10
[2026-09-08 04:23:01.988] [warning] [gpu_pipeline_task.cpp:77] gpu_pipeline_task: operator 'HASH_GROUP_BY' (id=3) output batch 0 column count mismatch: got 13, expected 10
[2026-09-08 04:23:01.990] [warning] [gpu_pipeline_task.cpp:77] gpu_pipeline_task: operator 'HASH_GROUP_BY' (id=3) output batch 0 column count mismatch: got 13, expected 10
[2026-09-08 04:23:01.991] [warning] [gpu_pipeline_task.cpp:77] gpu_pipeline_task: operator 'HASH_GROUP_BY' (id=3) output batch 0 column count mismatch: got 13, expected 10
[2026-09-08 04:23:01.991] [warning] [gpu_pipeline_task.cpp:77] gpu_pipeline_task: operator 'HASH_GROUP_BY' (id=3) output batch 0 column count mismatch: got 13, expected 10
[2026-09-08 04:23:01.991] [warning] [gpu_pipeline_task.cpp:77] gpu_pipeline_task: operator 'HASH_GROUP_BY' (id=3) output batch 0 column count mismatch: got 13, expected 10
[2026-09-08 04:23:01.991] [warning] [gpu_pipeline_task.cpp:77] gpu_pipeline_task: operator 'HASH_GROUP_BY' (id=3) output batch 0 column count mismatch: got 13, expected 10
[2026-09-08 04:23:01.992] [warning] [gpu_pipeline_task.cpp:77] gpu_pipeline_task: operator 'HASH_GROUP_BY' (id=3) output batch 0 column count mismatch: got 13, expected 10
[2026-09-08 04:23:01.992] [warning] [gpu_pipeline_task.cpp:77] gpu_pipeline_task: operator 'HASH_GROUP_BY' (id=3) output batch 0 column count mismatch: got 13, expected 10
[2026-09-08 04:23:01.992] [warning] [gpu_pipeline_task.cpp:77] gpu_pipeline_task: operator 'HASH_GROUP_BY' (id=3) output batch 0 column count mismatch: got 13, expected 10
[2026-09-08 04:23:01.992] [warning] [gpu_pipeline_task.cpp:77] gpu_pipeline_task: operator 'HASH_GROUP_BY' (id=3) output batch 0 column count mismatch: got 13, expected 10
[2026-09-08 04:23:01.995] [warning] [gpu_pipeline_task.cpp:77] gpu_pipeline_task: operator 'HASH_GROUP_BY' (id=3) output batch 0 column count mismatch: got 13, expected 10
[2026-09-08 04:23:01.997] [warning] [gpu_pipeline_task.cpp:77] gpu_pipeline_task: operator 'HASH_GROUP_BY' (id=3) output batch 0 column count mismatch: got 13, expected 10
[2026-09-08 04:23:01.998] [warning] [gpu_pipeline_task.cpp:77] gpu_pipeline_task: operator 'HASH_GROUP_BY' (id=3) output batch 0 column count mismatch: got 13, expected 10
[2026-09-08 04:23:01.999] [warning] [gpu_pipeline_task.cpp:77] gpu_pipeline_task: operator 'HASH_GROUP_BY' (id=3) output batch 0 column count mismatch: got 13, expected 10
[2026-09-08 04:23:02.002] [warning] [gpu_pipeline_task.cpp:77] gpu_pipeline_task: operator 'HASH_GROUP_BY' (id=3) output batch 0 column count mismatch: got 13, expected 10
[2026-09-08 04:23:02.006] [warning] [gpu_pipeline_task.cpp:77] gpu_pipeline_task: operator 'HASH_GROUP_BY' (id=3) output batch 0 column count mismatch: got 13, expected 10
[2026-09-08 04:23:02.015] [warning] [gpu_pipeline_task.cpp:77] gpu_pipeline_task: operator 'HASH_GROUP_BY' (id=3) output batch 0 column count mismatch: got 13, expected 10
[2026-09-08 04:23:02.019] [warning] [gpu_pipeline_task.cpp:77] gpu_pipeline_task: operator 'HASH_GROUP_BY' (id=3) output batch 0 column count mismatch: got 13, expected 10
[2026-09-08 04:23:02.022] [warning] [gpu_pipeline_task.cpp:77] gpu_pipeline_task: operator 'HASH_GROUP_BY' (id=3) output batch 0 column count mismatch: got 13, expected 10
[2026-09-08 04:23:02.027] [warning] [gpu_pipeline_task.cpp:77] gpu_pipeline_task: operator 'HASH_GROUP_BY' (id=3) output batch 0 column count mismatch: got 13, expected 10
[2026-09-08 04:23:02.028] [warning] [gpu_pipeline_task.cpp:77] gpu_pipeline_task: operator 'HASH_GROUP_BY' (id=3) output batch 0 column count mismatch: got 13, expected 10
[2026-09-08 04:23:02.029] [warning] [gpu_pipeline_task.cpp:77] gpu_pipeline_task: operator 'HASH_GROUP_BY' (id=3) output batch 0 column count mismatch: got 13, expected 10
[2026-09-08 04:23:02.030] [warning] [gpu_pipeline_task.cpp:77] gpu_pipeline_task: operator 'HASH_GROUP_BY' (id=3) output batch 0 column count mismatch: got 13, expected 10
[2026-09-08 04:23:02.049] [warning] [gpu_pipeline_task.cpp:77] gpu_pipeline_task: operator 'HASH_GROUP_BY' (id=3) output batch 0 column count mismatch: got 13, expected 10
[2026-09-08 04:23:02.050] [warning] [gpu_pipeline_task.cpp:77] gpu_pipeline_task: operator 'HASH_GROUP_BY' (id=3) output batch 0 column count mismatch: got 13, expected 10
[2026-09-08 04:23:02.051] [warning] [gpu_pipeline_task.cpp:77] gpu_pipeline_task: operator 'HASH_GROUP_BY' (id=3) output batch 0 column count mismatch: got 13, expected 10
[2026-09-08 04:23:02.053] [warning] [gpu_pipeline_task.cpp:77] gpu_pipeline_task: operator 'HASH_GROUP_BY' (id=3) output batch 0 column count mismatch: got 13, expected 10
[2026-09-08 04:23:02.054] [warning] [gpu_pipeline_task.cpp:77] gpu_pipeline_task: operator 'HASH_GROUP_BY' (id=3) output batch 0 column count mismatch: got 13, expected 10
[2026-09-08 04:23:02.064] [warning] [gpu_pipeline_task.cpp:77] gpu_pipeline_task: operator 'HASH_GROUP_BY' (id=3) output batch 0 column count mismatch: got 13, expected 10
[2026-09-08 04:23:02.068] [warning] [gpu_pipeline_task.cpp:77] gpu_pipeline_task: operator 'HASH_GROUP_BY' (id=3) output batch 0 column count mismatch: got 13, expected 10
[2026-09-08 04:23:02.068] [warning] [gpu_pipeline_task.cpp:77] gpu_pipeline_task: operator 'HASH_GROUP_BY' (id=3) output batch 0 column count mismatch: got 13, expected 10
[2026-09-08 04:23:02.071] [warning] [gpu_pipeline_task.cpp:77] gpu_pipeline_task: operator 'HASH_GROUP_BY' (id=3) output batch 0 column count mismatch: got 13, expected 10
[2026-09-08 04:23:02.074] [warning] [gpu_pipeline_task.cpp:77] gpu_pipeline_task: operator 'HASH_GROUP_BY' (id=3) output batch 0 column count mismatch: got 13, expected 10
[2026-09-08 04:23:02.074] [warning] [gpu_pipeline_task.cpp:77] gpu_pipeline_task: operator 'HASH_GROUP_BY' (id=3) output batch 0 column count mismatch: got 13, expected 10
[2026-09-08 04:23:02.074] [warning] [gpu_pipeline_task.cpp:77] gpu_pipeline_task: operator 'HASH_GROUP_BY' (id=3) output batch 0 column count mismatch: got 13, expected 10
[2026-09-08 04:23:02.074] [warning] [gpu_pipeline_task.cpp:77] gpu_pipeline_task: operator 'HASH_GROUP_BY' (id=3) output batch 0 column count mismatch: got 13, expected 10
[2026-09-08 04:23:02.085] [warning] [gpu_pipeline_task.cpp:77] gpu_pipeline_task: operator 'HASH_GROUP_BY' (id=3) output batch 0 column count mismatch: got 13, expected 10
[2026-09-08 04:23:02.089] [warning] [gpu_pipeline_task.cpp:77] gpu_pipeline_task: operator 'HASH_GROUP_BY' (id=3) output batch 0 column count mismatch: got 13, expected 10
[2026-09-08 04:23:02.089] [warning] [gpu_pipeline_task.cpp:77] gpu_pipeline_task: operator 'HASH_GROUP_BY' (id=3) output batch 0 column count mismatch: got 13, expected 10
[2026-09-08 04:23:02.089] [warning] [gpu_pipeline_task.cpp:77] gpu_pipeline_task: operator 'HASH_GROUP_BY' (id=3) output batch 0 column count mismatch: got 13, expected 10
[2026-09-08 04:23:02.090] [warning] [gpu_pipeline_task.cpp:77] gpu_pipeline_task: operator 'HASH_GROUP_BY' (id=3) output batch 0 column count mismatch: got 13, expected 10
[2026-09-08 04:23:02.090] [warning] [gpu_pipeline_task.cpp:77] gpu_pipeline_task: operator 'HASH_GROUP_BY' (id=3) output batch 0 column count mismatch: got 13, expected 10
[2026-09-08 04:23:02.099] [warning] [gpu_pipeline_task.cpp:77] gpu_pipeline_task: operator 'HASH_GROUP_BY' (id=3) output batch 0 column count mismatch: got 13, expected 10
[2026-09-08 04:23:02.100] [warning] [gpu_pipeline_task.cpp:77] gpu_pipeline_task: operator 'HASH_GROUP_BY' (id=3) output batch 0 column count mismatch: got 13, expected 10
[2026-09-08 04:23:02.100] [warning] [gpu_pipeline_task.cpp:77] gpu_pipeline_task: operator 'HASH_GROUP_BY' (id=3) output batch 0 column count mismatch: got 13, expected 10
[2026-09-08 04:23:02.102] [warning] [gpu_pipeline_task.cpp:77] gpu_pipeline_task: operator 'HASH_GROUP_BY' (id=3) output batch 0 column count mismatch: got 13, expected 10
[2026-09-08 04:23:02.108] [warning] [gpu_pipeline_task.cpp:77] gpu_pipeline_task: operator 'HASH_GROUP_BY' (id=3) output batch 0 column count mismatch: got 13, expected 10
[2026-09-08 04:23:02.114] [warning] [gpu_pipeline_task.cpp:77] gpu_pipeline_task: operator 'HASH_GROUP_BY' (id=3) output batch 0 column count mismatch: got 13, expected 10
[2026-09-08 04:23:02.129] [warning] [gpu_pipeline_task.cpp:77] gpu_pipeline_task: operator 'HASH_GROUP_BY' (id=3) output batch 0 column count mismatch: got 13, expected 10
[2026-09-08 04:23:02.130] [warning] [gpu_pipeline_task.cpp:77] gpu_pipeline_task: operator 'HASH_GROUP_BY' (id=3) output batch 0 column count mismatch: got 13, expected 10
[2026-09-08 04:23:02.138] [warning] [gpu_pipeline_task.cpp:77] gpu_pipeline_task: operator 'HASH_GROUP_BY' (id=3) output batch 0 column count mismatch: got 13, expected 10
[2026-09-08 04:23:02.139] [warning] [gpu_pipeline_task.cpp:77] gpu_pipeline_task: operator 'HASH_GROUP_BY' (id=3) output batch 0 column count mismatch: got 13, expected 10
[2026-09-08 04:23:02.141] [warning] [gpu_pipeline_task.cpp:77] gpu_pipeline_task: operator 'HASH_GROUP_BY' (id=3) output batch 0 column count mismatch: got 13, expected 10
[2026-09-08 04:23:02.141] [warning] [gpu_pipeline_task.cpp:77] gpu_pipeline_task: operator 'HASH_GROUP_BY' (id=3) output batch 0 column count mismatch: got 13, expected 10
[2026-09-08 04:23:02.147] [warning] [gpu_pipeline_task.cpp:77] gpu_pipeline_task: operator 'HASH_GROUP_BY' (id=3) output batch 0 column count mismatch: got 13, expected 10
[2026-09-08 04:23:02.152] [warning] [gpu_pipeline_task.cpp:77] gpu_pipeline_task: operator 'HASH_GROUP_BY' (id=3) output batch 0 column count mismatch: got 13, expected 10
[2026-09-08 04:23:02.155] [warning] [gpu_pipeline_task.cpp:77] gpu_pipeline_task: operator 'HASH_GROUP_BY' (id=3) output batch 0 column count mismatch: got 13, expected 10
[2026-09-08 04:23:02.155] [warning] [gpu_pipeline_task.cpp:77] gpu_pipeline_task: operator 'HASH_GROUP_BY' (id=3) output batch 0 column count mismatch: got 13, expected 10
[2026-09-08 04:23:02.162] [warning] [gpu_pipeline_task.cpp:77] gpu_pipeline_task: operator 'HASH_GROUP_BY' (id=3) output batch 0 column count mismatch: got 13, expected 10
[2026-09-08 04:23:02.169] [warning] [gpu_pipeline_task.cpp:77] gpu_pipeline_task: operator 'HASH_GROUP_BY' (id=3) output batch 0 column count mismatch: got 13, expected 10
[2026-09-08 04:23:02.169] [warning] [gpu_pipeline_task.cpp:77] gpu_pipeline_task: operator 'HASH_GROUP_BY' (id=3) output batch 0 column count mismatch: got 13, expected 10
[2026-09-08 04:23:02.174] [warning] [gpu_pipeline_task.cpp:77] gpu_pipeline_task: operator 'HASH_GROUP_BY' (id=3) output batch 0 column count mismatch: got 13, expected 10
[2026-09-08 04:23:02.174] [warning] [gpu_pipeline_task.cpp:77] gpu_pipeline_task: operator 'HASH_GROUP_BY' (id=3) output batch 0 column count mismatch: got 13, expected 10
[2026-09-08 04:23:02.174] [warning] [gpu_pipeline_task.cpp:77] gpu_pipeline_task: operator 'HASH_GROUP_BY' (id=3) output batch 0 column count mismatch: got 13, expected 10
[2026-09-08 04:23:02.181] [warning] [gpu_pipeline_task.cpp:77] gpu_pipeline_task: operator 'HASH_GROUP_BY' (id=3) output batch 0 column count mismatch: got 13, expected 10
[2026-09-08 04:23:02.195] [warning] [gpu_pipeline_task.cpp:77] gpu_pipeline_task: operator 'HASH_GROUP_BY' (id=3) output batch 0 column count mismatch: got 13, expected 10
[2026-09-08 04:23:02.195] [warning] [gpu_pipeline_task.cpp:77] gpu_pipeline_task: operator 'HASH_GROUP_BY' (id=3) output batch 0 column count mismatch: got 13, expected 10
[2026-09-08 04:23:02.196] [warning] [gpu_pipeline_task.cpp:77] gpu_pipeline_task: operator 'HASH_GROUP_BY' (id=3) output batch 0 column count mismatch: got 13, expected 10
[2026-09-08 04:23:02.201] [warning] [gpu_pipeline_task.cpp:77] gpu_pipeline_task: operator 'HASH_GROUP_BY' (id=3) output batch 0 column count mismatch: got 13, expected 10
[2026-09-08 04:23:02.201] [warning] [gpu_pipeline_task.cpp:77] gpu_pipeline_task: operator 'HASH_GROUP_BY' (id=3) output batch 0 column count mismatch: got 13, expected 10
[2026-09-08 04:23:02.202] [warning] [gpu_pipeline_task.cpp:77] gpu_pipeline_task: operator 'HASH_GROUP_BY' (id=3) output batch 0 column count mismatch: got 13, expected 10
[2026-09-08 04:23:02.224] [warning] [gpu_pipeline_task.cpp:77] gpu_pipeline_task: operator 'HASH_GROUP_BY' (id=3) output batch 0 column count mismatch: got 13, expected 10
[2026-09-08 04:23:02.224] [warning] [gpu_pipeline_task.cpp:77] gpu_pipeline_task: operator 'HASH_GROUP_BY' (id=3) output batch 0 column count mismatch: got 13, expected 10
[2026-09-08 04:23:02.226] [warning] [gpu_pipeline_task.cpp:77] gpu_pipeline_task: operator 'HASH_GROUP_BY' (id=3) output batch 0 column count mismatch: got 13, expected 10
[2026-09-08 04:23:02.227] [warning] [gpu_pipeline_task.cpp:77] gpu_pipeline_task: operator 'HASH_GROUP_BY' (id=3) output batch 0 column count mismatch: got 13, expected 10
[2026-09-08 04:23:02.227] [warning] [gpu_pipeline_task.cpp:77] gpu_pipeline_task: operator 'HASH_GROUP_BY' (id=3) output batch 0 column count mismatch: got 13, expected 10
[2026-09-08 04:23:02.227] [warning] [gpu_pipeline_task.cpp:77] gpu_pipeline_task: operator 'HASH_GROUP_BY' (id=3) output batch 0 column count mismatch: got 13, expected 10
[2026-09-08 04:23:02.228] [warning] [gpu_pipeline_task.cpp:77] gpu_pipeline_task: operator 'HASH_GROUP_BY' (id=3) output batch 0 column count mismatch: got 13, expected 10
[2026-09-08 04:23:02.228] [warning] [gpu_pipeline_task.cpp:77] gpu_pipeline_task: operator 'HASH_GROUP_BY' (id=3) output batch 0 column count mismatch: got 13, expected 10
[2026-09-08 04:23:02.228] [warning] [gpu_pipeline_task.cpp:77] gpu_pipeline_task: operator 'HASH_GROUP_BY' (id=3) output batch 0 column count mismatch: got 13, expected 10
[2026-09-08 04:23:02.239] [warning] [gpu_pipeline_task.cpp:77] gpu_pipeline_task: operator 'HASH_GROUP_BY' (id=3) output batch 0 column count mismatch: got 13, expected 10
[2026-09-08 04:23:02.239] [warning] [gpu_pipeline_task.cpp:77] gpu_pipeline_task: operator 'HASH_GROUP_BY' (id=3) output batch 0 column count mismatch: got 13, expected 10
[2026-09-08 04:23:02.241] [warning] [gpu_pipeline_task.cpp:77] gpu_pipeline_task: operator 'HASH_GROUP_BY' (id=3) output batch 0 column count mismatch: got 13, expected 10
[2026-09-08 04:23:02.242] [warning] [gpu_pipeline_task.cpp:77] gpu_pipeline_task: operator 'HASH_GROUP_BY' (id=3) output batch 0 column count mismatch: got 13, expected 10
[2026-09-08 04:23:02.243] [warning] [gpu_pipeline_task.cpp:77] gpu_pipeline_task: operator 'HASH_GROUP_BY' (id=3) output batch 0 column count mismatch: got 13, expected 10
[2026-09-08 04:23:02.250] [warning] [gpu_pipeline_task.cpp:77] gpu_pipeline_task: operator 'HASH_GROUP_BY' (id=3) output batch 0 column count mismatch: got 13, expected 10
[2026-09-08 04:23:02.252] [warning] [gpu_pipeline_task.cpp:77] gpu_pipeline_task: operator 'HASH_GROUP_BY' (id=3) output batch 0 column count mismatch: got 13, expected 10
[2026-09-08 04:23:02.260] [warning] [gpu_pipeline_task.cpp:77] gpu_pipeline_task: operator 'HASH_GROUP_BY' (id=3) output batch 0 column count mismatch: got 13, expected 10
[2026-09-08 04:23:02.261] [warning] [gpu_pipeline_task.cpp:77] gpu_pipeline_task: operator 'HASH_GROUP_BY' (id=3) output batch 0 column count mismatch: got 13, expected 10
[2026-09-08 04:23:02.270] [warning] [gpu_pipeline_task.cpp:77] gpu_pipeline_task: operator 'HASH_GROUP_BY' (id=3) output batch 0 column count mismatch: got 13, expected 10
[2026-09-08 04:23:02.271] [warning] [gpu_pipeline_task.cpp:77] gpu_pipeline_task: operator 'HASH_GROUP_BY' (id=3) output batch 0 column count mismatch: got 13, expected 10
[2026-09-08 04:23:02.285] [warning] [gpu_pipeline_task.cpp:77] gpu_pipeline_task: operator 'HASH_GROUP_BY' (id=3) output batch 0 column count mismatch: got 13, expected 10
[2026-09-08 04:23:02.286] [warning] [gpu_pipeline_task.cpp:77] gpu_pipeline_task: operator 'HASH_GROUP_BY' (id=3) output batch 0 column count mismatch: got 13, expected 10
[2026-09-08 04:23:02.286] [warning] [gpu_pipeline_task.cpp:77] gpu_pipeline_task: operator 'HASH_GROUP_BY' (id=3) output batch 0 column count mismatch: got 13, expected 10
[2026-09-08 04:23:02.289] [warning] [gpu_pipeline_task.cpp:77] gpu_pipeline_task: operator 'HASH_GROUP_BY' (id=3) output batch 0 column count mismatch: got 13, expected 10
[2026-09-08 04:23:02.301] [warning] [gpu_pipeline_task.cpp:77] gpu_pipeline_task: operator 'HASH_GROUP_BY' (id=3) output batch 0 column count mismatch: got 13, expected 10
[2026-09-08 04:23:02.304] [warning] [gpu_pipeline_task.cpp:77] gpu_pipeline_task: operator 'HASH_GROUP_BY' (id=3) output batch 0 column count mismatch: got 13, expected 10
[2026-09-08 04:23:02.311] [warning] [gpu_pipeline_task.cpp:77] gpu_pipeline_task: operator 'HASH_GROUP_BY' (id=3) output batch 0 column count mismatch: got 13, expected 10
[2026-09-08 04:23:02.311] [warning] [gpu_pipeline_task.cpp:77] gpu_pipeline_task: operator 'HASH_GROUP_BY' (id=3) output batch 0 column count mismatch: got 13, expected 10
[2026-09-08 04:23:02.317] [warning] [gpu_pipeline_task.cpp:77] gpu_pipeline_task: operator 'HASH_GROUP_BY' (id=3) output batch 0 column count mismatch: got 13, expected 10
[2026-09-08 04:23:02.332] [warning] [gpu_pipeline_task.cpp:77] gpu_pipeline_task: operator 'HASH_GROUP_BY' (id=3) output batch 0 column count mismatch: got 13, expected 10
[2026-09-08 04:23:02.335] [warning] [gpu_pipeline_task.cpp:77] gpu_pipeline_task: operator 'HASH_GROUP_BY' (id=3) output batch 0 column count mismatch: got 13, expected 10
[2026-09-08 04:23:02.336] [warning] [gpu_pipeline_task.cpp:77] gpu_pipeline_task: operator 'HASH_GROUP_BY' (id=3) output batch 0 column count mismatch: got 13, expected 10
[2026-09-08 04:23:02.338] [warning] [gpu_pipeline_task.cpp:77] gpu_pipeline_task: operator 'HASH_GROUP_BY' (id=3) output batch 0 column count mismatch: got 13, expected 10
[2026-09-08 04:23:02.342] [warning] [gpu_pipeline_task.cpp:77] gpu_pipeline_task: operator 'HASH_GROUP_BY' (id=3) output batch 0 column count mismatch: got 13, expected 10
[2026-09-08 04:23:02.349] [warning] [gpu_pipeline_task.cpp:77] gpu_pipeline_task: operator 'HASH_GROUP_BY' (id=3) output batch 0 column count mismatch: got 13, expected 10
[2026-09-08 04:23:02.350] [warning] [gpu_pipeline_task.cpp:77] gpu_pipeline_task: operator 'HASH_GROUP_BY' (id=3) output batch 0 column count mismatch: got 13, expected 10
[2026-09-08 04:23:02.354] [warning] [gpu_pipeline_task.cpp:77] gpu_pipeline_task: operator 'HASH_GROUP_BY' (id=3) output batch 0 column count mismatch: got 13, expected 10
[2026-09-08 04:23:02.356] [warning] [gpu_pipeline_task.cpp:77] gpu_pipeline_task: operator 'HASH_GROUP_BY' (id=3) output batch 0 column count mismatch: got 13, expected 10
[2026-09-08 04:23:02.357] [warning] [gpu_pipeline_task.cpp:77] gpu_pipeline_task: operator 'HASH_GROUP_BY' (id=3) output batch 0 column count mismatch: got 13, expected 10
[2026-09-08 04:23:02.362] [warning] [gpu_pipeline_task.cpp:77] gpu_pipeline_task: operator 'HASH_GROUP_BY' (id=3) output batch 0 column count mismatch: got 13, expected 10
[2026-09-08 04:23:02.368] [warning] [gpu_pipeline_task.cpp:77] gpu_pipeline_task: operator 'HASH_GROUP_BY' (id=3) output batch 0 column count mismatch: got 13, expected 10
[2026-09-08 04:23:02.371] [warning] [gpu_pipeline_task.cpp:77] gpu_pipeline_task: operator 'HASH_GROUP_BY' (id=3) output batch 0 column count mismatch: got 13, expected 10
[2026-09-08 04:23:02.371] [warning] [gpu_pipeline_task.cpp:77] gpu_pipeline_task: operator 'HASH_GROUP_BY' (id=3) output batch 0 column count mismatch: got 13, expected 10
[2026-09-08 04:23:02.377] [warning] [gpu_pipeline_task.cpp:77] gpu_pipeline_task: operator 'HASH_GROUP_BY' (id=3) output batch 0 column count mismatch: got 13, expected 10
[2026-09-08 04:23:02.380] [warning] [gpu_pipeline_task.cpp:77] gpu_pipeline_task: operator 'HASH_GROUP_BY' (id=3) output batch 0 column count mismatch: got 13, expected 10
[2026-09-08 04:23:02.381] [warning] [gpu_pipeline_task.cpp:77] gpu_pipeline_task: operator 'HASH_GROUP_BY' (id=3) output batch 0 column count mismatch: got 13, expected 10
[2026-09-08 04:23:02.401] [warning] [gpu_pipeline_task.cpp:77] gpu_pipeline_task: operator 'HASH_GROUP_BY' (id=3) output batch 0 column count mismatch: got 13, expected 10
[2026-09-08 04:23:02.401] [warning] [gpu_pipeline_task.cpp:77] gpu_pipeline_task: operator 'HASH_GROUP_BY' (id=3) output batch 0 column count mismatch: got 13, expected 10
[2026-09-08 04:23:02.408] [warning] [gpu_pipeline_task.cpp:77] gpu_pipeline_task: operator 'HASH_GROUP_BY' (id=3) output batch 0 column count mismatch: got 13, expected 10
[2026-09-08 04:23:02.416] [warning] [gpu_pipeline_task.cpp:77] gpu_pipeline_task: operator 'HASH_GROUP_BY' (id=3) output batch 0 column count mismatch: got 13, expected 10
[2026-09-08 04:23:02.424] [warning] [gpu_pipeline_task.cpp:77] gpu_pipeline_task: operator 'HASH_GROUP_BY' (id=3) output batch 0 column count mismatch: got 13, expected 10
[2026-09-08 04:23:02.427] [warning] [gpu_pipeline_task.cpp:77] gpu_pipeline_task: operator 'HASH_GROUP_BY' (id=3) output batch 0 column count mismatch: got 13, expected 10
[2026-09-08 04:23:02.430] [warning] [gpu_pipeline_task.cpp:77] gpu_pipeline_task: operator 'HASH_GROUP_BY' (id=3) output batch 0 column count mismatch: got 13, expected 10
[2026-09-08 04:23:02.434] [warning] [gpu_pipeline_task.cpp:77] gpu_pipeline_task: operator 'HASH_GROUP_BY' (id=3) output batch 0 column count mismatch: got 13, expected 10
[2026-09-08 04:23:02.439] [warning] [gpu_pipeline_task.cpp:77] gpu_pipeline_task: operator 'HASH_GROUP_BY' (id=3) output batch 0 column count mismatch: got 13, expected 10
[2026-09-08 04:23:02.444] [warning] [gpu_pipeline_task.cpp:77] gpu_pipeline_task: operator 'HASH_GROUP_BY' (id=3) output batch 0 column count mismatch: got 13, expected 10
[2026-09-08 04:23:02.447] [warning] [gpu_pipeline_task.cpp:77] gpu_pipeline_task: operator 'HASH_GROUP_BY' (id=3) output batch 0 column count mismatch: got 13, expected 10
[2026-09-08 04:23:02.449] [warning] [gpu_pipeline_task.cpp:77] gpu_pipeline_task: operator 'HASH_GROUP_BY' (id=3) output batch 0 column count mismatch: got 13, expected 10
[2026-09-08 04:23:02.451] [warning] [gpu_pipeline_task.cpp:77] gpu_pipeline_task: operator 'HASH_GROUP_BY' (id=3) output batch 0 column count mismatch: got 13, expected 10
[2026-09-08 04:23:02.451] [warning] [gpu_pipeline_task.cpp:77] gpu_pipeline_task: operator 'PARTITION' (id=4) output batch 0 column count mismatch: got 13, expected 10
[2026-09-08 04:23:02.451] [warning] [gpu_pipeline_task.cpp:77] gpu_pipeline_task: operator 'PARTITION' (id=4) output batch 0 column count mismatch: got 13, expected 10
[2026-09-08 04:23:02.451] [warning] [gpu_pipeline_task.cpp:77] gpu_pipeline_task: operator 'PARTITION' (id=4) output batch 0 column count mismatch: got 13, expected 10
[2026-09-08 04:23:02.452] [warning] [gpu_pipeline_task.cpp:77] gpu_pipeline_task: operator 'PARTITION' (id=4) output batch 0 column count mismatch: got 13, expected 10
[2026-09-08 04:23:02.452] [warning] [gpu_pipeline_task.cpp:77] gpu_pipeline_task: operator 'PARTITION' (id=4) output batch 0 column count mismatch: got 13, expected 10
[2026-09-08 04:23:02.452] [warning] [gpu_pipeline_task.cpp:77] gpu_pipeline_task: operator 'PARTITION' (id=4) output batch 0 column count mismatch: got 13, expected 10
[2026-09-08 04:23:02.452] [warning] [gpu_pipeline_task.cpp:77] gpu_pipeline_task: operator 'PARTITION' (id=4) output batch 0 column count mismatch: got 13, expected 10
[2026-09-08 04:23:02.452] [warning] [gpu_pipeline_task.cpp:77] gpu_pipeline_task: operator 'PARTITION' (id=4) output batch 0 column count mismatch: got 13, expected 10
[2026-09-08 04:23:02.452] [warning] [gpu_pipeline_task.cpp:77] gpu_pipeline_task: operator 'PARTITION' (id=4) output batch 0 column count mismatch: got 13, expected 10
[2026-09-08 04:23:02.452] [warning] [gpu_pipeline_task.cpp:77] gpu_pipeline_task: operator 'PARTITION' (id=4) output batch 0 column count mismatch: got 13, expected 10
[2026-09-08 04:23:02.452] [warning] [gpu_pipeline_task.cpp:77] gpu_pipeline_task: operator 'PARTITION' (id=4) output batch 0 column count mismatch: got 13, expected 10
[2026-09-08 04:23:02.452] [warning] [gpu_pipeline_task.cpp:77] gpu_pipeline_task: operator 'PARTITION' (id=4) output batch 0 column count mismatch: got 13, expected 10
[2026-09-08 04:23:02.452] [warning] [gpu_pipeline_task.cpp:77] gpu_pipeline_task: operator 'PARTITION' (id=4) output batch 0 column count mismatch: got 13, expected 10
[2026-09-08 04:23:02.452] [warning] [gpu_pipeline_task.cpp:77] gpu_pipeline_task: operator 'PARTITION' (id=4) output batch 0 column count mismatch: got 13, expected 10
[2026-09-08 04:23:02.452] [warning] [gpu_pipeline_task.cpp:77] gpu_pipeline_task: operator 'PARTITION' (id=4) output batch 0 column count mismatch: got 13, expected 10
[2026-09-08 04:23:02.452] [warning] [gpu_pipeline_task.cpp:77] gpu_pipeline_task: operator 'PARTITION' (id=4) output batch 0 column count mismatch: got 13, expected 10
[2026-09-08 04:23:02.452] [warning] [gpu_pipeline_task.cpp:77] gpu_pipeline_task: operator 'PARTITION' (id=4) output batch 0 column count mismatch: got 13, expected 10
[2026-09-08 04:23:02.452] [warning] [gpu_pipeline_task.cpp:77] gpu_pipeline_task: operator 'PARTITION' (id=4) output batch 0 column count mismatch: got 13, expected 10
[2026-09-08 04:23:02.452] [warning] [gpu_pipeline_task.cpp:77] gpu_pipeline_task: operator 'PARTITION' (id=4) output batch 0 column count mismatch: got 13, expected 10
[2026-09-08 04:23:02.452] [warning] [gpu_pipeline_task.cpp:77] gpu_pipeline_task: operator 'PARTITION' (id=4) output batch 0 column count mismatch: got 13, expected 10
[2026-09-08 04:23:02.452] [warning] [gpu_pipeline_task.cpp:77] gpu_pipeline_task: operator 'PARTITION' (id=4) output batch 0 column count mismatch: got 13, expected 10
[2026-09-08 04:23:02.452] [warning] [gpu_pipeline_task.cpp:77] gpu_pipeline_task: operator 'PARTITION' (id=4) output batch 0 column count mismatch: got 13, expected 10
[2026-09-08 04:23:02.452] [warning] [gpu_pipeline_task.cpp:77] gpu_pipeline_task: operator 'PARTITION' (id=4) output batch 0 column count mismatch: got 13, expected 10
[2026-09-08 04:23:02.452] [warning] [gpu_pipeline_task.cpp:77] gpu_pipeline_task: operator 'PARTITION' (id=4) output batch 0 column count mismatch: got 13, expected 10
[2026-09-08 04:23:02.452] [warning] [gpu_pipeline_task.cpp:77] gpu_pipeline_task: operator 'PARTITION' (id=4) output batch 0 column count mismatch: got 13, expected 10
[2026-09-08 04:23:02.452] [warning] [gpu_pipeline_task.cpp:77] gpu_pipeline_task: operator 'PARTITION' (id=4) output batch 0 column count mismatch: got 13, expected 10
[2026-09-08 04:23:02.452] [warning] [gpu_pipeline_task.cpp:77] gpu_pipeline_task: operator 'PARTITION' (id=4) output batch 0 column count mismatch: got 13, expected 10
[2026-09-08 04:23:02.452] [warning] [gpu_pipeline_task.cpp:77] gpu_pipeline_task: operator 'PARTITION' (id=4) output batch 0 column count mismatch: got 13, expected 10
[2026-09-08 04:23:02.452] [warning] [gpu_pipeline_task.cpp:77] gpu_pipeline_task: operator 'PARTITION' (id=4) output batch 0 column count mismatch: got 13, expected 10
[2026-09-08 04:23:02.452] [warning] [gpu_pipeline_task.cpp:77] gpu_pipeline_task: operator 'PARTITION' (id=4) output batch 0 column count mismatch: got 13, expected 10
[2026-09-08 04:23:02.452] [warning] [gpu_pipeline_task.cpp:77] gpu_pipeline_task: operator 'PARTITION' (id=4) output batch 0 column count mismatch: got 13, expected 10
[2026-09-08 04:23:02.452] [warning] [gpu_pipeline_task.cpp:77] gpu_pipeline_task: operator 'PARTITION' (id=4) output batch 0 column count mismatch: got 13, expected 10
[2026-09-08 04:23:02.452] [warning] [gpu_pipeline_task.cpp:77] gpu_pipeline_task: operator 'PARTITION' (id=4) output batch 0 column count mismatch: got 13, expected 10
[2026-09-08 04:23:02.452] [warning] [gpu_pipeline_task.cpp:77] gpu_pipeline_task: operator 'PARTITION' (id=4) output batch 0 column count mismatch: got 13, expected 10
[2026-09-08 04:23:02.452] [warning] [gpu_pipeline_task.cpp:77] gpu_pipeline_task: operator 'PARTITION' (id=4) output batch 0 column count mismatch: got 13, expected 10
[2026-09-08 04:23:02.452] [warning] [gpu_pipeline_task.cpp:77] gpu_pipeline_task: operator 'PARTITION' (id=4) output batch 0 column count mismatch: got 13, expected 10
[2026-09-08 04:23:02.452] [warning] [gpu_pipeline_task.cpp:77] gpu_pipeline_task: operator 'PARTITION' (id=4) output batch 0 column count mismatch: got 13, expected 10
[2026-09-08 04:23:02.452] [warning] [gpu_pipeline_task.cpp:77] gpu_pipeline_task: operator 'PARTITION' (id=4) output batch 0 column count mismatch: got 13, expected 10
[2026-09-08 04:23:02.452] [warning] [gpu_pipeline_task.cpp:77] gpu_pipeline_task: operator 'PARTITION' (id=4) output batch 0 column count mismatch: got 13, expected 10
[2026-09-08 04:23:02.452] [warning] [gpu_pipeline_task.cpp:77] gpu_pipeline_task: operator 'PARTITION' (id=4) output batch 0 column count mismatch: got 13, expected 10
[2026-09-08 04:23:02.452] [warning] [gpu_pipeline_task.cpp:77] gpu_pipeline_task: operator 'PARTITION' (id=4) output batch 0 column count mismatch: got 13, expected 10
[2026-09-08 04:23:02.452] [warning] [gpu_pipeline_task.cpp:77] gpu_pipeline_task: operator 'PARTITION' (id=4) output batch 0 column count mismatch: got 13, expected 10
[2026-09-08 04:23:02.452] [warning] [gpu_pipeline_task.cpp:77] gpu_pipeline_task: operator 'PARTITION' (id=4) output batch 0 column count mismatch: got 13, expected 10
[2026-09-08 04:23:02.452] [warning] [gpu_pipeline_task.cpp:77] gpu_pipeline_task: operator 'PARTITION' (id=4) output batch 0 column count mismatch: got 13, expected 10
[2026-09-08 04:23:02.453] [warning] [gpu_pipeline_task.cpp:77] gpu_pipeline_task: operator 'PARTITION' (id=4) output batch 0 column count mismatch: got 13, expected 10
[2026-09-08 04:23:02.453] [warning] [gpu_pipeline_task.cpp:77] gpu_pipeline_task: operator 'PARTITION' (id=4) output batch 0 column count mismatch: got 13, expected 10
[2026-09-08 04:23:02.453] [warning] [gpu_pipeline_task.cpp:77] gpu_pipeline_task: operator 'PARTITION' (id=4) output batch 0 column count mismatch: got 13, expected 10
[2026-09-08 04:23:02.453] [warning] [gpu_pipeline_task.cpp:77] gpu_pipeline_task: operator 'PARTITION' (id=4) output batch 0 column count mismatch: got 13, expected 10
[2026-09-08 04:23:02.453] [warning] [gpu_pipeline_task.cpp:77] gpu_pipeline_task: operator 'PARTITION' (id=4) output batch 0 column count mismatch: got 13, expected 10
[2026-09-08 04:23:02.453] [warning] [gpu_pipeline_task.cpp:77] gpu_pipeline_task: operator 'PARTITION' (id=4) output batch 0 column count mismatch: got 13, expected 10
[2026-09-08 04:23:02.453] [warning] [gpu_pipeline_task.cpp:77] gpu_pipeline_task: operator 'PARTITION' (id=4) output batch 0 column count mismatch: got 13, expected 10
[2026-09-08 04:23:02.453] [warning] [gpu_pipeline_task.cpp:77] gpu_pipeline_task: operator 'PARTITION' (id=4) output batch 0 column count mismatch: got 13, expected 10
[2026-09-08 04:23:02.453] [warning] [gpu_pipeline_task.cpp:77] gpu_pipeline_task: operator 'PARTITION' (id=4) output batch 0 column count mismatch: got 13, expected 10
[2026-09-08 04:23:02.453] [warning] [gpu_pipeline_task.cpp:77] gpu_pipeline_task: operator 'PARTITION' (id=4) output batch 0 column count mismatch: got 13, expected 10
[2026-09-08 04:23:02.453] [warning] [gpu_pipeline_task.cpp:77] gpu_pipeline_task: operator 'PARTITION' (id=4) output batch 0 column count mismatch: got 13, expected 10
[2026-09-08 04:23:02.453] [warning] [gpu_pipeline_task.cpp:77] gpu_pipeline_task: operator 'PARTITION' (id=4) output batch 0 column count mismatch: got 13, expected 10
[2026-09-08 04:23:02.453] [warning] [gpu_pipeline_task.cpp:77] gpu_pipeline_task: operator 'PARTITION' (id=4) output batch 0 column count mismatch: got 13, expected 10
[2026-09-08 04:23:02.453] [warning] [gpu_pipeline_task.cpp:77] gpu_pipeline_task: operator 'PARTITION' (id=4) output batch 0 column count mismatch: got 13, expected 10
[2026-09-08 04:23:02.453] [warning] [gpu_pipeline_task.cpp:77] gpu_pipeline_task: operator 'PARTITION' (id=4) output batch 0 column count mismatch: got 13, expected 10
[2026-09-08 04:23:02.453] [warning] [gpu_pipeline_task.cpp:77] gpu_pipeline_task: operator 'PARTITION' (id=4) output batch 0 column count mismatch: got 13, expected 10
[2026-09-08 04:23:02.453] [warning] [gpu_pipeline_task.cpp:77] gpu_pipeline_task: operator 'PARTITION' (id=4) output batch 0 column count mismatch: got 13, expected 10
[2026-09-08 04:23:02.453] [warning] [gpu_pipeline_task.cpp:77] gpu_pipeline_task: operator 'PARTITION' (id=4) output batch 0 column count mismatch: got 13, expected 10
[2026-09-08 04:23:02.453] [warning] [gpu_pipeline_task.cpp:77] gpu_pipeline_task: operator 'PARTITION' (id=4) output batch 0 column count mismatch: got 13, expected 10
[2026-09-08 04:23:02.453] [warning] [gpu_pipeline_task.cpp:77] gpu_pipeline_task: operator 'PARTITION' (id=4) output batch 0 column count mismatch: got 13, expected 10
[2026-09-08 04:23:02.453] [warning] [gpu_pipeline_task.cpp:77] gpu_pipeline_task: operator 'PARTITION' (id=4) output batch 0 column count mismatch: got 13, expected 10
[2026-09-08 04:23:02.453] [warning] [gpu_pipeline_task.cpp:77] gpu_pipeline_task: operator 'PARTITION' (id=4) output batch 0 column count mismatch: got 13, expected 10
[2026-09-08 04:23:02.453] [warning] [gpu_pipeline_task.cpp:77] gpu_pipeline_task: operator 'PARTITION' (id=4) output batch 0 column count mismatch: got 13, expected 10
[2026-09-08 04:23:02.453] [warning] [gpu_pipeline_task.cpp:77] gpu_pipeline_task: operator 'PARTITION' (id=4) output batch 0 column count mismatch: got 13, expected 10
[2026-09-08 04:23:02.453] [warning] [gpu_pipeline_task.cpp:77] gpu_pipeline_task: operator 'PARTITION' (id=4) output batch 0 column count mismatch: got 13, expected 10
[2026-09-08 04:23:02.453] [warning] [gpu_pipeline_task.cpp:77] gpu_pipeline_task: operator 'PARTITION' (id=4) output batch 0 column count mismatch: got 13, expected 10
[2026-09-08 04:23:02.453] [warning] [gpu_pipeline_task.cpp:77] gpu_pipeline_task: operator 'PARTITION' (id=4) output batch 0 column count mismatch: got 13, expected 10
[2026-09-08 04:23:02.453] [warning] [gpu_pipeline_task.cpp:77] gpu_pipeline_task: operator 'PARTITION' (id=4) output batch 0 column count mismatch: got 13, expected 10
[2026-09-08 04:23:02.453] [warning] [gpu_pipeline_task.cpp:77] gpu_pipeline_task: operator 'PARTITION' (id=4) output batch 0 column count mismatch: got 13, expected 10
[2026-09-08 04:23:02.453] [warning] [gpu_pipeline_task.cpp:77] gpu_pipeline_task: operator 'PARTITION' (id=4) output batch 0 column count mismatch: got 13, expected 10
[2026-09-08 04:23:02.453] [warning] [gpu_pipeline_task.cpp:77] gpu_pipeline_task: operator 'PARTITION' (id=4) output batch 0 column count mismatch: got 13, expected 10
[2026-09-08 04:23:02.453] [warning] [gpu_pipeline_task.cpp:77] gpu_pipeline_task: operator 'PARTITION' (id=4) output batch 0 column count mismatch: got 13, expected 10
[2026-09-08 04:23:02.453] [warning] [gpu_pipeline_task.cpp:77] gpu_pipeline_task: operator 'PARTITION' (id=4) output batch 0 column count mismatch: got 13, expected 10
[2026-09-08 04:23:02.453] [warning] [gpu_pipeline_task.cpp:77] gpu_pipeline_task: operator 'PARTITION' (id=4) output batch 0 column count mismatch: got 13, expected 10
[2026-09-08 04:23:02.453] [warning] [gpu_pipeline_task.cpp:77] gpu_pipeline_task: operator 'PARTITION' (id=4) output batch 0 column count mismatch: got 13, expected 10
[2026-09-08 04:23:02.453] [warning] [gpu_pipeline_task.cpp:77] gpu_pipeline_task: operator 'PARTITION' (id=4) output batch 0 column count mismatch: got 13, expected 10
[2026-09-08 04:23:02.453] [warning] [gpu_pipeline_task.cpp:77] gpu_pipeline_task: operator 'PARTITION' (id=4) output batch 0 column count mismatch: got 13, expected 10
[2026-09-08 04:23:02.453] [warning] [gpu_pipeline_task.cpp:77] gpu_pipeline_task: operator 'PARTITION' (id=4) output batch 0 column count mismatch: got 13, expected 10
[2026-09-08 04:23:02.453] [warning] [gpu_pipeline_task.cpp:77] gpu_pipeline_task: operator 'PARTITION' (id=4) output batch 0 column count mismatch: got 13, expected 10
[2026-09-08 04:23:02.453] [warning] [gpu_pipeline_task.cpp:77] gpu_pipeline_task: operator 'PARTITION' (id=4) output batch 0 column count mismatch: got 13, expected 10
[2026-09-08 04:23:02.453] [warning] [gpu_pipeline_task.cpp:77] gpu_pipeline_task: operator 'PARTITION' (id=4) output batch 0 column count mismatch: got 13, expected 10
[2026-09-08 04:23:02.453] [warning] [gpu_pipeline_task.cpp:77] gpu_pipeline_task: operator 'PARTITION' (id=4) output batch 0 column count mismatch: got 13, expected 10
[2026-09-08 04:23:02.453] [warning] [gpu_pipeline_task.cpp:77] gpu_pipeline_task: operator 'PARTITION' (id=4) output batch 0 column count mismatch: got 13, expected 10
[2026-09-08 04:23:02.453] [warning] [gpu_pipeline_task.cpp:77] gpu_pipeline_task: operator 'PARTITION' (id=4) output batch 0 column count mismatch: got 13, expected 10
[2026-09-08 04:23:02.453] [warning] [gpu_pipeline_task.cpp:77] gpu_pipeline_task: operator 'PARTITION' (id=4) output batch 0 column count mismatch: got 13, expected 10
[2026-09-08 04:23:02.453] [warning] [gpu_pipeline_task.cpp:77] gpu_pipeline_task: operator 'PARTITION' (id=4) output batch 0 column count mismatch: got 13, expected 10
[2026-09-08 04:23:02.453] [warning] [gpu_pipeline_task.cpp:77] gpu_pipeline_task: operator 'PARTITION' (id=4) output batch 0 column count mismatch: got 13, expected 10
[2026-09-08 04:23:02.453] [warning] [gpu_pipeline_task.cpp:77] gpu_pipeline_task: operator 'PARTITION' (id=4) output batch 0 column count mismatch: got 13, expected 10
[2026-09-08 04:23:02.453] [warning] [gpu_pipeline_task.cpp:77] gpu_pipeline_task: operator 'PARTITION' (id=4) output batch 0 column count mismatch: got 13, expected 10
[2026-09-08 04:23:02.453] [warning] [gpu_pipeline_task.cpp:77] gpu_pipeline_task: operator 'PARTITION' (id=4) output batch 0 column count mismatch: got 13, expected 10
[2026-09-08 04:23:02.453] [warning] [gpu_pipeline_task.cpp:77] gpu_pipeline_task: operator 'PARTITION' (id=4) output batch 0 column count mismatch: got 13, expected 10
[2026-09-08 04:23:02.453] [warning] [gpu_pipeline_task.cpp:77] gpu_pipeline_task: operator 'PARTITION' (id=4) output batch 0 column count mismatch: got 13, expected 10
[2026-09-08 04:23:02.453] [warning] [gpu_pipeline_task.cpp:77] gpu_pipeline_task: operator 'PARTITION' (id=4) output batch 0 column count mismatch: got 13, expected 10
[2026-09-08 04:23:02.453] [warning] [gpu_pipeline_task.cpp:77] gpu_pipeline_task: operator 'PARTITION' (id=4) output batch 0 column count mismatch: got 13, expected 10
[2026-09-08 04:23:02.453] [warning] [gpu_pipeline_task.cpp:77] gpu_pipeline_task: operator 'PARTITION' (id=4) output batch 0 column count mismatch: got 13, expected 10
[2026-09-08 04:23:02.453] [warning] [gpu_pipeline_task.cpp:77] gpu_pipeline_task: operator 'PARTITION' (id=4) output batch 0 column count mismatch: got 13, expected 10
[2026-09-08 04:23:02.453] [warning] [gpu_pipeline_task.cpp:77] gpu_pipeline_task: operator 'PARTITION' (id=4) output batch 0 column count mismatch: got 13, expected 10
[2026-09-08 04:23:02.453] [warning] [gpu_pipeline_task.cpp:77] gpu_pipeline_task: operator 'PARTITION' (id=4) output batch 0 column count mismatch: got 13, expected 10
[2026-09-08 04:23:02.453] [warning] [gpu_pipeline_task.cpp:77] gpu_pipeline_task: operator 'PARTITION' (id=4) output batch 0 column count mismatch: got 13, expected 10
[2026-09-08 04:23:02.453] [warning] [gpu_pipeline_task.cpp:77] gpu_pipeline_task: operator 'PARTITION' (id=4) output batch 0 column count mismatch: got 13, expected 10
[2026-09-08 04:23:02.453] [warning] [gpu_pipeline_task.cpp:77] gpu_pipeline_task: operator 'PARTITION' (id=4) output batch 0 column count mismatch: got 13, expected 10
[2026-09-08 04:23:02.453] [warning] [gpu_pipeline_task.cpp:77] gpu_pipeline_task: operator 'PARTITION' (id=4) output batch 0 column count mismatch: got 13, expected 10
[2026-09-08 04:23:02.453] [warning] [gpu_pipeline_task.cpp:77] gpu_pipeline_task: operator 'PARTITION' (id=4) output batch 0 column count mismatch: got 13, expected 10
[2026-09-08 04:23:02.453] [warning] [gpu_pipeline_task.cpp:77] gpu_pipeline_task: operator 'PARTITION' (id=4) output batch 0 column count mismatch: got 13, expected 10
[2026-09-08 04:23:02.453] [warning] [gpu_pipeline_task.cpp:77] gpu_pipeline_task: operator 'PARTITION' (id=4) output batch 0 column count mismatch: got 13, expected 10
[2026-09-08 04:23:02.453] [warning] [gpu_pipeline_task.cpp:77] gpu_pipeline_task: operator 'PARTITION' (id=4) output batch 0 column count mismatch: got 13, expected 10
[2026-09-08 04:23:02.453] [warning] [gpu_pipeline_task.cpp:77] gpu_pipeline_task: operator 'PARTITION' (id=4) output batch 0 column count mismatch: got 13, expected 10
[2026-09-08 04:23:02.453] [warning] [gpu_pipeline_task.cpp:77] gpu_pipeline_task: operator 'PARTITION' (id=4) output batch 0 column count mismatch: got 13, expected 10
[2026-09-08 04:23:02.453] [warning] [gpu_pipeline_task.cpp:77] gpu_pipeline_task: operator 'PARTITION' (id=4) output batch 0 column count mismatch: got 13, expected 10
[2026-09-08 04:23:02.453] [warning] [gpu_pipeline_task.cpp:77] gpu_pipeline_task: operator 'PARTITION' (id=4) output batch 0 column count mismatch: got 13, expected 10
[2026-09-08 04:23:02.453] [warning] [gpu_pipeline_task.cpp:77] gpu_pipeline_task: operator 'PARTITION' (id=4) output batch 0 column count mismatch: got 13, expected 10
[2026-09-08 04:23:02.453] [warning] [gpu_pipeline_task.cpp:77] gpu_pipeline_task: operator 'PARTITION' (id=4) output batch 0 column count mismatch: got 13, expected 10
[2026-09-08 04:23:02.453] [warning] [gpu_pipeline_task.cpp:77] gpu_pipeline_task: operator 'PARTITION' (id=4) output batch 0 column count mismatch: got 13, expected 10
[2026-09-08 04:23:02.453] [warning] [gpu_pipeline_task.cpp:77] gpu_pipeline_task: operator 'PARTITION' (id=4) output batch 0 column count mismatch: got 13, expected 10
[2026-09-08 04:23:02.453] [warning] [gpu_pipeline_task.cpp:77] gpu_pipeline_task: operator 'PARTITION' (id=4) output batch 0 column count mismatch: got 13, expected 10
[2026-09-08 04:23:02.453] [warning] [gpu_pipeline_task.cpp:77] gpu_pipeline_task: operator 'PARTITION' (id=4) output batch 0 column count mismatch: got 13, expected 10
[2026-09-08 04:23:02.453] [warning] [gpu_pipeline_task.cpp:77] gpu_pipeline_task: operator 'PARTITION' (id=4) output batch 0 column count mismatch: got 13, expected 10
[2026-09-08 04:23:02.453] [warning] [gpu_pipeline_task.cpp:77] gpu_pipeline_task: operator 'PARTITION' (id=4) output batch 0 column count mismatch: got 13, expected 10
[2026-09-08 04:23:02.453] [warning] [gpu_pipeline_task.cpp:77] gpu_pipeline_task: operator 'PARTITION' (id=4) output batch 0 column count mismatch: got 13, expected 10
[2026-09-08 04:23:02.453] [warning] [gpu_pipeline_task.cpp:77] gpu_pipeline_task: operator 'PARTITION' (id=4) output batch 0 column count mismatch: got 13, expected 10
[2026-09-08 04:23:02.453] [warning] [gpu_pipeline_task.cpp:77] gpu_pipeline_task: operator 'PARTITION' (id=4) output batch 0 column count mismatch: got 13, expected 10
[2026-09-08 04:23:02.453] [warning] [gpu_pipeline_task.cpp:77] gpu_pipeline_task: operator 'PARTITION' (id=4) output batch 0 column count mismatch: got 13, expected 10
[2026-09-08 04:23:02.453] [warning] [gpu_pipeline_task.cpp:77] gpu_pipeline_task: operator 'PARTITION' (id=4) output batch 0 column count mismatch: got 13, expected 10
[2026-09-08 04:23:02.453] [warning] [gpu_pipeline_task.cpp:77] gpu_pipeline_task: operator 'PARTITION' (id=4) output batch 0 column count mismatch: got 13, expected 10
[2026-09-08 04:23:02.453] [warning] [gpu_pipeline_task.cpp:77] gpu_pipeline_task: operator 'PARTITION' (id=4) output batch 0 column count mismatch: got 13, expected 10
[2026-09-08 04:23:02.453] [warning] [gpu_pipeline_task.cpp:77] gpu_pipeline_task: operator 'PARTITION' (id=4) output batch 0 column count mismatch: got 13, expected 10
[2026-09-08 04:23:02.453] [warning] [gpu_pipeline_task.cpp:77] gpu_pipeline_task: operator 'PARTITION' (id=4) output batch 0 column count mismatch: got 13, expected 10
[2026-09-08 04:23:02.453] [warning] [gpu_pipeline_task.cpp:77] gpu_pipeline_task: operator 'PARTITION' (id=4) output batch 0 column count mismatch: got 13, expected 10
[2026-09-08 04:23:02.453] [warning] [gpu_pipeline_task.cpp:77] gpu_pipeline_task: operator 'PARTITION' (id=4) output batch 0 column count mismatch: got 13, expected 10
[2026-09-08 04:23:02.453] [warning] [gpu_pipeline_task.cpp:77] gpu_pipeline_task: operator 'PARTITION' (id=4) output batch 0 column count mismatch: got 13, expected 10
[2026-09-08 04:23:02.453] [warning] [gpu_pipeline_task.cpp:77] gpu_pipeline_task: operator 'PARTITION' (id=4) output batch 0 column count mismatch: got 13, expected 10
[2026-09-08 04:23:02.453] [warning] [gpu_pipeline_task.cpp:77] gpu_pipeline_task: operator 'PARTITION' (id=4) output batch 0 column count mismatch: got 13, expected 10
[2026-09-08 04:23:02.453] [warning] [gpu_pipeline_task.cpp:77] gpu_pipeline_task: operator 'PARTITION' (id=4) output batch 0 column count mismatch: got 13, expected 10
[2026-09-08 04:23:02.453] [warning] [gpu_pipeline_task.cpp:77] gpu_pipeline_task: operator 'PARTITION' (id=4) output batch 0 column count mismatch: got 13, expected 10
[2026-09-08 04:23:02.454] [warning] [gpu_pipeline_task.cpp:77] gpu_pipeline_task: operator 'PARTITION' (id=4) output batch 0 column count mismatch: got 13, expected 10
[2026-09-08 04:23:02.454] [warning] [gpu_pipeline_task.cpp:77] gpu_pipeline_task: operator 'PARTITION' (id=4) output batch 0 column count mismatch: got 13, expected 10
[2026-09-08 04:23:02.454] [warning] [gpu_pipeline_task.cpp:77] gpu_pipeline_task: operator 'PARTITION' (id=4) output batch 0 column count mismatch: got 13, expected 10
[2026-09-08 04:23:02.454] [warning] [gpu_pipeline_task.cpp:77] gpu_pipeline_task: operator 'PARTITION' (id=4) output batch 0 column count mismatch: got 13, expected 10
[2026-09-08 04:23:02.454] [warning] [gpu_pipeline_task.cpp:77] gpu_pipeline_task: operator 'PARTITION' (id=4) output batch 0 column count mismatch: got 13, expected 10
[2026-09-08 04:23:02.454] [warning] [gpu_pipeline_task.cpp:77] gpu_pipeline_task: operator 'PARTITION' (id=4) output batch 0 column count mismatch: got 13, expected 10
[2026-09-08 04:23:02.460] [info] [gpu_pipeline_executor.cpp:129] GPU Pipeline Executor: task queue interrupted, stopping manager loop
[2026-09-08 04:23:02.460] [info] [sirius_context.cpp:405] QueryEnd
[2026-09-08 04:23:02.460] [info] [memory_prefetcher.cpp:72] [memory_prefetcher] stopping: prefetched 0 batches / 0 bytes (stops: headroom=0 reservation=0, skips: lock=0 draining=3, errors=0)
[2026-09-08 04:23:02.460] [info] [sirius_context.cpp:256] [host_pool] HOST:0 QueryEnd instance=0xe9c21d960390 connection=1 window=3 query=10 allocated=17448304640 bytes peak=17515413504 bytes free_blocks=2876
[2026-09-08 04:23:02.460] [info] [sirius_context.cpp:271] [gpu_pool] GPU:0 QueryEnd instance=0xe9c21d960390 connection=1 window=3 query=10 allocated=34491850496 bytes peak=59483090206 bytes reserved=0 bytes
[2026-09-08 04:23:02.460] [info] [sirius_context.cpp:521] [window] end instance=0xe9c21d960390 connection=1 window=3 query=10 outcome=ok
[2026-09-08 04:23:02.460] [info] [physical_sirius_execution.cpp:327] Transparent GPU execution: query completed
[2026-09-08 04:23:02.477] [info] [sirius_context.cpp:329] QueryBegin: instance=0xe9c21d960390 connection=1 query=11 SQL: CALL sirius_set_query_label('q1_iter2')
[2026-09-08 04:23:02.478] [info] [sirius_context.cpp:329] QueryBegin: instance=0xe9c21d960390 connection=1 query=12 SQL: SET gpu_execution = true;
[2026-09-08 04:23:02.478] [info] [sirius_context.cpp:329] QueryBegin: instance=0xe9c21d960390 connection=1 query=13 SQL: select l_returnflag, l_linestatus, sum(l_quantity) as sum_qty, sum(l_extendedprice) as sum_base_price, sum(l_extendedprice * (1 - l_discount)) as sum_disc_price, sum(l_extendedprice * (1 - l_discount) * (1 + l_tax)) as sum_charge, avg(l_quantity) as avg_qty, avg(l_extendedprice) as avg_price, avg(l_discount) as avg_disc, count(*) as count_order from lineitem where l_shipdate <= date '1995-08-19' group by l_returnflag, l_linestatus order by l_returnflag, l_linestatus
[2026-09-08 04:23:02.486] [info] [sirius_context.cpp:1467] Transparent execution: Sirius physical plan generated successfully
[2026-09-08 04:23:02.486] [info] [sirius_context.cpp:1495] Transparent execution: physical plan replaced with GPU operator
[2026-09-08 04:23:02.486] [info] [physical_sirius_execution.cpp:157] Transparent GPU execution: executing query
[2026-09-08 04:23:02.486] [info] [sirius_context.cpp:521] [window] begin instance=0xe9c21d960390 connection=1 window=4 query=13 outcome=-
[2026-09-08 04:23:02.486] [info] [sirius_context.cpp:256] [host_pool] HOST:0 QueryBegin instance=0xe9c21d960390 connection=1 window=4 query=13 allocated=17448304640 bytes peak=17515413504 bytes free_blocks=2876
[2026-09-08 04:23:02.486] [info] [sirius_context.cpp:271] [gpu_pool] GPU:0 QueryBegin instance=0xe9c21d960390 connection=1 window=4 query=13 allocated=34491850496 bytes peak=59483090206 bytes reserved=0 bytes
[2026-09-08 04:23:02.486] [info] [sirius_context.cpp:389] QueryBegin: transparent_execution
[2026-09-08 04:23:02.489] [info] [sirius_engine.cpp:265] [gpu_alloc] query allocated 1 GPU(s): [0]
[2026-09-08 04:23:02.489] [info] [sirius_engine.cpp:318] Query Plan:
=== Pipeline Overview ===
Pipeline #0: GPU_SCAN (id=0) -> PROJECTION (id=1) -> PROJECTION (id=2) -> HASH_GROUP_BY (id=3)
  Output: -> PARTITION [port: default, barrier: FULL]
Pipeline #1: PARTITION (id=4)
  Input: <- Pipeline #0 [on: PARTITION (id=4), port: default, barrier: FULL]
  Dependencies: Pipeline #0
  Output: -> MERGE_GROUP_BY [port: default, barrier: FULL]
Pipeline #2: MERGE_GROUP_BY (id=5) -> ORDER_BY (id=6)
  Input: <- Pipeline #1 [on: MERGE_GROUP_BY (id=5), port: default, barrier: FULL]
  Dependencies: Pipeline #1
  Output: -> SORT_SAMPLE [port: default, barrier: PIPELINE]
Pipeline #3: SORT_SAMPLE (id=7) -> SORT_PARTITION (id=8)
  Input: <- Pipeline #2 [on: SORT_SAMPLE (id=7), port: default, barrier: PIPELINE]
  Dependencies: Pipeline #2
  Output: -> MERGE_SORT [port: default, barrier: FULL]
Pipeline #4: MERGE_SORT (id=9)
  Input: <- Pipeline #3 [on: MERGE_SORT (id=9), port: default, barrier: FULL]
  Dependencies: Pipeline #3
  Output: -> RESULT_COLLECTOR [port: default, barrier: FULL]
Pipeline #5: RESULT_COLLECTOR (id=10)
  Input: <- Pipeline #4 [on: RESULT_COLLECTOR (id=10), port: default, barrier: FULL]
  Dependencies: Pipeline #4

=== Query Plan DAG ===
┌──────────────────────────┐
│ Pipeline #5              │
│ RESULT_COLLECTOR (id=10) │
│ Input(#4): FULL          │
└────────────┬─────────────┘
             │              
┌──────────────────────────┐
│ Pipeline #4              │
│ MERGE_SORT (id=9)        │
│ Input(#3): FULL          │
└────────────┬─────────────┘
             │              
┌──────────────────────────┐
│ Pipeline #3              │
│ SORT_PARTITION (id=8)    │
│ SORT_SAMPLE (id=7)       │
│ Input(#2): PIPELINE      │
└────────────┬─────────────┘
             │              
┌──────────────────────────┐
│ Pipeline #2              │
│ ORDER_BY (id=6)          │
│ MERGE_GROUP_BY (id=5)    │
│ Input(#1): FULL          │
└────────────┬─────────────┘
             │              
┌──────────────────────────┐
│ Pipeline #1              │
│ PARTITION (id=4)         │
│ Input(#0): FULL          │
└────────────┬─────────────┘
             │              
┌──────────────────────────┐
│ Pipeline #0              │
│ HASH_GROUP_BY (id=3)     │
│ PROJECTION (id=2)        │
│ PROJECTION (id=1)        │
│ GPU_SCAN (id=0)          │
└──────────────────────────┘

[2026-09-08 04:23:02.489] [info] [sirius_engine.cpp:186] query 4 telemetry_query=01a080c1d7d974b2b5985bedd2323ffe
[2026-09-08 04:23:02.489] [info] [sirius_scan_manager.cpp:2999] [sirius_scan_manager] assigned pinned entry 'lineitem' to operator '0'
[2026-09-08 04:23:02.489] [info] [sirius_scan_manager.cpp:823] [late-mat] operator 0: not deferring — the scan restricts rows and its pin is compressed, so the surviving rows are decided inside the decode
[2026-09-08 04:23:02.489] [info] [memory_prefetcher.cpp:59] [memory_prefetcher] started: 3 threads, 1 connectors, min_free_fraction=0.40
[2026-09-08 04:23:02.492] [warning] [gpu_pipeline_task.cpp:77] gpu_pipeline_task: operator 'HASH_GROUP_BY' (id=3) output batch 0 column count mismatch: got 13, expected 10
[2026-09-08 04:23:02.492] [warning] [gpu_pipeline_task.cpp:77] gpu_pipeline_task: operator 'HASH_GROUP_BY' (id=3) output batch 0 column count mismatch: got 13, expected 10
[2026-09-08 04:23:02.537] [warning] [gpu_pipeline_task.cpp:77] gpu_pipeline_task: operator 'HASH_GROUP_BY' (id=3) output batch 0 column count mismatch: got 13, expected 10
[2026-09-08 04:23:02.537] [warning] [gpu_pipeline_task.cpp:77] gpu_pipeline_task: operator 'HASH_GROUP_BY' (id=3) output batch 0 column count mismatch: got 13, expected 10
[2026-09-08 04:23:02.538] [warning] [gpu_pipeline_task.cpp:77] gpu_pipeline_task: operator 'HASH_GROUP_BY' (id=3) output batch 0 column count mismatch: got 13, expected 10
[2026-09-08 04:23:02.538] [warning] [gpu_pipeline_task.cpp:77] gpu_pipeline_task: operator 'HASH_GROUP_BY' (id=3) output batch 0 column count mismatch: got 13, expected 10
[2026-09-08 04:23:02.540] [warning] [gpu_pipeline_task.cpp:77] gpu_pipeline_task: operator 'HASH_GROUP_BY' (id=3) output batch 0 column count mismatch: got 13, expected 10
[2026-09-08 04:23:02.540] [warning] [gpu_pipeline_task.cpp:77] gpu_pipeline_task: operator 'HASH_GROUP_BY' (id=3) output batch 0 column count mismatch: got 13, expected 10
[2026-09-08 04:23:02.544] [warning] [gpu_pipeline_task.cpp:77] gpu_pipeline_task: operator 'HASH_GROUP_BY' (id=3) output batch 0 column count mismatch: got 13, expected 10
[2026-09-08 04:23:02.544] [warning] [gpu_pipeline_task.cpp:77] gpu_pipeline_task: operator 'HASH_GROUP_BY' (id=3) output batch 0 column count mismatch: got 13, expected 10
[2026-09-08 04:23:02.546] [warning] [gpu_pipeline_task.cpp:77] gpu_pipeline_task: operator 'HASH_GROUP_BY' (id=3) output batch 0 column count mismatch: got 13, expected 10
[2026-09-08 04:23:02.546] [warning] [gpu_pipeline_task.cpp:77] gpu_pipeline_task: operator 'HASH_GROUP_BY' (id=3) output batch 0 column count mismatch: got 13, expected 10
[2026-09-08 04:23:02.548] [warning] [gpu_pipeline_task.cpp:77] gpu_pipeline_task: operator 'HASH_GROUP_BY' (id=3) output batch 0 column count mismatch: got 13, expected 10
[2026-09-08 04:23:02.550] [warning] [gpu_pipeline_task.cpp:77] gpu_pipeline_task: operator 'HASH_GROUP_BY' (id=3) output batch 0 column count mismatch: got 13, expected 10
[2026-09-08 04:23:02.552] [warning] [gpu_pipeline_task.cpp:77] gpu_pipeline_task: operator 'HASH_GROUP_BY' (id=3) output batch 0 column count mismatch: got 13, expected 10
[2026-09-08 04:23:02.552] [warning] [gpu_pipeline_task.cpp:77] gpu_pipeline_task: operator 'HASH_GROUP_BY' (id=3) output batch 0 column count mismatch: got 13, expected 10
[2026-09-08 04:23:02.553] [warning] [gpu_pipeline_task.cpp:77] gpu_pipeline_task: operator 'HASH_GROUP_BY' (id=3) output batch 0 column count mismatch: got 13, expected 10
[2026-09-08 04:23:02.553] [warning] [gpu_pipeline_task.cpp:77] gpu_pipeline_task: operator 'HASH_GROUP_BY' (id=3) output batch 0 column count mismatch: got 13, expected 10
[2026-09-08 04:23:02.554] [warning] [gpu_pipeline_task.cpp:77] gpu_pipeline_task: operator 'HASH_GROUP_BY' (id=3) output batch 0 column count mismatch: got 13, expected 10
[2026-09-08 04:23:02.554] [warning] [gpu_pipeline_task.cpp:77] gpu_pipeline_task: operator 'HASH_GROUP_BY' (id=3) output batch 0 column count mismatch: got 13, expected 10
[2026-09-08 04:23:02.555] [warning] [gpu_pipeline_task.cpp:77] gpu_pipeline_task: operator 'HASH_GROUP_BY' (id=3) output batch 0 column count mismatch: got 13, expected 10
[2026-09-08 04:23:02.555] [warning] [gpu_pipeline_task.cpp:77] gpu_pipeline_task: operator 'HASH_GROUP_BY' (id=3) output batch 0 column count mismatch: got 13, expected 10
[2026-09-08 04:23:02.555] [warning] [gpu_pipeline_task.cpp:77] gpu_pipeline_task: operator 'HASH_GROUP_BY' (id=3) output batch 0 column count mismatch: got 13, expected 10
[2026-09-08 04:23:02.558] [warning] [gpu_pipeline_task.cpp:77] gpu_pipeline_task: operator 'HASH_GROUP_BY' (id=3) output batch 0 column count mismatch: got 13, expected 10
[2026-09-08 04:23:02.559] [warning] [gpu_pipeline_task.cpp:77] gpu_pipeline_task: operator 'HASH_GROUP_BY' (id=3) output batch 0 column count mismatch: got 13, expected 10
[2026-09-08 04:23:02.560] [warning] [gpu_pipeline_task.cpp:77] gpu_pipeline_task: operator 'HASH_GROUP_BY' (id=3) output batch 0 column count mismatch: got 13, expected 10
[2026-09-08 04:23:02.562] [warning] [gpu_pipeline_task.cpp:77] gpu_pipeline_task: operator 'HASH_GROUP_BY' (id=3) output batch 0 column count mismatch: got 13, expected 10
[2026-09-08 04:23:02.565] [warning] [gpu_pipeline_task.cpp:77] gpu_pipeline_task: operator 'HASH_GROUP_BY' (id=3) output batch 0 column count mismatch: got 13, expected 10
[2026-09-08 04:23:02.566] [warning] [gpu_pipeline_task.cpp:77] gpu_pipeline_task: operator 'HASH_GROUP_BY' (id=3) output batch 0 column count mismatch: got 13, expected 10
[2026-09-08 04:23:02.570] [warning] [gpu_pipeline_task.cpp:77] gpu_pipeline_task: operator 'HASH_GROUP_BY' (id=3) output batch 0 column count mismatch: got 13, expected 10
[2026-09-08 04:23:02.572] [warning] [gpu_pipeline_task.cpp:77] gpu_pipeline_task: operator 'HASH_GROUP_BY' (id=3) output batch 0 column count mismatch: got 13, expected 10
[2026-09-08 04:23:02.573] [warning] [gpu_pipeline_task.cpp:77] gpu_pipeline_task: operator 'HASH_GROUP_BY' (id=3) output batch 0 column count mismatch: got 13, expected 10
[2026-09-08 04:23:02.590] [warning] [gpu_pipeline_task.cpp:77] gpu_pipeline_task: operator 'HASH_GROUP_BY' (id=3) output batch 0 column count mismatch: got 13, expected 10
[2026-09-08 04:23:02.598] [warning] [gpu_pipeline_task.cpp:77] gpu_pipeline_task: operator 'HASH_GROUP_BY' (id=3) output batch 0 column count mismatch: got 13, expected 10
[2026-09-08 04:23:02.598] [warning] [gpu_pipeline_task.cpp:77] gpu_pipeline_task: operator 'HASH_GROUP_BY' (id=3) output batch 0 column count mismatch: got 13, expected 10
[2026-09-08 04:23:02.598] [warning] [gpu_pipeline_task.cpp:77] gpu_pipeline_task: operator 'HASH_GROUP_BY' (id=3) output batch 0 column count mismatch: got 13, expected 10
[2026-09-08 04:23:02.600] [warning] [gpu_pipeline_task.cpp:77] gpu_pipeline_task: operator 'HASH_GROUP_BY' (id=3) output batch 0 column count mismatch: got 13, expected 10
[2026-09-08 04:23:02.615] [warning] [gpu_pipeline_task.cpp:77] gpu_pipeline_task: operator 'HASH_GROUP_BY' (id=3) output batch 0 column count mismatch: got 13, expected 10
[2026-09-08 04:23:02.617] [warning] [gpu_pipeline_task.cpp:77] gpu_pipeline_task: operator 'HASH_GROUP_BY' (id=3) output batch 0 column count mismatch: got 13, expected 10
[2026-09-08 04:23:02.617] [warning] [gpu_pipeline_task.cpp:77] gpu_pipeline_task: operator 'HASH_GROUP_BY' (id=3) output batch 0 column count mismatch: got 13, expected 10
[2026-09-08 04:23:02.624] [warning] [gpu_pipeline_task.cpp:77] gpu_pipeline_task: operator 'HASH_GROUP_BY' (id=3) output batch 0 column count mismatch: got 13, expected 10
[2026-09-08 04:23:02.625] [warning] [gpu_pipeline_task.cpp:77] gpu_pipeline_task: operator 'HASH_GROUP_BY' (id=3) output batch 0 column count mismatch: got 13, expected 10
[2026-09-08 04:23:02.627] [warning] [gpu_pipeline_task.cpp:77] gpu_pipeline_task: operator 'HASH_GROUP_BY' (id=3) output batch 0 column count mismatch: got 13, expected 10
[2026-09-08 04:23:02.629] [warning] [gpu_pipeline_task.cpp:77] gpu_pipeline_task: operator 'HASH_GROUP_BY' (id=3) output batch 0 column count mismatch: got 13, expected 10
[2026-09-08 04:23:02.631] [warning] [gpu_pipeline_task.cpp:77] gpu_pipeline_task: operator 'HASH_GROUP_BY' (id=3) output batch 0 column count mismatch: got 13, expected 10
[2026-09-08 04:23:02.631] [warning] [gpu_pipeline_task.cpp:77] gpu_pipeline_task: operator 'HASH_GROUP_BY' (id=3) output batch 0 column count mismatch: got 13, expected 10
[2026-09-08 04:23:02.635] [warning] [gpu_pipeline_task.cpp:77] gpu_pipeline_task: operator 'HASH_GROUP_BY' (id=3) output batch 0 column count mismatch: got 13, expected 10
[2026-09-08 04:23:02.637] [warning] [gpu_pipeline_task.cpp:77] gpu_pipeline_task: operator 'HASH_GROUP_BY' (id=3) output batch 0 column count mismatch: got 13, expected 10
[2026-09-08 04:23:02.637] [warning] [gpu_pipeline_task.cpp:77] gpu_pipeline_task: operator 'HASH_GROUP_BY' (id=3) output batch 0 column count mismatch: got 13, expected 10
[2026-09-08 04:23:02.637] [warning] [gpu_pipeline_task.cpp:77] gpu_pipeline_task: operator 'HASH_GROUP_BY' (id=3) output batch 0 column count mismatch: got 13, expected 10
[2026-09-08 04:23:02.652] [warning] [gpu_pipeline_task.cpp:77] gpu_pipeline_task: operator 'HASH_GROUP_BY' (id=3) output batch 0 column count mismatch: got 13, expected 10
[2026-09-08 04:23:02.653] [warning] [gpu_pipeline_task.cpp:77] gpu_pipeline_task: operator 'HASH_GROUP_BY' (id=3) output batch 0 column count mismatch: got 13, expected 10
[2026-09-08 04:23:02.653] [warning] [gpu_pipeline_task.cpp:77] gpu_pipeline_task: operator 'HASH_GROUP_BY' (id=3) output batch 0 column count mismatch: got 13, expected 10
[2026-09-08 04:23:02.653] [warning] [gpu_pipeline_task.cpp:77] gpu_pipeline_task: operator 'HASH_GROUP_BY' (id=3) output batch 0 column count mismatch: got 13, expected 10
[2026-09-08 04:23:02.654] [warning] [gpu_pipeline_task.cpp:77] gpu_pipeline_task: operator 'HASH_GROUP_BY' (id=3) output batch 0 column count mismatch: got 13, expected 10
[2026-09-08 04:23:02.654] [warning] [gpu_pipeline_task.cpp:77] gpu_pipeline_task: operator 'HASH_GROUP_BY' (id=3) output batch 0 column count mismatch: got 13, expected 10
[2026-09-08 04:23:02.657] [warning] [gpu_pipeline_task.cpp:77] gpu_pipeline_task: operator 'HASH_GROUP_BY' (id=3) output batch 0 column count mismatch: got 13, expected 10
[2026-09-08 04:23:02.660] [warning] [gpu_pipeline_task.cpp:77] gpu_pipeline_task: operator 'HASH_GROUP_BY' (id=3) output batch 0 column count mismatch: got 13, expected 10
[2026-09-08 04:23:02.665] [warning] [gpu_pipeline_task.cpp:77] gpu_pipeline_task: operator 'HASH_GROUP_BY' (id=3) output batch 0 column count mismatch: got 13, expected 10
[2026-09-08 04:23:02.668] [warning] [gpu_pipeline_task.cpp:77] gpu_pipeline_task: operator 'HASH_GROUP_BY' (id=3) output batch 0 column count mismatch: got 13, expected 10
[2026-09-08 04:23:02.671] [warning] [gpu_pipeline_task.cpp:77] gpu_pipeline_task: operator 'HASH_GROUP_BY' (id=3) output batch 0 column count mismatch: got 13, expected 10
[2026-09-08 04:23:02.684] [warning] [gpu_pipeline_task.cpp:77] gpu_pipeline_task: operator 'HASH_GROUP_BY' (id=3) output batch 0 column count mismatch: got 13, expected 10
[2026-09-08 04:23:02.690] [warning] [gpu_pipeline_task.cpp:77] gpu_pipeline_task: operator 'HASH_GROUP_BY' (id=3) output batch 0 column count mismatch: got 13, expected 10
[2026-09-08 04:23:02.694] [warning] [gpu_pipeline_task.cpp:77] gpu_pipeline_task: operator 'HASH_GROUP_BY' (id=3) output batch 0 column count mismatch: got 13, expected 10
[2026-09-08 04:23:02.698] [warning] [gpu_pipeline_task.cpp:77] gpu_pipeline_task: operator 'HASH_GROUP_BY' (id=3) output batch 0 column count mismatch: got 13, expected 10
[2026-09-08 04:23:02.702] [warning] [gpu_pipeline_task.cpp:77] gpu_pipeline_task: operator 'HASH_GROUP_BY' (id=3) output batch 0 column count mismatch: got 13, expected 10
[2026-09-08 04:23:02.703] [warning] [gpu_pipeline_task.cpp:77] gpu_pipeline_task: operator 'HASH_GROUP_BY' (id=3) output batch 0 column count mismatch: got 13, expected 10
[2026-09-08 04:23:02.706] [warning] [gpu_pipeline_task.cpp:77] gpu_pipeline_task: operator 'HASH_GROUP_BY' (id=3) output batch 0 column count mismatch: got 13, expected 10
[2026-09-08 04:23:02.710] [warning] [gpu_pipeline_task.cpp:77] gpu_pipeline_task: operator 'HASH_GROUP_BY' (id=3) output batch 0 column count mismatch: got 13, expected 10
[2026-09-08 04:23:02.713] [warning] [gpu_pipeline_task.cpp:77] gpu_pipeline_task: operator 'HASH_GROUP_BY' (id=3) output batch 0 column count mismatch: got 13, expected 10
[2026-09-08 04:23:02.716] [warning] [gpu_pipeline_task.cpp:77] gpu_pipeline_task: operator 'HASH_GROUP_BY' (id=3) output batch 0 column count mismatch: got 13, expected 10
[2026-09-08 04:23:02.717] [warning] [gpu_pipeline_task.cpp:77] gpu_pipeline_task: operator 'HASH_GROUP_BY' (id=3) output batch 0 column count mismatch: got 13, expected 10
[2026-09-08 04:23:02.720] [warning] [gpu_pipeline_task.cpp:77] gpu_pipeline_task: operator 'HASH_GROUP_BY' (id=3) output batch 0 column count mismatch: got 13, expected 10
[2026-09-08 04:23:02.730] [warning] [gpu_pipeline_task.cpp:77] gpu_pipeline_task: operator 'HASH_GROUP_BY' (id=3) output batch 0 column count mismatch: got 13, expected 10
[2026-09-08 04:23:02.734] [warning] [gpu_pipeline_task.cpp:77] gpu_pipeline_task: operator 'HASH_GROUP_BY' (id=3) output batch 0 column count mismatch: got 13, expected 10
[2026-09-08 04:23:02.737] [warning] [gpu_pipeline_task.cpp:77] gpu_pipeline_task: operator 'HASH_GROUP_BY' (id=3) output batch 0 column count mismatch: got 13, expected 10
[2026-09-08 04:23:02.737] [warning] [gpu_pipeline_task.cpp:77] gpu_pipeline_task: operator 'HASH_GROUP_BY' (id=3) output batch 0 column count mismatch: got 13, expected 10
[2026-09-08 04:23:02.738] [warning] [gpu_pipeline_task.cpp:77] gpu_pipeline_task: operator 'HASH_GROUP_BY' (id=3) output batch 0 column count mismatch: got 13, expected 10
[2026-09-08 04:23:02.751] [warning] [gpu_pipeline_task.cpp:77] gpu_pipeline_task: operator 'HASH_GROUP_BY' (id=3) output batch 0 column count mismatch: got 13, expected 10
[2026-09-08 04:23:02.756] [warning] [gpu_pipeline_task.cpp:77] gpu_pipeline_task: operator 'HASH_GROUP_BY' (id=3) output batch 0 column count mismatch: got 13, expected 10
[2026-09-08 04:23:02.761] [warning] [gpu_pipeline_task.cpp:77] gpu_pipeline_task: operator 'HASH_GROUP_BY' (id=3) output batch 0 column count mismatch: got 13, expected 10
[2026-09-08 04:23:02.761] [warning] [gpu_pipeline_task.cpp:77] gpu_pipeline_task: operator 'HASH_GROUP_BY' (id=3) output batch 0 column count mismatch: got 13, expected 10
[2026-09-08 04:23:02.762] [warning] [gpu_pipeline_task.cpp:77] gpu_pipeline_task: operator 'HASH_GROUP_BY' (id=3) output batch 0 column count mismatch: got 13, expected 10
[2026-09-08 04:23:02.763] [warning] [gpu_pipeline_task.cpp:77] gpu_pipeline_task: operator 'HASH_GROUP_BY' (id=3) output batch 0 column count mismatch: got 13, expected 10
[2026-09-08 04:23:02.763] [warning] [gpu_pipeline_task.cpp:77] gpu_pipeline_task: operator 'HASH_GROUP_BY' (id=3) output batch 0 column count mismatch: got 13, expected 10
[2026-09-08 04:23:02.787] [warning] [gpu_pipeline_task.cpp:77] gpu_pipeline_task: operator 'HASH_GROUP_BY' (id=3) output batch 0 column count mismatch: got 13, expected 10
[2026-09-08 04:23:02.787] [warning] [gpu_pipeline_task.cpp:77] gpu_pipeline_task: operator 'HASH_GROUP_BY' (id=3) output batch 0 column count mismatch: got 13, expected 10
[2026-09-08 04:23:02.788] [warning] [gpu_pipeline_task.cpp:77] gpu_pipeline_task: operator 'HASH_GROUP_BY' (id=3) output batch 0 column count mismatch: got 13, expected 10
[2026-09-08 04:23:02.788] [warning] [gpu_pipeline_task.cpp:77] gpu_pipeline_task: operator 'HASH_GROUP_BY' (id=3) output batch 0 column count mismatch: got 13, expected 10
[2026-09-08 04:23:02.789] [warning] [gpu_pipeline_task.cpp:77] gpu_pipeline_task: operator 'HASH_GROUP_BY' (id=3) output batch 0 column count mismatch: got 13, expected 10
[2026-09-08 04:23:02.789] [warning] [gpu_pipeline_task.cpp:77] gpu_pipeline_task: operator 'HASH_GROUP_BY' (id=3) output batch 0 column count mismatch: got 13, expected 10
[2026-09-08 04:23:02.789] [warning] [gpu_pipeline_task.cpp:77] gpu_pipeline_task: operator 'HASH_GROUP_BY' (id=3) output batch 0 column count mismatch: got 13, expected 10
[2026-09-08 04:23:02.790] [warning] [gpu_pipeline_task.cpp:77] gpu_pipeline_task: operator 'HASH_GROUP_BY' (id=3) output batch 0 column count mismatch: got 13, expected 10
[2026-09-08 04:23:02.797] [warning] [gpu_pipeline_task.cpp:77] gpu_pipeline_task: operator 'HASH_GROUP_BY' (id=3) output batch 0 column count mismatch: got 13, expected 10
[2026-09-08 04:23:02.797] [warning] [gpu_pipeline_task.cpp:77] gpu_pipeline_task: operator 'HASH_GROUP_BY' (id=3) output batch 0 column count mismatch: got 13, expected 10
[2026-09-08 04:23:02.798] [warning] [gpu_pipeline_task.cpp:77] gpu_pipeline_task: operator 'HASH_GROUP_BY' (id=3) output batch 0 column count mismatch: got 13, expected 10
[2026-09-08 04:23:02.799] [warning] [gpu_pipeline_task.cpp:77] gpu_pipeline_task: operator 'HASH_GROUP_BY' (id=3) output batch 0 column count mismatch: got 13, expected 10
[2026-09-08 04:23:02.800] [warning] [gpu_pipeline_task.cpp:77] gpu_pipeline_task: operator 'HASH_GROUP_BY' (id=3) output batch 0 column count mismatch: got 13, expected 10
[2026-09-08 04:23:02.800] [warning] [gpu_pipeline_task.cpp:77] gpu_pipeline_task: operator 'HASH_GROUP_BY' (id=3) output batch 0 column count mismatch: got 13, expected 10
[2026-09-08 04:23:02.805] [warning] [gpu_pipeline_task.cpp:77] gpu_pipeline_task: operator 'HASH_GROUP_BY' (id=3) output batch 0 column count mismatch: got 13, expected 10
[2026-09-08 04:23:02.819] [warning] [gpu_pipeline_task.cpp:77] gpu_pipeline_task: operator 'HASH_GROUP_BY' (id=3) output batch 0 column count mismatch: got 13, expected 10
[2026-09-08 04:23:02.819] [warning] [gpu_pipeline_task.cpp:77] gpu_pipeline_task: operator 'HASH_GROUP_BY' (id=3) output batch 0 column count mismatch: got 13, expected 10
[2026-09-08 04:23:02.831] [warning] [gpu_pipeline_task.cpp:77] gpu_pipeline_task: operator 'HASH_GROUP_BY' (id=3) output batch 0 column count mismatch: got 13, expected 10
[2026-09-08 04:23:02.831] [warning] [gpu_pipeline_task.cpp:77] gpu_pipeline_task: operator 'HASH_GROUP_BY' (id=3) output batch 0 column count mismatch: got 13, expected 10
[2026-09-08 04:23:02.839] [warning] [gpu_pipeline_task.cpp:77] gpu_pipeline_task: operator 'HASH_GROUP_BY' (id=3) output batch 0 column count mismatch: got 13, expected 10
[2026-09-08 04:23:02.849] [warning] [gpu_pipeline_task.cpp:77] gpu_pipeline_task: operator 'HASH_GROUP_BY' (id=3) output batch 0 column count mismatch: got 13, expected 10
[2026-09-08 04:23:02.849] [warning] [gpu_pipeline_task.cpp:77] gpu_pipeline_task: operator 'HASH_GROUP_BY' (id=3) output batch 0 column count mismatch: got 13, expected 10
[2026-09-08 04:23:02.852] [warning] [gpu_pipeline_task.cpp:77] gpu_pipeline_task: operator 'HASH_GROUP_BY' (id=3) output batch 0 column count mismatch: got 13, expected 10
[2026-09-08 04:23:02.852] [warning] [gpu_pipeline_task.cpp:77] gpu_pipeline_task: operator 'HASH_GROUP_BY' (id=3) output batch 0 column count mismatch: got 13, expected 10
[2026-09-08 04:23:02.855] [warning] [gpu_pipeline_task.cpp:77] gpu_pipeline_task: operator 'HASH_GROUP_BY' (id=3) output batch 0 column count mismatch: got 13, expected 10
[2026-09-08 04:23:02.860] [warning] [gpu_pipeline_task.cpp:77] gpu_pipeline_task: operator 'HASH_GROUP_BY' (id=3) output batch 0 column count mismatch: got 13, expected 10
[2026-09-08 04:23:02.864] [warning] [gpu_pipeline_task.cpp:77] gpu_pipeline_task: operator 'HASH_GROUP_BY' (id=3) output batch 0 column count mismatch: got 13, expected 10
[2026-09-08 04:23:02.883] [warning] [gpu_pipeline_task.cpp:77] gpu_pipeline_task: operator 'HASH_GROUP_BY' (id=3) output batch 0 column count mismatch: got 13, expected 10
[2026-09-08 04:23:02.883] [warning] [gpu_pipeline_task.cpp:77] gpu_pipeline_task: operator 'HASH_GROUP_BY' (id=3) output batch 0 column count mismatch: got 13, expected 10
[2026-09-08 04:23:02.886] [warning] [gpu_pipeline_task.cpp:77] gpu_pipeline_task: operator 'HASH_GROUP_BY' (id=3) output batch 0 column count mismatch: got 13, expected 10
[2026-09-08 04:23:02.888] [warning] [gpu_pipeline_task.cpp:77] gpu_pipeline_task: operator 'HASH_GROUP_BY' (id=3) output batch 0 column count mismatch: got 13, expected 10
[2026-09-08 04:23:02.900] [warning] [gpu_pipeline_task.cpp:77] gpu_pipeline_task: operator 'HASH_GROUP_BY' (id=3) output batch 0 column count mismatch: got 13, expected 10
[2026-09-08 04:23:02.904] [warning] [gpu_pipeline_task.cpp:77] gpu_pipeline_task: operator 'HASH_GROUP_BY' (id=3) output batch 0 column count mismatch: got 13, expected 10
[2026-09-08 04:23:02.907] [warning] [gpu_pipeline_task.cpp:77] gpu_pipeline_task: operator 'HASH_GROUP_BY' (id=3) output batch 0 column count mismatch: got 13, expected 10
[2026-09-08 04:23:02.908] [warning] [gpu_pipeline_task.cpp:77] gpu_pipeline_task: operator 'HASH_GROUP_BY' (id=3) output batch 0 column count mismatch: got 13, expected 10
[2026-09-08 04:23:02.911] [warning] [gpu_pipeline_task.cpp:77] gpu_pipeline_task: operator 'HASH_GROUP_BY' (id=3) output batch 0 column count mismatch: got 13, expected 10
[2026-09-08 04:23:02.920] [warning] [gpu_pipeline_task.cpp:77] gpu_pipeline_task: operator 'HASH_GROUP_BY' (id=3) output batch 0 column count mismatch: got 13, expected 10
[2026-09-08 04:23:02.923] [warning] [gpu_pipeline_task.cpp:77] gpu_pipeline_task: operator 'HASH_GROUP_BY' (id=3) output batch 0 column count mismatch: got 13, expected 10
[2026-09-08 04:23:02.923] [warning] [gpu_pipeline_task.cpp:77] gpu_pipeline_task: operator 'HASH_GROUP_BY' (id=3) output batch 0 column count mismatch: got 13, expected 10
[2026-09-08 04:23:02.930] [warning] [gpu_pipeline_task.cpp:77] gpu_pipeline_task: operator 'HASH_GROUP_BY' (id=3) output batch 0 column count mismatch: got 13, expected 10
[2026-09-08 04:23:02.933] [warning] [gpu_pipeline_task.cpp:77] gpu_pipeline_task: operator 'HASH_GROUP_BY' (id=3) output batch 0 column count mismatch: got 13, expected 10
[2026-09-08 04:23:02.933] [warning] [gpu_pipeline_task.cpp:77] gpu_pipeline_task: operator 'HASH_GROUP_BY' (id=3) output batch 0 column count mismatch: got 13, expected 10
[2026-09-08 04:23:02.933] [warning] [gpu_pipeline_task.cpp:77] gpu_pipeline_task: operator 'HASH_GROUP_BY' (id=3) output batch 0 column count mismatch: got 13, expected 10
[2026-09-08 04:23:02.936] [warning] [gpu_pipeline_task.cpp:77] gpu_pipeline_task: operator 'HASH_GROUP_BY' (id=3) output batch 0 column count mismatch: got 13, expected 10
[2026-09-08 04:23:02.942] [warning] [gpu_pipeline_task.cpp:77] gpu_pipeline_task: operator 'HASH_GROUP_BY' (id=3) output batch 0 column count mismatch: got 13, expected 10
[2026-09-08 04:23:02.951] [warning] [gpu_pipeline_task.cpp:77] gpu_pipeline_task: operator 'HASH_GROUP_BY' (id=3) output batch 0 column count mismatch: got 13, expected 10
[2026-09-08 04:23:02.958] [warning] [gpu_pipeline_task.cpp:77] gpu_pipeline_task: operator 'HASH_GROUP_BY' (id=3) output batch 0 column count mismatch: got 13, expected 10
[2026-09-08 04:23:02.964] [warning] [gpu_pipeline_task.cpp:77] gpu_pipeline_task: operator 'HASH_GROUP_BY' (id=3) output batch 0 column count mismatch: got 13, expected 10
[2026-09-08 04:23:02.964] [warning] [gpu_pipeline_task.cpp:77] gpu_pipeline_task: operator 'HASH_GROUP_BY' (id=3) output batch 0 column count mismatch: got 13, expected 10
[2026-09-08 04:23:02.972] [warning] [gpu_pipeline_task.cpp:77] gpu_pipeline_task: operator 'HASH_GROUP_BY' (id=3) output batch 0 column count mismatch: got 13, expected 10
[2026-09-08 04:23:02.981] [warning] [gpu_pipeline_task.cpp:77] gpu_pipeline_task: operator 'HASH_GROUP_BY' (id=3) output batch 0 column count mismatch: got 13, expected 10
[2026-09-08 04:23:02.989] [warning] [gpu_pipeline_task.cpp:77] gpu_pipeline_task: operator 'HASH_GROUP_BY' (id=3) output batch 0 column count mismatch: got 13, expected 10
[2026-09-08 04:23:02.993] [warning] [gpu_pipeline_task.cpp:77] gpu_pipeline_task: operator 'HASH_GROUP_BY' (id=3) output batch 0 column count mismatch: got 13, expected 10
[2026-09-08 04:23:02.999] [warning] [gpu_pipeline_task.cpp:77] gpu_pipeline_task: operator 'HASH_GROUP_BY' (id=3) output batch 0 column count mismatch: got 13, expected 10
[2026-09-08 04:23:02.999] [warning] [gpu_pipeline_task.cpp:77] gpu_pipeline_task: operator 'HASH_GROUP_BY' (id=3) output batch 0 column count mismatch: got 13, expected 10
[2026-09-08 04:23:03.004] [warning] [gpu_pipeline_task.cpp:77] gpu_pipeline_task: operator 'HASH_GROUP_BY' (id=3) output batch 0 column count mismatch: got 13, expected 10
[2026-09-08 04:23:03.007] [warning] [gpu_pipeline_task.cpp:77] gpu_pipeline_task: operator 'HASH_GROUP_BY' (id=3) output batch 0 column count mismatch: got 13, expected 10
[2026-09-08 04:23:03.009] [warning] [gpu_pipeline_task.cpp:77] gpu_pipeline_task: operator 'HASH_GROUP_BY' (id=3) output batch 0 column count mismatch: got 13, expected 10
[2026-09-08 04:23:03.014] [warning] [gpu_pipeline_task.cpp:77] gpu_pipeline_task: operator 'HASH_GROUP_BY' (id=3) output batch 0 column count mismatch: got 13, expected 10
[2026-09-08 04:23:03.014] [warning] [gpu_pipeline_task.cpp:77] gpu_pipeline_task: operator 'PARTITION' (id=4) output batch 0 column count mismatch: got 13, expected 10
[2026-09-08 04:23:03.014] [warning] [gpu_pipeline_task.cpp:77] gpu_pipeline_task: operator 'PARTITION' (id=4) output batch 0 column count mismatch: got 13, expected 10
[2026-09-08 04:23:03.014] [warning] [gpu_pipeline_task.cpp:77] gpu_pipeline_task: operator 'PARTITION' (id=4) output batch 0 column count mismatch: got 13, expected 10
[2026-09-08 04:23:03.014] [warning] [gpu_pipeline_task.cpp:77] gpu_pipeline_task: operator 'PARTITION' (id=4) output batch 0 column count mismatch: got 13, expected 10
[2026-09-08 04:23:03.014] [warning] [gpu_pipeline_task.cpp:77] gpu_pipeline_task: operator 'PARTITION' (id=4) output batch 0 column count mismatch: got 13, expected 10
[2026-09-08 04:23:03.014] [warning] [gpu_pipeline_task.cpp:77] gpu_pipeline_task: operator 'PARTITION' (id=4) output batch 0 column count mismatch: got 13, expected 10
[2026-09-08 04:23:03.014] [warning] [gpu_pipeline_task.cpp:77] gpu_pipeline_task: operator 'PARTITION' (id=4) output batch 0 column count mismatch: got 13, expected 10
[2026-09-08 04:23:03.014] [warning] [gpu_pipeline_task.cpp:77] gpu_pipeline_task: operator 'PARTITION' (id=4) output batch 0 column count mismatch: got 13, expected 10
[2026-09-08 04:23:03.014] [warning] [gpu_pipeline_task.cpp:77] gpu_pipeline_task: operator 'PARTITION' (id=4) output batch 0 column count mismatch: got 13, expected 10
[2026-09-08 04:23:03.014] [warning] [gpu_pipeline_task.cpp:77] gpu_pipeline_task: operator 'PARTITION' (id=4) output batch 0 column count mismatch: got 13, expected 10
[2026-09-08 04:23:03.014] [warning] [gpu_pipeline_task.cpp:77] gpu_pipeline_task: operator 'PARTITION' (id=4) output batch 0 column count mismatch: got 13, expected 10
[2026-09-08 04:23:03.014] [warning] [gpu_pipeline_task.cpp:77] gpu_pipeline_task: operator 'PARTITION' (id=4) output batch 0 column count mismatch: got 13, expected 10
[2026-09-08 04:23:03.014] [warning] [gpu_pipeline_task.cpp:77] gpu_pipeline_task: operator 'PARTITION' (id=4) output batch 0 column count mismatch: got 13, expected 10
[2026-09-08 04:23:03.014] [warning] [gpu_pipeline_task.cpp:77] gpu_pipeline_task: operator 'PARTITION' (id=4) output batch 0 column count mismatch: got 13, expected 10
[2026-09-08 04:23:03.014] [warning] [gpu_pipeline_task.cpp:77] gpu_pipeline_task: operator 'PARTITION' (id=4) output batch 0 column count mismatch: got 13, expected 10
[2026-09-08 04:23:03.014] [warning] [gpu_pipeline_task.cpp:77] gpu_pipeline_task: operator 'PARTITION' (id=4) output batch 0 column count mismatch: got 13, expected 10
[2026-09-08 04:23:03.014] [warning] [gpu_pipeline_task.cpp:77] gpu_pipeline_task: operator 'PARTITION' (id=4) output batch 0 column count mismatch: got 13, expected 10
[2026-09-08 04:23:03.014] [warning] [gpu_pipeline_task.cpp:77] gpu_pipeline_task: operator 'PARTITION' (id=4) output batch 0 column count mismatch: got 13, expected 10
[2026-09-08 04:23:03.014] [warning] [gpu_pipeline_task.cpp:77] gpu_pipeline_task: operator 'PARTITION' (id=4) output batch 0 column count mismatch: got 13, expected 10
[2026-09-08 04:23:03.014] [warning] [gpu_pipeline_task.cpp:77] gpu_pipeline_task: operator 'PARTITION' (id=4) output batch 0 column count mismatch: got 13, expected 10
[2026-09-08 04:23:03.014] [warning] [gpu_pipeline_task.cpp:77] gpu_pipeline_task: operator 'PARTITION' (id=4) output batch 0 column count mismatch: got 13, expected 10
[2026-09-08 04:23:03.014] [warning] [gpu_pipeline_task.cpp:77] gpu_pipeline_task: operator 'PARTITION' (id=4) output batch 0 column count mismatch: got 13, expected 10
[2026-09-08 04:23:03.014] [warning] [gpu_pipeline_task.cpp:77] gpu_pipeline_task: operator 'PARTITION' (id=4) output batch 0 column count mismatch: got 13, expected 10
[2026-09-08 04:23:03.014] [warning] [gpu_pipeline_task.cpp:77] gpu_pipeline_task: operator 'PARTITION' (id=4) output batch 0 column count mismatch: got 13, expected 10
[2026-09-08 04:23:03.014] [warning] [gpu_pipeline_task.cpp:77] gpu_pipeline_task: operator 'PARTITION' (id=4) output batch 0 column count mismatch: got 13, expected 10
[2026-09-08 04:23:03.014] [warning] [gpu_pipeline_task.cpp:77] gpu_pipeline_task: operator 'PARTITION' (id=4) output batch 0 column count mismatch: got 13, expected 10
[2026-09-08 04:23:03.014] [warning] [gpu_pipeline_task.cpp:77] gpu_pipeline_task: operator 'PARTITION' (id=4) output batch 0 column count mismatch: got 13, expected 10
[2026-09-08 04:23:03.014] [warning] [gpu_pipeline_task.cpp:77] gpu_pipeline_task: operator 'PARTITION' (id=4) output batch 0 column count mismatch: got 13, expected 10
[2026-09-08 04:23:03.014] [warning] [gpu_pipeline_task.cpp:77] gpu_pipeline_task: operator 'PARTITION' (id=4) output batch 0 column count mismatch: got 13, expected 10
[2026-09-08 04:23:03.014] [warning] [gpu_pipeline_task.cpp:77] gpu_pipeline_task: operator 'PARTITION' (id=4) output batch 0 column count mismatch: got 13, expected 10
[2026-09-08 04:23:03.014] [warning] [gpu_pipeline_task.cpp:77] gpu_pipeline_task: operator 'PARTITION' (id=4) output batch 0 column count mismatch: got 13, expected 10
[2026-09-08 04:23:03.014] [warning] [gpu_pipeline_task.cpp:77] gpu_pipeline_task: operator 'PARTITION' (id=4) output batch 0 column count mismatch: got 13, expected 10
[2026-09-08 04:23:03.014] [warning] [gpu_pipeline_task.cpp:77] gpu_pipeline_task: operator 'PARTITION' (id=4) output batch 0 column count mismatch: got 13, expected 10
[2026-09-08 04:23:03.014] [warning] [gpu_pipeline_task.cpp:77] gpu_pipeline_task: operator 'PARTITION' (id=4) output batch 0 column count mismatch: got 13, expected 10
[2026-09-08 04:23:03.014] [warning] [gpu_pipeline_task.cpp:77] gpu_pipeline_task: operator 'PARTITION' (id=4) output batch 0 column count mismatch: got 13, expected 10
[2026-09-08 04:23:03.014] [warning] [gpu_pipeline_task.cpp:77] gpu_pipeline_task: operator 'PARTITION' (id=4) output batch 0 column count mismatch: got 13, expected 10
[2026-09-08 04:23:03.014] [warning] [gpu_pipeline_task.cpp:77] gpu_pipeline_task: operator 'PARTITION' (id=4) output batch 0 column count mismatch: got 13, expected 10
[2026-09-08 04:23:03.014] [warning] [gpu_pipeline_task.cpp:77] gpu_pipeline_task: operator 'PARTITION' (id=4) output batch 0 column count mismatch: got 13, expected 10
[2026-09-08 04:23:03.014] [warning] [gpu_pipeline_task.cpp:77] gpu_pipeline_task: operator 'PARTITION' (id=4) output batch 0 column count mismatch: got 13, expected 10
[2026-09-08 04:23:03.014] [warning] [gpu_pipeline_task.cpp:77] gpu_pipeline_task: operator 'PARTITION' (id=4) output batch 0 column count mismatch: got 13, expected 10
[2026-09-08 04:23:03.014] [warning] [gpu_pipeline_task.cpp:77] gpu_pipeline_task: operator 'PARTITION' (id=4) output batch 0 column count mismatch: got 13, expected 10
[2026-09-08 04:23:03.014] [warning] [gpu_pipeline_task.cpp:77] gpu_pipeline_task: operator 'PARTITION' (id=4) output batch 0 column count mismatch: got 13, expected 10
[2026-09-08 04:23:03.015] [warning] [gpu_pipeline_task.cpp:77] gpu_pipeline_task: operator 'PARTITION' (id=4) output batch 0 column count mismatch: got 13, expected 10
[2026-09-08 04:23:03.015] [warning] [gpu_pipeline_task.cpp:77] gpu_pipeline_task: operator 'PARTITION' (id=4) output batch 0 column count mismatch: got 13, expected 10
[2026-09-08 04:23:03.015] [warning] [gpu_pipeline_task.cpp:77] gpu_pipeline_task: operator 'PARTITION' (id=4) output batch 0 column count mismatch: got 13, expected 10
[2026-09-08 04:23:03.015] [warning] [gpu_pipeline_task.cpp:77] gpu_pipeline_task: operator 'PARTITION' (id=4) output batch 0 column count mismatch: got 13, expected 10
[2026-09-08 04:23:03.015] [warning] [gpu_pipeline_task.cpp:77] gpu_pipeline_task: operator 'PARTITION' (id=4) output batch 0 column count mismatch: got 13, expected 10
[2026-09-08 04:23:03.015] [warning] [gpu_pipeline_task.cpp:77] gpu_pipeline_task: operator 'PARTITION' (id=4) output batch 0 column count mismatch: got 13, expected 10
[2026-09-08 04:23:03.015] [warning] [gpu_pipeline_task.cpp:77] gpu_pipeline_task: operator 'PARTITION' (id=4) output batch 0 column count mismatch: got 13, expected 10
[2026-09-08 04:23:03.015] [warning] [gpu_pipeline_task.cpp:77] gpu_pipeline_task: operator 'PARTITION' (id=4) output batch 0 column count mismatch: got 13, expected 10
[2026-09-08 04:23:03.015] [warning] [gpu_pipeline_task.cpp:77] gpu_pipeline_task: operator 'PARTITION' (id=4) output batch 0 column count mismatch: got 13, expected 10
[2026-09-08 04:23:03.015] [warning] [gpu_pipeline_task.cpp:77] gpu_pipeline_task: operator 'PARTITION' (id=4) output batch 0 column count mismatch: got 13, expected 10
[2026-09-08 04:23:03.015] [warning] [gpu_pipeline_task.cpp:77] gpu_pipeline_task: operator 'PARTITION' (id=4) output batch 0 column count mismatch: got 13, expected 10
[2026-09-08 04:23:03.015] [warning] [gpu_pipeline_task.cpp:77] gpu_pipeline_task: operator 'PARTITION' (id=4) output batch 0 column count mismatch: got 13, expected 10
[2026-09-08 04:23:03.015] [warning] [gpu_pipeline_task.cpp:77] gpu_pipeline_task: operator 'PARTITION' (id=4) output batch 0 column count mismatch: got 13, expected 10
[2026-09-08 04:23:03.015] [warning] [gpu_pipeline_task.cpp:77] gpu_pipeline_task: operator 'PARTITION' (id=4) output batch 0 column count mismatch: got 13, expected 10
[2026-09-08 04:23:03.015] [warning] [gpu_pipeline_task.cpp:77] gpu_pipeline_task: operator 'PARTITION' (id=4) output batch 0 column count mismatch: got 13, expected 10
[2026-09-08 04:23:03.015] [warning] [gpu_pipeline_task.cpp:77] gpu_pipeline_task: operator 'PARTITION' (id=4) output batch 0 column count mismatch: got 13, expected 10
[2026-09-08 04:23:03.015] [warning] [gpu_pipeline_task.cpp:77] gpu_pipeline_task: operator 'PARTITION' (id=4) output batch 0 column count mismatch: got 13, expected 10
[2026-09-08 04:23:03.015] [warning] [gpu_pipeline_task.cpp:77] gpu_pipeline_task: operator 'PARTITION' (id=4) output batch 0 column count mismatch: got 13, expected 10
[2026-09-08 04:23:03.015] [warning] [gpu_pipeline_task.cpp:77] gpu_pipeline_task: operator 'PARTITION' (id=4) output batch 0 column count mismatch: got 13, expected 10
[2026-09-08 04:23:03.015] [warning] [gpu_pipeline_task.cpp:77] gpu_pipeline_task: operator 'PARTITION' (id=4) output batch 0 column count mismatch: got 13, expected 10
[2026-09-08 04:23:03.015] [warning] [gpu_pipeline_task.cpp:77] gpu_pipeline_task: operator 'PARTITION' (id=4) output batch 0 column count mismatch: got 13, expected 10
[2026-09-08 04:23:03.015] [warning] [gpu_pipeline_task.cpp:77] gpu_pipeline_task: operator 'PARTITION' (id=4) output batch 0 column count mismatch: got 13, expected 10
[2026-09-08 04:23:03.015] [warning] [gpu_pipeline_task.cpp:77] gpu_pipeline_task: operator 'PARTITION' (id=4) output batch 0 column count mismatch: got 13, expected 10
[2026-09-08 04:23:03.015] [warning] [gpu_pipeline_task.cpp:77] gpu_pipeline_task: operator 'PARTITION' (id=4) output batch 0 column count mismatch: got 13, expected 10
[2026-09-08 04:23:03.015] [warning] [gpu_pipeline_task.cpp:77] gpu_pipeline_task: operator 'PARTITION' (id=4) output batch 0 column count mismatch: got 13, expected 10
[2026-09-08 04:23:03.015] [warning] [gpu_pipeline_task.cpp:77] gpu_pipeline_task: operator 'PARTITION' (id=4) output batch 0 column count mismatch: got 13, expected 10
[2026-09-08 04:23:03.015] [warning] [gpu_pipeline_task.cpp:77] gpu_pipeline_task: operator 'PARTITION' (id=4) output batch 0 column count mismatch: got 13, expected 10
[2026-09-08 04:23:03.015] [warning] [gpu_pipeline_task.cpp:77] gpu_pipeline_task: operator 'PARTITION' (id=4) output batch 0 column count mismatch: got 13, expected 10
[2026-09-08 04:23:03.015] [warning] [gpu_pipeline_task.cpp:77] gpu_pipeline_task: operator 'PARTITION' (id=4) output batch 0 column count mismatch: got 13, expected 10
[2026-09-08 04:23:03.015] [warning] [gpu_pipeline_task.cpp:77] gpu_pipeline_task: operator 'PARTITION' (id=4) output batch 0 column count mismatch: got 13, expected 10
[2026-09-08 04:23:03.015] [warning] [gpu_pipeline_task.cpp:77] gpu_pipeline_task: operator 'PARTITION' (id=4) output batch 0 column count mismatch: got 13, expected 10
[2026-09-08 04:23:03.015] [warning] [gpu_pipeline_task.cpp:77] gpu_pipeline_task: operator 'PARTITION' (id=4) output batch 0 column count mismatch: got 13, expected 10
[2026-09-08 04:23:03.015] [warning] [gpu_pipeline_task.cpp:77] gpu_pipeline_task: operator 'PARTITION' (id=4) output batch 0 column count mismatch: got 13, expected 10
[2026-09-08 04:23:03.015] [warning] [gpu_pipeline_task.cpp:77] gpu_pipeline_task: operator 'PARTITION' (id=4) output batch 0 column count mismatch: got 13, expected 10
[2026-09-08 04:23:03.015] [warning] [gpu_pipeline_task.cpp:77] gpu_pipeline_task: operator 'PARTITION' (id=4) output batch 0 column count mismatch: got 13, expected 10
[2026-09-08 04:23:03.015] [warning] [gpu_pipeline_task.cpp:77] gpu_pipeline_task: operator 'PARTITION' (id=4) output batch 0 column count mismatch: got 13, expected 10
[2026-09-08 04:23:03.015] [warning] [gpu_pipeline_task.cpp:77] gpu_pipeline_task: operator 'PARTITION' (id=4) output batch 0 column count mismatch: got 13, expected 10
[2026-09-08 04:23:03.015] [warning] [gpu_pipeline_task.cpp:77] gpu_pipeline_task: operator 'PARTITION' (id=4) output batch 0 column count mismatch: got 13, expected 10
[2026-09-08 04:23:03.015] [warning] [gpu_pipeline_task.cpp:77] gpu_pipeline_task: operator 'PARTITION' (id=4) output batch 0 column count mismatch: got 13, expected 10
[2026-09-08 04:23:03.015] [warning] [gpu_pipeline_task.cpp:77] gpu_pipeline_task: operator 'PARTITION' (id=4) output batch 0 column count mismatch: got 13, expected 10
[2026-09-08 04:23:03.015] [warning] [gpu_pipeline_task.cpp:77] gpu_pipeline_task: operator 'PARTITION' (id=4) output batch 0 column count mismatch: got 13, expected 10
[2026-09-08 04:23:03.015] [warning] [gpu_pipeline_task.cpp:77] gpu_pipeline_task: operator 'PARTITION' (id=4) output batch 0 column count mismatch: got 13, expected 10
[2026-09-08 04:23:03.015] [warning] [gpu_pipeline_task.cpp:77] gpu_pipeline_task: operator 'PARTITION' (id=4) output batch 0 column count mismatch: got 13, expected 10
[2026-09-08 04:23:03.015] [warning] [gpu_pipeline_task.cpp:77] gpu_pipeline_task: operator 'PARTITION' (id=4) output batch 0 column count mismatch: got 13, expected 10
[2026-09-08 04:23:03.015] [warning] [gpu_pipeline_task.cpp:77] gpu_pipeline_task: operator 'PARTITION' (id=4) output batch 0 column count mismatch: got 13, expected 10
[2026-09-08 04:23:03.015] [warning] [gpu_pipeline_task.cpp:77] gpu_pipeline_task: operator 'PARTITION' (id=4) output batch 0 column count mismatch: got 13, expected 10
[2026-09-08 04:23:03.015] [warning] [gpu_pipeline_task.cpp:77] gpu_pipeline_task: operator 'PARTITION' (id=4) output batch 0 column count mismatch: got 13, expected 10
[2026-09-08 04:23:03.015] [warning] [gpu_pipeline_task.cpp:77] gpu_pipeline_task: operator 'PARTITION' (id=4) output batch 0 column count mismatch: got 13, expected 10
[2026-09-08 04:23:03.015] [warning] [gpu_pipeline_task.cpp:77] gpu_pipeline_task: operator 'PARTITION' (id=4) output batch 0 column count mismatch: got 13, expected 10
[2026-09-08 04:23:03.015] [warning] [gpu_pipeline_task.cpp:77] gpu_pipeline_task: operator 'PARTITION' (id=4) output batch 0 column count mismatch: got 13, expected 10
[2026-09-08 04:23:03.015] [warning] [gpu_pipeline_task.cpp:77] gpu_pipeline_task: operator 'PARTITION' (id=4) output batch 0 column count mismatch: got 13, expected 10
[2026-09-08 04:23:03.015] [warning] [gpu_pipeline_task.cpp:77] gpu_pipeline_task: operator 'PARTITION' (id=4) output batch 0 column count mismatch: got 13, expected 10
[2026-09-08 04:23:03.015] [warning] [gpu_pipeline_task.cpp:77] gpu_pipeline_task: operator 'PARTITION' (id=4) output batch 0 column count mismatch: got 13, expected 10
[2026-09-08 04:23:03.015] [warning] [gpu_pipeline_task.cpp:77] gpu_pipeline_task: operator 'PARTITION' (id=4) output batch 0 column count mismatch: got 13, expected 10
[2026-09-08 04:23:03.015] [warning] [gpu_pipeline_task.cpp:77] gpu_pipeline_task: operator 'PARTITION' (id=4) output batch 0 column count mismatch: got 13, expected 10
[2026-09-08 04:23:03.015] [warning] [gpu_pipeline_task.cpp:77] gpu_pipeline_task: operator 'PARTITION' (id=4) output batch 0 column count mismatch: got 13, expected 10
[2026-09-08 04:23:03.015] [warning] [gpu_pipeline_task.cpp:77] gpu_pipeline_task: operator 'PARTITION' (id=4) output batch 0 column count mismatch: got 13, expected 10
[2026-09-08 04:23:03.015] [warning] [gpu_pipeline_task.cpp:77] gpu_pipeline_task: operator 'PARTITION' (id=4) output batch 0 column count mismatch: got 13, expected 10
[2026-09-08 04:23:03.015] [warning] [gpu_pipeline_task.cpp:77] gpu_pipeline_task: operator 'PARTITION' (id=4) output batch 0 column count mismatch: got 13, expected 10
[2026-09-08 04:23:03.015] [warning] [gpu_pipeline_task.cpp:77] gpu_pipeline_task: operator 'PARTITION' (id=4) output batch 0 column count mismatch: got 13, expected 10
[2026-09-08 04:23:03.015] [warning] [gpu_pipeline_task.cpp:77] gpu_pipeline_task: operator 'PARTITION' (id=4) output batch 0 column count mismatch: got 13, expected 10
[2026-09-08 04:23:03.015] [warning] [gpu_pipeline_task.cpp:77] gpu_pipeline_task: operator 'PARTITION' (id=4) output batch 0 column count mismatch: got 13, expected 10
[2026-09-08 04:23:03.015] [warning] [gpu_pipeline_task.cpp:77] gpu_pipeline_task: operator 'PARTITION' (id=4) output batch 0 column count mismatch: got 13, expected 10
[2026-09-08 04:23:03.015] [warning] [gpu_pipeline_task.cpp:77] gpu_pipeline_task: operator 'PARTITION' (id=4) output batch 0 column count mismatch: got 13, expected 10
[2026-09-08 04:23:03.015] [warning] [gpu_pipeline_task.cpp:77] gpu_pipeline_task: operator 'PARTITION' (id=4) output batch 0 column count mismatch: got 13, expected 10
[2026-09-08 04:23:03.015] [warning] [gpu_pipeline_task.cpp:77] gpu_pipeline_task: operator 'PARTITION' (id=4) output batch 0 column count mismatch: got 13, expected 10
[2026-09-08 04:23:03.015] [warning] [gpu_pipeline_task.cpp:77] gpu_pipeline_task: operator 'PARTITION' (id=4) output batch 0 column count mismatch: got 13, expected 10
[2026-09-08 04:23:03.015] [warning] [gpu_pipeline_task.cpp:77] gpu_pipeline_task: operator 'PARTITION' (id=4) output batch 0 column count mismatch: got 13, expected 10
[2026-09-08 04:23:03.015] [warning] [gpu_pipeline_task.cpp:77] gpu_pipeline_task: operator 'PARTITION' (id=4) output batch 0 column count mismatch: got 13, expected 10
[2026-09-08 04:23:03.015] [warning] [gpu_pipeline_task.cpp:77] gpu_pipeline_task: operator 'PARTITION' (id=4) output batch 0 column count mismatch: got 13, expected 10
[2026-09-08 04:23:03.015] [warning] [gpu_pipeline_task.cpp:77] gpu_pipeline_task: operator 'PARTITION' (id=4) output batch 0 column count mismatch: got 13, expected 10
[2026-09-08 04:23:03.015] [warning] [gpu_pipeline_task.cpp:77] gpu_pipeline_task: operator 'PARTITION' (id=4) output batch 0 column count mismatch: got 13, expected 10
[2026-09-08 04:23:03.015] [warning] [gpu_pipeline_task.cpp:77] gpu_pipeline_task: operator 'PARTITION' (id=4) output batch 0 column count mismatch: got 13, expected 10
[2026-09-08 04:23:03.015] [warning] [gpu_pipeline_task.cpp:77] gpu_pipeline_task: operator 'PARTITION' (id=4) output batch 0 column count mismatch: got 13, expected 10
[2026-09-08 04:23:03.015] [warning] [gpu_pipeline_task.cpp:77] gpu_pipeline_task: operator 'PARTITION' (id=4) output batch 0 column count mismatch: got 13, expected 10
[2026-09-08 04:23:03.015] [warning] [gpu_pipeline_task.cpp:77] gpu_pipeline_task: operator 'PARTITION' (id=4) output batch 0 column count mismatch: got 13, expected 10
[2026-09-08 04:23:03.015] [warning] [gpu_pipeline_task.cpp:77] gpu_pipeline_task: operator 'PARTITION' (id=4) output batch 0 column count mismatch: got 13, expected 10
[2026-09-08 04:23:03.015] [warning] [gpu_pipeline_task.cpp:77] gpu_pipeline_task: operator 'PARTITION' (id=4) output batch 0 column count mismatch: got 13, expected 10
[2026-09-08 04:23:03.015] [warning] [gpu_pipeline_task.cpp:77] gpu_pipeline_task: operator 'PARTITION' (id=4) output batch 0 column count mismatch: got 13, expected 10
[2026-09-08 04:23:03.015] [warning] [gpu_pipeline_task.cpp:77] gpu_pipeline_task: operator 'PARTITION' (id=4) output batch 0 column count mismatch: got 13, expected 10
[2026-09-08 04:23:03.015] [warning] [gpu_pipeline_task.cpp:77] gpu_pipeline_task: operator 'PARTITION' (id=4) output batch 0 column count mismatch: got 13, expected 10
[2026-09-08 04:23:03.015] [warning] [gpu_pipeline_task.cpp:77] gpu_pipeline_task: operator 'PARTITION' (id=4) output batch 0 column count mismatch: got 13, expected 10
[2026-09-08 04:23:03.015] [warning] [gpu_pipeline_task.cpp:77] gpu_pipeline_task: operator 'PARTITION' (id=4) output batch 0 column count mismatch: got 13, expected 10
[2026-09-08 04:23:03.015] [warning] [gpu_pipeline_task.cpp:77] gpu_pipeline_task: operator 'PARTITION' (id=4) output batch 0 column count mismatch: got 13, expected 10
[2026-09-08 04:23:03.015] [warning] [gpu_pipeline_task.cpp:77] gpu_pipeline_task: operator 'PARTITION' (id=4) output batch 0 column count mismatch: got 13, expected 10
[2026-09-08 04:23:03.015] [warning] [gpu_pipeline_task.cpp:77] gpu_pipeline_task: operator 'PARTITION' (id=4) output batch 0 column count mismatch: got 13, expected 10
[2026-09-08 04:23:03.015] [warning] [gpu_pipeline_task.cpp:77] gpu_pipeline_task: operator 'PARTITION' (id=4) output batch 0 column count mismatch: got 13, expected 10
[2026-09-08 04:23:03.015] [warning] [gpu_pipeline_task.cpp:77] gpu_pipeline_task: operator 'PARTITION' (id=4) output batch 0 column count mismatch: got 13, expected 10
[2026-09-08 04:23:03.015] [warning] [gpu_pipeline_task.cpp:77] gpu_pipeline_task: operator 'PARTITION' (id=4) output batch 0 column count mismatch: got 13, expected 10
[2026-09-08 04:23:03.015] [warning] [gpu_pipeline_task.cpp:77] gpu_pipeline_task: operator 'PARTITION' (id=4) output batch 0 column count mismatch: got 13, expected 10
[2026-09-08 04:23:03.015] [warning] [gpu_pipeline_task.cpp:77] gpu_pipeline_task: operator 'PARTITION' (id=4) output batch 0 column count mismatch: got 13, expected 10
[2026-09-08 04:23:03.015] [warning] [gpu_pipeline_task.cpp:77] gpu_pipeline_task: operator 'PARTITION' (id=4) output batch 0 column count mismatch: got 13, expected 10
[2026-09-08 04:23:03.015] [warning] [gpu_pipeline_task.cpp:77] gpu_pipeline_task: operator 'PARTITION' (id=4) output batch 0 column count mismatch: got 13, expected 10
[2026-09-08 04:23:03.015] [warning] [gpu_pipeline_task.cpp:77] gpu_pipeline_task: operator 'PARTITION' (id=4) output batch 0 column count mismatch: got 13, expected 10
[2026-09-08 04:23:03.015] [warning] [gpu_pipeline_task.cpp:77] gpu_pipeline_task: operator 'PARTITION' (id=4) output batch 0 column count mismatch: got 13, expected 10
[2026-09-08 04:23:03.015] [warning] [gpu_pipeline_task.cpp:77] gpu_pipeline_task: operator 'PARTITION' (id=4) output batch 0 column count mismatch: got 13, expected 10
[2026-09-08 04:23:03.015] [warning] [gpu_pipeline_task.cpp:77] gpu_pipeline_task: operator 'PARTITION' (id=4) output batch 0 column count mismatch: got 13, expected 10
[2026-09-08 04:23:03.015] [warning] [gpu_pipeline_task.cpp:77] gpu_pipeline_task: operator 'PARTITION' (id=4) output batch 0 column count mismatch: got 13, expected 10
[2026-09-08 04:23:03.015] [warning] [gpu_pipeline_task.cpp:77] gpu_pipeline_task: operator 'PARTITION' (id=4) output batch 0 column count mismatch: got 13, expected 10
[2026-09-08 04:23:03.015] [warning] [gpu_pipeline_task.cpp:77] gpu_pipeline_task: operator 'PARTITION' (id=4) output batch 0 column count mismatch: got 13, expected 10
[2026-09-08 04:23:03.015] [warning] [gpu_pipeline_task.cpp:77] gpu_pipeline_task: operator 'PARTITION' (id=4) output batch 0 column count mismatch: got 13, expected 10
[2026-09-08 04:23:03.015] [warning] [gpu_pipeline_task.cpp:77] gpu_pipeline_task: operator 'PARTITION' (id=4) output batch 0 column count mismatch: got 13, expected 10
[2026-09-08 04:23:03.021] [info] [gpu_pipeline_executor.cpp:129] GPU Pipeline Executor: task queue interrupted, stopping manager loop
[2026-09-08 04:23:03.022] [info] [sirius_context.cpp:405] QueryEnd
[2026-09-08 04:23:03.022] [info] [memory_prefetcher.cpp:72] [memory_prefetcher] stopping: prefetched 0 batches / 0 bytes (stops: headroom=0 reservation=0, skips: lock=0 draining=3, errors=0)
[2026-09-08 04:23:03.022] [info] [sirius_context.cpp:256] [host_pool] HOST:0 QueryEnd instance=0xe9c21d960390 connection=1 window=4 query=13 allocated=17448304640 bytes peak=17515413504 bytes free_blocks=2876
[2026-09-08 04:23:03.022] [info] [sirius_context.cpp:271] [gpu_pool] GPU:0 QueryEnd instance=0xe9c21d960390 connection=1 window=4 query=13 allocated=34491850496 bytes peak=59483090206 bytes reserved=0 bytes
[2026-09-08 04:23:03.022] [info] [sirius_context.cpp:521] [window] end instance=0xe9c21d960390 connection=1 window=4 query=13 outcome=ok
[2026-09-08 04:23:03.022] [info] [physical_sirius_execution.cpp:327] Transparent GPU execution: query completed
[2026-09-08 04:23:03.037] [info] [sirius_context.cpp:329] QueryBegin: instance=0xe9c21d960390 connection=1 query=14 SQL: CALL unpin_table('lineitem')
[2026-09-08 04:23:03.047] [info] [sirius_context.cpp:329] QueryBegin: instance=0xe9c21d960390 connection=1 query=15 SQL: CALL pin_table('/datasets/tpch_sf1000_sorted/part/*.parquet', tier='gpu', name='part', cols=['p_partkey','p_mfgr','p_size','p_type'])
[2026-09-08 04:23:03.047] [info] [sirius_context.cpp:521] [window] begin instance=0xe9c21d960390 connection=1 window=5 query=15 outcome=-
[2026-09-08 04:23:03.047] [info] [sirius_context.cpp:256] [host_pool] HOST:0 QueryBegin instance=0xe9c21d960390 connection=1 window=5 query=15 allocated=17448304640 bytes peak=17515413504 bytes free_blocks=2876
[2026-09-08 04:23:03.047] [info] [sirius_context.cpp:271] [gpu_pool] GPU:0 QueryBegin instance=0xe9c21d960390 connection=1 window=5 query=15 allocated=0 bytes peak=59483090206 bytes reserved=0 bytes
[2026-09-08 04:23:03.047] [info] [sirius_context.cpp:389] QueryBegin: pin_table
[2026-09-08 04:23:03.049] [warning] [sirius_extension.cpp:1430] [pin_table] 'part': pin_table_compression is enabled but no plan file was found in '/home/nvidia/joost/sirius-zonemap/bench/sf1000-repro/plans'; pinning uncompressed
[2026-09-08 04:23:03.125] [info] [sirius_context.cpp:405] QueryEnd
[2026-09-08 04:23:03.125] [info] [sirius_context.cpp:256] [host_pool] HOST:0 QueryEnd instance=0xe9c21d960390 connection=1 window=5 query=15 allocated=17515413504 bytes peak=17515413504 bytes free_blocks=2875
[2026-09-08 04:23:03.125] [info] [sirius_context.cpp:271] [gpu_pool] GPU:0 QueryEnd instance=0xe9c21d960390 connection=1 window=5 query=15 allocated=9619986176 bytes peak=59483090206 bytes reserved=0 bytes
[2026-09-08 04:23:03.125] [info] [sirius_context.cpp:521] [window] end instance=0xe9c21d960390 connection=1 window=5 query=15 outcome=ok
[2026-09-08 04:23:03.125] [info] [sirius_context.cpp:329] QueryBegin: instance=0xe9c21d960390 connection=1 query=16 SQL: CALL pin_table('/datasets/tpch_sf1000_sorted/supplier/*.parquet', tier='gpu', name='supplier', cols=['s_suppkey','s_acctbal','s_name','s_address','s_phone','s_comment','s_nationkey'])
[2026-09-08 04:23:03.126] [info] [sirius_context.cpp:521] [window] begin instance=0xe9c21d960390 connection=1 window=6 query=16 outcome=-
[2026-09-08 04:23:03.126] [info] [sirius_context.cpp:256] [host_pool] HOST:0 QueryBegin instance=0xe9c21d960390 connection=1 window=6 query=16 allocated=17515413504 bytes peak=17515413504 bytes free_blocks=2875
[2026-09-08 04:23:03.126] [info] [sirius_context.cpp:271] [gpu_pool] GPU:0 QueryBegin instance=0xe9c21d960390 connection=1 window=6 query=16 allocated=9619986176 bytes peak=59483090206 bytes reserved=0 bytes
[2026-09-08 04:23:03.126] [info] [sirius_context.cpp:389] QueryBegin: pin_table
[2026-09-08 04:23:03.126] [warning] [sirius_extension.cpp:1430] [pin_table] 'supplier': pin_table_compression is enabled but no plan file was found in '/home/nvidia/joost/sirius-zonemap/bench/sf1000-repro/plans'; pinning uncompressed
[2026-09-08 04:23:03.170] [info] [sirius_context.cpp:405] QueryEnd
[2026-09-08 04:23:03.170] [info] [sirius_context.cpp:256] [host_pool] HOST:0 QueryEnd instance=0xe9c21d960390 connection=1 window=6 query=16 allocated=17515413504 bytes peak=17515413504 bytes free_blocks=2875
[2026-09-08 04:23:03.170] [info] [sirius_context.cpp:271] [gpu_pool] GPU:0 QueryEnd instance=0xe9c21d960390 connection=1 window=6 query=16 allocated=11083617024 bytes peak=59483090206 bytes reserved=0 bytes
[2026-09-08 04:23:03.170] [info] [sirius_context.cpp:521] [window] end instance=0xe9c21d960390 connection=1 window=6 query=16 outcome=ok
[2026-09-08 04:23:03.170] [info] [sirius_context.cpp:329] QueryBegin: instance=0xe9c21d960390 connection=1 query=17 SQL: CALL pin_table('/datasets/tpch_sf1000_sorted/partsupp/*.parquet', tier='gpu', name='partsupp', cols=['ps_partkey','ps_suppkey','ps_supplycost'])
[2026-09-08 04:23:03.171] [info] [sirius_context.cpp:521] [window] begin instance=0xe9c21d960390 connection=1 window=7 query=17 outcome=-
[2026-09-08 04:23:03.171] [info] [sirius_context.cpp:256] [host_pool] HOST:0 QueryBegin instance=0xe9c21d960390 connection=1 window=7 query=17 allocated=17515413504 bytes peak=17515413504 bytes free_blocks=2875
[2026-09-08 04:23:03.171] [info] [sirius_context.cpp:271] [gpu_pool] GPU:0 QueryBegin instance=0xe9c21d960390 connection=1 window=7 query=17 allocated=11083617024 bytes peak=59483090206 bytes reserved=0 bytes
[2026-09-08 04:23:03.171] [info] [sirius_context.cpp:389] QueryBegin: pin_table
[2026-09-08 04:23:03.172] [warning] [sirius_extension.cpp:1430] [pin_table] 'partsupp': pin_table_compression is enabled but no plan file was found in '/home/nvidia/joost/sirius-zonemap/bench/sf1000-repro/plans'; pinning uncompressed
[2026-09-08 04:23:03.483] [info] [sirius_context.cpp:405] QueryEnd
[2026-09-08 04:23:03.483] [info] [sirius_context.cpp:256] [host_pool] HOST:0 QueryEnd instance=0xe9c21d960390 connection=1 window=7 query=17 allocated=17515413504 bytes peak=17515413504 bytes free_blocks=2875
[2026-09-08 04:23:03.483] [info] [sirius_context.cpp:271] [gpu_pool] GPU:0 QueryEnd instance=0xe9c21d960390 connection=1 window=7 query=17 allocated=20983621632 bytes peak=59483090206 bytes reserved=0 bytes
[2026-09-08 04:23:03.483] [info] [sirius_context.cpp:521] [window] end instance=0xe9c21d960390 connection=1 window=7 query=17 outcome=ok
[2026-09-08 04:23:03.483] [info] [sirius_context.cpp:329] QueryBegin: instance=0xe9c21d960390 connection=1 query=18 SQL: CALL pin_table('/datasets/tpch_sf1000_sorted/nation/*.parquet', tier='gpu', name='nation', cols=['n_nationkey','n_name','n_regionkey'])
[2026-09-08 04:23:03.483] [info] [sirius_context.cpp:521] [window] begin instance=0xe9c21d960390 connection=1 window=8 query=18 outcome=-
[2026-09-08 04:23:03.483] [info] [sirius_context.cpp:256] [host_pool] HOST:0 QueryBegin instance=0xe9c21d960390 connection=1 window=8 query=18 allocated=17515413504 bytes peak=17515413504 bytes free_blocks=2875
[2026-09-08 04:23:03.483] [info] [sirius_context.cpp:271] [gpu_pool] GPU:0 QueryBegin instance=0xe9c21d960390 connection=1 window=8 query=18 allocated=20983621632 bytes peak=59483090206 bytes reserved=0 bytes
[2026-09-08 04:23:03.483] [info] [sirius_context.cpp:389] QueryBegin: pin_table
[2026-09-08 04:23:03.484] [warning] [sirius_extension.cpp:1430] [pin_table] 'nation': pin_table_compression is enabled but no plan file was found in '/home/nvidia/joost/sirius-zonemap/bench/sf1000-repro/plans'; pinning uncompressed
[2026-09-08 04:23:03.514] [info] [sirius_extension.cpp:1478] [late-mat] pin 'nation': column 'n_nationkey' proven distinct table-wide (per-chunk)
[2026-09-08 04:23:03.514] [info] [sirius_extension.cpp:1478] [late-mat] pin 'nation': column 'n_name' proven distinct table-wide (per-chunk)
[2026-09-08 04:23:03.514] [info] [sirius_context.cpp:405] QueryEnd
[2026-09-08 04:23:03.514] [info] [sirius_context.cpp:256] [host_pool] HOST:0 QueryEnd instance=0xe9c21d960390 connection=1 window=8 query=18 allocated=17515413504 bytes peak=17515413504 bytes free_blocks=2875
[2026-09-08 04:23:03.514] [info] [sirius_context.cpp:271] [gpu_pool] GPU:0 QueryEnd instance=0xe9c21d960390 connection=1 window=8 query=18 allocated=20983623424 bytes peak=59483090206 bytes reserved=0 bytes
[2026-09-08 04:23:03.514] [info] [sirius_context.cpp:521] [window] end instance=0xe9c21d960390 connection=1 window=8 query=18 outcome=ok
[2026-09-08 04:23:03.514] [info] [sirius_context.cpp:329] QueryBegin: instance=0xe9c21d960390 connection=1 query=19 SQL: CALL pin_table('/datasets/tpch_sf1000_sorted/region/*.parquet', tier='gpu', name='region', cols=['r_regionkey','r_name'])
[2026-09-08 04:23:03.514] [info] [sirius_context.cpp:521] [window] begin instance=0xe9c21d960390 connection=1 window=9 query=19 outcome=-
[2026-09-08 04:23:03.514] [info] [sirius_context.cpp:256] [host_pool] HOST:0 QueryBegin instance=0xe9c21d960390 connection=1 window=9 query=19 allocated=17515413504 bytes peak=17515413504 bytes free_blocks=2875
[2026-09-08 04:23:03.514] [info] [sirius_context.cpp:271] [gpu_pool] GPU:0 QueryBegin instance=0xe9c21d960390 connection=1 window=9 query=19 allocated=20983623424 bytes peak=59483090206 bytes reserved=0 bytes
[2026-09-08 04:23:03.514] [info] [sirius_context.cpp:389] QueryBegin: pin_table
[2026-09-08 04:23:03.514] [warning] [sirius_extension.cpp:1430] [pin_table] 'region': pin_table_compression is enabled but no plan file was found in '/home/nvidia/joost/sirius-zonemap/bench/sf1000-repro/plans'; pinning uncompressed
[2026-09-08 04:23:03.516] [info] [sirius_context.cpp:405] QueryEnd
[2026-09-08 04:23:03.517] [info] [sirius_context.cpp:256] [host_pool] HOST:0 QueryEnd instance=0xe9c21d960390 connection=1 window=9 query=19 allocated=17515413504 bytes peak=17515413504 bytes free_blocks=2875
[2026-09-08 04:23:03.517] [info] [sirius_context.cpp:271] [gpu_pool] GPU:0 QueryEnd instance=0xe9c21d960390 connection=1 window=9 query=19 allocated=20983624704 bytes peak=59483090206 bytes reserved=0 bytes
[2026-09-08 04:23:03.517] [info] [sirius_context.cpp:521] [window] end instance=0xe9c21d960390 connection=1 window=9 query=19 outcome=ok
[2026-09-08 04:23:03.517] [info] [sirius_context.cpp:329] QueryBegin: instance=0xe9c21d960390 connection=1 query=20 SQL: CALL sirius_set_query_label('q2_iter0')
[2026-09-08 04:23:03.517] [info] [sirius_context.cpp:329] QueryBegin: instance=0xe9c21d960390 connection=1 query=21 SQL: SET gpu_execution = true;
